📍 Resuming from checkpoint: 0 records
🚀 Starting import with batch size: 2000
📊 Target file: pp-complete.csv
✅ Imported 2,000 records (4890/sec)
✅ Imported 4,000 records (6547/sec)
✅ Imported 6,000 records (7772/sec)
✅ Imported 8,000 records (8621/sec)
✅ Imported 10,000 records (9643/sec)
✅ Imported 12,000 records (10554/sec)
✅ Imported 14,000 records (11218/sec)
✅ Imported 16,000 records (11949/sec)
✅ Imported 18,000 records (12623/sec)
✅ Imported 20,000 records (13123/sec)
✅ Imported 22,000 records (13472/sec)
✅ Imported 24,000 records (13675/sec)
✅ Imported 26,000 records (13919/sec)
✅ Imported 28,000 records (13951/sec)
✅ Imported 30,000 records (12664/sec)
✅ Imported 32,000 records (12427/sec)
✅ Imported 34,000 records (12213/sec)
✅ Imported 36,000 records (12299/sec)
✅ Imported 38,000 records (12529/sec)
✅ Imported 40,000 records (12516/sec)
✅ Imported 42,000 records (12832/sec)
✅ Imported 44,000 records (13084/sec)
✅ Imported 46,000 records (13188/sec)
✅ Imported 48,000 records (13219/sec)
✅ Imported 50,000 records (13270/sec)
✅ Imported 52,000 records (13347/sec)
✅ Imported 54,000 records (13426/sec)
✅ Imported 56,000 records (13458/sec)
✅ Imported 58,000 records (13432/sec)
✅ Imported 60,000 records (13330/sec)
✅ Imported 62,000 records (13351/sec)
✅ Imported 64,000 records (13317/sec)
✅ Imported 66,000 records (13415/sec)
✅ Imported 68,000 records (13524/sec)
✅ Imported 70,000 records (13640/sec)
✅ Imported 72,000 records (13683/sec)
✅ Imported 74,000 records (13727/sec)
✅ Imported 76,000 records (13711/sec)
✅ Imported 78,000 records (13791/sec)
✅ Imported 80,000 records (13896/sec)
✅ Imported 82,000 records (13972/sec)
✅ Imported 84,000 records (14059/sec)
✅ Imported 86,000 records (14149/sec)
✅ Imported 88,000 records (14258/sec)
✅ Imported 90,000 records (14361/sec)
✅ Imported 92,000 records (14495/sec)
✅ Imported 94,000 records (14560/sec)
✅ Imported 96,000 records (14659/sec)
✅ Imported 98,000 records (14761/sec)
✅ Imported 100,000 records (14861/sec)
✅ Imported 102,000 records (14954/sec)
✅ Imported 104,000 records (15066/sec)
✅ Imported 106,000 records (15173/sec)
✅ Imported 108,000 records (15269/sec)
✅ Imported 110,000 records (15337/sec)
✅ Imported 112,000 records (15385/sec)
✅ Imported 114,000 records (15430/sec)
✅ Imported 116,000 records (15539/sec)
✅ Imported 118,000 records (15617/sec)
✅ Imported 120,000 records (15705/sec)
✅ Imported 122,000 records (15793/sec)
✅ Imported 124,000 records (15867/sec)
✅ Imported 126,000 records (15949/sec)
✅ Imported 128,000 records (16040/sec)
✅ Imported 130,000 records (16115/sec)
✅ Imported 132,000 records (16157/sec)
✅ Imported 134,000 records (16231/sec)
✅ Imported 136,000 records (16280/sec)
✅ Imported 138,000 records (16327/sec)
✅ Imported 140,000 records (16376/sec)
✅ Imported 142,000 records (16437/sec)
✅ Imported 144,000 records (16531/sec)
✅ Imported 146,000 records (16576/sec)
✅ Imported 148,000 records (16665/sec)
✅ Imported 150,000 records (16726/sec)
✅ Imported 152,000 records (16775/sec)
✅ Imported 154,000 records (16847/sec)
✅ Imported 156,000 records (16918/sec)
✅ Imported 158,000 records (17000/sec)
✅ Imported 160,000 records (17050/sec)
✅ Imported 162,000 records (17024/sec)
✅ Imported 164,000 records (17092/sec)
✅ Imported 166,000 records (17089/sec)
✅ Imported 168,000 records (17157/sec)
✅ Imported 170,000 records (17215/sec)
✅ Imported 172,000 records (17281/sec)
✅ Imported 174,000 records (17332/sec)
✅ Imported 176,000 records (17369/sec)
✅ Imported 178,000 records (17429/sec)
✅ Imported 180,000 records (17476/sec)
✅ Imported 182,000 records (17524/sec)
✅ Imported 184,000 records (17572/sec)
✅ Imported 186,000 records (17620/sec)
✅ Imported 188,000 records (17687/sec)
✅ Imported 190,000 records (17704/sec)
✅ Imported 192,000 records (17706/sec)
✅ Imported 194,000 records (17611/sec)
✅ Imported 196,000 records (17654/sec)
✅ Imported 198,000 records (17682/sec)
✅ Imported 200,000 records (17729/sec)
✅ Imported 202,000 records (17771/sec)
✅ Imported 204,000 records (17813/sec)
✅ Imported 206,000 records (17860/sec)
✅ Imported 208,000 records (17894/sec)
✅ Imported 210,000 records (17936/sec)
✅ Imported 212,000 records (17980/sec)
✅ Imported 214,000 records (18004/sec)
✅ Imported 216,000 records (18026/sec)
✅ Imported 218,000 records (18055/sec)
✅ Imported 220,000 records (18086/sec)
✅ Imported 222,000 records (18117/sec)
✅ Imported 224,000 records (18149/sec)
✅ Imported 226,000 records (18192/sec)
✅ Imported 228,000 records (18220/sec)
✅ Imported 230,000 records (18251/sec)
✅ Imported 232,000 records (18278/sec)
✅ Imported 234,000 records (18311/sec)
✅ Imported 236,000 records (18327/sec)
✅ Imported 238,000 records (18347/sec)
✅ Imported 240,000 records (18358/sec)
✅ Imported 242,000 records (18413/sec)
✅ Imported 244,000 records (18437/sec)
✅ Imported 246,000 records (18460/sec)
✅ Imported 248,000 records (18467/sec)
✅ Imported 250,000 records (18501/sec)
✅ Imported 252,000 records (18535/sec)
✅ Imported 254,000 records (18566/sec)
✅ Imported 256,000 records (18599/sec)
✅ Imported 258,000 records (18635/sec)
✅ Imported 260,000 records (18657/sec)
✅ Imported 262,000 records (18688/sec)
✅ Imported 264,000 records (18711/sec)
✅ Imported 266,000 records (18744/sec)
✅ Imported 268,000 records (18768/sec)
✅ Imported 270,000 records (18797/sec)
✅ Imported 272,000 records (18744/sec)
✅ Imported 274,000 records (18712/sec)
✅ Imported 276,000 records (18735/sec)
✅ Imported 278,000 records (18770/sec)
✅ Imported 280,000 records (18807/sec)
✅ Imported 282,000 records (18834/sec)
✅ Imported 284,000 records (18867/sec)
✅ Imported 286,000 records (18890/sec)
✅ Imported 288,000 records (18910/sec)
✅ Imported 290,000 records (18878/sec)
✅ Imported 292,000 records (18900/sec)
✅ Imported 294,000 records (18929/sec)
✅ Imported 296,000 records (18921/sec)
✅ Imported 298,000 records (18946/sec)
✅ Imported 300,000 records (18960/sec)
✅ Imported 302,000 records (18981/sec)
✅ Imported 304,000 records (19013/sec)
✅ Imported 306,000 records (19037/sec)
✅ Imported 308,000 records (19054/sec)
✅ Imported 310,000 records (19077/sec)
✅ Imported 312,000 records (19098/sec)
✅ Imported 314,000 records (19114/sec)
✅ Imported 316,000 records (19133/sec)
✅ Imported 318,000 records (19159/sec)
✅ Imported 320,000 records (19187/sec)
✅ Imported 322,000 records (19219/sec)
✅ Imported 324,000 records (19251/sec)
✅ Imported 326,000 records (19263/sec)
✅ Imported 328,000 records (19283/sec)
✅ Imported 330,000 records (19295/sec)
✅ Imported 332,000 records (19324/sec)
✅ Imported 334,000 records (19325/sec)
✅ Imported 336,000 records (19309/sec)
✅ Imported 338,000 records (19333/sec)
✅ Imported 340,000 records (19350/sec)
✅ Imported 342,000 records (19367/sec)
✅ Imported 344,000 records (19379/sec)
✅ Imported 346,000 records (19398/sec)
✅ Imported 348,000 records (19399/sec)
✅ Imported 350,000 records (19413/sec)
✅ Imported 352,000 records (19411/sec)
✅ Imported 354,000 records (19378/sec)
✅ Imported 356,000 records (19267/sec)
✅ Imported 358,000 records (18668/sec)
✅ Imported 360,000 records (18510/sec)
✅ Imported 362,000 records (18449/sec)
✅ Imported 364,000 records (18454/sec)
✅ Imported 366,000 records (18447/sec)
✅ Imported 368,000 records (18431/sec)
✅ Imported 370,000 records (18412/sec)
✅ Imported 372,000 records (18431/sec)
✅ Imported 374,000 records (18458/sec)
✅ Imported 376,000 records (18434/sec)
✅ Imported 378,000 records (18451/sec)
✅ Imported 380,000 records (18485/sec)
✅ Imported 382,000 records (18510/sec)
✅ Imported 384,000 records (18531/sec)
✅ Imported 386,000 records (18549/sec)
✅ Imported 388,000 records (18566/sec)
✅ Imported 390,000 records (18579/sec)
✅ Imported 392,000 records (18589/sec)
✅ Imported 394,000 records (18609/sec)
✅ Imported 396,000 records (18631/sec)
✅ Imported 398,000 records (18652/sec)
✅ Imported 400,000 records (18675/sec)
✅ Imported 402,000 records (18692/sec)
✅ Imported 404,000 records (18702/sec)
✅ Imported 406,000 records (18717/sec)
✅ Imported 408,000 records (18725/sec)
✅ Imported 410,000 records (18739/sec)
✅ Imported 412,000 records (18752/sec)
✅ Imported 414,000 records (18770/sec)
✅ Imported 416,000 records (18780/sec)
✅ Imported 418,000 records (18796/sec)
✅ Imported 420,000 records (18809/sec)
✅ Imported 422,000 records (18826/sec)
✅ Imported 424,000 records (18834/sec)
✅ Imported 426,000 records (18840/sec)
✅ Imported 428,000 records (18859/sec)
✅ Imported 430,000 records (18882/sec)
✅ Imported 432,000 records (18898/sec)
✅ Imported 434,000 records (18831/sec)
✅ Imported 436,000 records (18809/sec)
✅ Imported 438,000 records (18807/sec)
✅ Imported 440,000 records (18820/sec)
✅ Imported 442,000 records (18789/sec)
✅ Imported 444,000 records (18798/sec)
✅ Imported 446,000 records (18811/sec)
✅ Imported 448,000 records (18830/sec)
✅ Imported 450,000 records (18853/sec)
✅ Imported 452,000 records (18862/sec)
✅ Imported 454,000 records (18866/sec)
✅ Imported 456,000 records (18873/sec)
✅ Imported 458,000 records (18866/sec)
✅ Imported 460,000 records (18860/sec)
✅ Imported 462,000 records (18843/sec)
✅ Imported 464,000 records (18813/sec)
✅ Imported 466,000 records (18812/sec)
✅ Imported 468,000 records (18817/sec)
✅ Imported 470,000 records (18808/sec)
✅ Imported 472,000 records (18760/sec)
✅ Imported 474,000 records (18705/sec)
✅ Imported 476,000 records (18657/sec)
✅ Imported 478,000 records (18627/sec)
✅ Imported 480,000 records (18610/sec)
✅ Imported 482,000 records (18613/sec)
✅ Imported 484,000 records (18609/sec)
✅ Imported 486,000 records (18531/sec)
✅ Imported 488,000 records (18489/sec)
✅ Imported 490,000 records (18469/sec)
✅ Imported 492,000 records (18431/sec)
✅ Imported 494,000 records (18404/sec)
✅ Imported 496,000 records (18412/sec)
✅ Imported 498,000 records (18353/sec)
✅ Imported 500,000 records (18349/sec)
✅ Imported 502,000 records (18265/sec)
✅ Imported 504,000 records (18264/sec)
✅ Imported 506,000 records (18259/sec)
✅ Imported 508,000 records (18272/sec)
✅ Imported 510,000 records (18278/sec)
✅ Imported 512,000 records (18282/sec)
✅ Imported 514,000 records (18293/sec)
✅ Imported 516,000 records (18288/sec)
✅ Imported 518,000 records (18302/sec)
✅ Imported 520,000 records (18301/sec)
✅ Imported 522,000 records (18249/sec)
✅ Imported 524,000 records (18251/sec)
✅ Imported 526,000 records (18254/sec)
✅ Imported 528,000 records (18256/sec)
✅ Imported 530,000 records (18248/sec)
✅ Imported 532,000 records (18260/sec)
✅ Imported 534,000 records (18253/sec)
✅ Imported 536,000 records (18255/sec)
✅ Imported 538,000 records (18232/sec)
✅ Imported 540,000 records (18217/sec)
✅ Imported 542,000 records (18195/sec)
✅ Imported 544,000 records (18207/sec)
✅ Imported 546,000 records (18216/sec)
✅ Imported 548,000 records (18219/sec)
✅ Imported 550,000 records (18206/sec)
✅ Imported 552,000 records (18205/sec)
✅ Imported 554,000 records (18208/sec)
✅ Imported 556,000 records (18225/sec)
✅ Imported 558,000 records (18239/sec)
✅ Imported 560,000 records (18255/sec)
✅ Imported 562,000 records (18270/sec)
✅ Imported 564,000 records (18283/sec)
✅ Imported 566,000 records (18294/sec)
✅ Imported 568,000 records (18308/sec)
✅ Imported 570,000 records (18321/sec)
✅ Imported 572,000 records (18307/sec)
✅ Imported 574,000 records (18309/sec)
✅ Imported 576,000 records (18322/sec)
✅ Imported 578,000 records (18338/sec)
✅ Imported 580,000 records (18352/sec)
✅ Imported 582,000 records (18372/sec)
✅ Imported 584,000 records (18391/sec)
✅ Imported 586,000 records (18359/sec)
✅ Imported 588,000 records (18374/sec)
✅ Imported 590,000 records (18390/sec)
✅ Imported 592,000 records (18409/sec)
✅ Imported 594,000 records (18424/sec)
✅ Imported 596,000 records (18433/sec)
✅ Imported 598,000 records (18444/sec)
✅ Imported 600,000 records (18459/sec)
✅ Imported 602,000 records (18469/sec)
✅ Imported 604,000 records (18480/sec)
✅ Imported 606,000 records (18494/sec)
✅ Imported 608,000 records (18503/sec)
✅ Imported 610,000 records (18520/sec)
✅ Imported 612,000 records (18517/sec)
✅ Imported 614,000 records (18531/sec)
✅ Imported 616,000 records (18545/sec)
✅ Imported 618,000 records (18557/sec)
✅ Imported 620,000 records (18566/sec)
✅ Imported 622,000 records (18572/sec)
✅ Imported 624,000 records (18515/sec)
✅ Imported 626,000 records (18517/sec)
✅ Imported 628,000 records (18523/sec)
✅ Imported 630,000 records (18531/sec)
✅ Imported 632,000 records (18543/sec)
✅ Imported 634,000 records (18552/sec)
✅ Imported 636,000 records (18561/sec)
✅ Imported 638,000 records (18575/sec)
✅ Imported 640,000 records (18559/sec)
✅ Imported 642,000 records (18545/sec)
✅ Imported 644,000 records (18553/sec)
✅ Imported 646,000 records (18550/sec)
✅ Imported 648,000 records (18543/sec)
✅ Imported 650,000 records (18552/sec)
✅ Imported 652,000 records (18562/sec)
✅ Imported 654,000 records (18571/sec)
✅ Imported 656,000 records (18568/sec)
✅ Imported 658,000 records (18580/sec)
✅ Imported 660,000 records (18590/sec)
✅ Imported 662,000 records (18601/sec)
✅ Imported 664,000 records (18612/sec)
✅ Imported 666,000 records (18623/sec)
✅ Imported 668,000 records (18637/sec)
✅ Imported 670,000 records (18561/sec)
✅ Imported 672,000 records (18572/sec)
✅ Imported 674,000 records (18581/sec)
✅ Imported 676,000 records (18592/sec)
✅ Imported 678,000 records (18597/sec)
✅ Imported 680,000 records (18599/sec)
✅ Imported 682,000 records (18612/sec)
✅ Imported 684,000 records (18624/sec)
✅ Imported 686,000 records (18638/sec)
✅ Imported 688,000 records (18651/sec)
✅ Imported 690,000 records (18649/sec)
✅ Imported 692,000 records (18655/sec)
✅ Imported 694,000 records (18662/sec)
✅ Imported 696,000 records (18667/sec)
✅ Imported 698,000 records (18678/sec)
✅ Imported 700,000 records (18686/sec)
✅ Imported 702,000 records (18692/sec)
✅ Imported 704,000 records (18700/sec)
✅ Imported 706,000 records (18584/sec)
✅ Imported 708,000 records (18590/sec)
✅ Imported 710,000 records (18598/sec)
✅ Imported 712,000 records (18593/sec)
✅ Imported 714,000 records (18594/sec)
✅ Imported 716,000 records (18603/sec)
✅ Imported 718,000 records (18602/sec)
✅ Imported 720,000 records (18600/sec)
✅ Imported 722,000 records (18609/sec)
✅ Imported 724,000 records (18620/sec)
✅ Imported 726,000 records (18626/sec)
✅ Imported 728,000 records (18628/sec)
✅ Imported 730,000 records (18634/sec)
✅ Imported 732,000 records (18641/sec)
✅ Imported 734,000 records (18646/sec)
✅ Imported 736,000 records (18611/sec)
✅ Imported 738,000 records (18612/sec)
✅ Imported 740,000 records (18619/sec)
✅ Imported 742,000 records (18624/sec)
✅ Imported 744,000 records (18568/sec)
✅ Imported 746,000 records (18555/sec)
✅ Imported 748,000 records (18557/sec)
✅ Imported 750,000 records (18551/sec)
✅ Imported 752,000 records (18556/sec)
✅ Imported 754,000 records (18570/sec)
✅ Imported 756,000 records (18584/sec)
✅ Imported 758,000 records (18596/sec)
✅ Imported 760,000 records (18611/sec)
✅ Imported 762,000 records (18621/sec)
✅ Imported 764,000 records (18631/sec)
✅ Imported 766,000 records (18642/sec)
✅ Imported 768,000 records (18652/sec)
✅ Imported 770,000 records (18661/sec)
✅ Imported 772,000 records (18674/sec)
✅ Imported 774,000 records (18685/sec)
✅ Imported 776,000 records (18698/sec)
✅ Imported 778,000 records (18707/sec)
✅ Imported 780,000 records (18719/sec)
✅ Imported 782,000 records (18725/sec)
✅ Imported 784,000 records (18737/sec)
✅ Imported 786,000 records (18745/sec)
✅ Imported 788,000 records (18752/sec)
✅ Imported 790,000 records (18758/sec)
✅ Imported 792,000 records (18768/sec)
✅ Imported 794,000 records (18775/sec)
✅ Imported 796,000 records (18765/sec)
✅ Imported 798,000 records (18774/sec)
✅ Imported 800,000 records (18782/sec)
✅ Imported 802,000 records (18793/sec)
✅ Imported 804,000 records (18807/sec)
✅ Imported 806,000 records (18818/sec)
✅ Imported 808,000 records (18831/sec)
✅ Imported 810,000 records (18839/sec)
✅ Imported 812,000 records (18838/sec)
✅ Imported 814,000 records (18846/sec)
✅ Imported 816,000 records (18852/sec)
✅ Imported 818,000 records (18857/sec)
✅ Imported 820,000 records (18863/sec)
✅ Imported 822,000 records (18878/sec)
✅ Imported 824,000 records (18875/sec)
✅ Imported 826,000 records (18889/sec)
✅ Imported 828,000 records (18899/sec)
✅ Imported 830,000 records (18874/sec)
✅ Imported 832,000 records (18882/sec)
✅ Imported 834,000 records (18889/sec)
✅ Imported 836,000 records (18899/sec)
✅ Imported 838,000 records (18903/sec)
✅ Imported 840,000 records (18881/sec)
✅ Imported 842,000 records (18879/sec)
✅ Imported 844,000 records (18887/sec)
✅ Imported 846,000 records (18898/sec)
✅ Imported 848,000 records (18903/sec)
✅ Imported 850,000 records (18913/sec)
✅ Imported 852,000 records (18829/sec)
✅ Imported 854,000 records (18731/sec)
✅ Imported 856,000 records (18734/sec)
✅ Imported 858,000 records (18741/sec)
✅ Imported 860,000 records (18745/sec)
✅ Imported 862,000 records (18751/sec)
✅ Imported 864,000 records (18758/sec)
✅ Imported 866,000 records (18766/sec)
✅ Imported 868,000 records (18778/sec)
✅ Imported 870,000 records (18776/sec)
✅ Imported 872,000 records (18783/sec)
✅ Imported 874,000 records (18790/sec)
✅ Imported 876,000 records (18793/sec)
✅ Imported 878,000 records (18798/sec)
✅ Imported 880,000 records (18806/sec)
✅ Imported 882,000 records (18811/sec)
✅ Imported 884,000 records (18818/sec)
✅ Imported 886,000 records (18683/sec)
✅ Imported 888,000 records (18679/sec)
✅ Imported 890,000 records (18638/sec)
✅ Imported 892,000 records (18644/sec)
✅ Imported 894,000 records (18652/sec)
✅ Imported 896,000 records (18659/sec)
✅ Imported 898,000 records (18667/sec)
✅ Imported 900,000 records (18674/sec)
✅ Imported 902,000 records (18684/sec)
✅ Imported 904,000 records (18693/sec)
✅ Imported 906,000 records (18706/sec)
✅ Imported 908,000 records (18718/sec)
✅ Imported 910,000 records (18716/sec)
✅ Imported 912,000 records (18708/sec)
✅ Imported 914,000 records (18717/sec)
✅ Imported 916,000 records (18727/sec)
✅ Imported 918,000 records (18738/sec)
✅ Imported 920,000 records (18744/sec)
✅ Imported 922,000 records (18756/sec)
✅ Imported 924,000 records (18752/sec)
✅ Imported 926,000 records (18758/sec)
✅ Imported 928,000 records (18738/sec)
✅ Imported 930,000 records (18738/sec)
✅ Imported 932,000 records (18746/sec)
✅ Imported 934,000 records (18751/sec)
✅ Imported 936,000 records (18762/sec)
✅ Imported 938,000 records (18771/sec)
✅ Imported 940,000 records (18777/sec)
✅ Imported 942,000 records (18777/sec)
✅ Imported 944,000 records (18778/sec)
✅ Imported 946,000 records (18783/sec)
✅ Imported 948,000 records (18789/sec)
✅ Imported 950,000 records (18788/sec)
✅ Imported 952,000 records (18792/sec)
✅ Imported 954,000 records (18802/sec)
✅ Imported 956,000 records (18781/sec)
✅ Imported 958,000 records (18782/sec)
✅ Imported 960,000 records (18780/sec)
✅ Imported 962,000 records (18786/sec)
✅ Imported 964,000 records (18794/sec)
✅ Imported 966,000 records (18801/sec)
✅ Imported 968,000 records (18799/sec)
✅ Imported 970,000 records (18790/sec)
✅ Imported 972,000 records (18791/sec)
✅ Imported 974,000 records (18794/sec)
✅ Imported 976,000 records (18797/sec)
✅ Imported 978,000 records (18778/sec)
✅ Imported 980,000 records (18780/sec)
✅ Imported 982,000 records (18759/sec)
✅ Imported 984,000 records (18751/sec)
✅ Imported 986,000 records (18704/sec)
✅ Imported 988,000 records (18703/sec)
✅ Imported 990,000 records (18700/sec)
✅ Imported 992,000 records (18509/sec)
✅ Imported 994,000 records (18422/sec)
✅ Imported 996,000 records (18378/sec)
✅ Imported 998,000 records (18334/sec)
✅ Imported 1,000,000 records (18229/sec)
✅ Imported 1,002,000 records (18216/sec)
✅ Imported 1,004,000 records (18083/sec)
✅ Imported 1,006,000 records (17960/sec)
✅ Imported 1,008,000 records (17896/sec)
✅ Imported 1,010,000 records (17892/sec)
✅ Imported 1,012,000 records (17890/sec)
✅ Imported 1,014,000 records (17883/sec)
✅ Imported 1,016,000 records (17873/sec)
✅ Imported 1,018,000 records (17876/sec)
✅ Imported 1,020,000 records (17857/sec)
✅ Imported 1,022,000 records (17862/sec)
✅ Imported 1,024,000 records (17857/sec)
✅ Imported 1,026,000 records (17849/sec)
✅ Imported 1,028,000 records (17845/sec)
✅ Imported 1,030,000 records (17838/sec)
✅ Imported 1,032,000 records (17826/sec)
✅ Imported 1,034,000 records (17825/sec)
✅ Imported 1,036,000 records (17814/sec)
✅ Imported 1,038,000 records (17805/sec)
✅ Imported 1,040,000 records (17801/sec)
✅ Imported 1,042,000 records (17802/sec)
✅ Imported 1,044,000 records (17802/sec)
✅ Imported 1,046,000 records (17792/sec)
✅ Imported 1,048,000 records (17782/sec)
✅ Imported 1,050,000 records (17782/sec)
✅ Imported 1,052,000 records (17788/sec)
✅ Imported 1,054,000 records (17796/sec)
✅ Imported 1,056,000 records (17804/sec)
✅ Imported 1,058,000 records (17802/sec)
✅ Imported 1,060,000 records (17810/sec)
✅ Imported 1,062,000 records (17816/sec)
✅ Imported 1,064,000 records (17812/sec)
✅ Imported 1,066,000 records (17813/sec)
✅ Imported 1,068,000 records (17822/sec)
✅ Imported 1,070,000 records (17833/sec)
✅ Imported 1,072,000 records (17840/sec)
✅ Imported 1,074,000 records (17827/sec)
✅ Imported 1,076,000 records (17705/sec)
✅ Imported 1,078,000 records (17697/sec)
✅ Imported 1,080,000 records (17657/sec)
✅ Imported 1,082,000 records (17450/sec)
✅ Imported 1,084,000 records (17395/sec)
✅ Imported 1,086,000 records (17357/sec)
✅ Imported 1,088,000 records (17356/sec)
✅ Imported 1,090,000 records (17330/sec)
✅ Imported 1,092,000 records (17332/sec)
✅ Imported 1,094,000 records (17326/sec)
✅ Imported 1,096,000 records (17334/sec)
✅ Imported 1,098,000 records (17342/sec)
✅ Imported 1,100,000 records (17343/sec)
✅ Imported 1,102,000 records (17350/sec)
✅ Imported 1,104,000 records (17356/sec)
✅ Imported 1,106,000 records (17360/sec)
✅ Imported 1,108,000 records (17363/sec)
✅ Imported 1,110,000 records (17363/sec)
✅ Imported 1,112,000 records (17363/sec)
✅ Imported 1,114,000 records (17367/sec)
✅ Imported 1,116,000 records (17373/sec)
✅ Imported 1,118,000 records (17377/sec)
✅ Imported 1,120,000 records (17370/sec)
✅ Imported 1,122,000 records (17376/sec)
✅ Imported 1,124,000 records (17379/sec)
✅ Imported 1,126,000 records (17387/sec)
✅ Imported 1,128,000 records (17395/sec)
✅ Imported 1,130,000 records (17399/sec)
✅ Imported 1,132,000 records (17407/sec)
✅ Imported 1,134,000 records (17413/sec)
✅ Imported 1,136,000 records (17422/sec)
✅ Imported 1,138,000 records (17431/sec)
✅ Imported 1,140,000 records (17436/sec)
✅ Imported 1,142,000 records (17443/sec)
✅ Imported 1,144,000 records (17447/sec)
✅ Imported 1,146,000 records (17455/sec)
✅ Imported 1,148,000 records (17460/sec)
✅ Imported 1,150,000 records (17464/sec)
✅ Imported 1,152,000 records (17473/sec)
✅ Imported 1,154,000 records (17478/sec)
✅ Imported 1,156,000 records (17480/sec)
✅ Imported 1,158,000 records (17472/sec)
✅ Imported 1,160,000 records (17472/sec)
✅ Imported 1,162,000 records (17476/sec)
✅ Imported 1,164,000 records (17482/sec)
✅ Imported 1,166,000 records (17478/sec)
✅ Imported 1,168,000 records (17486/sec)
✅ Imported 1,170,000 records (17492/sec)
✅ Imported 1,172,000 records (17499/sec)
✅ Imported 1,174,000 records (17502/sec)
✅ Imported 1,176,000 records (17487/sec)
✅ Imported 1,178,000 records (17480/sec)
✅ Imported 1,180,000 records (17479/sec)
✅ Imported 1,182,000 records (17476/sec)
✅ Imported 1,184,000 records (17472/sec)
✅ Imported 1,186,000 records (17473/sec)
✅ Imported 1,188,000 records (17483/sec)
✅ Imported 1,190,000 records (17488/sec)
✅ Imported 1,192,000 records (17492/sec)
✅ Imported 1,194,000 records (17491/sec)
✅ Imported 1,196,000 records (17495/sec)
✅ Imported 1,198,000 records (17499/sec)
✅ Imported 1,200,000 records (17504/sec)
✅ Imported 1,202,000 records (17507/sec)
✅ Imported 1,204,000 records (17506/sec)
✅ Imported 1,206,000 records (17502/sec)
✅ Imported 1,208,000 records (17506/sec)
✅ Imported 1,210,000 records (17507/sec)
✅ Imported 1,212,000 records (17498/sec)
✅ Imported 1,214,000 records (17493/sec)
✅ Imported 1,216,000 records (17485/sec)
✅ Imported 1,218,000 records (17479/sec)
✅ Imported 1,220,000 records (17484/sec)
✅ Imported 1,222,000 records (17486/sec)
✅ Imported 1,224,000 records (17489/sec)
✅ Imported 1,226,000 records (17489/sec)
✅ Imported 1,228,000 records (17494/sec)
✅ Imported 1,230,000 records (17500/sec)
✅ Imported 1,232,000 records (17497/sec)
✅ Imported 1,234,000 records (17496/sec)
✅ Imported 1,236,000 records (17499/sec)
✅ Imported 1,238,000 records (17506/sec)
✅ Imported 1,240,000 records (17509/sec)
✅ Imported 1,242,000 records (17518/sec)
✅ Imported 1,244,000 records (17524/sec)
✅ Imported 1,246,000 records (17532/sec)
✅ Imported 1,248,000 records (17541/sec)
✅ Imported 1,250,000 records (17545/sec)
✅ Imported 1,252,000 records (17552/sec)
✅ Imported 1,254,000 records (17559/sec)
✅ Imported 1,256,000 records (17564/sec)
✅ Imported 1,258,000 records (17572/sec)
✅ Imported 1,260,000 records (17562/sec)
✅ Imported 1,262,000 records (17570/sec)
✅ Imported 1,264,000 records (17573/sec)
✅ Imported 1,266,000 records (17534/sec)
✅ Imported 1,268,000 records (17532/sec)
✅ Imported 1,270,000 records (17533/sec)
✅ Imported 1,272,000 records (17538/sec)
✅ Imported 1,274,000 records (17541/sec)
✅ Imported 1,276,000 records (17528/sec)
✅ Imported 1,278,000 records (17531/sec)
✅ Imported 1,280,000 records (17525/sec)
✅ Imported 1,282,000 records (17507/sec)
✅ Imported 1,284,000 records (17492/sec)
✅ Imported 1,286,000 records (17495/sec)
✅ Imported 1,288,000 records (17488/sec)
✅ Imported 1,290,000 records (17444/sec)
✅ Imported 1,292,000 records (17330/sec)
✅ Imported 1,294,000 records (17299/sec)
✅ Imported 1,296,000 records (17277/sec)
✅ Imported 1,298,000 records (16160/sec)
✅ Imported 1,300,000 records (15853/sec)
✅ Imported 1,302,000 records (15841/sec)
✅ Imported 1,304,000 records (15847/sec)
✅ Imported 1,306,000 records (15849/sec)
✅ Imported 1,308,000 records (15845/sec)
✅ Imported 1,310,000 records (15810/sec)
✅ Imported 1,312,000 records (15750/sec)
✅ Imported 1,314,000 records (15718/sec)
✅ Imported 1,316,000 records (15676/sec)
✅ Imported 1,318,000 records (15655/sec)
✅ Imported 1,320,000 records (15645/sec)
✅ Imported 1,322,000 records (15637/sec)
✅ Imported 1,324,000 records (15633/sec)
✅ Imported 1,326,000 records (15612/sec)
✅ Imported 1,328,000 records (15605/sec)
✅ Imported 1,330,000 records (15588/sec)
✅ Imported 1,332,000 records (15551/sec)
✅ Imported 1,334,000 records (15528/sec)
✅ Imported 1,336,000 records (15462/sec)
✅ Imported 1,338,000 records (15447/sec)
✅ Imported 1,340,000 records (15435/sec)
✅ Imported 1,342,000 records (15388/sec)
✅ Imported 1,344,000 records (15391/sec)
✅ Imported 1,346,000 records (15395/sec)
✅ Imported 1,348,000 records (15396/sec)
✅ Imported 1,350,000 records (15398/sec)
✅ Imported 1,352,000 records (15398/sec)
✅ Imported 1,354,000 records (15396/sec)
✅ Imported 1,356,000 records (15398/sec)
✅ Imported 1,358,000 records (15404/sec)
✅ Imported 1,360,000 records (15409/sec)
✅ Imported 1,362,000 records (15413/sec)
✅ Imported 1,364,000 records (15415/sec)
✅ Imported 1,366,000 records (15419/sec)
✅ Imported 1,368,000 records (15406/sec)
✅ Imported 1,370,000 records (15412/sec)
✅ Imported 1,372,000 records (15417/sec)
✅ Imported 1,374,000 records (15415/sec)
✅ Imported 1,376,000 records (15404/sec)
✅ Imported 1,378,000 records (15394/sec)
✅ Imported 1,380,000 records (15396/sec)
✅ Imported 1,382,000 records (15396/sec)
✅ Imported 1,384,000 records (15401/sec)
✅ Imported 1,386,000 records (15405/sec)
✅ Imported 1,388,000 records (15401/sec)
✅ Imported 1,390,000 records (15369/sec)
✅ Imported 1,392,000 records (15372/sec)
✅ Imported 1,394,000 records (15369/sec)
✅ Imported 1,396,000 records (15375/sec)
✅ Imported 1,398,000 records (15376/sec)
✅ Imported 1,400,000 records (15382/sec)
✅ Imported 1,402,000 records (15380/sec)
✅ Imported 1,404,000 records (15362/sec)
✅ Imported 1,406,000 records (15364/sec)
✅ Imported 1,408,000 records (15367/sec)
✅ Imported 1,410,000 records (15355/sec)
✅ Imported 1,412,000 records (15355/sec)
✅ Imported 1,414,000 records (15332/sec)
✅ Imported 1,416,000 records (15332/sec)
✅ Imported 1,418,000 records (15333/sec)
✅ Imported 1,420,000 records (15173/sec)
✅ Imported 1,422,000 records (15135/sec)
✅ Imported 1,424,000 records (15019/sec)
✅ Imported 1,426,000 records (14982/sec)
✅ Imported 1,428,000 records (14983/sec)
✅ Imported 1,430,000 records (14990/sec)
✅ Imported 1,432,000 records (14994/sec)
✅ Imported 1,434,000 records (14998/sec)
✅ Imported 1,436,000 records (15002/sec)
✅ Imported 1,438,000 records (15006/sec)
✅ Imported 1,440,000 records (15011/sec)
✅ Imported 1,442,000 records (15008/sec)
✅ Imported 1,444,000 records (15011/sec)
✅ Imported 1,446,000 records (15016/sec)
✅ Imported 1,448,000 records (15021/sec)
✅ Imported 1,450,000 records (15012/sec)
✅ Imported 1,452,000 records (15002/sec)
✅ Imported 1,454,000 records (15004/sec)
✅ Imported 1,456,000 records (14963/sec)
✅ Imported 1,458,000 records (14965/sec)
✅ Imported 1,460,000 records (14968/sec)
✅ Imported 1,462,000 records (14972/sec)
✅ Imported 1,464,000 records (14967/sec)
✅ Imported 1,466,000 records (14966/sec)
✅ Imported 1,468,000 records (14968/sec)
✅ Imported 1,470,000 records (14969/sec)
✅ Imported 1,472,000 records (14975/sec)
✅ Imported 1,474,000 records (14980/sec)
✅ Imported 1,476,000 records (14986/sec)
✅ Imported 1,478,000 records (14990/sec)
✅ Imported 1,480,000 records (14991/sec)
✅ Imported 1,482,000 records (14998/sec)
✅ Imported 1,484,000 records (15003/sec)
✅ Imported 1,486,000 records (15008/sec)
✅ Imported 1,488,000 records (15015/sec)
✅ Imported 1,490,000 records (15021/sec)
✅ Imported 1,492,000 records (15029/sec)
✅ Imported 1,494,000 records (15036/sec)
✅ Imported 1,496,000 records (15038/sec)
✅ Imported 1,498,000 records (15045/sec)
✅ Imported 1,500,000 records (15052/sec)
✅ Imported 1,502,000 records (15059/sec)
✅ Imported 1,504,000 records (15052/sec)
✅ Imported 1,506,000 records (15057/sec)
✅ Imported 1,508,000 records (15060/sec)
✅ Imported 1,510,000 records (15055/sec)
✅ Imported 1,512,000 records (15027/sec)
✅ Imported 1,514,000 records (15015/sec)
✅ Imported 1,516,000 records (15017/sec)
✅ Imported 1,518,000 records (15016/sec)
✅ Imported 1,520,000 records (15022/sec)
✅ Imported 1,522,000 records (15007/sec)
✅ Imported 1,524,000 records (15011/sec)
✅ Imported 1,526,000 records (14755/sec)
✅ Imported 1,528,000 records (14747/sec)
✅ Imported 1,530,000 records (14738/sec)
✅ Imported 1,532,000 records (14740/sec)
✅ Imported 1,534,000 records (14746/sec)
✅ Imported 1,536,000 records (14752/sec)
✅ Imported 1,538,000 records (14730/sec)
✅ Imported 1,540,000 records (14707/sec)
✅ Imported 1,542,000 records (14702/sec)
✅ Imported 1,544,000 records (14707/sec)
✅ Imported 1,546,000 records (14705/sec)
✅ Imported 1,548,000 records (14703/sec)
✅ Imported 1,550,000 records (14706/sec)
✅ Imported 1,552,000 records (14709/sec)
✅ Imported 1,554,000 records (14689/sec)
✅ Imported 1,556,000 records (14683/sec)
✅ Imported 1,558,000 records (14682/sec)
✅ Imported 1,560,000 records (14651/sec)
✅ Imported 1,562,000 records (14656/sec)
✅ Imported 1,564,000 records (14656/sec)
✅ Imported 1,566,000 records (14659/sec)
✅ Imported 1,568,000 records (14650/sec)
✅ Imported 1,570,000 records (14650/sec)
✅ Imported 1,572,000 records (14651/sec)
✅ Imported 1,574,000 records (14652/sec)
✅ Imported 1,576,000 records (14658/sec)
✅ Imported 1,578,000 records (14663/sec)
✅ Imported 1,580,000 records (14666/sec)
✅ Imported 1,582,000 records (14671/sec)
✅ Imported 1,584,000 records (14649/sec)
✅ Imported 1,586,000 records (14633/sec)
✅ Imported 1,588,000 records (14638/sec)
✅ Imported 1,590,000 records (14643/sec)
✅ Imported 1,592,000 records (14646/sec)
✅ Imported 1,594,000 records (14648/sec)
✅ Imported 1,596,000 records (14652/sec)
✅ Imported 1,598,000 records (14656/sec)
✅ Imported 1,600,000 records (14657/sec)
✅ Imported 1,602,000 records (14660/sec)
✅ Imported 1,604,000 records (14648/sec)
✅ Imported 1,606,000 records (14648/sec)
✅ Imported 1,608,000 records (14645/sec)
✅ Imported 1,610,000 records (14648/sec)
✅ Imported 1,612,000 records (14653/sec)
✅ Imported 1,614,000 records (14658/sec)
✅ Imported 1,616,000 records (14663/sec)
✅ Imported 1,618,000 records (14663/sec)
✅ Imported 1,620,000 records (14661/sec)
✅ Imported 1,622,000 records (14660/sec)
✅ Imported 1,624,000 records (14664/sec)
✅ Imported 1,626,000 records (14668/sec)
✅ Imported 1,628,000 records (14650/sec)
✅ Imported 1,630,000 records (14646/sec)
✅ Imported 1,632,000 records (14650/sec)
✅ Imported 1,634,000 records (14644/sec)
✅ Imported 1,636,000 records (14609/sec)
✅ Imported 1,638,000 records (14586/sec)
✅ Imported 1,640,000 records (14558/sec)
✅ Imported 1,642,000 records (14548/sec)
✅ Imported 1,644,000 records (14531/sec)
✅ Imported 1,646,000 records (14522/sec)
✅ Imported 1,648,000 records (14517/sec)
✅ Imported 1,650,000 records (14520/sec)
✅ Imported 1,652,000 records (14520/sec)
✅ Imported 1,654,000 records (14524/sec)
✅ Imported 1,656,000 records (14529/sec)
✅ Imported 1,658,000 records (14532/sec)
✅ Imported 1,660,000 records (14523/sec)
✅ Imported 1,662,000 records (14519/sec)
✅ Imported 1,664,000 records (14524/sec)
✅ Imported 1,666,000 records (14525/sec)
✅ Imported 1,668,000 records (14514/sec)
✅ Imported 1,670,000 records (14505/sec)
✅ Imported 1,672,000 records (14375/sec)
✅ Imported 1,674,000 records (14268/sec)
✅ Imported 1,676,000 records (14211/sec)
✅ Imported 1,678,000 records (14200/sec)
✅ Imported 1,680,000 records (14197/sec)
✅ Imported 1,682,000 records (14195/sec)
✅ Imported 1,684,000 records (14198/sec)
✅ Imported 1,686,000 records (14169/sec)
✅ Imported 1,688,000 records (14162/sec)
✅ Imported 1,690,000 records (14133/sec)
✅ Imported 1,692,000 records (14102/sec)
✅ Imported 1,694,000 records (14082/sec)
✅ Imported 1,696,000 records (14076/sec)
✅ Imported 1,698,000 records (14074/sec)
✅ Imported 1,700,000 records (14072/sec)
✅ Imported 1,702,000 records (14072/sec)
✅ Imported 1,704,000 records (14073/sec)
✅ Imported 1,706,000 records (14074/sec)
✅ Imported 1,708,000 records (14076/sec)
✅ Imported 1,710,000 records (14067/sec)
✅ Imported 1,712,000 records (14045/sec)
✅ Imported 1,714,000 records (13964/sec)
✅ Imported 1,716,000 records (13945/sec)
✅ Imported 1,718,000 records (13933/sec)
✅ Imported 1,720,000 records (13924/sec)
✅ Imported 1,722,000 records (13924/sec)
✅ Imported 1,724,000 records (13926/sec)
✅ Imported 1,726,000 records (13930/sec)
✅ Imported 1,728,000 records (13935/sec)
✅ Imported 1,730,000 records (13939/sec)
✅ Imported 1,732,000 records (13939/sec)
✅ Imported 1,734,000 records (13943/sec)
✅ Imported 1,736,000 records (13942/sec)
✅ Imported 1,738,000 records (13949/sec)
✅ Imported 1,740,000 records (13946/sec)
✅ Imported 1,742,000 records (13942/sec)
✅ Imported 1,744,000 records (13944/sec)
✅ Imported 1,746,000 records (13950/sec)
✅ Imported 1,748,000 records (13950/sec)
✅ Imported 1,750,000 records (13950/sec)
✅ Imported 1,752,000 records (13946/sec)
✅ Imported 1,754,000 records (13947/sec)
✅ Imported 1,756,000 records (13953/sec)
✅ Imported 1,758,000 records (13961/sec)
✅ Imported 1,760,000 records (13967/sec)
✅ Imported 1,762,000 records (13973/sec)
✅ Imported 1,764,000 records (13975/sec)
✅ Imported 1,766,000 records (13978/sec)
✅ Imported 1,768,000 records (13982/sec)
✅ Imported 1,770,000 records (13986/sec)
✅ Imported 1,772,000 records (13991/sec)
✅ Imported 1,774,000 records (13993/sec)
✅ Imported 1,776,000 records (13995/sec)
✅ Imported 1,778,000 records (13993/sec)
✅ Imported 1,780,000 records (13986/sec)
✅ Imported 1,782,000 records (13976/sec)
✅ Imported 1,784,000 records (13938/sec)
✅ Imported 1,786,000 records (13934/sec)
✅ Imported 1,788,000 records (13929/sec)
✅ Imported 1,790,000 records (13936/sec)
✅ Imported 1,792,000 records (13943/sec)
✅ Imported 1,794,000 records (13949/sec)
✅ Imported 1,796,000 records (13951/sec)
✅ Imported 1,798,000 records (13957/sec)
✅ Imported 1,800,000 records (13964/sec)
✅ Imported 1,802,000 records (13971/sec)
✅ Imported 1,804,000 records (13978/sec)
✅ Imported 1,806,000 records (13962/sec)
✅ Imported 1,808,000 records (13952/sec)
✅ Imported 1,810,000 records (13954/sec)
✅ Imported 1,812,000 records (13952/sec)
✅ Imported 1,814,000 records (13942/sec)
✅ Imported 1,816,000 records (13928/sec)
✅ Imported 1,818,000 records (13924/sec)
✅ Imported 1,820,000 records (13929/sec)
✅ Imported 1,822,000 records (13923/sec)
✅ Imported 1,824,000 records (13923/sec)
✅ Imported 1,826,000 records (13928/sec)
✅ Imported 1,828,000 records (13933/sec)
✅ Imported 1,830,000 records (13938/sec)
✅ Imported 1,832,000 records (13944/sec)
✅ Imported 1,834,000 records (13950/sec)
✅ Imported 1,836,000 records (13955/sec)
✅ Imported 1,838,000 records (13961/sec)
✅ Imported 1,840,000 records (13957/sec)
✅ Imported 1,842,000 records (13960/sec)
✅ Imported 1,844,000 records (13947/sec)
✅ Imported 1,846,000 records (13951/sec)
✅ Imported 1,848,000 records (13955/sec)
✅ Imported 1,850,000 records (13961/sec)
✅ Imported 1,852,000 records (13967/sec)
✅ Imported 1,854,000 records (13971/sec)
✅ Imported 1,856,000 records (13975/sec)
✅ Imported 1,858,000 records (13976/sec)
✅ Imported 1,860,000 records (13971/sec)
✅ Imported 1,862,000 records (13965/sec)
✅ Imported 1,864,000 records (13968/sec)
✅ Imported 1,866,000 records (13972/sec)
✅ Imported 1,868,000 records (13972/sec)
✅ Imported 1,870,000 records (13969/sec)
✅ Imported 1,872,000 records (13973/sec)
✅ Imported 1,874,000 records (13969/sec)
✅ Imported 1,876,000 records (13959/sec)
✅ Imported 1,878,000 records (13956/sec)
✅ Imported 1,880,000 records (13956/sec)
✅ Imported 1,882,000 records (13953/sec)
✅ Imported 1,884,000 records (13954/sec)
✅ Imported 1,886,000 records (13954/sec)
✅ Imported 1,888,000 records (13959/sec)
✅ Imported 1,890,000 records (13963/sec)
✅ Imported 1,892,000 records (13968/sec)
✅ Imported 1,894,000 records (13972/sec)
✅ Imported 1,896,000 records (13977/sec)
✅ Imported 1,898,000 records (13963/sec)
✅ Imported 1,900,000 records (13964/sec)
✅ Imported 1,902,000 records (13969/sec)
✅ Imported 1,904,000 records (13973/sec)
✅ Imported 1,906,000 records (13976/sec)
✅ Imported 1,908,000 records (13981/sec)
✅ Imported 1,910,000 records (13986/sec)
✅ Imported 1,912,000 records (13991/sec)
✅ Imported 1,914,000 records (13994/sec)
✅ Imported 1,916,000 records (13997/sec)
✅ Imported 1,918,000 records (13997/sec)
✅ Imported 1,920,000 records (14002/sec)
✅ Imported 1,922,000 records (14007/sec)
✅ Imported 1,924,000 records (14010/sec)
✅ Imported 1,926,000 records (14015/sec)
✅ Imported 1,928,000 records (14022/sec)
✅ Imported 1,930,000 records (14028/sec)
✅ Imported 1,932,000 records (14034/sec)
✅ Imported 1,934,000 records (14039/sec)
✅ Imported 1,936,000 records (14044/sec)
✅ Imported 1,938,000 records (14049/sec)
✅ Imported 1,940,000 records (14055/sec)
✅ Imported 1,942,000 records (14057/sec)
✅ Imported 1,944,000 records (14063/sec)
✅ Imported 1,946,000 records (14070/sec)
✅ Imported 1,948,000 records (14077/sec)
✅ Imported 1,950,000 records (14083/sec)
✅ Imported 1,952,000 records (14089/sec)
✅ Imported 1,954,000 records (14094/sec)
✅ Imported 1,956,000 records (14100/sec)
✅ Imported 1,958,000 records (14105/sec)
✅ Imported 1,960,000 records (14111/sec)
✅ Imported 1,962,000 records (14116/sec)
✅ Imported 1,964,000 records (14122/sec)
✅ Imported 1,966,000 records (14128/sec)
✅ Imported 1,968,000 records (14132/sec)
✅ Imported 1,970,000 records (14138/sec)
✅ Imported 1,972,000 records (14136/sec)
✅ Imported 1,974,000 records (14140/sec)
✅ Imported 1,976,000 records (14132/sec)
✅ Imported 1,978,000 records (14128/sec)
✅ Imported 1,980,000 records (14131/sec)
✅ Imported 1,982,000 records (14134/sec)
✅ Imported 1,984,000 records (14133/sec)
✅ Imported 1,986,000 records (14137/sec)
✅ Imported 1,988,000 records (14139/sec)
✅ Imported 1,990,000 records (14135/sec)
✅ Imported 1,992,000 records (14130/sec)
✅ Imported 1,994,000 records (14129/sec)
✅ Imported 1,996,000 records (14123/sec)
✅ Imported 1,998,000 records (14043/sec)
✅ Imported 2,000,000 records (14036/sec)
✅ Imported 2,002,000 records (14030/sec)
✅ Imported 2,004,000 records (14023/sec)
✅ Imported 2,006,000 records (14024/sec)
✅ Imported 2,008,000 records (14025/sec)
✅ Imported 2,010,000 records (14030/sec)
✅ Imported 2,012,000 records (14034/sec)
✅ Imported 2,014,000 records (14031/sec)
✅ Imported 2,016,000 records (14035/sec)
✅ Imported 2,018,000 records (14039/sec)
✅ Imported 2,020,000 records (14043/sec)
✅ Imported 2,022,000 records (14047/sec)
✅ Imported 2,024,000 records (14052/sec)
✅ Imported 2,026,000 records (14055/sec)
✅ Imported 2,028,000 records (14060/sec)
✅ Imported 2,030,000 records (14064/sec)
✅ Imported 2,032,000 records (14067/sec)
✅ Imported 2,034,000 records (14071/sec)
✅ Imported 2,036,000 records (14073/sec)
✅ Imported 2,038,000 records (14071/sec)
✅ Imported 2,040,000 records (14076/sec)
✅ Imported 2,042,000 records (14082/sec)
✅ Imported 2,044,000 records (14086/sec)
✅ Imported 2,046,000 records (14088/sec)
✅ Imported 2,048,000 records (14091/sec)
✅ Imported 2,050,000 records (14094/sec)
✅ Imported 2,052,000 records (14099/sec)
✅ Imported 2,054,000 records (14103/sec)
✅ Imported 2,056,000 records (14108/sec)
✅ Imported 2,058,000 records (14112/sec)
✅ Imported 2,060,000 records (14116/sec)
✅ Imported 2,062,000 records (14121/sec)
✅ Imported 2,064,000 records (14124/sec)
✅ Imported 2,066,000 records (14118/sec)
✅ Imported 2,068,000 records (14123/sec)
✅ Imported 2,070,000 records (14126/sec)
✅ Imported 2,072,000 records (14130/sec)
✅ Imported 2,074,000 records (14134/sec)
✅ Imported 2,076,000 records (14136/sec)
✅ Imported 2,078,000 records (14139/sec)
✅ Imported 2,080,000 records (14137/sec)
✅ Imported 2,082,000 records (14139/sec)
✅ Imported 2,084,000 records (14142/sec)
✅ Imported 2,086,000 records (14147/sec)
✅ Imported 2,088,000 records (14151/sec)
✅ Imported 2,090,000 records (14143/sec)
✅ Imported 2,092,000 records (14147/sec)
✅ Imported 2,094,000 records (14150/sec)
✅ Imported 2,096,000 records (14150/sec)
✅ Imported 2,098,000 records (14153/sec)
✅ Imported 2,100,000 records (14157/sec)
✅ Imported 2,102,000 records (14160/sec)
✅ Imported 2,104,000 records (14165/sec)
✅ Imported 2,106,000 records (14170/sec)
✅ Imported 2,108,000 records (14172/sec)
✅ Imported 2,110,000 records (14175/sec)
✅ Imported 2,112,000 records (14172/sec)
✅ Imported 2,114,000 records (14177/sec)
✅ Imported 2,116,000 records (14182/sec)
✅ Imported 2,118,000 records (14188/sec)
✅ Imported 2,120,000 records (14194/sec)
✅ Imported 2,122,000 records (14188/sec)
✅ Imported 2,124,000 records (14192/sec)
✅ Imported 2,126,000 records (14196/sec)
✅ Imported 2,128,000 records (14200/sec)
✅ Imported 2,130,000 records (14203/sec)
✅ Imported 2,132,000 records (14206/sec)
✅ Imported 2,134,000 records (14211/sec)
✅ Imported 2,136,000 records (14202/sec)
✅ Imported 2,138,000 records (14202/sec)
✅ Imported 2,140,000 records (14193/sec)
✅ Imported 2,142,000 records (14168/sec)
✅ Imported 2,144,000 records (14159/sec)
✅ Imported 2,146,000 records (14151/sec)
✅ Imported 2,148,000 records (14127/sec)
✅ Imported 2,150,000 records (14123/sec)
✅ Imported 2,152,000 records (14121/sec)
✅ Imported 2,154,000 records (14116/sec)
✅ Imported 2,156,000 records (14111/sec)
✅ Imported 2,158,000 records (14107/sec)
✅ Imported 2,160,000 records (14097/sec)
✅ Imported 2,162,000 records (14093/sec)
✅ Imported 2,164,000 records (14089/sec)
✅ Imported 2,166,000 records (14090/sec)
✅ Imported 2,168,000 records (14079/sec)
✅ Imported 2,170,000 records (14077/sec)
✅ Imported 2,172,000 records (14072/sec)
✅ Imported 2,174,000 records (14067/sec)
✅ Imported 2,176,000 records (14066/sec)
✅ Imported 2,178,000 records (14061/sec)
✅ Imported 2,180,000 records (14058/sec)
✅ Imported 2,182,000 records (14025/sec)
✅ Imported 2,184,000 records (13978/sec)
✅ Imported 2,186,000 records (13903/sec)
✅ Imported 2,188,000 records (13755/sec)
✅ Imported 2,190,000 records (13747/sec)
✅ Imported 2,192,000 records (13726/sec)
✅ Imported 2,194,000 records (13725/sec)
✅ Imported 2,196,000 records (13721/sec)
✅ Imported 2,198,000 records (13719/sec)
✅ Imported 2,200,000 records (13719/sec)
✅ Imported 2,202,000 records (13722/sec)
✅ Imported 2,204,000 records (13719/sec)
✅ Imported 2,206,000 records (13722/sec)
✅ Imported 2,208,000 records (13725/sec)
✅ Imported 2,210,000 records (13726/sec)
✅ Imported 2,212,000 records (13729/sec)
✅ Imported 2,214,000 records (13729/sec)
✅ Imported 2,216,000 records (13729/sec)
✅ Imported 2,218,000 records (13730/sec)
✅ Imported 2,220,000 records (13732/sec)
✅ Imported 2,222,000 records (13732/sec)
✅ Imported 2,224,000 records (13729/sec)
✅ Imported 2,226,000 records (13730/sec)
✅ Imported 2,228,000 records (13727/sec)
✅ Imported 2,230,000 records (13725/sec)
✅ Imported 2,232,000 records (13723/sec)
✅ Imported 2,234,000 records (13723/sec)
✅ Imported 2,236,000 records (13726/sec)
✅ Imported 2,238,000 records (13707/sec)
✅ Imported 2,240,000 records (13709/sec)
✅ Imported 2,242,000 records (13703/sec)
✅ Imported 2,244,000 records (13705/sec)
✅ Imported 2,246,000 records (13708/sec)
✅ Imported 2,248,000 records (13710/sec)
✅ Imported 2,250,000 records (13705/sec)
✅ Imported 2,252,000 records (13697/sec)
✅ Imported 2,254,000 records (13697/sec)
✅ Imported 2,256,000 records (13696/sec)
✅ Imported 2,258,000 records (13696/sec)
✅ Imported 2,260,000 records (13698/sec)
✅ Imported 2,262,000 records (13702/sec)
✅ Imported 2,264,000 records (13698/sec)
✅ Imported 2,266,000 records (13699/sec)
✅ Imported 2,268,000 records (13700/sec)
✅ Imported 2,270,000 records (13703/sec)
✅ Imported 2,272,000 records (13702/sec)
✅ Imported 2,274,000 records (13690/sec)
✅ Imported 2,276,000 records (13683/sec)
✅ Imported 2,278,000 records (13687/sec)
✅ Imported 2,280,000 records (13686/sec)
✅ Imported 2,282,000 records (13687/sec)
✅ Imported 2,284,000 records (13672/sec)
✅ Imported 2,286,000 records (13660/sec)
✅ Imported 2,288,000 records (13652/sec)
✅ Imported 2,290,000 records (13631/sec)
✅ Imported 2,292,000 records (13604/sec)
✅ Imported 2,294,000 records (13590/sec)
✅ Imported 2,296,000 records (13587/sec)
✅ Imported 2,298,000 records (13581/sec)
✅ Imported 2,300,000 records (13577/sec)
✅ Imported 2,302,000 records (13569/sec)
✅ Imported 2,304,000 records (13557/sec)
✅ Imported 2,306,000 records (13553/sec)
✅ Imported 2,308,000 records (13547/sec)
✅ Imported 2,310,000 records (13525/sec)
✅ Imported 2,312,000 records (13521/sec)
✅ Imported 2,314,000 records (13520/sec)
✅ Imported 2,316,000 records (13522/sec)
✅ Imported 2,318,000 records (13522/sec)
✅ Imported 2,320,000 records (13522/sec)
✅ Imported 2,322,000 records (13517/sec)
✅ Imported 2,324,000 records (13513/sec)
✅ Imported 2,326,000 records (13515/sec)
✅ Imported 2,328,000 records (13516/sec)
✅ Imported 2,330,000 records (13517/sec)
✅ Imported 2,332,000 records (13517/sec)
✅ Imported 2,334,000 records (13519/sec)
✅ Imported 2,336,000 records (13522/sec)
✅ Imported 2,338,000 records (13524/sec)
✅ Imported 2,340,000 records (13523/sec)
✅ Imported 2,342,000 records (13521/sec)
✅ Imported 2,344,000 records (13523/sec)
✅ Imported 2,346,000 records (13524/sec)
✅ Imported 2,348,000 records (13528/sec)
✅ Imported 2,350,000 records (13531/sec)
✅ Imported 2,352,000 records (13526/sec)
✅ Imported 2,354,000 records (13519/sec)
✅ Imported 2,356,000 records (13511/sec)
✅ Imported 2,358,000 records (13510/sec)
✅ Imported 2,360,000 records (13507/sec)
✅ Imported 2,362,000 records (13506/sec)
✅ Imported 2,364,000 records (13506/sec)
✅ Imported 2,366,000 records (13495/sec)
✅ Imported 2,368,000 records (13496/sec)
✅ Imported 2,370,000 records (13496/sec)
✅ Imported 2,372,000 records (13496/sec)
✅ Imported 2,374,000 records (13491/sec)
✅ Imported 2,376,000 records (13476/sec)
✅ Imported 2,378,000 records (13471/sec)
✅ Imported 2,380,000 records (13469/sec)
✅ Imported 2,382,000 records (13456/sec)
✅ Imported 2,384,000 records (13454/sec)
✅ Imported 2,386,000 records (13437/sec)
✅ Imported 2,388,000 records (13432/sec)
✅ Imported 2,390,000 records (13430/sec)
✅ Imported 2,392,000 records (13428/sec)
✅ Imported 2,394,000 records (13427/sec)
✅ Imported 2,396,000 records (13424/sec)
✅ Imported 2,398,000 records (13425/sec)
✅ Imported 2,400,000 records (13420/sec)
✅ Imported 2,402,000 records (13421/sec)
✅ Imported 2,404,000 records (13411/sec)
✅ Imported 2,406,000 records (13405/sec)
✅ Imported 2,408,000 records (13398/sec)
✅ Imported 2,410,000 records (13399/sec)
✅ Imported 2,412,000 records (13396/sec)
✅ Imported 2,414,000 records (13399/sec)
✅ Imported 2,416,000 records (13397/sec)
✅ Imported 2,418,000 records (13391/sec)
✅ Imported 2,420,000 records (13386/sec)
✅ Imported 2,422,000 records (13388/sec)
✅ Imported 2,424,000 records (13389/sec)
✅ Imported 2,426,000 records (13385/sec)
✅ Imported 2,428,000 records (13384/sec)
✅ Imported 2,430,000 records (13385/sec)
✅ Imported 2,432,000 records (13386/sec)
✅ Imported 2,434,000 records (13388/sec)
✅ Imported 2,436,000 records (13389/sec)
✅ Imported 2,438,000 records (13388/sec)
✅ Imported 2,440,000 records (13389/sec)
✅ Imported 2,442,000 records (13390/sec)
✅ Imported 2,444,000 records (13394/sec)
✅ Imported 2,446,000 records (13398/sec)
✅ Imported 2,448,000 records (13401/sec)
✅ Imported 2,450,000 records (13404/sec)
✅ Imported 2,452,000 records (13407/sec)
✅ Imported 2,454,000 records (13407/sec)
✅ Imported 2,456,000 records (13407/sec)
✅ Imported 2,458,000 records (13412/sec)
✅ Imported 2,460,000 records (13417/sec)
✅ Imported 2,462,000 records (13422/sec)
✅ Imported 2,464,000 records (13426/sec)
✅ Imported 2,466,000 records (13431/sec)
✅ Imported 2,468,000 records (13436/sec)
✅ Imported 2,470,000 records (13439/sec)
✅ Imported 2,472,000 records (13438/sec)
✅ Imported 2,474,000 records (13441/sec)
✅ Imported 2,476,000 records (13433/sec)
✅ Imported 2,478,000 records (13426/sec)
✅ Imported 2,480,000 records (13426/sec)
✅ Imported 2,482,000 records (13426/sec)
✅ Imported 2,484,000 records (13427/sec)
✅ Imported 2,486,000 records (13430/sec)
✅ Imported 2,488,000 records (13430/sec)
✅ Imported 2,490,000 records (13433/sec)
✅ Imported 2,492,000 records (13436/sec)
✅ Imported 2,494,000 records (13440/sec)
✅ Imported 2,496,000 records (13439/sec)
✅ Imported 2,498,000 records (13438/sec)
✅ Imported 2,500,000 records (13435/sec)
✅ Imported 2,502,000 records (13431/sec)
✅ Imported 2,504,000 records (13432/sec)
✅ Imported 2,506,000 records (13430/sec)
✅ Imported 2,508,000 records (13431/sec)
✅ Imported 2,510,000 records (13428/sec)
✅ Imported 2,512,000 records (13421/sec)
✅ Imported 2,514,000 records (13420/sec)
✅ Imported 2,516,000 records (13420/sec)
✅ Imported 2,518,000 records (13421/sec)
✅ Imported 2,520,000 records (13417/sec)
✅ Imported 2,522,000 records (13416/sec)
✅ Imported 2,524,000 records (13353/sec)
✅ Imported 2,526,000 records (13330/sec)
✅ Imported 2,528,000 records (13324/sec)
✅ Imported 2,530,000 records (13311/sec)
✅ Imported 2,532,000 records (13304/sec)
✅ Imported 2,534,000 records (13299/sec)
✅ Imported 2,536,000 records (13279/sec)
✅ Imported 2,538,000 records (13252/sec)
✅ Imported 2,540,000 records (13242/sec)
✅ Imported 2,542,000 records (13230/sec)
✅ Imported 2,544,000 records (13226/sec)
✅ Imported 2,546,000 records (13219/sec)
✅ Imported 2,548,000 records (13215/sec)
✅ Imported 2,550,000 records (13207/sec)
✅ Imported 2,552,000 records (13200/sec)
✅ Imported 2,554,000 records (13190/sec)
✅ Imported 2,556,000 records (13182/sec)
✅ Imported 2,558,000 records (13170/sec)
✅ Imported 2,560,000 records (13110/sec)
✅ Imported 2,562,000 records (13051/sec)
✅ Imported 2,564,000 records (13036/sec)
✅ Imported 2,566,000 records (13020/sec)
✅ Imported 2,568,000 records (13007/sec)
✅ Imported 2,570,000 records (12984/sec)
✅ Imported 2,572,000 records (12926/sec)
✅ Imported 2,574,000 records (12848/sec)
✅ Imported 2,576,000 records (12832/sec)
✅ Imported 2,578,000 records (12830/sec)
✅ Imported 2,580,000 records (12826/sec)
✅ Imported 2,582,000 records (12820/sec)
✅ Imported 2,584,000 records (12802/sec)
✅ Imported 2,586,000 records (12791/sec)
✅ Imported 2,588,000 records (12775/sec)
✅ Imported 2,590,000 records (12763/sec)
✅ Imported 2,592,000 records (12754/sec)
✅ Imported 2,594,000 records (12725/sec)
✅ Imported 2,596,000 records (12708/sec)
✅ Imported 2,598,000 records (12702/sec)
✅ Imported 2,600,000 records (12696/sec)
✅ Imported 2,602,000 records (12688/sec)
✅ Imported 2,604,000 records (12684/sec)
✅ Imported 2,606,000 records (12676/sec)
✅ Imported 2,608,000 records (12670/sec)
✅ Imported 2,610,000 records (12669/sec)
✅ Imported 2,612,000 records (12662/sec)
✅ Imported 2,614,000 records (12598/sec)
✅ Imported 2,616,000 records (12570/sec)
✅ Imported 2,618,000 records (12525/sec)
✅ Imported 2,620,000 records (12457/sec)
✅ Imported 2,622,000 records (12391/sec)
✅ Imported 2,624,000 records (12278/sec)
✅ Imported 2,626,000 records (12095/sec)
✅ Imported 2,628,000 records (11932/sec)
✅ Imported 2,630,000 records (11804/sec)
✅ Imported 2,632,000 records (11732/sec)
✅ Imported 2,634,000 records (11662/sec)
✅ Imported 2,636,000 records (11632/sec)
✅ Imported 2,638,000 records (11590/sec)
✅ Imported 2,640,000 records (11513/sec)
✅ Imported 2,642,000 records (11373/sec)
✅ Imported 2,644,000 records (11328/sec)
✅ Imported 2,646,000 records (11167/sec)
✅ Imported 2,648,000 records (11006/sec)
✅ Imported 2,650,000 records (10970/sec)
✅ Imported 2,652,000 records (10868/sec)
✅ Imported 2,654,000 records (10794/sec)
✅ Imported 2,656,000 records (10729/sec)
✅ Imported 2,658,000 records (10592/sec)
✅ Imported 2,660,000 records (10541/sec)
✅ Imported 2,662,000 records (10489/sec)
✅ Imported 2,664,000 records (10477/sec)
✅ Imported 2,666,000 records (10422/sec)
✅ Imported 2,668,000 records (10336/sec)
✅ Imported 2,670,000 records (10131/sec)
✅ Imported 2,672,000 records (9960/sec)
✅ Imported 2,674,000 records (9904/sec)
✅ Imported 2,676,000 records (9832/sec)
✅ Imported 2,678,000 records (9789/sec)
✅ Imported 2,680,000 records (9756/sec)
✅ Imported 2,682,000 records (9652/sec)
✅ Imported 2,684,000 records (9595/sec)
✅ Imported 2,686,000 records (9574/sec)
✅ Imported 2,688,000 records (9524/sec)
✅ Imported 2,690,000 records (9506/sec)
✅ Imported 2,692,000 records (9475/sec)
✅ Imported 2,694,000 records (9467/sec)
✅ Imported 2,696,000 records (9464/sec)
✅ Imported 2,698,000 records (9434/sec)
✅ Imported 2,700,000 records (9416/sec)
✅ Imported 2,702,000 records (9340/sec)
✅ Imported 2,704,000 records (9290/sec)
✅ Imported 2,706,000 records (9255/sec)
✅ Imported 2,708,000 records (9209/sec)
✅ Imported 2,710,000 records (9146/sec)
✅ Imported 2,712,000 records (9028/sec)
✅ Imported 2,714,000 records (8986/sec)
✅ Imported 2,716,000 records (8939/sec)
✅ Imported 2,718,000 records (8922/sec)
✅ Imported 2,720,000 records (8913/sec)
✅ Imported 2,722,000 records (8913/sec)
✅ Imported 2,724,000 records (8914/sec)
✅ Imported 2,726,000 records (8915/sec)
✅ Imported 2,728,000 records (8917/sec)
✅ Imported 2,730,000 records (8919/sec)
✅ Imported 2,732,000 records (8920/sec)
✅ Imported 2,734,000 records (8921/sec)
✅ Imported 2,736,000 records (8924/sec)
✅ Imported 2,738,000 records (8926/sec)
✅ Imported 2,740,000 records (8928/sec)
✅ Imported 2,742,000 records (8928/sec)
✅ Imported 2,744,000 records (8930/sec)
✅ Imported 2,746,000 records (8929/sec)
✅ Imported 2,748,000 records (8930/sec)
✅ Imported 2,750,000 records (8932/sec)
✅ Imported 2,752,000 records (8932/sec)
✅ Imported 2,754,000 records (8933/sec)
✅ Imported 2,756,000 records (8934/sec)
✅ Imported 2,758,000 records (8935/sec)
✅ Imported 2,760,000 records (8936/sec)
✅ Imported 2,762,000 records (8939/sec)
✅ Imported 2,764,000 records (8941/sec)
✅ Imported 2,766,000 records (8940/sec)
✅ Imported 2,768,000 records (8934/sec)
✅ Imported 2,770,000 records (8931/sec)
✅ Imported 2,772,000 records (8930/sec)
✅ Imported 2,774,000 records (8931/sec)
✅ Imported 2,776,000 records (8932/sec)
✅ Imported 2,778,000 records (8934/sec)
✅ Imported 2,780,000 records (8936/sec)
✅ Imported 2,782,000 records (8938/sec)
✅ Imported 2,784,000 records (8939/sec)
✅ Imported 2,786,000 records (8941/sec)
✅ Imported 2,788,000 records (8941/sec)
✅ Imported 2,790,000 records (8940/sec)
✅ Imported 2,792,000 records (8937/sec)
✅ Imported 2,794,000 records (8938/sec)
✅ Imported 2,796,000 records (8912/sec)
✅ Imported 2,798,000 records (8899/sec)
✅ Imported 2,800,000 records (8899/sec)
✅ Imported 2,802,000 records (8899/sec)
✅ Imported 2,804,000 records (8901/sec)
✅ Imported 2,806,000 records (8902/sec)
✅ Imported 2,808,000 records (8902/sec)
✅ Imported 2,810,000 records (8906/sec)
✅ Imported 2,812,000 records (8908/sec)
✅ Imported 2,814,000 records (8905/sec)
✅ Imported 2,816,000 records (8907/sec)
✅ Imported 2,818,000 records (8909/sec)
✅ Imported 2,820,000 records (8913/sec)
✅ Imported 2,822,000 records (8917/sec)
✅ Imported 2,824,000 records (8920/sec)
✅ Imported 2,826,000 records (8920/sec)
✅ Imported 2,828,000 records (8923/sec)
✅ Imported 2,830,000 records (8926/sec)
✅ Imported 2,832,000 records (8930/sec)
✅ Imported 2,834,000 records (8933/sec)
✅ Imported 2,836,000 records (8937/sec)
✅ Imported 2,838,000 records (8941/sec)
✅ Imported 2,840,000 records (8944/sec)
✅ Imported 2,842,000 records (8947/sec)
✅ Imported 2,844,000 records (8949/sec)
✅ Imported 2,846,000 records (8949/sec)
✅ Imported 2,848,000 records (8951/sec)
✅ Imported 2,850,000 records (8954/sec)
✅ Imported 2,852,000 records (8957/sec)
✅ Imported 2,854,000 records (8960/sec)
✅ Imported 2,856,000 records (8961/sec)
✅ Imported 2,858,000 records (8964/sec)
✅ Imported 2,860,000 records (8968/sec)
✅ Imported 2,862,000 records (8971/sec)
✅ Imported 2,864,000 records (8975/sec)
✅ Imported 2,866,000 records (8978/sec)
✅ Imported 2,868,000 records (8982/sec)
✅ Imported 2,870,000 records (8982/sec)
✅ Imported 2,872,000 records (8983/sec)
✅ Imported 2,874,000 records (8985/sec)
✅ Imported 2,876,000 records (8988/sec)
✅ Imported 2,878,000 records (8991/sec)
✅ Imported 2,880,000 records (8995/sec)
✅ Imported 2,882,000 records (8998/sec)
✅ Imported 2,884,000 records (9000/sec)
✅ Imported 2,886,000 records (9001/sec)
✅ Imported 2,888,000 records (9002/sec)
✅ Imported 2,890,000 records (9002/sec)
✅ Imported 2,892,000 records (9003/sec)
✅ Imported 2,894,000 records (9004/sec)
✅ Imported 2,896,000 records (9005/sec)
✅ Imported 2,898,000 records (9006/sec)
✅ Imported 2,900,000 records (9008/sec)
✅ Imported 2,902,000 records (9009/sec)
✅ Imported 2,904,000 records (9011/sec)
✅ Imported 2,906,000 records (9014/sec)
✅ Imported 2,908,000 records (9017/sec)
✅ Imported 2,910,000 records (9020/sec)
✅ Imported 2,912,000 records (9023/sec)
✅ Imported 2,914,000 records (9024/sec)
✅ Imported 2,916,000 records (9026/sec)
✅ Imported 2,918,000 records (9029/sec)
✅ Imported 2,920,000 records (9032/sec)
✅ Imported 2,922,000 records (9031/sec)
✅ Imported 2,924,000 records (9027/sec)
✅ Imported 2,926,000 records (9028/sec)
✅ Imported 2,928,000 records (9025/sec)
✅ Imported 2,930,000 records (9024/sec)
✅ Imported 2,932,000 records (9026/sec)
✅ Imported 2,934,000 records (9026/sec)
✅ Imported 2,936,000 records (9009/sec)
✅ Imported 2,938,000 records (9008/sec)
✅ Imported 2,940,000 records (9009/sec)
✅ Imported 2,942,000 records (9010/sec)
✅ Imported 2,944,000 records (9010/sec)
✅ Imported 2,946,000 records (9012/sec)
✅ Imported 2,948,000 records (9015/sec)
✅ Imported 2,950,000 records (9013/sec)
✅ Imported 2,952,000 records (9014/sec)
✅ Imported 2,954,000 records (9017/sec)
✅ Imported 2,956,000 records (9012/sec)
✅ Imported 2,958,000 records (9013/sec)
✅ Imported 2,960,000 records (9014/sec)
✅ Imported 2,962,000 records (9016/sec)
✅ Imported 2,964,000 records (9019/sec)
✅ Imported 2,966,000 records (9022/sec)
✅ Imported 2,968,000 records (9026/sec)
✅ Imported 2,970,000 records (9029/sec)
✅ Imported 2,972,000 records (9032/sec)
✅ Imported 2,974,000 records (9035/sec)
✅ Imported 2,976,000 records (9038/sec)
✅ Imported 2,978,000 records (9034/sec)
✅ Imported 2,980,000 records (9037/sec)
✅ Imported 2,982,000 records (9039/sec)
✅ Imported 2,984,000 records (9043/sec)
✅ Imported 2,986,000 records (9045/sec)
✅ Imported 2,988,000 records (9049/sec)
✅ Imported 2,990,000 records (9051/sec)
✅ Imported 2,992,000 records (9051/sec)
✅ Imported 2,994,000 records (9052/sec)
✅ Imported 2,996,000 records (9054/sec)
✅ Imported 2,998,000 records (9057/sec)
✅ Imported 3,000,000 records (9059/sec)
✅ Imported 3,002,000 records (9062/sec)
✅ Imported 3,004,000 records (9064/sec)
✅ Imported 3,006,000 records (9067/sec)
✅ Imported 3,008,000 records (9069/sec)
✅ Imported 3,010,000 records (9072/sec)
✅ Imported 3,012,000 records (9075/sec)
✅ Imported 3,014,000 records (9079/sec)
✅ Imported 3,016,000 records (9082/sec)
✅ Imported 3,018,000 records (9085/sec)
✅ Imported 3,020,000 records (9088/sec)
✅ Imported 3,022,000 records (9091/sec)
✅ Imported 3,024,000 records (9095/sec)
✅ Imported 3,026,000 records (9098/sec)
✅ Imported 3,028,000 records (9101/sec)
✅ Imported 3,030,000 records (9104/sec)
✅ Imported 3,032,000 records (9107/sec)
✅ Imported 3,034,000 records (9110/sec)
✅ Imported 3,036,000 records (9112/sec)
✅ Imported 3,038,000 records (9112/sec)
✅ Imported 3,040,000 records (9115/sec)
✅ Imported 3,042,000 records (9113/sec)
✅ Imported 3,044,000 records (9114/sec)
✅ Imported 3,046,000 records (9116/sec)
✅ Imported 3,048,000 records (9118/sec)
✅ Imported 3,050,000 records (9121/sec)
✅ Imported 3,052,000 records (9121/sec)
✅ Imported 3,054,000 records (9122/sec)
✅ Imported 3,056,000 records (9123/sec)
✅ Imported 3,058,000 records (9123/sec)
✅ Imported 3,060,000 records (9123/sec)
✅ Imported 3,062,000 records (9124/sec)
✅ Imported 3,064,000 records (9126/sec)
✅ Imported 3,066,000 records (9126/sec)
✅ Imported 3,068,000 records (9127/sec)
✅ Imported 3,070,000 records (9129/sec)
✅ Imported 3,072,000 records (9132/sec)
✅ Imported 3,074,000 records (9135/sec)
✅ Imported 3,076,000 records (9138/sec)
✅ Imported 3,078,000 records (9141/sec)
✅ Imported 3,080,000 records (9144/sec)
✅ Imported 3,082,000 records (9146/sec)
✅ Imported 3,084,000 records (9149/sec)
✅ Imported 3,086,000 records (9151/sec)
✅ Imported 3,088,000 records (9154/sec)
✅ Imported 3,090,000 records (9155/sec)
✅ Imported 3,092,000 records (9158/sec)
✅ Imported 3,094,000 records (9161/sec)
✅ Imported 3,096,000 records (9164/sec)
✅ Imported 3,098,000 records (9161/sec)
✅ Imported 3,100,000 records (9163/sec)
✅ Imported 3,102,000 records (9165/sec)
✅ Imported 3,104,000 records (9168/sec)
✅ Imported 3,106,000 records (9171/sec)
✅ Imported 3,108,000 records (9174/sec)
✅ Imported 3,110,000 records (9177/sec)
✅ Imported 3,112,000 records (9179/sec)
✅ Imported 3,114,000 records (9182/sec)
✅ Imported 3,116,000 records (9183/sec)
✅ Imported 3,118,000 records (9182/sec)
✅ Imported 3,120,000 records (9182/sec)
✅ Imported 3,122,000 records (9185/sec)
✅ Imported 3,124,000 records (9188/sec)
✅ Imported 3,126,000 records (9190/sec)
✅ Imported 3,128,000 records (9190/sec)
✅ Imported 3,130,000 records (9191/sec)
✅ Imported 3,132,000 records (9194/sec)
✅ Imported 3,134,000 records (9194/sec)
✅ Imported 3,136,000 records (9197/sec)
✅ Imported 3,138,000 records (9200/sec)
✅ Imported 3,140,000 records (9203/sec)
✅ Imported 3,142,000 records (9206/sec)
✅ Imported 3,144,000 records (9209/sec)
✅ Imported 3,146,000 records (9212/sec)
✅ Imported 3,148,000 records (9215/sec)
✅ Imported 3,150,000 records (9217/sec)
✅ Imported 3,152,000 records (9220/sec)
✅ Imported 3,154,000 records (9223/sec)
✅ Imported 3,156,000 records (9227/sec)
✅ Imported 3,158,000 records (9229/sec)
✅ Imported 3,160,000 records (9232/sec)
✅ Imported 3,162,000 records (9234/sec)
✅ Imported 3,164,000 records (9237/sec)
✅ Imported 3,166,000 records (9239/sec)
✅ Imported 3,168,000 records (9242/sec)
✅ Imported 3,170,000 records (9245/sec)
✅ Imported 3,172,000 records (9247/sec)
✅ Imported 3,174,000 records (9250/sec)
✅ Imported 3,176,000 records (9253/sec)
✅ Imported 3,178,000 records (9256/sec)
✅ Imported 3,180,000 records (9258/sec)
✅ Imported 3,182,000 records (9261/sec)
✅ Imported 3,184,000 records (9258/sec)
✅ Imported 3,186,000 records (9260/sec)
✅ Imported 3,188,000 records (9263/sec)
✅ Imported 3,190,000 records (9266/sec)
✅ Imported 3,192,000 records (9268/sec)
✅ Imported 3,194,000 records (9269/sec)
✅ Imported 3,196,000 records (9272/sec)
✅ Imported 3,198,000 records (9274/sec)
✅ Imported 3,200,000 records (9277/sec)
✅ Imported 3,202,000 records (9281/sec)
✅ Imported 3,204,000 records (9281/sec)
✅ Imported 3,206,000 records (9275/sec)
✅ Imported 3,208,000 records (9278/sec)
✅ Imported 3,210,000 records (9282/sec)
✅ Imported 3,212,000 records (9285/sec)
✅ Imported 3,214,000 records (9288/sec)
✅ Imported 3,216,000 records (9291/sec)
✅ Imported 3,218,000 records (9294/sec)
✅ Imported 3,220,000 records (9297/sec)
✅ Imported 3,222,000 records (9300/sec)
✅ Imported 3,224,000 records (9303/sec)
✅ Imported 3,226,000 records (9306/sec)
✅ Imported 3,228,000 records (9308/sec)
✅ Imported 3,230,000 records (9306/sec)
✅ Imported 3,232,000 records (9309/sec)
✅ Imported 3,234,000 records (9311/sec)
✅ Imported 3,236,000 records (9312/sec)
✅ Imported 3,238,000 records (9314/sec)
✅ Imported 3,240,000 records (9311/sec)
✅ Imported 3,242,000 records (9314/sec)
✅ Imported 3,244,000 records (9315/sec)
✅ Imported 3,246,000 records (9318/sec)
✅ Imported 3,248,000 records (9321/sec)
✅ Imported 3,250,000 records (9324/sec)
✅ Imported 3,252,000 records (9327/sec)
✅ Imported 3,254,000 records (9329/sec)
✅ Imported 3,256,000 records (9332/sec)
✅ Imported 3,258,000 records (9335/sec)
✅ Imported 3,260,000 records (9338/sec)
✅ Imported 3,262,000 records (9341/sec)
✅ Imported 3,264,000 records (9344/sec)
✅ Imported 3,266,000 records (9336/sec)
✅ Imported 3,268,000 records (9337/sec)
✅ Imported 3,270,000 records (9340/sec)
✅ Imported 3,272,000 records (9343/sec)
✅ Imported 3,274,000 records (9346/sec)
✅ Imported 3,276,000 records (9349/sec)
✅ Imported 3,278,000 records (9352/sec)
✅ Imported 3,280,000 records (9355/sec)
✅ Imported 3,282,000 records (9358/sec)
✅ Imported 3,284,000 records (9361/sec)
✅ Imported 3,286,000 records (9364/sec)
✅ Imported 3,288,000 records (9367/sec)
✅ Imported 3,290,000 records (9370/sec)
✅ Imported 3,292,000 records (9371/sec)
✅ Imported 3,294,000 records (9374/sec)
✅ Imported 3,296,000 records (9373/sec)
✅ Imported 3,298,000 records (9376/sec)
✅ Imported 3,300,000 records (9378/sec)
✅ Imported 3,302,000 records (9381/sec)
✅ Imported 3,304,000 records (9383/sec)
✅ Imported 3,306,000 records (9386/sec)
✅ Imported 3,308,000 records (9389/sec)
✅ Imported 3,310,000 records (9389/sec)
✅ Imported 3,312,000 records (9392/sec)
✅ Imported 3,314,000 records (9395/sec)
✅ Imported 3,316,000 records (9399/sec)
✅ Imported 3,318,000 records (9402/sec)
✅ Imported 3,320,000 records (9404/sec)
✅ Imported 3,322,000 records (9407/sec)
✅ Imported 3,324,000 records (9410/sec)
✅ Imported 3,326,000 records (9414/sec)
✅ Imported 3,328,000 records (9414/sec)
✅ Imported 3,330,000 records (9417/sec)
✅ Imported 3,332,000 records (9420/sec)
✅ Imported 3,334,000 records (9423/sec)
✅ Imported 3,336,000 records (9418/sec)
✅ Imported 3,338,000 records (9420/sec)
✅ Imported 3,340,000 records (9422/sec)
✅ Imported 3,342,000 records (9425/sec)
✅ Imported 3,344,000 records (9427/sec)
✅ Imported 3,346,000 records (9429/sec)
✅ Imported 3,348,000 records (9433/sec)
✅ Imported 3,350,000 records (9436/sec)
✅ Imported 3,352,000 records (9435/sec)
✅ Imported 3,354,000 records (9435/sec)
✅ Imported 3,356,000 records (9434/sec)
✅ Imported 3,358,000 records (9436/sec)
✅ Imported 3,360,000 records (9437/sec)
✅ Imported 3,362,000 records (9437/sec)
✅ Imported 3,364,000 records (9438/sec)
✅ Imported 3,366,000 records (9440/sec)
✅ Imported 3,368,000 records (9442/sec)
✅ Imported 3,370,000 records (9444/sec)
✅ Imported 3,372,000 records (9446/sec)
✅ Imported 3,374,000 records (9447/sec)
✅ Imported 3,376,000 records (9447/sec)
✅ Imported 3,378,000 records (9447/sec)
✅ Imported 3,380,000 records (9432/sec)
✅ Imported 3,382,000 records (9432/sec)
✅ Imported 3,384,000 records (9432/sec)
✅ Imported 3,386,000 records (9431/sec)
✅ Imported 3,388,000 records (9431/sec)
✅ Imported 3,390,000 records (9430/sec)
✅ Imported 3,392,000 records (9426/sec)
✅ Imported 3,394,000 records (9428/sec)
✅ Imported 3,396,000 records (9428/sec)
✅ Imported 3,398,000 records (9428/sec)
✅ Imported 3,400,000 records (9429/sec)
✅ Imported 3,402,000 records (9428/sec)
✅ Imported 3,404,000 records (9427/sec)
✅ Imported 3,406,000 records (9428/sec)
✅ Imported 3,408,000 records (9430/sec)
✅ Imported 3,410,000 records (9432/sec)
✅ Imported 3,412,000 records (9433/sec)
✅ Imported 3,414,000 records (9434/sec)
✅ Imported 3,416,000 records (9435/sec)
✅ Imported 3,418,000 records (9438/sec)
✅ Imported 3,420,000 records (9440/sec)
✅ Imported 3,422,000 records (9442/sec)
✅ Imported 3,424,000 records (9444/sec)
✅ Imported 3,426,000 records (9446/sec)
✅ Imported 3,428,000 records (9448/sec)
✅ Imported 3,430,000 records (9450/sec)
✅ Imported 3,432,000 records (9452/sec)
✅ Imported 3,434,000 records (9453/sec)
✅ Imported 3,436,000 records (9454/sec)
✅ Imported 3,438,000 records (9455/sec)
✅ Imported 3,440,000 records (9455/sec)
✅ Imported 3,442,000 records (9455/sec)
✅ Imported 3,444,000 records (9454/sec)
✅ Imported 3,446,000 records (9451/sec)
✅ Imported 3,448,000 records (9453/sec)
✅ Imported 3,450,000 records (9454/sec)
✅ Imported 3,452,000 records (9453/sec)
✅ Imported 3,454,000 records (9455/sec)
✅ Imported 3,456,000 records (9457/sec)
✅ Imported 3,458,000 records (9455/sec)
✅ Imported 3,460,000 records (9457/sec)
✅ Imported 3,462,000 records (9459/sec)
✅ Imported 3,464,000 records (9461/sec)
✅ Imported 3,466,000 records (9463/sec)
✅ Imported 3,468,000 records (9453/sec)
✅ Imported 3,470,000 records (9455/sec)
✅ Imported 3,472,000 records (9455/sec)
✅ Imported 3,474,000 records (9456/sec)
✅ Imported 3,476,000 records (9457/sec)
✅ Imported 3,478,000 records (9457/sec)
✅ Imported 3,480,000 records (9457/sec)
✅ Imported 3,482,000 records (9458/sec)
✅ Imported 3,484,000 records (9457/sec)
✅ Imported 3,486,000 records (9454/sec)
✅ Imported 3,488,000 records (9453/sec)
✅ Imported 3,490,000 records (9452/sec)
✅ Imported 3,492,000 records (9430/sec)
✅ Imported 3,494,000 records (9430/sec)
✅ Imported 3,496,000 records (9432/sec)
✅ Imported 3,498,000 records (9432/sec)
✅ Imported 3,500,000 records (9435/sec)
✅ Imported 3,502,000 records (9434/sec)
✅ Imported 3,504,000 records (9436/sec)
✅ Imported 3,506,000 records (9439/sec)
✅ Imported 3,508,000 records (9441/sec)
✅ Imported 3,510,000 records (9443/sec)
✅ Imported 3,512,000 records (9444/sec)
✅ Imported 3,514,000 records (9446/sec)
✅ Imported 3,516,000 records (9449/sec)
✅ Imported 3,518,000 records (9452/sec)
✅ Imported 3,520,000 records (9454/sec)
✅ Imported 3,522,000 records (9457/sec)
✅ Imported 3,524,000 records (9460/sec)
✅ Imported 3,526,000 records (9463/sec)
✅ Imported 3,528,000 records (9466/sec)
✅ Imported 3,530,000 records (9467/sec)
✅ Imported 3,532,000 records (9470/sec)
✅ Imported 3,534,000 records (9473/sec)
✅ Imported 3,536,000 records (9475/sec)
✅ Imported 3,538,000 records (9478/sec)
✅ Imported 3,540,000 records (9479/sec)
✅ Imported 3,542,000 records (9482/sec)
✅ Imported 3,544,000 records (9485/sec)
✅ Imported 3,546,000 records (9488/sec)
✅ Imported 3,548,000 records (9491/sec)
✅ Imported 3,550,000 records (9493/sec)
✅ Imported 3,552,000 records (9496/sec)
✅ Imported 3,554,000 records (9499/sec)
✅ Imported 3,556,000 records (9502/sec)
✅ Imported 3,558,000 records (9505/sec)
✅ Imported 3,560,000 records (9505/sec)
✅ Imported 3,562,000 records (9507/sec)
✅ Imported 3,564,000 records (9510/sec)
✅ Imported 3,566,000 records (9513/sec)
✅ Imported 3,568,000 records (9516/sec)
✅ Imported 3,570,000 records (9519/sec)
✅ Imported 3,572,000 records (9522/sec)
✅ Imported 3,574,000 records (9525/sec)
✅ Imported 3,576,000 records (9528/sec)
✅ Imported 3,578,000 records (9530/sec)
✅ Imported 3,580,000 records (9533/sec)
✅ Imported 3,582,000 records (9536/sec)
✅ Imported 3,584,000 records (9539/sec)
✅ Imported 3,586,000 records (9542/sec)
✅ Imported 3,588,000 records (9545/sec)
✅ Imported 3,590,000 records (9544/sec)
✅ Imported 3,592,000 records (9547/sec)
✅ Imported 3,594,000 records (9550/sec)
✅ Imported 3,596,000 records (9553/sec)
✅ Imported 3,598,000 records (9556/sec)
✅ Imported 3,600,000 records (9559/sec)
✅ Imported 3,602,000 records (9561/sec)
✅ Imported 3,604,000 records (9563/sec)
✅ Imported 3,606,000 records (9562/sec)
✅ Imported 3,608,000 records (9563/sec)
✅ Imported 3,610,000 records (9565/sec)
✅ Imported 3,612,000 records (9568/sec)
✅ Imported 3,614,000 records (9570/sec)
✅ Imported 3,616,000 records (9572/sec)
✅ Imported 3,618,000 records (9575/sec)
✅ Imported 3,620,000 records (9576/sec)
✅ Imported 3,622,000 records (9578/sec)
✅ Imported 3,624,000 records (9581/sec)
✅ Imported 3,626,000 records (9584/sec)
✅ Imported 3,628,000 records (9582/sec)
✅ Imported 3,630,000 records (9583/sec)
✅ Imported 3,632,000 records (9586/sec)
✅ Imported 3,634,000 records (9589/sec)
✅ Imported 3,636,000 records (9591/sec)
✅ Imported 3,638,000 records (9594/sec)
✅ Imported 3,640,000 records (9596/sec)
✅ Imported 3,642,000 records (9597/sec)
✅ Imported 3,644,000 records (9598/sec)
✅ Imported 3,646,000 records (9600/sec)
✅ Imported 3,648,000 records (9602/sec)
✅ Imported 3,650,000 records (9605/sec)
✅ Imported 3,652,000 records (9606/sec)
✅ Imported 3,654,000 records (9609/sec)
✅ Imported 3,656,000 records (9611/sec)
✅ Imported 3,658,000 records (9614/sec)
✅ Imported 3,660,000 records (9616/sec)
✅ Imported 3,662,000 records (9619/sec)
✅ Imported 3,664,000 records (9622/sec)
✅ Imported 3,666,000 records (9624/sec)
✅ Imported 3,668,000 records (9627/sec)
✅ Imported 3,670,000 records (9630/sec)
✅ Imported 3,672,000 records (9630/sec)
✅ Imported 3,674,000 records (9633/sec)
✅ Imported 3,676,000 records (9636/sec)
✅ Imported 3,678,000 records (9639/sec)
✅ Imported 3,680,000 records (9640/sec)
✅ Imported 3,682,000 records (9643/sec)
✅ Imported 3,684,000 records (9647/sec)
✅ Imported 3,686,000 records (9649/sec)
✅ Imported 3,688,000 records (9652/sec)
✅ Imported 3,690,000 records (9655/sec)
✅ Imported 3,692,000 records (9656/sec)
✅ Imported 3,694,000 records (9658/sec)
✅ Imported 3,696,000 records (9661/sec)
✅ Imported 3,698,000 records (9664/sec)
✅ Imported 3,700,000 records (9667/sec)
✅ Imported 3,702,000 records (9669/sec)
✅ Imported 3,704,000 records (9672/sec)
✅ Imported 3,706,000 records (9674/sec)
✅ Imported 3,708,000 records (9677/sec)
✅ Imported 3,710,000 records (9678/sec)
✅ Imported 3,712,000 records (9675/sec)
✅ Imported 3,714,000 records (9676/sec)
✅ Imported 3,716,000 records (9679/sec)
✅ Imported 3,718,000 records (9682/sec)
✅ Imported 3,720,000 records (9684/sec)
✅ Imported 3,722,000 records (9686/sec)
✅ Imported 3,724,000 records (9688/sec)
✅ Imported 3,726,000 records (9689/sec)
✅ Imported 3,728,000 records (9689/sec)
✅ Imported 3,730,000 records (9689/sec)
✅ Imported 3,732,000 records (9663/sec)
✅ Imported 3,734,000 records (9661/sec)
✅ Imported 3,736,000 records (9663/sec)
✅ Imported 3,738,000 records (9664/sec)
✅ Imported 3,740,000 records (9666/sec)
✅ Imported 3,742,000 records (9650/sec)
✅ Imported 3,744,000 records (9651/sec)
✅ Imported 3,746,000 records (9652/sec)
✅ Imported 3,748,000 records (9655/sec)
✅ Imported 3,750,000 records (9657/sec)
✅ Imported 3,752,000 records (9658/sec)
✅ Imported 3,754,000 records (9661/sec)
✅ Imported 3,756,000 records (9664/sec)
✅ Imported 3,758,000 records (9665/sec)
✅ Imported 3,760,000 records (9666/sec)
✅ Imported 3,762,000 records (9667/sec)
✅ Imported 3,764,000 records (9669/sec)
✅ Imported 3,766,000 records (9672/sec)
✅ Imported 3,768,000 records (9673/sec)
✅ Imported 3,770,000 records (9674/sec)
✅ Imported 3,772,000 records (9675/sec)
✅ Imported 3,774,000 records (9677/sec)
✅ Imported 3,776,000 records (9680/sec)
✅ Imported 3,778,000 records (9683/sec)
✅ Imported 3,780,000 records (9685/sec)
✅ Imported 3,782,000 records (9687/sec)
✅ Imported 3,784,000 records (9690/sec)
✅ Imported 3,786,000 records (9692/sec)
✅ Imported 3,788,000 records (9695/sec)
✅ Imported 3,790,000 records (9697/sec)
✅ Imported 3,792,000 records (9700/sec)
✅ Imported 3,794,000 records (9702/sec)
✅ Imported 3,796,000 records (9704/sec)
✅ Imported 3,798,000 records (9707/sec)
✅ Imported 3,800,000 records (9709/sec)
✅ Imported 3,802,000 records (9712/sec)
✅ Imported 3,804,000 records (9715/sec)
✅ Imported 3,806,000 records (9717/sec)
✅ Imported 3,808,000 records (9720/sec)
✅ Imported 3,810,000 records (9723/sec)
✅ Imported 3,812,000 records (9726/sec)
✅ Imported 3,814,000 records (9728/sec)
✅ Imported 3,816,000 records (9732/sec)
✅ Imported 3,818,000 records (9735/sec)
✅ Imported 3,820,000 records (9737/sec)
✅ Imported 3,822,000 records (9740/sec)
✅ Imported 3,824,000 records (9743/sec)
✅ Imported 3,826,000 records (9746/sec)
✅ Imported 3,828,000 records (9749/sec)
✅ Imported 3,830,000 records (9752/sec)
✅ Imported 3,832,000 records (9756/sec)
✅ Imported 3,834,000 records (9759/sec)
✅ Imported 3,836,000 records (9762/sec)
✅ Imported 3,838,000 records (9765/sec)
✅ Imported 3,840,000 records (9768/sec)
✅ Imported 3,842,000 records (9771/sec)
✅ Imported 3,844,000 records (9774/sec)
✅ Imported 3,846,000 records (9774/sec)
✅ Imported 3,848,000 records (9776/sec)
✅ Imported 3,850,000 records (9779/sec)
✅ Imported 3,852,000 records (9782/sec)
✅ Imported 3,854,000 records (9784/sec)
✅ Imported 3,856,000 records (9787/sec)
✅ Imported 3,858,000 records (9790/sec)
✅ Imported 3,860,000 records (9793/sec)
✅ Imported 3,862,000 records (9795/sec)
✅ Imported 3,864,000 records (9796/sec)
✅ Imported 3,866,000 records (9798/sec)
✅ Imported 3,868,000 records (9800/sec)
✅ Imported 3,870,000 records (9803/sec)
✅ Imported 3,872,000 records (9806/sec)
✅ Imported 3,874,000 records (9809/sec)
✅ Imported 3,876,000 records (9812/sec)
✅ Imported 3,878,000 records (9814/sec)
✅ Imported 3,880,000 records (9814/sec)
✅ Imported 3,882,000 records (9816/sec)
✅ Imported 3,884,000 records (9819/sec)
✅ Imported 3,886,000 records (9821/sec)
✅ Imported 3,888,000 records (9823/sec)
✅ Imported 3,890,000 records (9826/sec)
✅ Imported 3,892,000 records (9828/sec)
✅ Imported 3,894,000 records (9831/sec)
✅ Imported 3,896,000 records (9833/sec)
✅ Imported 3,898,000 records (9836/sec)
✅ Imported 3,900,000 records (9839/sec)
✅ Imported 3,902,000 records (9842/sec)
✅ Imported 3,904,000 records (9844/sec)
✅ Imported 3,906,000 records (9847/sec)
✅ Imported 3,908,000 records (9850/sec)
✅ Imported 3,910,000 records (9852/sec)
✅ Imported 3,912,000 records (9854/sec)
✅ Imported 3,914,000 records (9857/sec)
✅ Imported 3,916,000 records (9859/sec)
✅ Imported 3,918,000 records (9861/sec)
✅ Imported 3,920,000 records (9863/sec)
✅ Imported 3,922,000 records (9866/sec)
✅ Imported 3,924,000 records (9869/sec)
✅ Imported 3,926,000 records (9872/sec)
✅ Imported 3,928,000 records (9875/sec)
✅ Imported 3,930,000 records (9878/sec)
✅ Imported 3,932,000 records (9881/sec)
✅ Imported 3,934,000 records (9883/sec)
✅ Imported 3,936,000 records (9886/sec)
✅ Imported 3,938,000 records (9889/sec)
✅ Imported 3,940,000 records (9877/sec)
✅ Imported 3,942,000 records (9878/sec)
✅ Imported 3,944,000 records (9880/sec)
✅ Imported 3,946,000 records (9883/sec)
✅ Imported 3,948,000 records (9885/sec)
✅ Imported 3,950,000 records (9887/sec)
✅ Imported 3,952,000 records (9890/sec)
✅ Imported 3,954,000 records (9892/sec)
✅ Imported 3,956,000 records (9894/sec)
✅ Imported 3,958,000 records (9896/sec)
✅ Imported 3,960,000 records (9897/sec)
✅ Imported 3,962,000 records (9900/sec)
✅ Imported 3,964,000 records (9902/sec)
✅ Imported 3,966,000 records (9904/sec)
✅ Imported 3,968,000 records (9906/sec)
✅ Imported 3,970,000 records (9909/sec)
✅ Imported 3,972,000 records (9911/sec)
✅ Imported 3,974,000 records (9914/sec)
✅ Imported 3,976,000 records (9916/sec)
✅ Imported 3,978,000 records (9918/sec)
✅ Imported 3,980,000 records (9920/sec)
✅ Imported 3,982,000 records (9922/sec)
✅ Imported 3,984,000 records (9925/sec)
✅ Imported 3,986,000 records (9928/sec)
✅ Imported 3,988,000 records (9930/sec)
✅ Imported 3,990,000 records (9932/sec)
✅ Imported 3,992,000 records (9934/sec)
✅ Imported 3,994,000 records (9932/sec)
✅ Imported 3,996,000 records (9935/sec)
✅ Imported 3,998,000 records (9937/sec)
✅ Imported 4,000,000 records (9940/sec)
✅ Imported 4,002,000 records (9943/sec)
✅ Imported 4,004,000 records (9946/sec)
✅ Imported 4,006,000 records (9949/sec)
✅ Imported 4,008,000 records (9952/sec)
✅ Imported 4,010,000 records (9954/sec)
✅ Imported 4,012,000 records (9956/sec)
✅ Imported 4,014,000 records (9959/sec)
✅ Imported 4,016,000 records (9962/sec)
✅ Imported 4,018,000 records (9964/sec)
✅ Imported 4,020,000 records (9967/sec)
✅ Imported 4,022,000 records (9968/sec)
✅ Imported 4,024,000 records (9971/sec)
✅ Imported 4,026,000 records (9973/sec)
✅ Imported 4,028,000 records (9975/sec)
✅ Imported 4,030,000 records (9977/sec)
✅ Imported 4,032,000 records (9979/sec)
✅ Imported 4,034,000 records (9982/sec)
✅ Imported 4,036,000 records (9984/sec)
✅ Imported 4,038,000 records (9987/sec)
✅ Imported 4,040,000 records (9987/sec)
✅ Imported 4,042,000 records (9990/sec)
✅ Imported 4,044,000 records (9992/sec)
✅ Imported 4,046,000 records (9995/sec)
✅ Imported 4,048,000 records (9998/sec)
✅ Imported 4,050,000 records (10001/sec)
✅ Imported 4,052,000 records (10003/sec)
✅ Imported 4,054,000 records (10005/sec)
✅ Imported 4,056,000 records (10008/sec)
✅ Imported 4,058,000 records (10010/sec)
✅ Imported 4,060,000 records (10012/sec)
✅ Imported 4,062,000 records (10015/sec)
✅ Imported 4,064,000 records (10018/sec)
✅ Imported 4,066,000 records (10020/sec)
✅ Imported 4,068,000 records (10023/sec)
✅ Imported 4,070,000 records (10026/sec)
✅ Imported 4,072,000 records (10028/sec)
✅ Imported 4,074,000 records (10031/sec)
✅ Imported 4,076,000 records (10032/sec)
✅ Imported 4,078,000 records (10034/sec)
✅ Imported 4,080,000 records (10037/sec)
✅ Imported 4,082,000 records (10039/sec)
✅ Imported 4,084,000 records (10042/sec)
✅ Imported 4,086,000 records (10045/sec)
✅ Imported 4,088,000 records (10047/sec)
✅ Imported 4,090,000 records (10049/sec)
✅ Imported 4,092,000 records (10048/sec)
✅ Imported 4,094,000 records (10049/sec)
✅ Imported 4,096,000 records (10052/sec)
✅ Imported 4,098,000 records (10054/sec)
✅ Imported 4,100,000 records (10055/sec)
✅ Imported 4,102,000 records (10057/sec)
✅ Imported 4,104,000 records (10058/sec)
✅ Imported 4,106,000 records (10060/sec)
✅ Imported 4,108,000 records (10063/sec)
✅ Imported 4,110,000 records (10066/sec)
✅ Imported 4,112,000 records (10068/sec)
✅ Imported 4,114,000 records (10071/sec)
✅ Imported 4,116,000 records (10074/sec)
✅ Imported 4,118,000 records (10076/sec)
✅ Imported 4,120,000 records (10079/sec)
✅ Imported 4,122,000 records (10081/sec)
✅ Imported 4,124,000 records (10084/sec)
✅ Imported 4,126,000 records (10085/sec)
✅ Imported 4,128,000 records (10087/sec)
✅ Imported 4,130,000 records (10090/sec)
✅ Imported 4,132,000 records (10091/sec)
✅ Imported 4,134,000 records (10092/sec)
✅ Imported 4,136,000 records (10095/sec)
✅ Imported 4,138,000 records (10096/sec)
✅ Imported 4,140,000 records (10099/sec)
✅ Imported 4,142,000 records (10101/sec)
✅ Imported 4,144,000 records (10104/sec)
✅ Imported 4,146,000 records (10107/sec)
✅ Imported 4,148,000 records (10109/sec)
✅ Imported 4,150,000 records (10112/sec)
✅ Imported 4,152,000 records (10114/sec)
✅ Imported 4,154,000 records (10117/sec)
✅ Imported 4,156,000 records (10120/sec)
✅ Imported 4,158,000 records (10122/sec)
✅ Imported 4,160,000 records (10125/sec)
✅ Imported 4,162,000 records (10128/sec)
✅ Imported 4,164,000 records (10130/sec)
✅ Imported 4,166,000 records (10133/sec)
✅ Imported 4,168,000 records (10134/sec)
✅ Imported 4,170,000 records (10136/sec)
✅ Imported 4,172,000 records (10138/sec)
✅ Imported 4,174,000 records (10141/sec)
✅ Imported 4,176,000 records (10143/sec)
✅ Imported 4,178,000 records (10145/sec)
✅ Imported 4,180,000 records (10148/sec)
✅ Imported 4,182,000 records (10150/sec)
✅ Imported 4,184,000 records (10152/sec)
✅ Imported 4,186,000 records (10155/sec)
✅ Imported 4,188,000 records (10157/sec)
✅ Imported 4,190,000 records (10159/sec)
✅ Imported 4,192,000 records (10162/sec)
✅ Imported 4,194,000 records (10165/sec)
✅ Imported 4,196,000 records (10167/sec)
✅ Imported 4,198,000 records (10170/sec)
✅ Imported 4,200,000 records (10172/sec)
✅ Imported 4,202,000 records (10174/sec)
✅ Imported 4,204,000 records (10177/sec)
✅ Imported 4,206,000 records (10179/sec)
✅ Imported 4,208,000 records (10181/sec)
✅ Imported 4,210,000 records (10181/sec)
✅ Imported 4,212,000 records (10183/sec)
✅ Imported 4,214,000 records (10185/sec)
✅ Imported 4,216,000 records (10187/sec)
✅ Imported 4,218,000 records (10189/sec)
✅ Imported 4,220,000 records (10192/sec)
✅ Imported 4,222,000 records (10191/sec)
✅ Imported 4,224,000 records (10194/sec)
✅ Imported 4,226,000 records (10196/sec)
✅ Imported 4,228,000 records (10198/sec)
✅ Imported 4,230,000 records (10200/sec)
✅ Imported 4,232,000 records (10202/sec)
✅ Imported 4,234,000 records (10205/sec)
✅ Imported 4,236,000 records (10207/sec)
✅ Imported 4,238,000 records (10206/sec)
✅ Imported 4,240,000 records (10207/sec)
✅ Imported 4,242,000 records (10209/sec)
✅ Imported 4,244,000 records (10211/sec)
✅ Imported 4,246,000 records (10212/sec)
✅ Imported 4,248,000 records (10214/sec)
✅ Imported 4,250,000 records (10216/sec)
✅ Imported 4,252,000 records (10218/sec)
✅ Imported 4,254,000 records (10220/sec)
✅ Imported 4,256,000 records (10222/sec)
✅ Imported 4,258,000 records (10224/sec)
✅ Imported 4,260,000 records (10226/sec)
✅ Imported 4,262,000 records (10228/sec)
✅ Imported 4,264,000 records (10228/sec)
✅ Imported 4,266,000 records (10216/sec)
✅ Imported 4,268,000 records (10218/sec)
✅ Imported 4,270,000 records (10219/sec)
✅ Imported 4,272,000 records (10221/sec)
✅ Imported 4,274,000 records (10223/sec)
✅ Imported 4,276,000 records (10225/sec)
✅ Imported 4,278,000 records (10228/sec)
✅ Imported 4,280,000 records (10229/sec)
✅ Imported 4,282,000 records (10232/sec)
✅ Imported 4,284,000 records (10233/sec)
✅ Imported 4,286,000 records (10235/sec)
✅ Imported 4,288,000 records (10238/sec)
✅ Imported 4,290,000 records (10241/sec)
✅ Imported 4,292,000 records (10243/sec)
✅ Imported 4,294,000 records (10242/sec)
✅ Imported 4,296,000 records (10244/sec)
✅ Imported 4,298,000 records (10245/sec)
✅ Imported 4,300,000 records (10246/sec)
✅ Imported 4,302,000 records (10248/sec)
✅ Imported 4,304,000 records (10250/sec)
✅ Imported 4,306,000 records (10250/sec)
✅ Imported 4,308,000 records (10253/sec)
✅ Imported 4,310,000 records (10255/sec)
✅ Imported 4,312,000 records (10258/sec)
✅ Imported 4,314,000 records (10260/sec)
✅ Imported 4,316,000 records (10262/sec)
✅ Imported 4,318,000 records (10265/sec)
✅ Imported 4,320,000 records (10267/sec)
✅ Imported 4,322,000 records (10269/sec)
✅ Imported 4,324,000 records (10272/sec)
✅ Imported 4,326,000 records (10274/sec)
✅ Imported 4,328,000 records (10277/sec)
✅ Imported 4,330,000 records (10279/sec)
✅ Imported 4,332,000 records (10281/sec)
✅ Imported 4,334,000 records (10282/sec)
✅ Imported 4,336,000 records (10284/sec)
✅ Imported 4,338,000 records (10286/sec)
✅ Imported 4,340,000 records (10288/sec)
✅ Imported 4,342,000 records (10290/sec)
✅ Imported 4,344,000 records (10291/sec)
✅ Imported 4,346,000 records (10233/sec)
✅ Imported 4,348,000 records (10229/sec)
✅ Imported 4,350,000 records (10229/sec)
✅ Imported 4,352,000 records (10231/sec)
✅ Imported 4,354,000 records (10233/sec)
✅ Imported 4,356,000 records (10235/sec)
✅ Imported 4,358,000 records (10238/sec)
✅ Imported 4,360,000 records (10240/sec)
✅ Imported 4,362,000 records (10243/sec)
✅ Imported 4,364,000 records (10245/sec)
✅ Imported 4,366,000 records (10248/sec)
✅ Imported 4,368,000 records (10249/sec)
✅ Imported 4,370,000 records (10251/sec)
✅ Imported 4,372,000 records (10252/sec)
✅ Imported 4,374,000 records (10254/sec)
✅ Imported 4,376,000 records (10257/sec)
✅ Imported 4,378,000 records (10259/sec)
✅ Imported 4,380,000 records (10261/sec)
✅ Imported 4,382,000 records (10264/sec)
✅ Imported 4,384,000 records (10266/sec)
✅ Imported 4,386,000 records (10268/sec)
✅ Imported 4,388,000 records (10271/sec)
✅ Imported 4,390,000 records (10273/sec)
✅ Imported 4,392,000 records (10275/sec)
✅ Imported 4,394,000 records (10278/sec)
✅ Imported 4,396,000 records (10280/sec)
✅ Imported 4,398,000 records (10283/sec)
✅ Imported 4,400,000 records (10285/sec)
✅ Imported 4,402,000 records (10288/sec)
✅ Imported 4,404,000 records (10290/sec)
✅ Imported 4,406,000 records (10290/sec)
✅ Imported 4,408,000 records (10293/sec)
✅ Imported 4,410,000 records (10295/sec)
✅ Imported 4,412,000 records (10298/sec)
✅ Imported 4,414,000 records (10301/sec)
✅ Imported 4,416,000 records (10303/sec)
✅ Imported 4,418,000 records (10305/sec)
✅ Imported 4,420,000 records (10308/sec)
✅ Imported 4,422,000 records (10311/sec)
✅ Imported 4,424,000 records (10313/sec)
✅ Imported 4,426,000 records (10315/sec)
✅ Imported 4,428,000 records (10318/sec)
✅ Imported 4,430,000 records (10320/sec)
✅ Imported 4,432,000 records (10323/sec)
✅ Imported 4,434,000 records (10324/sec)
✅ Imported 4,436,000 records (10326/sec)
✅ Imported 4,438,000 records (10328/sec)
✅ Imported 4,440,000 records (10331/sec)
✅ Imported 4,442,000 records (10333/sec)
✅ Imported 4,444,000 records (10335/sec)
✅ Imported 4,446,000 records (10338/sec)
✅ Imported 4,448,000 records (10341/sec)
✅ Imported 4,450,000 records (10343/sec)
✅ Imported 4,452,000 records (10345/sec)
✅ Imported 4,454,000 records (10348/sec)
✅ Imported 4,456,000 records (10350/sec)
✅ Imported 4,458,000 records (10353/sec)
✅ Imported 4,460,000 records (10355/sec)
✅ Imported 4,462,000 records (10358/sec)
✅ Imported 4,464,000 records (10360/sec)
✅ Imported 4,466,000 records (10363/sec)
✅ Imported 4,468,000 records (10365/sec)
✅ Imported 4,470,000 records (10367/sec)
✅ Imported 4,472,000 records (10369/sec)
✅ Imported 4,474,000 records (10371/sec)
✅ Imported 4,476,000 records (10374/sec)
✅ Imported 4,478,000 records (10376/sec)
✅ Imported 4,480,000 records (10378/sec)
✅ Imported 4,482,000 records (10379/sec)
✅ Imported 4,484,000 records (10380/sec)
✅ Imported 4,486,000 records (10382/sec)
✅ Imported 4,488,000 records (10385/sec)
✅ Imported 4,490,000 records (10387/sec)
✅ Imported 4,492,000 records (10390/sec)
✅ Imported 4,494,000 records (10392/sec)
✅ Imported 4,496,000 records (10395/sec)
✅ Imported 4,498,000 records (10397/sec)
✅ Imported 4,500,000 records (10400/sec)
✅ Imported 4,502,000 records (10402/sec)
✅ Imported 4,504,000 records (10405/sec)
✅ Imported 4,506,000 records (10407/sec)
✅ Imported 4,508,000 records (10410/sec)
✅ Imported 4,510,000 records (10412/sec)
✅ Imported 4,512,000 records (10414/sec)
✅ Imported 4,514,000 records (10416/sec)
✅ Imported 4,516,000 records (10419/sec)
✅ Imported 4,518,000 records (10421/sec)
✅ Imported 4,520,000 records (10424/sec)
✅ Imported 4,522,000 records (10426/sec)
✅ Imported 4,524,000 records (10428/sec)
✅ Imported 4,526,000 records (10431/sec)
✅ Imported 4,528,000 records (10434/sec)
✅ Imported 4,530,000 records (10436/sec)
✅ Imported 4,532,000 records (10439/sec)
✅ Imported 4,534,000 records (10441/sec)
✅ Imported 4,536,000 records (10443/sec)
✅ Imported 4,538,000 records (10444/sec)
✅ Imported 4,540,000 records (10446/sec)
✅ Imported 4,542,000 records (10449/sec)
✅ Imported 4,544,000 records (10451/sec)
✅ Imported 4,546,000 records (10454/sec)
✅ Imported 4,548,000 records (10456/sec)
✅ Imported 4,550,000 records (10458/sec)
✅ Imported 4,552,000 records (10460/sec)
✅ Imported 4,554,000 records (10462/sec)
✅ Imported 4,556,000 records (10465/sec)
✅ Imported 4,558,000 records (10467/sec)
✅ Imported 4,560,000 records (10470/sec)
✅ Imported 4,562,000 records (10472/sec)
✅ Imported 4,564,000 records (10475/sec)
✅ Imported 4,566,000 records (10477/sec)
✅ Imported 4,568,000 records (10479/sec)
✅ Imported 4,570,000 records (10480/sec)
✅ Imported 4,572,000 records (10482/sec)
✅ Imported 4,574,000 records (10485/sec)
✅ Imported 4,576,000 records (10487/sec)
✅ Imported 4,578,000 records (10490/sec)
✅ Imported 4,580,000 records (10492/sec)
✅ Imported 4,582,000 records (10494/sec)
✅ Imported 4,584,000 records (10497/sec)
✅ Imported 4,586,000 records (10499/sec)
✅ Imported 4,588,000 records (10500/sec)
✅ Imported 4,590,000 records (10503/sec)
✅ Imported 4,592,000 records (10505/sec)
✅ Imported 4,594,000 records (10504/sec)
✅ Imported 4,596,000 records (10503/sec)
✅ Imported 4,598,000 records (10503/sec)
✅ Imported 4,600,000 records (10505/sec)
✅ Imported 4,602,000 records (10507/sec)
✅ Imported 4,604,000 records (10506/sec)
✅ Imported 4,606,000 records (10509/sec)
✅ Imported 4,608,000 records (10510/sec)
✅ Imported 4,610,000 records (10512/sec)
✅ Imported 4,612,000 records (10514/sec)
✅ Imported 4,614,000 records (10513/sec)
✅ Imported 4,616,000 records (10514/sec)
✅ Imported 4,618,000 records (10516/sec)
✅ Imported 4,620,000 records (10517/sec)
✅ Imported 4,622,000 records (10518/sec)
✅ Imported 4,624,000 records (10520/sec)
✅ Imported 4,626,000 records (10521/sec)
✅ Imported 4,628,000 records (10521/sec)
✅ Imported 4,630,000 records (10522/sec)
✅ Imported 4,632,000 records (10523/sec)
✅ Imported 4,634,000 records (10525/sec)
✅ Imported 4,636,000 records (10526/sec)
✅ Imported 4,638,000 records (10528/sec)
✅ Imported 4,640,000 records (10530/sec)
✅ Imported 4,642,000 records (10531/sec)
✅ Imported 4,644,000 records (10532/sec)
✅ Imported 4,646,000 records (10534/sec)
✅ Imported 4,648,000 records (10537/sec)
✅ Imported 4,650,000 records (10539/sec)
✅ Imported 4,652,000 records (10541/sec)
✅ Imported 4,654,000 records (10544/sec)
✅ Imported 4,656,000 records (10546/sec)
✅ Imported 4,658,000 records (10549/sec)
✅ Imported 4,660,000 records (10551/sec)
✅ Imported 4,662,000 records (10554/sec)
✅ Imported 4,664,000 records (10556/sec)
✅ Imported 4,666,000 records (10559/sec)
✅ Imported 4,668,000 records (10561/sec)
✅ Imported 4,670,000 records (10564/sec)
✅ Imported 4,672,000 records (10566/sec)
✅ Imported 4,674,000 records (10569/sec)
✅ Imported 4,676,000 records (10571/sec)
✅ Imported 4,678,000 records (10573/sec)
✅ Imported 4,680,000 records (10576/sec)
✅ Imported 4,682,000 records (10578/sec)
✅ Imported 4,684,000 records (10579/sec)
✅ Imported 4,686,000 records (10582/sec)
✅ Imported 4,688,000 records (10584/sec)
✅ Imported 4,690,000 records (10586/sec)
✅ Imported 4,692,000 records (10588/sec)
✅ Imported 4,694,000 records (10589/sec)
✅ Imported 4,696,000 records (10592/sec)
✅ Imported 4,698,000 records (10591/sec)
✅ Imported 4,700,000 records (10593/sec)
✅ Imported 4,702,000 records (10595/sec)
✅ Imported 4,704,000 records (10597/sec)
✅ Imported 4,706,000 records (10599/sec)
✅ Imported 4,708,000 records (10601/sec)
✅ Imported 4,710,000 records (10603/sec)
✅ Imported 4,712,000 records (10605/sec)
✅ Imported 4,714,000 records (10607/sec)
✅ Imported 4,716,000 records (10609/sec)
✅ Imported 4,718,000 records (10611/sec)
✅ Imported 4,720,000 records (10614/sec)
✅ Imported 4,722,000 records (10615/sec)
✅ Imported 4,724,000 records (10617/sec)
✅ Imported 4,726,000 records (10619/sec)
✅ Imported 4,728,000 records (10621/sec)
✅ Imported 4,730,000 records (10623/sec)
✅ Imported 4,732,000 records (10625/sec)
✅ Imported 4,734,000 records (10627/sec)
✅ Imported 4,736,000 records (10629/sec)
✅ Imported 4,738,000 records (10631/sec)
✅ Imported 4,740,000 records (10633/sec)
✅ Imported 4,742,000 records (10636/sec)
✅ Imported 4,744,000 records (10638/sec)
✅ Imported 4,746,000 records (10641/sec)
✅ Imported 4,748,000 records (10643/sec)
✅ Imported 4,750,000 records (10645/sec)
✅ Imported 4,752,000 records (10646/sec)
✅ Imported 4,754,000 records (10646/sec)
✅ Imported 4,756,000 records (10644/sec)
✅ Imported 4,758,000 records (10621/sec)
✅ Imported 4,760,000 records (10616/sec)
✅ Imported 4,762,000 records (10617/sec)
✅ Imported 4,764,000 records (10619/sec)
✅ Imported 4,766,000 records (10620/sec)
✅ Imported 4,768,000 records (10622/sec)
✅ Imported 4,770,000 records (10623/sec)
✅ Imported 4,772,000 records (10625/sec)
✅ Imported 4,774,000 records (10627/sec)
✅ Imported 4,776,000 records (10629/sec)
✅ Imported 4,778,000 records (10629/sec)
✅ Imported 4,780,000 records (10631/sec)
✅ Imported 4,782,000 records (10633/sec)
✅ Imported 4,784,000 records (10635/sec)
✅ Imported 4,786,000 records (10636/sec)
✅ Imported 4,788,000 records (10639/sec)
✅ Imported 4,790,000 records (10641/sec)
✅ Imported 4,792,000 records (10642/sec)
✅ Imported 4,794,000 records (10644/sec)
✅ Imported 4,796,000 records (10646/sec)
✅ Imported 4,798,000 records (10648/sec)
✅ Imported 4,800,000 records (10651/sec)
✅ Imported 4,802,000 records (10653/sec)
✅ Imported 4,804,000 records (10655/sec)
✅ Imported 4,806,000 records (10657/sec)
✅ Imported 4,808,000 records (10659/sec)
✅ Imported 4,810,000 records (10661/sec)
✅ Imported 4,812,000 records (10664/sec)
✅ Imported 4,814,000 records (10666/sec)
✅ Imported 4,816,000 records (10668/sec)
✅ Imported 4,818,000 records (10671/sec)
✅ Imported 4,820,000 records (10670/sec)
✅ Imported 4,822,000 records (10672/sec)
✅ Imported 4,824,000 records (10674/sec)
✅ Imported 4,826,000 records (10676/sec)
✅ Imported 4,828,000 records (10678/sec)
✅ Imported 4,830,000 records (10680/sec)
✅ Imported 4,832,000 records (10682/sec)
✅ Imported 4,834,000 records (10684/sec)
✅ Imported 4,836,000 records (10686/sec)
✅ Imported 4,838,000 records (10689/sec)
✅ Imported 4,840,000 records (10691/sec)
✅ Imported 4,842,000 records (10693/sec)
✅ Imported 4,844,000 records (10694/sec)
✅ Imported 4,846,000 records (10696/sec)
✅ Imported 4,848,000 records (10699/sec)
✅ Imported 4,850,000 records (10701/sec)
✅ Imported 4,852,000 records (10703/sec)
✅ Imported 4,854,000 records (10705/sec)
✅ Imported 4,856,000 records (10707/sec)
✅ Imported 4,858,000 records (10709/sec)
✅ Imported 4,860,000 records (10711/sec)
✅ Imported 4,862,000 records (10712/sec)
✅ Imported 4,864,000 records (10714/sec)
✅ Imported 4,866,000 records (10717/sec)
✅ Imported 4,868,000 records (10719/sec)
✅ Imported 4,870,000 records (10721/sec)
✅ Imported 4,872,000 records (10723/sec)
✅ Imported 4,874,000 records (10724/sec)
✅ Imported 4,876,000 records (10722/sec)
✅ Imported 4,878,000 records (10724/sec)
✅ Imported 4,880,000 records (10726/sec)
✅ Imported 4,882,000 records (10728/sec)
✅ Imported 4,884,000 records (10730/sec)
✅ Imported 4,886,000 records (10732/sec)
✅ Imported 4,888,000 records (10734/sec)
✅ Imported 4,890,000 records (10736/sec)
✅ Imported 4,892,000 records (10738/sec)
✅ Imported 4,894,000 records (10740/sec)
✅ Imported 4,896,000 records (10743/sec)
✅ Imported 4,898,000 records (10745/sec)
✅ Imported 4,900,000 records (10747/sec)
✅ Imported 4,902,000 records (10749/sec)
✅ Imported 4,904,000 records (10750/sec)
✅ Imported 4,906,000 records (10753/sec)
✅ Imported 4,908,000 records (10754/sec)
✅ Imported 4,910,000 records (10756/sec)
✅ Imported 4,912,000 records (10758/sec)
✅ Imported 4,914,000 records (10760/sec)
✅ Imported 4,916,000 records (10762/sec)
✅ Imported 4,918,000 records (10765/sec)
✅ Imported 4,920,000 records (10767/sec)
✅ Imported 4,922,000 records (10769/sec)
✅ Imported 4,924,000 records (10771/sec)
✅ Imported 4,926,000 records (10774/sec)
✅ Imported 4,928,000 records (10776/sec)
✅ Imported 4,930,000 records (10778/sec)
✅ Imported 4,932,000 records (10780/sec)
✅ Imported 4,934,000 records (10783/sec)
✅ Imported 4,936,000 records (10785/sec)
✅ Imported 4,938,000 records (10787/sec)
✅ Imported 4,940,000 records (10789/sec)
✅ Imported 4,942,000 records (10792/sec)
✅ Imported 4,944,000 records (10793/sec)
✅ Imported 4,946,000 records (10795/sec)
✅ Imported 4,948,000 records (10797/sec)
✅ Imported 4,950,000 records (10799/sec)
✅ Imported 4,952,000 records (10801/sec)
✅ Imported 4,954,000 records (10803/sec)
✅ Imported 4,956,000 records (10805/sec)
✅ Imported 4,958,000 records (10807/sec)
✅ Imported 4,960,000 records (10809/sec)
✅ Imported 4,962,000 records (10811/sec)
✅ Imported 4,964,000 records (10812/sec)
✅ Imported 4,966,000 records (10814/sec)
✅ Imported 4,968,000 records (10816/sec)
✅ Imported 4,970,000 records (10819/sec)
✅ Imported 4,972,000 records (10818/sec)
✅ Imported 4,974,000 records (10820/sec)
✅ Imported 4,976,000 records (10822/sec)
✅ Imported 4,978,000 records (10824/sec)
✅ Imported 4,980,000 records (10826/sec)
✅ Imported 4,982,000 records (10828/sec)
✅ Imported 4,984,000 records (10830/sec)
✅ Imported 4,986,000 records (10831/sec)
✅ Imported 4,988,000 records (10832/sec)
✅ Imported 4,990,000 records (10835/sec)
✅ Imported 4,992,000 records (10837/sec)
✅ Imported 4,994,000 records (10839/sec)
✅ Imported 4,996,000 records (10841/sec)
✅ Imported 4,998,000 records (10843/sec)
✅ Imported 5,000,000 records (10845/sec)
✅ Imported 5,002,000 records (10845/sec)
✅ Imported 5,004,000 records (10847/sec)
✅ Imported 5,006,000 records (10849/sec)
✅ Imported 5,008,000 records (10851/sec)
✅ Imported 5,010,000 records (10853/sec)
✅ Imported 5,012,000 records (10855/sec)
✅ Imported 5,014,000 records (10857/sec)
✅ Imported 5,016,000 records (10859/sec)
✅ Imported 5,018,000 records (10861/sec)
✅ Imported 5,020,000 records (10861/sec)
✅ Imported 5,022,000 records (10862/sec)
✅ Imported 5,024,000 records (10865/sec)
✅ Imported 5,026,000 records (10867/sec)
✅ Imported 5,028,000 records (10870/sec)
✅ Imported 5,030,000 records (10873/sec)
✅ Imported 5,032,000 records (10875/sec)
✅ Imported 5,034,000 records (10878/sec)
✅ Imported 5,036,000 records (10880/sec)
✅ Imported 5,038,000 records (10882/sec)
✅ Imported 5,040,000 records (10884/sec)
✅ Imported 5,042,000 records (10887/sec)
✅ Imported 5,044,000 records (10889/sec)
✅ Imported 5,046,000 records (10891/sec)
✅ Imported 5,048,000 records (10893/sec)
✅ Imported 5,050,000 records (10895/sec)
✅ Imported 5,052,000 records (10897/sec)
✅ Imported 5,054,000 records (10897/sec)
✅ Imported 5,056,000 records (10898/sec)
✅ Imported 5,058,000 records (10900/sec)
✅ Imported 5,060,000 records (10902/sec)
✅ Imported 5,062,000 records (10904/sec)
✅ Imported 5,064,000 records (10906/sec)
✅ Imported 5,066,000 records (10905/sec)
✅ Imported 5,068,000 records (10907/sec)
✅ Imported 5,070,000 records (10908/sec)
✅ Imported 5,072,000 records (10910/sec)
✅ Imported 5,074,000 records (10912/sec)
✅ Imported 5,076,000 records (10914/sec)
✅ Imported 5,078,000 records (10916/sec)
✅ Imported 5,080,000 records (10918/sec)
✅ Imported 5,082,000 records (10920/sec)
✅ Imported 5,084,000 records (10922/sec)
✅ Imported 5,086,000 records (10924/sec)
✅ Imported 5,088,000 records (10926/sec)
✅ Imported 5,090,000 records (10929/sec)
✅ Imported 5,092,000 records (10931/sec)
✅ Imported 5,094,000 records (10933/sec)
✅ Imported 5,096,000 records (10935/sec)
✅ Imported 5,098,000 records (10936/sec)
✅ Imported 5,100,000 records (10938/sec)
✅ Imported 5,102,000 records (10940/sec)
✅ Imported 5,104,000 records (10942/sec)
✅ Imported 5,106,000 records (10944/sec)
✅ Imported 5,108,000 records (10945/sec)
✅ Imported 5,110,000 records (10945/sec)
✅ Imported 5,112,000 records (10946/sec)
✅ Imported 5,114,000 records (10948/sec)
✅ Imported 5,116,000 records (10949/sec)
✅ Imported 5,118,000 records (10948/sec)
✅ Imported 5,120,000 records (10950/sec)
✅ Imported 5,122,000 records (10951/sec)
✅ Imported 5,124,000 records (10953/sec)
✅ Imported 5,126,000 records (10955/sec)
✅ Imported 5,128,000 records (10955/sec)
✅ Imported 5,130,000 records (10957/sec)
✅ Imported 5,132,000 records (10959/sec)
✅ Imported 5,134,000 records (10961/sec)
✅ Imported 5,136,000 records (10963/sec)
✅ Imported 5,138,000 records (10965/sec)
✅ Imported 5,140,000 records (10967/sec)
✅ Imported 5,142,000 records (10969/sec)
✅ Imported 5,144,000 records (10971/sec)
✅ Imported 5,146,000 records (10973/sec)
✅ Imported 5,148,000 records (10975/sec)
✅ Imported 5,150,000 records (10977/sec)
✅ Imported 5,152,000 records (10979/sec)
✅ Imported 5,154,000 records (10981/sec)
✅ Imported 5,156,000 records (10983/sec)
✅ Imported 5,158,000 records (10984/sec)
✅ Imported 5,160,000 records (10986/sec)
✅ Imported 5,162,000 records (10988/sec)
✅ Imported 5,164,000 records (10989/sec)
✅ Imported 5,166,000 records (10991/sec)
✅ Imported 5,168,000 records (10993/sec)
✅ Imported 5,170,000 records (10995/sec)
✅ Imported 5,172,000 records (10997/sec)
✅ Imported 5,174,000 records (10999/sec)
✅ Imported 5,176,000 records (11001/sec)
✅ Imported 5,178,000 records (11002/sec)
✅ Imported 5,180,000 records (11004/sec)
✅ Imported 5,182,000 records (11006/sec)
✅ Imported 5,184,000 records (11008/sec)
✅ Imported 5,186,000 records (11010/sec)
✅ Imported 5,188,000 records (11012/sec)
✅ Imported 5,190,000 records (11014/sec)
✅ Imported 5,192,000 records (11016/sec)
✅ Imported 5,194,000 records (11018/sec)
✅ Imported 5,196,000 records (11020/sec)
✅ Imported 5,198,000 records (11020/sec)
✅ Imported 5,200,000 records (11022/sec)
✅ Imported 5,202,000 records (11024/sec)
✅ Imported 5,204,000 records (11026/sec)
✅ Imported 5,206,000 records (11028/sec)
✅ Imported 5,208,000 records (11030/sec)
✅ Imported 5,210,000 records (11032/sec)
✅ Imported 5,212,000 records (11033/sec)
✅ Imported 5,214,000 records (11035/sec)
✅ Imported 5,216,000 records (11037/sec)
✅ Imported 5,218,000 records (11039/sec)
✅ Imported 5,220,000 records (11041/sec)
✅ Imported 5,222,000 records (11043/sec)
✅ Imported 5,224,000 records (11045/sec)
✅ Imported 5,226,000 records (11047/sec)
✅ Imported 5,228,000 records (11049/sec)
✅ Imported 5,230,000 records (11050/sec)
✅ Imported 5,232,000 records (11050/sec)
✅ Imported 5,234,000 records (11048/sec)
✅ Imported 5,236,000 records (11050/sec)
✅ Imported 5,238,000 records (11052/sec)
✅ Imported 5,240,000 records (11053/sec)
✅ Imported 5,242,000 records (11055/sec)
✅ Imported 5,244,000 records (11057/sec)
✅ Imported 5,246,000 records (11059/sec)
✅ Imported 5,248,000 records (11060/sec)
✅ Imported 5,250,000 records (11062/sec)
✅ Imported 5,252,000 records (11064/sec)
✅ Imported 5,254,000 records (11066/sec)
✅ Imported 5,256,000 records (11068/sec)
✅ Imported 5,258,000 records (11070/sec)
✅ Imported 5,260,000 records (11069/sec)
✅ Imported 5,262,000 records (11068/sec)
✅ Imported 5,264,000 records (11070/sec)
✅ Imported 5,266,000 records (11071/sec)
✅ Imported 5,268,000 records (11071/sec)
✅ Imported 5,270,000 records (11073/sec)
✅ Imported 5,272,000 records (11073/sec)
✅ Imported 5,274,000 records (11075/sec)
✅ Imported 5,276,000 records (11077/sec)
✅ Imported 5,278,000 records (11079/sec)
✅ Imported 5,280,000 records (11080/sec)
✅ Imported 5,282,000 records (11082/sec)
✅ Imported 5,284,000 records (11084/sec)
✅ Imported 5,286,000 records (11086/sec)
✅ Imported 5,288,000 records (11088/sec)
✅ Imported 5,290,000 records (11090/sec)
✅ Imported 5,292,000 records (11092/sec)
✅ Imported 5,294,000 records (11094/sec)
✅ Imported 5,296,000 records (11094/sec)
✅ Imported 5,298,000 records (11096/sec)
✅ Imported 5,300,000 records (11097/sec)
✅ Imported 5,302,000 records (11098/sec)
✅ Imported 5,304,000 records (11100/sec)
✅ Imported 5,306,000 records (11099/sec)
✅ Imported 5,308,000 records (11098/sec)
✅ Imported 5,310,000 records (11099/sec)
✅ Imported 5,312,000 records (11102/sec)
✅ Imported 5,314,000 records (11104/sec)
✅ Imported 5,316,000 records (11102/sec)
✅ Imported 5,318,000 records (11104/sec)
✅ Imported 5,320,000 records (11106/sec)
✅ Imported 5,322,000 records (11107/sec)
✅ Imported 5,324,000 records (11108/sec)
✅ Imported 5,326,000 records (11110/sec)
✅ Imported 5,328,000 records (11109/sec)
✅ Imported 5,330,000 records (11109/sec)
✅ Imported 5,332,000 records (11111/sec)
✅ Imported 5,334,000 records (11112/sec)
✅ Imported 5,336,000 records (11111/sec)
✅ Imported 5,338,000 records (11113/sec)
✅ Imported 5,340,000 records (11114/sec)
✅ Imported 5,342,000 records (11116/sec)
✅ Imported 5,344,000 records (11118/sec)
✅ Imported 5,346,000 records (11119/sec)
✅ Imported 5,348,000 records (11121/sec)
✅ Imported 5,350,000 records (11121/sec)
✅ Imported 5,352,000 records (11123/sec)
✅ Imported 5,354,000 records (11124/sec)
✅ Imported 5,356,000 records (11126/sec)
✅ Imported 5,358,000 records (11128/sec)
✅ Imported 5,360,000 records (11130/sec)
✅ Imported 5,362,000 records (11131/sec)
✅ Imported 5,364,000 records (11133/sec)
✅ Imported 5,366,000 records (11134/sec)
✅ Imported 5,368,000 records (11134/sec)
✅ Imported 5,370,000 records (11134/sec)
✅ Imported 5,372,000 records (11135/sec)
✅ Imported 5,374,000 records (11135/sec)
✅ Imported 5,376,000 records (11134/sec)
✅ Imported 5,378,000 records (11134/sec)
✅ Imported 5,380,000 records (11137/sec)
✅ Imported 5,382,000 records (11138/sec)
✅ Imported 5,384,000 records (11139/sec)
✅ Imported 5,386,000 records (11140/sec)
✅ Imported 5,388,000 records (11142/sec)
✅ Imported 5,390,000 records (11143/sec)
✅ Imported 5,392,000 records (11145/sec)
✅ Imported 5,394,000 records (11147/sec)
✅ Imported 5,396,000 records (11147/sec)
✅ Imported 5,398,000 records (11149/sec)
✅ Imported 5,400,000 records (11151/sec)
✅ Imported 5,402,000 records (11127/sec)
✅ Imported 5,404,000 records (11126/sec)
✅ Imported 5,406,000 records (11128/sec)
✅ Imported 5,408,000 records (11130/sec)
✅ Imported 5,410,000 records (11131/sec)
✅ Imported 5,412,000 records (11133/sec)
✅ Imported 5,414,000 records (11135/sec)
✅ Imported 5,416,000 records (11137/sec)
✅ Imported 5,418,000 records (11140/sec)
✅ Imported 5,420,000 records (11142/sec)
✅ Imported 5,422,000 records (11144/sec)
✅ Imported 5,424,000 records (11145/sec)
✅ Imported 5,426,000 records (11147/sec)
✅ Imported 5,428,000 records (11149/sec)
✅ Imported 5,430,000 records (11151/sec)
✅ Imported 5,432,000 records (11153/sec)
✅ Imported 5,434,000 records (11154/sec)
✅ Imported 5,436,000 records (11157/sec)
✅ Imported 5,438,000 records (11157/sec)
✅ Imported 5,440,000 records (11160/sec)
✅ Imported 5,442,000 records (11162/sec)
✅ Imported 5,444,000 records (11164/sec)
✅ Imported 5,446,000 records (11166/sec)
✅ Imported 5,448,000 records (11168/sec)
✅ Imported 5,450,000 records (11170/sec)
✅ Imported 5,452,000 records (11171/sec)
✅ Imported 5,454,000 records (11173/sec)
✅ Imported 5,456,000 records (11175/sec)
✅ Imported 5,458,000 records (11177/sec)
✅ Imported 5,460,000 records (11179/sec)
✅ Imported 5,462,000 records (11181/sec)
✅ Imported 5,464,000 records (11183/sec)
✅ Imported 5,466,000 records (11186/sec)
✅ Imported 5,468,000 records (11188/sec)
✅ Imported 5,470,000 records (11190/sec)
✅ Imported 5,472,000 records (11192/sec)
✅ Imported 5,474,000 records (11194/sec)
✅ Imported 5,476,000 records (11196/sec)
✅ Imported 5,478,000 records (11198/sec)
✅ Imported 5,480,000 records (11200/sec)
✅ Imported 5,482,000 records (11202/sec)
✅ Imported 5,484,000 records (11203/sec)
✅ Imported 5,486,000 records (11205/sec)
✅ Imported 5,488,000 records (11207/sec)
✅ Imported 5,490,000 records (11209/sec)
✅ Imported 5,492,000 records (11211/sec)
✅ Imported 5,494,000 records (11213/sec)
✅ Imported 5,496,000 records (11216/sec)
✅ Imported 5,498,000 records (11218/sec)
✅ Imported 5,500,000 records (11220/sec)
✅ Imported 5,502,000 records (11221/sec)
✅ Imported 5,504,000 records (11223/sec)
✅ Imported 5,506,000 records (11225/sec)
✅ Imported 5,508,000 records (11227/sec)
✅ Imported 5,510,000 records (11228/sec)
✅ Imported 5,512,000 records (11229/sec)
✅ Imported 5,514,000 records (11231/sec)
✅ Imported 5,516,000 records (11232/sec)
✅ Imported 5,518,000 records (11234/sec)
✅ Imported 5,520,000 records (11235/sec)
✅ Imported 5,522,000 records (11237/sec)
✅ Imported 5,524,000 records (11239/sec)
✅ Imported 5,526,000 records (11239/sec)
✅ Imported 5,528,000 records (11241/sec)
✅ Imported 5,530,000 records (11243/sec)
✅ Imported 5,532,000 records (11245/sec)
✅ Imported 5,534,000 records (11246/sec)
✅ Imported 5,536,000 records (11248/sec)
✅ Imported 5,538,000 records (11247/sec)
✅ Imported 5,540,000 records (11249/sec)
✅ Imported 5,542,000 records (11252/sec)
✅ Imported 5,544,000 records (11254/sec)
✅ Imported 5,546,000 records (11257/sec)
✅ Imported 5,548,000 records (11259/sec)
✅ Imported 5,550,000 records (11261/sec)
✅ Imported 5,552,000 records (11263/sec)
✅ Imported 5,554,000 records (11265/sec)
✅ Imported 5,556,000 records (11267/sec)
✅ Imported 5,558,000 records (11269/sec)
✅ Imported 5,560,000 records (11272/sec)
✅ Imported 5,562,000 records (11274/sec)
✅ Imported 5,564,000 records (11276/sec)
✅ Imported 5,566,000 records (11277/sec)
✅ Imported 5,568,000 records (11279/sec)
✅ Imported 5,570,000 records (11281/sec)
✅ Imported 5,572,000 records (11283/sec)
✅ Imported 5,574,000 records (11286/sec)
✅ Imported 5,576,000 records (11287/sec)
✅ Imported 5,578,000 records (11289/sec)
✅ Imported 5,580,000 records (11291/sec)
✅ Imported 5,582,000 records (11293/sec)
✅ Imported 5,584,000 records (11295/sec)
✅ Imported 5,586,000 records (11294/sec)
✅ Imported 5,588,000 records (11296/sec)
✅ Imported 5,590,000 records (11298/sec)
✅ Imported 5,592,000 records (11298/sec)
✅ Imported 5,594,000 records (11300/sec)
✅ Imported 5,596,000 records (11302/sec)
✅ Imported 5,598,000 records (11304/sec)
✅ Imported 5,600,000 records (11306/sec)
✅ Imported 5,602,000 records (11308/sec)
✅ Imported 5,604,000 records (11310/sec)
✅ Imported 5,606,000 records (11312/sec)
✅ Imported 5,608,000 records (11313/sec)
✅ Imported 5,610,000 records (11315/sec)
✅ Imported 5,612,000 records (11317/sec)
✅ Imported 5,614,000 records (11319/sec)
✅ Imported 5,616,000 records (11320/sec)
✅ Imported 5,618,000 records (11322/sec)
✅ Imported 5,620,000 records (11324/sec)
✅ Imported 5,622,000 records (11324/sec)
✅ Imported 5,624,000 records (11327/sec)
✅ Imported 5,626,000 records (11328/sec)
✅ Imported 5,628,000 records (11330/sec)
✅ Imported 5,630,000 records (11332/sec)
✅ Imported 5,632,000 records (11334/sec)
✅ Imported 5,634,000 records (11336/sec)
✅ Imported 5,636,000 records (11338/sec)
✅ Imported 5,638,000 records (11340/sec)
✅ Imported 5,640,000 records (11342/sec)
✅ Imported 5,642,000 records (11344/sec)
✅ Imported 5,644,000 records (11344/sec)
✅ Imported 5,646,000 records (11345/sec)
✅ Imported 5,648,000 records (11345/sec)
✅ Imported 5,650,000 records (11347/sec)
✅ Imported 5,652,000 records (11346/sec)
✅ Imported 5,654,000 records (11348/sec)
✅ Imported 5,656,000 records (11350/sec)
✅ Imported 5,658,000 records (11352/sec)
✅ Imported 5,660,000 records (11353/sec)
✅ Imported 5,662,000 records (11355/sec)
✅ Imported 5,664,000 records (11357/sec)
✅ Imported 5,666,000 records (11359/sec)
✅ Imported 5,668,000 records (11361/sec)
✅ Imported 5,670,000 records (11361/sec)
✅ Imported 5,672,000 records (11362/sec)
✅ Imported 5,674,000 records (11364/sec)
✅ Imported 5,676,000 records (11363/sec)
✅ Imported 5,678,000 records (11365/sec)
✅ Imported 5,680,000 records (11367/sec)
✅ Imported 5,682,000 records (11369/sec)
✅ Imported 5,684,000 records (11371/sec)
✅ Imported 5,686,000 records (11373/sec)
✅ Imported 5,688,000 records (11374/sec)
✅ Imported 5,690,000 records (11375/sec)
✅ Imported 5,692,000 records (11377/sec)
✅ Imported 5,694,000 records (11377/sec)
✅ Imported 5,696,000 records (11379/sec)
✅ Imported 5,698,000 records (11380/sec)
✅ Imported 5,700,000 records (11382/sec)
✅ Imported 5,702,000 records (11384/sec)
✅ Imported 5,704,000 records (11386/sec)
✅ Imported 5,706,000 records (11387/sec)
✅ Imported 5,708,000 records (11387/sec)
✅ Imported 5,710,000 records (11389/sec)
✅ Imported 5,712,000 records (11391/sec)
✅ Imported 5,714,000 records (11392/sec)
✅ Imported 5,716,000 records (11394/sec)
✅ Imported 5,718,000 records (11395/sec)
✅ Imported 5,720,000 records (11395/sec)
✅ Imported 5,722,000 records (11393/sec)
✅ Imported 5,724,000 records (11393/sec)
✅ Imported 5,726,000 records (11394/sec)
✅ Imported 5,728,000 records (11394/sec)
✅ Imported 5,730,000 records (11394/sec)
✅ Imported 5,732,000 records (11395/sec)
✅ Imported 5,734,000 records (11395/sec)
✅ Imported 5,736,000 records (11395/sec)
✅ Imported 5,738,000 records (11394/sec)
✅ Imported 5,740,000 records (11393/sec)
✅ Imported 5,742,000 records (11393/sec)
✅ Imported 5,744,000 records (11386/sec)
✅ Imported 5,746,000 records (11385/sec)
✅ Imported 5,748,000 records (11386/sec)
✅ Imported 5,750,000 records (11386/sec)
✅ Imported 5,752,000 records (11387/sec)
✅ Imported 5,754,000 records (11387/sec)
✅ Imported 5,756,000 records (11388/sec)
✅ Imported 5,758,000 records (11389/sec)
✅ Imported 5,760,000 records (11391/sec)
✅ Imported 5,762,000 records (11391/sec)
✅ Imported 5,764,000 records (11393/sec)
✅ Imported 5,766,000 records (11394/sec)
✅ Imported 5,768,000 records (11396/sec)
✅ Imported 5,770,000 records (11398/sec)
✅ Imported 5,772,000 records (11399/sec)
✅ Imported 5,774,000 records (11401/sec)
✅ Imported 5,776,000 records (11402/sec)
✅ Imported 5,778,000 records (11404/sec)
✅ Imported 5,780,000 records (11405/sec)
✅ Imported 5,782,000 records (11407/sec)
✅ Imported 5,784,000 records (11404/sec)
✅ Imported 5,786,000 records (11406/sec)
✅ Imported 5,788,000 records (11406/sec)
✅ Imported 5,790,000 records (11408/sec)
✅ Imported 5,792,000 records (11410/sec)
✅ Imported 5,794,000 records (11411/sec)
✅ Imported 5,796,000 records (11411/sec)
✅ Imported 5,798,000 records (11408/sec)
✅ Imported 5,800,000 records (11404/sec)
✅ Imported 5,802,000 records (11381/sec)
✅ Imported 5,804,000 records (11380/sec)
✅ Imported 5,806,000 records (11380/sec)
✅ Imported 5,808,000 records (11381/sec)
✅ Imported 5,810,000 records (11382/sec)
✅ Imported 5,812,000 records (11383/sec)
✅ Imported 5,814,000 records (11384/sec)
✅ Imported 5,816,000 records (11385/sec)
✅ Imported 5,818,000 records (11387/sec)
✅ Imported 5,820,000 records (11388/sec)
✅ Imported 5,822,000 records (11390/sec)
✅ Imported 5,824,000 records (11391/sec)
✅ Imported 5,826,000 records (11393/sec)
✅ Imported 5,828,000 records (11394/sec)
✅ Imported 5,830,000 records (11396/sec)
✅ Imported 5,832,000 records (11398/sec)
✅ Imported 5,834,000 records (11399/sec)
✅ Imported 5,836,000 records (11401/sec)
✅ Imported 5,838,000 records (11403/sec)
✅ Imported 5,840,000 records (11404/sec)
✅ Imported 5,842,000 records (11406/sec)
✅ Imported 5,844,000 records (11407/sec)
✅ Imported 5,846,000 records (11409/sec)
✅ Imported 5,848,000 records (11410/sec)
✅ Imported 5,850,000 records (11412/sec)
✅ Imported 5,852,000 records (11413/sec)
✅ Imported 5,854,000 records (11414/sec)
✅ Imported 5,856,000 records (11415/sec)
✅ Imported 5,858,000 records (11417/sec)
✅ Imported 5,860,000 records (11419/sec)
✅ Imported 5,862,000 records (11420/sec)
✅ Imported 5,864,000 records (11422/sec)
✅ Imported 5,866,000 records (11423/sec)
✅ Imported 5,868,000 records (11423/sec)
✅ Imported 5,870,000 records (11424/sec)
✅ Imported 5,872,000 records (11426/sec)
✅ Imported 5,874,000 records (11428/sec)
✅ Imported 5,876,000 records (11429/sec)
✅ Imported 5,878,000 records (11430/sec)
✅ Imported 5,880,000 records (11432/sec)
✅ Imported 5,882,000 records (11431/sec)
✅ Imported 5,884,000 records (11433/sec)
✅ Imported 5,886,000 records (11435/sec)
✅ Imported 5,888,000 records (11436/sec)
✅ Imported 5,890,000 records (11437/sec)
✅ Imported 5,892,000 records (11438/sec)
✅ Imported 5,894,000 records (11438/sec)
✅ Imported 5,896,000 records (11439/sec)
✅ Imported 5,898,000 records (11440/sec)
✅ Imported 5,900,000 records (11441/sec)
✅ Imported 5,902,000 records (11443/sec)
✅ Imported 5,904,000 records (11444/sec)
✅ Imported 5,906,000 records (11446/sec)
✅ Imported 5,908,000 records (11447/sec)
✅ Imported 5,910,000 records (11449/sec)
✅ Imported 5,912,000 records (11450/sec)
✅ Imported 5,914,000 records (11452/sec)
✅ Imported 5,916,000 records (11453/sec)
✅ Imported 5,918,000 records (11455/sec)
✅ Imported 5,920,000 records (11456/sec)
✅ Imported 5,922,000 records (11458/sec)
✅ Imported 5,924,000 records (11460/sec)
✅ Imported 5,926,000 records (11461/sec)
✅ Imported 5,928,000 records (11462/sec)
✅ Imported 5,930,000 records (11463/sec)
✅ Imported 5,932,000 records (11460/sec)
✅ Imported 5,934,000 records (11461/sec)
✅ Imported 5,936,000 records (11461/sec)
✅ Imported 5,938,000 records (11461/sec)
✅ Imported 5,940,000 records (11462/sec)
✅ Imported 5,942,000 records (11464/sec)
✅ Imported 5,944,000 records (11464/sec)
✅ Imported 5,946,000 records (11466/sec)
✅ Imported 5,948,000 records (11467/sec)
✅ Imported 5,950,000 records (11468/sec)
✅ Imported 5,952,000 records (11469/sec)
✅ Imported 5,954,000 records (11471/sec)
✅ Imported 5,956,000 records (11470/sec)
✅ Imported 5,958,000 records (11467/sec)
✅ Imported 5,960,000 records (11467/sec)
✅ Imported 5,962,000 records (11468/sec)
✅ Imported 5,964,000 records (11469/sec)
✅ Imported 5,966,000 records (11470/sec)
✅ Imported 5,968,000 records (11471/sec)
✅ Imported 5,970,000 records (11472/sec)
✅ Imported 5,972,000 records (11473/sec)
✅ Imported 5,974,000 records (11474/sec)
✅ Imported 5,976,000 records (11476/sec)
✅ Imported 5,978,000 records (11477/sec)
✅ Imported 5,980,000 records (11478/sec)
✅ Imported 5,982,000 records (11479/sec)
✅ Imported 5,984,000 records (11480/sec)
✅ Imported 5,986,000 records (11482/sec)
✅ Imported 5,988,000 records (11484/sec)
✅ Imported 5,990,000 records (11485/sec)
✅ Imported 5,992,000 records (11486/sec)
✅ Imported 5,994,000 records (11487/sec)
✅ Imported 5,996,000 records (11489/sec)
✅ Imported 5,998,000 records (11491/sec)
✅ Imported 6,000,000 records (11492/sec)
✅ Imported 6,002,000 records (11493/sec)
✅ Imported 6,004,000 records (11494/sec)
✅ Imported 6,006,000 records (11496/sec)
✅ Imported 6,008,000 records (11498/sec)
✅ Imported 6,010,000 records (11499/sec)
✅ Imported 6,012,000 records (11501/sec)
✅ Imported 6,014,000 records (11502/sec)
✅ Imported 6,016,000 records (11503/sec)
✅ Imported 6,018,000 records (11504/sec)
✅ Imported 6,020,000 records (11506/sec)
✅ Imported 6,022,000 records (11507/sec)
✅ Imported 6,024,000 records (11509/sec)
✅ Imported 6,026,000 records (11511/sec)
✅ Imported 6,028,000 records (11511/sec)
✅ Imported 6,030,000 records (11512/sec)
✅ Imported 6,032,000 records (11514/sec)
✅ Imported 6,034,000 records (11516/sec)
✅ Imported 6,036,000 records (11518/sec)
✅ Imported 6,038,000 records (11519/sec)
✅ Imported 6,040,000 records (11520/sec)
✅ Imported 6,042,000 records (11522/sec)
✅ Imported 6,044,000 records (11521/sec)
✅ Imported 6,046,000 records (11523/sec)
✅ Imported 6,048,000 records (11524/sec)
✅ Imported 6,050,000 records (11525/sec)
✅ Imported 6,052,000 records (11526/sec)
✅ Imported 6,054,000 records (11527/sec)
✅ Imported 6,056,000 records (11528/sec)
✅ Imported 6,058,000 records (11530/sec)
✅ Imported 6,060,000 records (11531/sec)
✅ Imported 6,062,000 records (11533/sec)
✅ Imported 6,064,000 records (11535/sec)
✅ Imported 6,066,000 records (11536/sec)
✅ Imported 6,068,000 records (11538/sec)
✅ Imported 6,070,000 records (11539/sec)
✅ Imported 6,072,000 records (11538/sec)
✅ Imported 6,074,000 records (11537/sec)
✅ Imported 6,076,000 records (11539/sec)
✅ Imported 6,078,000 records (11541/sec)
✅ Imported 6,080,000 records (11542/sec)
✅ Imported 6,082,000 records (11544/sec)
✅ Imported 6,084,000 records (11545/sec)
✅ Imported 6,086,000 records (11547/sec)
✅ Imported 6,088,000 records (11547/sec)
✅ Imported 6,090,000 records (11548/sec)
✅ Imported 6,092,000 records (11549/sec)
✅ Imported 6,094,000 records (11548/sec)
✅ Imported 6,096,000 records (11549/sec)
✅ Imported 6,098,000 records (11550/sec)
✅ Imported 6,100,000 records (11549/sec)
✅ Imported 6,102,000 records (11550/sec)
✅ Imported 6,104,000 records (11551/sec)
✅ Imported 6,106,000 records (11551/sec)
✅ Imported 6,108,000 records (11552/sec)
✅ Imported 6,110,000 records (11554/sec)
✅ Imported 6,112,000 records (11555/sec)
✅ Imported 6,114,000 records (11557/sec)
✅ Imported 6,116,000 records (11558/sec)
✅ Imported 6,118,000 records (11559/sec)
✅ Imported 6,120,000 records (11561/sec)
✅ Imported 6,122,000 records (11561/sec)
✅ Imported 6,124,000 records (11563/sec)
✅ Imported 6,126,000 records (11564/sec)
✅ Imported 6,128,000 records (11565/sec)
✅ Imported 6,130,000 records (11566/sec)
✅ Imported 6,132,000 records (11568/sec)
✅ Imported 6,134,000 records (11569/sec)
✅ Imported 6,136,000 records (11571/sec)
✅ Imported 6,138,000 records (11571/sec)
✅ Imported 6,140,000 records (11572/sec)
✅ Imported 6,142,000 records (11573/sec)
✅ Imported 6,144,000 records (11575/sec)
✅ Imported 6,146,000 records (11576/sec)
✅ Imported 6,148,000 records (11578/sec)
✅ Imported 6,150,000 records (11579/sec)
✅ Imported 6,152,000 records (11580/sec)
✅ Imported 6,154,000 records (11581/sec)
✅ Imported 6,156,000 records (11583/sec)
✅ Imported 6,158,000 records (11584/sec)
✅ Imported 6,160,000 records (11585/sec)
✅ Imported 6,162,000 records (11587/sec)
✅ Imported 6,164,000 records (11589/sec)
✅ Imported 6,166,000 records (11591/sec)
✅ Imported 6,168,000 records (11593/sec)
✅ Imported 6,170,000 records (11595/sec)
✅ Imported 6,172,000 records (11596/sec)
✅ Imported 6,174,000 records (11598/sec)
✅ Imported 6,176,000 records (11600/sec)
✅ Imported 6,178,000 records (11602/sec)
✅ Imported 6,180,000 records (11604/sec)
✅ Imported 6,182,000 records (11606/sec)
✅ Imported 6,184,000 records (11607/sec)
✅ Imported 6,186,000 records (11609/sec)
✅ Imported 6,188,000 records (11611/sec)
✅ Imported 6,190,000 records (11612/sec)
✅ Imported 6,192,000 records (11611/sec)
✅ Imported 6,194,000 records (11613/sec)
✅ Imported 6,196,000 records (11612/sec)
✅ Imported 6,198,000 records (11613/sec)
✅ Imported 6,200,000 records (11613/sec)
✅ Imported 6,202,000 records (11615/sec)
✅ Imported 6,204,000 records (11616/sec)
✅ Imported 6,206,000 records (11617/sec)
✅ Imported 6,208,000 records (11619/sec)
✅ Imported 6,210,000 records (11620/sec)
✅ Imported 6,212,000 records (11621/sec)
✅ Imported 6,214,000 records (11622/sec)
✅ Imported 6,216,000 records (11623/sec)
✅ Imported 6,218,000 records (11625/sec)
✅ Imported 6,220,000 records (11626/sec)
✅ Imported 6,222,000 records (11621/sec)
✅ Imported 6,224,000 records (11620/sec)
✅ Imported 6,226,000 records (11618/sec)
✅ Imported 6,228,000 records (11618/sec)
✅ Imported 6,230,000 records (11618/sec)
✅ Imported 6,232,000 records (11619/sec)
✅ Imported 6,234,000 records (11620/sec)
✅ Imported 6,236,000 records (11622/sec)
✅ Imported 6,238,000 records (11623/sec)
✅ Imported 6,240,000 records (11624/sec)
✅ Imported 6,242,000 records (11625/sec)
✅ Imported 6,244,000 records (11625/sec)
✅ Imported 6,246,000 records (11626/sec)
✅ Imported 6,248,000 records (11626/sec)
✅ Imported 6,250,000 records (11628/sec)
✅ Imported 6,252,000 records (11630/sec)
✅ Imported 6,254,000 records (11631/sec)
✅ Imported 6,256,000 records (11632/sec)
✅ Imported 6,258,000 records (11633/sec)
✅ Imported 6,260,000 records (11632/sec)
✅ Imported 6,262,000 records (11631/sec)
✅ Imported 6,264,000 records (11633/sec)
✅ Imported 6,266,000 records (11634/sec)
✅ Imported 6,268,000 records (11635/sec)
✅ Imported 6,270,000 records (11636/sec)
✅ Imported 6,272,000 records (11638/sec)
✅ Imported 6,274,000 records (11638/sec)
✅ Imported 6,276,000 records (11638/sec)
✅ Imported 6,278,000 records (11639/sec)
✅ Imported 6,280,000 records (11638/sec)
✅ Imported 6,282,000 records (11638/sec)
✅ Imported 6,284,000 records (11638/sec)
✅ Imported 6,286,000 records (11638/sec)
✅ Imported 6,288,000 records (11639/sec)
✅ Imported 6,290,000 records (11640/sec)
✅ Imported 6,292,000 records (11641/sec)
✅ Imported 6,294,000 records (11642/sec)
✅ Imported 6,296,000 records (11643/sec)
✅ Imported 6,298,000 records (11644/sec)
✅ Imported 6,300,000 records (11644/sec)
✅ Imported 6,302,000 records (11645/sec)
✅ Imported 6,304,000 records (11646/sec)
✅ Imported 6,306,000 records (11645/sec)
✅ Imported 6,308,000 records (11646/sec)
✅ Imported 6,310,000 records (11647/sec)
✅ Imported 6,312,000 records (11647/sec)
✅ Imported 6,314,000 records (11647/sec)
✅ Imported 6,316,000 records (11648/sec)
✅ Imported 6,318,000 records (11650/sec)
✅ Imported 6,320,000 records (11650/sec)
✅ Imported 6,322,000 records (11650/sec)
✅ Imported 6,324,000 records (11651/sec)
✅ Imported 6,326,000 records (11652/sec)
✅ Imported 6,328,000 records (11653/sec)
✅ Imported 6,330,000 records (11651/sec)
✅ Imported 6,332,000 records (11651/sec)
✅ Imported 6,334,000 records (11651/sec)
✅ Imported 6,336,000 records (11652/sec)
✅ Imported 6,338,000 records (11652/sec)
✅ Imported 6,340,000 records (11648/sec)
✅ Imported 6,342,000 records (11649/sec)
✅ Imported 6,344,000 records (11649/sec)
✅ Imported 6,346,000 records (11651/sec)
✅ Imported 6,348,000 records (11652/sec)
✅ Imported 6,350,000 records (11652/sec)
✅ Imported 6,352,000 records (11651/sec)
✅ Imported 6,354,000 records (11651/sec)
✅ Imported 6,356,000 records (11652/sec)
✅ Imported 6,358,000 records (11653/sec)
✅ Imported 6,360,000 records (11652/sec)
✅ Imported 6,362,000 records (11652/sec)
✅ Imported 6,364,000 records (11654/sec)
✅ Imported 6,366,000 records (11655/sec)
✅ Imported 6,368,000 records (11657/sec)
✅ Imported 6,370,000 records (11659/sec)
✅ Imported 6,372,000 records (11660/sec)
✅ Imported 6,374,000 records (11661/sec)
✅ Imported 6,376,000 records (11663/sec)
✅ Imported 6,378,000 records (11664/sec)
✅ Imported 6,380,000 records (11665/sec)
✅ Imported 6,382,000 records (11667/sec)
✅ Imported 6,384,000 records (11668/sec)
✅ Imported 6,386,000 records (11670/sec)
✅ Imported 6,388,000 records (11671/sec)
✅ Imported 6,390,000 records (11672/sec)
✅ Imported 6,392,000 records (11673/sec)
✅ Imported 6,394,000 records (11673/sec)
✅ Imported 6,396,000 records (11675/sec)
✅ Imported 6,398,000 records (11677/sec)
✅ Imported 6,400,000 records (11679/sec)
✅ Imported 6,402,000 records (11680/sec)
✅ Imported 6,404,000 records (11682/sec)
✅ Imported 6,406,000 records (11683/sec)
✅ Imported 6,408,000 records (11685/sec)
✅ Imported 6,410,000 records (11687/sec)
✅ Imported 6,412,000 records (11688/sec)
✅ Imported 6,414,000 records (11689/sec)
✅ Imported 6,416,000 records (11691/sec)
✅ Imported 6,418,000 records (11693/sec)
✅ Imported 6,420,000 records (11695/sec)
✅ Imported 6,422,000 records (11696/sec)
✅ Imported 6,424,000 records (11698/sec)
✅ Imported 6,426,000 records (11700/sec)
✅ Imported 6,428,000 records (11701/sec)
✅ Imported 6,430,000 records (11702/sec)
✅ Imported 6,432,000 records (11702/sec)
✅ Imported 6,434,000 records (11704/sec)
✅ Imported 6,436,000 records (11705/sec)
✅ Imported 6,438,000 records (11705/sec)
✅ Imported 6,440,000 records (11707/sec)
✅ Imported 6,442,000 records (11708/sec)
✅ Imported 6,444,000 records (11709/sec)
✅ Imported 6,446,000 records (11711/sec)
✅ Imported 6,448,000 records (11712/sec)
✅ Imported 6,450,000 records (11714/sec)
✅ Imported 6,452,000 records (11715/sec)
✅ Imported 6,454,000 records (11717/sec)
✅ Imported 6,456,000 records (11719/sec)
✅ Imported 6,458,000 records (11720/sec)
✅ Imported 6,460,000 records (11721/sec)
✅ Imported 6,462,000 records (11722/sec)
✅ Imported 6,464,000 records (11723/sec)
✅ Imported 6,466,000 records (11725/sec)
✅ Imported 6,468,000 records (11726/sec)
✅ Imported 6,470,000 records (11728/sec)
✅ Imported 6,472,000 records (11729/sec)
✅ Imported 6,474,000 records (11729/sec)
✅ Imported 6,476,000 records (11729/sec)
✅ Imported 6,478,000 records (11729/sec)
✅ Imported 6,480,000 records (11728/sec)
✅ Imported 6,482,000 records (11730/sec)
✅ Imported 6,484,000 records (11731/sec)
✅ Imported 6,486,000 records (11732/sec)
✅ Imported 6,488,000 records (11733/sec)
✅ Imported 6,490,000 records (11734/sec)
✅ Imported 6,492,000 records (11735/sec)
✅ Imported 6,494,000 records (11737/sec)
✅ Imported 6,496,000 records (11738/sec)
✅ Imported 6,498,000 records (11738/sec)
✅ Imported 6,500,000 records (11738/sec)
✅ Imported 6,502,000 records (11740/sec)
✅ Imported 6,504,000 records (11742/sec)
✅ Imported 6,506,000 records (11743/sec)
✅ Imported 6,508,000 records (11744/sec)
✅ Imported 6,510,000 records (11746/sec)
✅ Imported 6,512,000 records (11747/sec)
✅ Imported 6,514,000 records (11746/sec)
✅ Imported 6,516,000 records (11748/sec)
✅ Imported 6,518,000 records (11749/sec)
✅ Imported 6,520,000 records (11750/sec)
✅ Imported 6,522,000 records (11752/sec)
✅ Imported 6,524,000 records (11753/sec)
✅ Imported 6,526,000 records (11755/sec)
✅ Imported 6,528,000 records (11756/sec)
✅ Imported 6,530,000 records (11757/sec)
✅ Imported 6,532,000 records (11759/sec)
✅ Imported 6,534,000 records (11760/sec)
✅ Imported 6,536,000 records (11762/sec)
✅ Imported 6,538,000 records (11764/sec)
✅ Imported 6,540,000 records (11765/sec)
✅ Imported 6,542,000 records (11767/sec)
✅ Imported 6,544,000 records (11768/sec)
✅ Imported 6,546,000 records (11770/sec)
✅ Imported 6,548,000 records (11771/sec)
✅ Imported 6,550,000 records (11772/sec)
✅ Imported 6,552,000 records (11774/sec)
✅ Imported 6,554,000 records (11775/sec)
✅ Imported 6,556,000 records (11776/sec)
✅ Imported 6,558,000 records (11777/sec)
✅ Imported 6,560,000 records (11779/sec)
✅ Imported 6,562,000 records (11781/sec)
✅ Imported 6,564,000 records (11782/sec)
✅ Imported 6,566,000 records (11780/sec)
✅ Imported 6,568,000 records (11782/sec)
✅ Imported 6,570,000 records (11784/sec)
✅ Imported 6,572,000 records (11786/sec)
✅ Imported 6,574,000 records (11783/sec)
✅ Imported 6,576,000 records (11783/sec)
✅ Imported 6,578,000 records (11783/sec)
✅ Imported 6,580,000 records (11784/sec)
✅ Imported 6,582,000 records (11785/sec)
✅ Imported 6,584,000 records (11786/sec)
✅ Imported 6,586,000 records (11787/sec)
✅ Imported 6,588,000 records (11789/sec)
✅ Imported 6,590,000 records (11790/sec)
✅ Imported 6,592,000 records (11792/sec)
✅ Imported 6,594,000 records (11793/sec)
✅ Imported 6,596,000 records (11794/sec)
✅ Imported 6,598,000 records (11796/sec)
✅ Imported 6,600,000 records (11796/sec)
✅ Imported 6,602,000 records (11798/sec)
✅ Imported 6,604,000 records (11799/sec)
✅ Imported 6,606,000 records (11799/sec)
✅ Imported 6,608,000 records (11800/sec)
✅ Imported 6,610,000 records (11802/sec)
✅ Imported 6,612,000 records (11803/sec)
✅ Imported 6,614,000 records (11804/sec)
✅ Imported 6,616,000 records (11804/sec)
✅ Imported 6,618,000 records (11805/sec)
✅ Imported 6,620,000 records (11807/sec)
✅ Imported 6,622,000 records (11808/sec)
✅ Imported 6,624,000 records (11810/sec)
✅ Imported 6,626,000 records (11811/sec)
✅ Imported 6,628,000 records (11812/sec)
✅ Imported 6,630,000 records (11812/sec)
✅ Imported 6,632,000 records (11813/sec)
✅ Imported 6,634,000 records (11815/sec)
✅ Imported 6,636,000 records (11816/sec)
✅ Imported 6,638,000 records (11818/sec)
✅ Imported 6,640,000 records (11819/sec)
✅ Imported 6,642,000 records (11821/sec)
✅ Imported 6,644,000 records (11822/sec)
✅ Imported 6,646,000 records (11824/sec)
✅ Imported 6,648,000 records (11825/sec)
✅ Imported 6,650,000 records (11826/sec)
✅ Imported 6,652,000 records (11827/sec)
✅ Imported 6,654,000 records (11827/sec)
✅ Imported 6,656,000 records (11828/sec)
✅ Imported 6,658,000 records (11830/sec)
✅ Imported 6,660,000 records (11831/sec)
✅ Imported 6,662,000 records (11832/sec)
✅ Imported 6,664,000 records (11833/sec)
✅ Imported 6,666,000 records (11832/sec)
✅ Imported 6,668,000 records (11831/sec)
✅ Imported 6,670,000 records (11832/sec)
✅ Imported 6,672,000 records (11833/sec)
✅ Imported 6,674,000 records (11834/sec)
✅ Imported 6,676,000 records (11835/sec)
✅ Imported 6,678,000 records (11836/sec)
✅ Imported 6,680,000 records (11838/sec)
✅ Imported 6,682,000 records (11839/sec)
✅ Imported 6,684,000 records (11840/sec)
✅ Imported 6,686,000 records (11842/sec)
✅ Imported 6,688,000 records (11842/sec)
✅ Imported 6,690,000 records (11843/sec)
✅ Imported 6,692,000 records (11844/sec)
✅ Imported 6,694,000 records (11845/sec)
✅ Imported 6,696,000 records (11846/sec)
✅ Imported 6,698,000 records (11847/sec)
✅ Imported 6,700,000 records (11848/sec)
✅ Imported 6,702,000 records (11850/sec)
✅ Imported 6,704,000 records (11851/sec)
✅ Imported 6,706,000 records (11852/sec)
✅ Imported 6,708,000 records (11854/sec)
✅ Imported 6,710,000 records (11854/sec)
✅ Imported 6,712,000 records (11855/sec)
✅ Imported 6,714,000 records (11856/sec)
✅ Imported 6,716,000 records (11854/sec)
✅ Imported 6,718,000 records (11855/sec)
✅ Imported 6,720,000 records (11856/sec)
✅ Imported 6,722,000 records (11857/sec)
✅ Imported 6,724,000 records (11859/sec)
✅ Imported 6,726,000 records (11859/sec)
✅ Imported 6,728,000 records (11861/sec)
✅ Imported 6,730,000 records (11862/sec)
✅ Imported 6,732,000 records (11863/sec)
✅ Imported 6,734,000 records (11864/sec)
✅ Imported 6,736,000 records (11866/sec)
✅ Imported 6,738,000 records (11866/sec)
✅ Imported 6,740,000 records (11867/sec)
✅ Imported 6,742,000 records (11869/sec)
✅ Imported 6,744,000 records (11869/sec)
✅ Imported 6,746,000 records (11871/sec)
✅ Imported 6,748,000 records (11872/sec)
✅ Imported 6,750,000 records (11873/sec)
✅ Imported 6,752,000 records (11875/sec)
✅ Imported 6,754,000 records (11876/sec)
✅ Imported 6,756,000 records (11878/sec)
✅ Imported 6,758,000 records (11879/sec)
✅ Imported 6,760,000 records (11880/sec)
✅ Imported 6,762,000 records (11877/sec)
✅ Imported 6,764,000 records (11872/sec)
✅ Imported 6,766,000 records (11847/sec)
✅ Imported 6,768,000 records (11844/sec)
✅ Imported 6,770,000 records (11842/sec)
✅ Imported 6,772,000 records (11842/sec)
✅ Imported 6,774,000 records (11841/sec)
✅ Imported 6,776,000 records (11841/sec)
✅ Imported 6,778,000 records (11839/sec)
✅ Imported 6,780,000 records (11840/sec)
✅ Imported 6,782,000 records (11840/sec)
✅ Imported 6,784,000 records (11838/sec)
✅ Imported 6,786,000 records (11837/sec)
✅ Imported 6,788,000 records (11837/sec)
✅ Imported 6,790,000 records (11838/sec)
✅ Imported 6,792,000 records (11839/sec)
✅ Imported 6,794,000 records (11840/sec)
✅ Imported 6,796,000 records (11841/sec)
✅ Imported 6,798,000 records (11842/sec)
✅ Imported 6,800,000 records (11841/sec)
✅ Imported 6,802,000 records (11842/sec)
✅ Imported 6,804,000 records (11841/sec)
✅ Imported 6,806,000 records (11842/sec)
✅ Imported 6,808,000 records (11843/sec)
✅ Imported 6,810,000 records (11844/sec)
✅ Imported 6,812,000 records (11845/sec)
✅ Imported 6,814,000 records (11846/sec)
✅ Imported 6,816,000 records (11845/sec)
✅ Imported 6,818,000 records (11846/sec)
✅ Imported 6,820,000 records (11847/sec)
✅ Imported 6,822,000 records (11848/sec)
✅ Imported 6,824,000 records (11849/sec)
✅ Imported 6,826,000 records (11850/sec)
✅ Imported 6,828,000 records (11851/sec)
✅ Imported 6,830,000 records (11853/sec)
✅ Imported 6,832,000 records (11854/sec)
✅ Imported 6,834,000 records (11855/sec)
✅ Imported 6,836,000 records (11856/sec)
✅ Imported 6,838,000 records (11857/sec)
✅ Imported 6,840,000 records (11859/sec)
✅ Imported 6,842,000 records (11860/sec)
✅ Imported 6,844,000 records (11861/sec)
✅ Imported 6,846,000 records (11863/sec)
✅ Imported 6,848,000 records (11864/sec)
✅ Imported 6,850,000 records (11866/sec)
✅ Imported 6,852,000 records (11867/sec)
✅ Imported 6,854,000 records (11869/sec)
✅ Imported 6,856,000 records (11870/sec)
✅ Imported 6,858,000 records (11871/sec)
✅ Imported 6,860,000 records (11872/sec)
✅ Imported 6,862,000 records (11874/sec)
✅ Imported 6,864,000 records (11875/sec)
✅ Imported 6,866,000 records (11876/sec)
✅ Imported 6,868,000 records (11874/sec)
✅ Imported 6,870,000 records (11875/sec)
✅ Imported 6,872,000 records (11876/sec)
✅ Imported 6,874,000 records (11878/sec)
✅ Imported 6,876,000 records (11879/sec)
✅ Imported 6,878,000 records (11880/sec)
✅ Imported 6,880,000 records (11882/sec)
✅ Imported 6,882,000 records (11883/sec)
✅ Imported 6,884,000 records (11885/sec)
✅ Imported 6,886,000 records (11885/sec)
✅ Imported 6,888,000 records (11885/sec)
✅ Imported 6,890,000 records (11887/sec)
✅ Imported 6,892,000 records (11888/sec)
✅ Imported 6,894,000 records (11886/sec)
✅ Imported 6,896,000 records (11887/sec)
✅ Imported 6,898,000 records (11888/sec)
✅ Imported 6,900,000 records (11890/sec)
✅ Imported 6,902,000 records (11892/sec)
✅ Imported 6,904,000 records (11893/sec)
✅ Imported 6,906,000 records (11895/sec)
✅ Imported 6,908,000 records (11896/sec)
✅ Imported 6,910,000 records (11898/sec)
✅ Imported 6,912,000 records (11899/sec)
✅ Imported 6,914,000 records (11901/sec)
✅ Imported 6,916,000 records (11902/sec)
✅ Imported 6,918,000 records (11904/sec)
✅ Imported 6,920,000 records (11904/sec)
✅ Imported 6,922,000 records (11906/sec)
✅ Imported 6,924,000 records (11907/sec)
✅ Imported 6,926,000 records (11909/sec)
✅ Imported 6,928,000 records (11910/sec)
✅ Imported 6,930,000 records (11912/sec)
✅ Imported 6,932,000 records (11913/sec)
✅ Imported 6,934,000 records (11915/sec)
✅ Imported 6,936,000 records (11916/sec)
✅ Imported 6,938,000 records (11917/sec)
✅ Imported 6,940,000 records (11919/sec)
✅ Imported 6,942,000 records (11920/sec)
✅ Imported 6,944,000 records (11922/sec)
✅ Imported 6,946,000 records (11923/sec)
✅ Imported 6,948,000 records (11925/sec)
✅ Imported 6,950,000 records (11926/sec)
✅ Imported 6,952,000 records (11928/sec)
✅ Imported 6,954,000 records (11928/sec)
✅ Imported 6,956,000 records (11930/sec)
✅ Imported 6,958,000 records (11931/sec)
✅ Imported 6,960,000 records (11933/sec)
✅ Imported 6,962,000 records (11934/sec)
✅ Imported 6,964,000 records (11935/sec)
✅ Imported 6,966,000 records (11936/sec)
✅ Imported 6,968,000 records (11938/sec)
✅ Imported 6,970,000 records (11939/sec)
✅ Imported 6,972,000 records (11941/sec)
✅ Imported 6,974,000 records (11942/sec)
✅ Imported 6,976,000 records (11943/sec)
✅ Imported 6,978,000 records (11945/sec)
✅ Imported 6,980,000 records (11947/sec)
✅ Imported 6,982,000 records (11948/sec)
✅ Imported 6,984,000 records (11946/sec)
✅ Imported 6,986,000 records (11947/sec)
✅ Imported 6,988,000 records (11949/sec)
✅ Imported 6,990,000 records (11950/sec)
✅ Imported 6,992,000 records (11951/sec)
✅ Imported 6,994,000 records (11953/sec)
✅ Imported 6,996,000 records (11955/sec)
✅ Imported 6,998,000 records (11956/sec)
✅ Imported 7,000,000 records (11957/sec)
✅ Imported 7,002,000 records (11959/sec)
✅ Imported 7,004,000 records (11960/sec)
✅ Imported 7,006,000 records (11962/sec)
✅ Imported 7,008,000 records (11963/sec)
✅ Imported 7,010,000 records (11965/sec)
✅ Imported 7,012,000 records (11966/sec)
✅ Imported 7,014,000 records (11967/sec)
✅ Imported 7,016,000 records (11968/sec)
✅ Imported 7,018,000 records (11970/sec)
✅ Imported 7,020,000 records (11971/sec)
✅ Imported 7,022,000 records (11973/sec)
✅ Imported 7,024,000 records (11974/sec)
✅ Imported 7,026,000 records (11975/sec)
✅ Imported 7,028,000 records (11976/sec)
✅ Imported 7,030,000 records (11978/sec)
✅ Imported 7,032,000 records (11979/sec)
✅ Imported 7,034,000 records (11981/sec)
✅ Imported 7,036,000 records (11981/sec)
✅ Imported 7,038,000 records (11982/sec)
✅ Imported 7,040,000 records (11984/sec)
✅ Imported 7,042,000 records (11984/sec)
✅ Imported 7,044,000 records (11986/sec)
✅ Imported 7,046,000 records (11985/sec)
✅ Imported 7,048,000 records (11986/sec)
✅ Imported 7,050,000 records (11984/sec)
✅ Imported 7,052,000 records (11985/sec)
✅ Imported 7,054,000 records (11986/sec)
✅ Imported 7,056,000 records (11987/sec)
✅ Imported 7,058,000 records (11989/sec)
✅ Imported 7,060,000 records (11990/sec)
✅ Imported 7,062,000 records (11992/sec)
✅ Imported 7,064,000 records (11993/sec)
✅ Imported 7,066,000 records (11994/sec)
✅ Imported 7,068,000 records (11995/sec)
✅ Imported 7,070,000 records (11997/sec)
✅ Imported 7,072,000 records (11996/sec)
✅ Imported 7,074,000 records (11997/sec)
✅ Imported 7,076,000 records (11998/sec)
✅ Imported 7,078,000 records (11999/sec)
✅ Imported 7,080,000 records (12001/sec)
✅ Imported 7,082,000 records (12001/sec)
✅ Imported 7,084,000 records (12003/sec)
✅ Imported 7,086,000 records (12004/sec)
✅ Imported 7,088,000 records (12005/sec)
✅ Imported 7,090,000 records (12007/sec)
✅ Imported 7,092,000 records (12008/sec)
✅ Imported 7,094,000 records (12008/sec)
✅ Imported 7,096,000 records (12009/sec)
✅ Imported 7,098,000 records (12011/sec)
✅ Imported 7,100,000 records (12013/sec)
✅ Imported 7,102,000 records (12014/sec)
✅ Imported 7,104,000 records (12016/sec)
✅ Imported 7,106,000 records (12018/sec)
✅ Imported 7,108,000 records (12020/sec)
✅ Imported 7,110,000 records (12022/sec)
✅ Imported 7,112,000 records (12023/sec)
✅ Imported 7,114,000 records (12025/sec)
✅ Imported 7,116,000 records (12027/sec)
✅ Imported 7,118,000 records (12028/sec)
✅ Imported 7,120,000 records (12030/sec)
✅ Imported 7,122,000 records (12032/sec)
✅ Imported 7,124,000 records (12033/sec)
✅ Imported 7,126,000 records (12035/sec)
✅ Imported 7,128,000 records (12036/sec)
✅ Imported 7,130,000 records (12037/sec)
✅ Imported 7,132,000 records (12038/sec)
✅ Imported 7,134,000 records (12040/sec)
✅ Imported 7,136,000 records (12041/sec)
✅ Imported 7,138,000 records (12043/sec)
✅ Imported 7,140,000 records (12044/sec)
✅ Imported 7,142,000 records (12046/sec)
✅ Imported 7,144,000 records (12047/sec)
✅ Imported 7,146,000 records (12049/sec)
✅ Imported 7,148,000 records (12050/sec)
✅ Imported 7,150,000 records (12051/sec)
✅ Imported 7,152,000 records (12051/sec)
✅ Imported 7,154,000 records (12052/sec)
✅ Imported 7,156,000 records (12054/sec)
✅ Imported 7,158,000 records (12055/sec)
✅ Imported 7,160,000 records (12056/sec)
✅ Imported 7,162,000 records (12058/sec)
✅ Imported 7,164,000 records (12059/sec)
✅ Imported 7,166,000 records (12060/sec)
✅ Imported 7,168,000 records (12062/sec)
✅ Imported 7,170,000 records (12063/sec)
✅ Imported 7,172,000 records (12064/sec)
✅ Imported 7,174,000 records (12065/sec)
✅ Imported 7,176,000 records (12067/sec)
✅ Imported 7,178,000 records (12068/sec)
✅ Imported 7,180,000 records (12070/sec)
✅ Imported 7,182,000 records (12070/sec)
✅ Imported 7,184,000 records (12065/sec)
✅ Imported 7,186,000 records (12064/sec)
✅ Imported 7,188,000 records (12064/sec)
✅ Imported 7,190,000 records (12065/sec)
✅ Imported 7,192,000 records (12066/sec)
✅ Imported 7,194,000 records (12067/sec)
✅ Imported 7,196,000 records (12069/sec)
✅ Imported 7,198,000 records (12070/sec)
✅ Imported 7,200,000 records (12070/sec)
✅ Imported 7,202,000 records (12071/sec)
✅ Imported 7,204,000 records (12072/sec)
✅ Imported 7,206,000 records (12074/sec)
✅ Imported 7,208,000 records (12075/sec)
✅ Imported 7,210,000 records (12077/sec)
✅ Imported 7,212,000 records (12078/sec)
✅ Imported 7,214,000 records (12079/sec)
✅ Imported 7,216,000 records (12081/sec)
✅ Imported 7,218,000 records (12082/sec)
✅ Imported 7,220,000 records (12083/sec)
✅ Imported 7,222,000 records (12085/sec)
✅ Imported 7,224,000 records (12086/sec)
✅ Imported 7,226,000 records (12087/sec)
✅ Imported 7,228,000 records (12088/sec)
✅ Imported 7,230,000 records (12088/sec)
✅ Imported 7,232,000 records (12089/sec)
✅ Imported 7,234,000 records (12089/sec)
✅ Imported 7,236,000 records (12090/sec)
✅ Imported 7,238,000 records (12091/sec)
✅ Imported 7,240,000 records (12093/sec)
✅ Imported 7,242,000 records (12094/sec)
✅ Imported 7,244,000 records (12095/sec)
✅ Imported 7,246,000 records (12097/sec)
✅ Imported 7,248,000 records (12098/sec)
✅ Imported 7,250,000 records (12097/sec)
✅ Imported 7,252,000 records (12097/sec)
✅ Imported 7,254,000 records (12094/sec)
✅ Imported 7,256,000 records (12095/sec)
✅ Imported 7,258,000 records (12096/sec)
✅ Imported 7,260,000 records (12097/sec)
✅ Imported 7,262,000 records (12098/sec)
✅ Imported 7,264,000 records (12100/sec)
✅ Imported 7,266,000 records (12100/sec)
✅ Imported 7,268,000 records (12100/sec)
✅ Imported 7,270,000 records (12100/sec)
✅ Imported 7,272,000 records (12101/sec)
✅ Imported 7,274,000 records (12101/sec)
✅ Imported 7,276,000 records (12102/sec)
✅ Imported 7,278,000 records (12103/sec)
✅ Imported 7,280,000 records (12105/sec)
✅ Imported 7,282,000 records (12106/sec)
✅ Imported 7,284,000 records (12108/sec)
✅ Imported 7,286,000 records (12109/sec)
✅ Imported 7,288,000 records (12110/sec)
✅ Imported 7,290,000 records (12112/sec)
✅ Imported 7,292,000 records (12113/sec)
✅ Imported 7,294,000 records (12114/sec)
✅ Imported 7,296,000 records (12115/sec)
✅ Imported 7,298,000 records (12116/sec)
✅ Imported 7,300,000 records (12117/sec)
✅ Imported 7,302,000 records (12113/sec)
✅ Imported 7,304,000 records (12114/sec)
✅ Imported 7,306,000 records (12114/sec)
✅ Imported 7,308,000 records (12114/sec)
✅ Imported 7,310,000 records (12113/sec)
✅ Imported 7,312,000 records (12112/sec)
✅ Imported 7,314,000 records (12113/sec)
✅ Imported 7,316,000 records (12115/sec)
✅ Imported 7,318,000 records (12107/sec)
✅ Imported 7,320,000 records (12101/sec)
✅ Imported 7,322,000 records (12101/sec)
✅ Imported 7,324,000 records (12101/sec)
✅ Imported 7,326,000 records (12103/sec)
✅ Imported 7,328,000 records (12103/sec)
✅ Imported 7,330,000 records (12103/sec)
✅ Imported 7,332,000 records (12105/sec)
✅ Imported 7,334,000 records (12104/sec)
✅ Imported 7,336,000 records (12102/sec)
✅ Imported 7,338,000 records (12094/sec)
✅ Imported 7,340,000 records (12093/sec)
✅ Imported 7,342,000 records (12093/sec)
✅ Imported 7,344,000 records (12093/sec)
✅ Imported 7,346,000 records (12093/sec)
✅ Imported 7,348,000 records (12093/sec)
✅ Imported 7,350,000 records (12091/sec)
✅ Imported 7,352,000 records (12088/sec)
✅ Imported 7,354,000 records (12089/sec)
✅ Imported 7,356,000 records (12089/sec)
✅ Imported 7,358,000 records (12090/sec)
✅ Imported 7,360,000 records (12092/sec)
✅ Imported 7,362,000 records (12093/sec)
✅ Imported 7,364,000 records (12094/sec)
✅ Imported 7,366,000 records (12096/sec)
✅ Imported 7,368,000 records (12097/sec)
✅ Imported 7,370,000 records (12099/sec)
✅ Imported 7,372,000 records (12099/sec)
✅ Imported 7,374,000 records (12100/sec)
✅ Imported 7,376,000 records (12101/sec)
✅ Imported 7,378,000 records (12102/sec)
✅ Imported 7,380,000 records (12103/sec)
✅ Imported 7,382,000 records (12105/sec)
✅ Imported 7,384,000 records (12106/sec)
✅ Imported 7,386,000 records (12108/sec)
✅ Imported 7,388,000 records (12109/sec)
✅ Imported 7,390,000 records (12111/sec)
✅ Imported 7,392,000 records (12112/sec)
✅ Imported 7,394,000 records (12113/sec)
✅ Imported 7,396,000 records (12114/sec)
✅ Imported 7,398,000 records (12116/sec)
✅ Imported 7,400,000 records (12118/sec)
✅ Imported 7,402,000 records (12119/sec)
✅ Imported 7,404,000 records (12120/sec)
✅ Imported 7,406,000 records (12122/sec)
✅ Imported 7,408,000 records (12123/sec)
✅ Imported 7,410,000 records (12125/sec)
✅ Imported 7,412,000 records (12126/sec)
✅ Imported 7,414,000 records (12127/sec)
✅ Imported 7,416,000 records (12129/sec)
✅ Imported 7,418,000 records (12130/sec)
✅ Imported 7,420,000 records (12132/sec)
✅ Imported 7,422,000 records (12133/sec)
✅ Imported 7,424,000 records (12135/sec)
✅ Imported 7,426,000 records (12137/sec)
✅ Imported 7,428,000 records (12138/sec)
✅ Imported 7,430,000 records (12140/sec)
✅ Imported 7,432,000 records (12141/sec)
✅ Imported 7,434,000 records (12143/sec)
✅ Imported 7,436,000 records (12144/sec)
✅ Imported 7,438,000 records (12146/sec)
✅ Imported 7,440,000 records (12147/sec)
✅ Imported 7,442,000 records (12149/sec)
✅ Imported 7,444,000 records (12150/sec)
✅ Imported 7,446,000 records (12152/sec)
✅ Imported 7,448,000 records (12153/sec)
✅ Imported 7,450,000 records (12155/sec)
✅ Imported 7,452,000 records (12156/sec)
✅ Imported 7,454,000 records (12158/sec)
✅ Imported 7,456,000 records (12159/sec)
✅ Imported 7,458,000 records (12161/sec)
✅ Imported 7,460,000 records (12161/sec)
✅ Imported 7,462,000 records (12163/sec)
✅ Imported 7,464,000 records (12164/sec)
✅ Imported 7,466,000 records (12166/sec)
✅ Imported 7,468,000 records (12167/sec)
✅ Imported 7,470,000 records (12166/sec)
✅ Imported 7,472,000 records (12168/sec)
✅ Imported 7,474,000 records (12170/sec)
✅ Imported 7,476,000 records (12172/sec)
✅ Imported 7,478,000 records (12173/sec)
✅ Imported 7,480,000 records (12175/sec)
✅ Imported 7,482,000 records (12175/sec)
✅ Imported 7,484,000 records (12175/sec)
✅ Imported 7,486,000 records (12176/sec)
✅ Imported 7,488,000 records (12177/sec)
✅ Imported 7,490,000 records (12179/sec)
✅ Imported 7,492,000 records (12180/sec)
✅ Imported 7,494,000 records (12181/sec)
✅ Imported 7,496,000 records (12183/sec)
✅ Imported 7,498,000 records (12184/sec)
✅ Imported 7,500,000 records (12185/sec)
✅ Imported 7,502,000 records (12187/sec)
✅ Imported 7,504,000 records (12188/sec)
✅ Imported 7,506,000 records (12190/sec)
✅ Imported 7,508,000 records (12192/sec)
✅ Imported 7,510,000 records (12193/sec)
✅ Imported 7,512,000 records (12195/sec)
✅ Imported 7,514,000 records (12196/sec)
✅ Imported 7,516,000 records (12198/sec)
✅ Imported 7,518,000 records (12199/sec)
✅ Imported 7,520,000 records (12201/sec)
✅ Imported 7,522,000 records (12201/sec)
✅ Imported 7,524,000 records (12202/sec)
✅ Imported 7,526,000 records (12204/sec)
✅ Imported 7,528,000 records (12205/sec)
✅ Imported 7,530,000 records (12206/sec)
✅ Imported 7,532,000 records (12208/sec)
✅ Imported 7,534,000 records (12208/sec)
✅ Imported 7,536,000 records (12209/sec)
✅ Imported 7,538,000 records (12211/sec)
✅ Imported 7,540,000 records (12212/sec)
✅ Imported 7,542,000 records (12213/sec)
✅ Imported 7,544,000 records (12214/sec)
✅ Imported 7,546,000 records (12215/sec)
✅ Imported 7,548,000 records (12216/sec)
✅ Imported 7,550,000 records (12214/sec)
✅ Imported 7,552,000 records (12215/sec)
✅ Imported 7,554,000 records (12215/sec)
✅ Imported 7,556,000 records (12216/sec)
✅ Imported 7,558,000 records (12218/sec)
✅ Imported 7,560,000 records (12219/sec)
✅ Imported 7,562,000 records (12220/sec)
✅ Imported 7,564,000 records (12222/sec)
✅ Imported 7,566,000 records (12223/sec)
✅ Imported 7,568,000 records (12224/sec)
✅ Imported 7,570,000 records (12226/sec)
✅ Imported 7,572,000 records (12227/sec)
✅ Imported 7,574,000 records (12228/sec)
✅ Imported 7,576,000 records (12226/sec)
✅ Imported 7,578,000 records (12226/sec)
✅ Imported 7,580,000 records (12227/sec)
✅ Imported 7,582,000 records (12227/sec)
✅ Imported 7,584,000 records (12227/sec)
✅ Imported 7,586,000 records (12227/sec)
✅ Imported 7,588,000 records (12227/sec)
✅ Imported 7,590,000 records (12227/sec)
✅ Imported 7,592,000 records (12227/sec)
✅ Imported 7,594,000 records (12228/sec)
✅ Imported 7,596,000 records (12213/sec)
✅ Imported 7,598,000 records (12212/sec)
✅ Imported 7,600,000 records (12212/sec)
✅ Imported 7,602,000 records (12212/sec)
✅ Imported 7,604,000 records (12213/sec)
✅ Imported 7,606,000 records (12213/sec)
✅ Imported 7,608,000 records (12214/sec)
✅ Imported 7,610,000 records (12216/sec)
✅ Imported 7,612,000 records (12217/sec)
✅ Imported 7,614,000 records (12219/sec)
✅ Imported 7,616,000 records (12219/sec)
✅ Imported 7,618,000 records (12220/sec)
✅ Imported 7,620,000 records (12219/sec)
✅ Imported 7,622,000 records (12220/sec)
✅ Imported 7,624,000 records (12221/sec)
✅ Imported 7,626,000 records (12222/sec)
✅ Imported 7,628,000 records (12224/sec)
✅ Imported 7,630,000 records (12225/sec)
✅ Imported 7,632,000 records (12227/sec)
✅ Imported 7,634,000 records (12228/sec)
✅ Imported 7,636,000 records (12228/sec)
✅ Imported 7,638,000 records (12228/sec)
✅ Imported 7,640,000 records (12229/sec)
✅ Imported 7,642,000 records (12229/sec)
✅ Imported 7,644,000 records (12231/sec)
✅ Imported 7,646,000 records (12232/sec)
✅ Imported 7,648,000 records (12231/sec)
✅ Imported 7,650,000 records (12232/sec)
✅ Imported 7,652,000 records (12233/sec)
✅ Imported 7,654,000 records (12234/sec)
✅ Imported 7,656,000 records (12235/sec)
✅ Imported 7,658,000 records (12236/sec)
✅ Imported 7,660,000 records (12237/sec)
✅ Imported 7,662,000 records (12238/sec)
✅ Imported 7,664,000 records (12239/sec)
✅ Imported 7,666,000 records (12240/sec)
✅ Imported 7,668,000 records (12241/sec)
✅ Imported 7,670,000 records (12242/sec)
✅ Imported 7,672,000 records (12243/sec)
✅ Imported 7,674,000 records (12244/sec)
✅ Imported 7,676,000 records (12245/sec)
✅ Imported 7,678,000 records (12243/sec)
✅ Imported 7,680,000 records (12244/sec)
✅ Imported 7,682,000 records (12245/sec)
✅ Imported 7,684,000 records (12246/sec)
✅ Imported 7,686,000 records (12247/sec)
✅ Imported 7,688,000 records (12249/sec)
✅ Imported 7,690,000 records (12250/sec)
✅ Imported 7,692,000 records (12252/sec)
✅ Imported 7,694,000 records (12253/sec)
✅ Imported 7,696,000 records (12254/sec)
✅ Imported 7,698,000 records (12255/sec)
✅ Imported 7,700,000 records (12256/sec)
✅ Imported 7,702,000 records (12257/sec)
✅ Imported 7,704,000 records (12258/sec)
✅ Imported 7,706,000 records (12258/sec)
✅ Imported 7,708,000 records (12259/sec)
✅ Imported 7,710,000 records (12260/sec)
✅ Imported 7,712,000 records (12262/sec)
✅ Imported 7,714,000 records (12263/sec)
✅ Imported 7,716,000 records (12265/sec)
✅ Imported 7,718,000 records (12265/sec)
✅ Imported 7,720,000 records (12267/sec)
✅ Imported 7,722,000 records (12267/sec)
✅ Imported 7,724,000 records (12269/sec)
✅ Imported 7,726,000 records (12269/sec)
✅ Imported 7,728,000 records (12270/sec)
✅ Imported 7,730,000 records (12271/sec)
✅ Imported 7,732,000 records (12270/sec)
✅ Imported 7,734,000 records (12270/sec)
✅ Imported 7,736,000 records (12267/sec)
✅ Imported 7,738,000 records (12258/sec)
✅ Imported 7,740,000 records (12241/sec)
✅ Imported 7,742,000 records (12234/sec)
✅ Imported 7,744,000 records (12233/sec)
✅ Imported 7,746,000 records (12232/sec)
✅ Imported 7,748,000 records (12231/sec)
✅ Imported 7,750,000 records (12231/sec)
✅ Imported 7,752,000 records (12232/sec)
✅ Imported 7,754,000 records (12231/sec)
✅ Imported 7,756,000 records (12231/sec)
✅ Imported 7,758,000 records (12231/sec)
✅ Imported 7,760,000 records (12218/sec)
✅ Imported 7,762,000 records (12216/sec)
✅ Imported 7,764,000 records (12213/sec)
✅ Imported 7,766,000 records (12211/sec)
✅ Imported 7,768,000 records (12211/sec)
✅ Imported 7,770,000 records (12209/sec)
✅ Imported 7,772,000 records (12207/sec)
✅ Imported 7,774,000 records (12206/sec)
✅ Imported 7,776,000 records (12204/sec)
✅ Imported 7,778,000 records (12203/sec)
✅ Imported 7,780,000 records (12203/sec)
✅ Imported 7,782,000 records (12190/sec)
✅ Imported 7,784,000 records (12185/sec)
✅ Imported 7,786,000 records (12186/sec)
✅ Imported 7,788,000 records (12186/sec)
✅ Imported 7,790,000 records (12186/sec)
✅ Imported 7,792,000 records (12187/sec)
✅ Imported 7,794,000 records (12188/sec)
✅ Imported 7,796,000 records (12190/sec)
✅ Imported 7,798,000 records (12191/sec)
✅ Imported 7,800,000 records (12192/sec)
✅ Imported 7,802,000 records (12192/sec)
✅ Imported 7,804,000 records (12191/sec)
✅ Imported 7,806,000 records (12191/sec)
✅ Imported 7,808,000 records (12192/sec)
✅ Imported 7,810,000 records (12193/sec)
✅ Imported 7,812,000 records (12193/sec)
✅ Imported 7,814,000 records (12194/sec)
✅ Imported 7,816,000 records (12195/sec)
✅ Imported 7,818,000 records (12196/sec)
✅ Imported 7,820,000 records (12198/sec)
✅ Imported 7,822,000 records (12199/sec)
✅ Imported 7,824,000 records (12200/sec)
✅ Imported 7,826,000 records (12201/sec)
✅ Imported 7,828,000 records (12202/sec)
✅ Imported 7,830,000 records (12202/sec)
✅ Imported 7,832,000 records (12202/sec)
✅ Imported 7,834,000 records (12202/sec)
✅ Imported 7,836,000 records (12203/sec)
✅ Imported 7,838,000 records (12192/sec)
✅ Imported 7,840,000 records (12190/sec)
✅ Imported 7,842,000 records (12187/sec)
✅ Imported 7,844,000 records (12186/sec)
✅ Imported 7,846,000 records (12185/sec)
✅ Imported 7,848,000 records (12185/sec)
✅ Imported 7,850,000 records (12185/sec)
✅ Imported 7,852,000 records (12185/sec)
✅ Imported 7,854,000 records (12183/sec)
✅ Imported 7,856,000 records (12183/sec)
✅ Imported 7,858,000 records (12183/sec)
✅ Imported 7,860,000 records (12184/sec)
✅ Imported 7,862,000 records (12184/sec)
✅ Imported 7,864,000 records (12179/sec)
✅ Imported 7,866,000 records (12180/sec)
✅ Imported 7,868,000 records (12181/sec)
✅ Imported 7,870,000 records (12182/sec)
✅ Imported 7,872,000 records (12184/sec)
✅ Imported 7,874,000 records (12185/sec)
✅ Imported 7,876,000 records (12186/sec)
✅ Imported 7,878,000 records (12188/sec)
✅ Imported 7,880,000 records (12190/sec)
✅ Imported 7,882,000 records (12191/sec)
✅ Imported 7,884,000 records (12192/sec)
✅ Imported 7,886,000 records (12194/sec)
✅ Imported 7,888,000 records (12195/sec)
✅ Imported 7,890,000 records (12196/sec)
✅ Imported 7,892,000 records (12198/sec)
✅ Imported 7,894,000 records (12199/sec)
✅ Imported 7,896,000 records (12201/sec)
✅ Imported 7,898,000 records (12202/sec)
✅ Imported 7,900,000 records (12203/sec)
✅ Imported 7,902,000 records (12204/sec)
✅ Imported 7,904,000 records (12205/sec)
✅ Imported 7,906,000 records (12207/sec)
✅ Imported 7,908,000 records (12208/sec)
✅ Imported 7,910,000 records (12209/sec)
✅ Imported 7,912,000 records (12210/sec)
✅ Imported 7,914,000 records (12208/sec)
✅ Imported 7,916,000 records (12210/sec)
✅ Imported 7,918,000 records (12211/sec)
✅ Imported 7,920,000 records (12212/sec)
✅ Imported 7,922,000 records (12213/sec)
✅ Imported 7,924,000 records (12214/sec)
✅ Imported 7,926,000 records (12215/sec)
✅ Imported 7,928,000 records (12217/sec)
✅ Imported 7,930,000 records (12218/sec)
✅ Imported 7,932,000 records (12219/sec)
✅ Imported 7,934,000 records (12220/sec)
✅ Imported 7,936,000 records (12221/sec)
✅ Imported 7,938,000 records (12222/sec)
✅ Imported 7,940,000 records (12223/sec)
✅ Imported 7,942,000 records (12224/sec)
✅ Imported 7,944,000 records (12225/sec)
✅ Imported 7,946,000 records (12226/sec)
✅ Imported 7,948,000 records (12227/sec)
✅ Imported 7,950,000 records (12228/sec)
✅ Imported 7,952,000 records (12229/sec)
✅ Imported 7,954,000 records (12224/sec)
✅ Imported 7,956,000 records (12225/sec)
✅ Imported 7,958,000 records (12226/sec)
✅ Imported 7,960,000 records (12227/sec)
✅ Imported 7,962,000 records (12227/sec)
✅ Imported 7,964,000 records (12228/sec)
✅ Imported 7,966,000 records (12228/sec)
✅ Imported 7,968,000 records (12221/sec)
✅ Imported 7,970,000 records (12203/sec)
✅ Imported 7,972,000 records (12202/sec)
✅ Imported 7,974,000 records (12201/sec)
✅ Imported 7,976,000 records (12202/sec)
✅ Imported 7,978,000 records (12203/sec)
✅ Imported 7,980,000 records (12203/sec)
✅ Imported 7,982,000 records (12203/sec)
✅ Imported 7,984,000 records (12203/sec)
✅ Imported 7,986,000 records (12204/sec)
✅ Imported 7,988,000 records (12201/sec)
✅ Imported 7,990,000 records (12201/sec)
✅ Imported 7,992,000 records (12202/sec)
✅ Imported 7,994,000 records (12202/sec)
✅ Imported 7,996,000 records (12200/sec)
✅ Imported 7,998,000 records (12197/sec)
✅ Imported 8,000,000 records (12196/sec)
✅ Imported 8,002,000 records (12195/sec)
✅ Imported 8,004,000 records (12195/sec)
✅ Imported 8,006,000 records (12195/sec)
✅ Imported 8,008,000 records (12194/sec)
✅ Imported 8,010,000 records (12193/sec)
✅ Imported 8,012,000 records (12193/sec)
✅ Imported 8,014,000 records (12194/sec)
✅ Imported 8,016,000 records (12192/sec)
✅ Imported 8,018,000 records (12192/sec)
✅ Imported 8,020,000 records (12192/sec)
✅ Imported 8,022,000 records (12192/sec)
✅ Imported 8,024,000 records (12190/sec)
✅ Imported 8,026,000 records (12190/sec)
✅ Imported 8,028,000 records (12191/sec)
✅ Imported 8,030,000 records (12190/sec)
✅ Imported 8,032,000 records (12191/sec)
✅ Imported 8,034,000 records (12191/sec)
✅ Imported 8,036,000 records (12191/sec)
✅ Imported 8,038,000 records (12191/sec)
✅ Imported 8,040,000 records (12184/sec)
✅ Imported 8,042,000 records (12175/sec)
✅ Imported 8,044,000 records (12174/sec)
✅ Imported 8,046,000 records (12171/sec)
✅ Imported 8,048,000 records (12170/sec)
✅ Imported 8,050,000 records (12170/sec)
✅ Imported 8,052,000 records (12170/sec)
✅ Imported 8,054,000 records (12169/sec)
✅ Imported 8,056,000 records (12166/sec)
✅ Imported 8,058,000 records (12164/sec)
✅ Imported 8,060,000 records (12164/sec)
✅ Imported 8,062,000 records (12163/sec)
✅ Imported 8,064,000 records (12163/sec)
✅ Imported 8,066,000 records (12164/sec)
✅ Imported 8,068,000 records (12166/sec)
✅ Imported 8,070,000 records (12167/sec)
✅ Imported 8,072,000 records (12168/sec)
✅ Imported 8,074,000 records (12169/sec)
✅ Imported 8,076,000 records (12171/sec)
✅ Imported 8,078,000 records (12172/sec)
✅ Imported 8,080,000 records (12173/sec)
✅ Imported 8,082,000 records (12174/sec)
✅ Imported 8,084,000 records (12164/sec)
✅ Imported 8,086,000 records (12163/sec)
✅ Imported 8,088,000 records (12163/sec)
✅ Imported 8,090,000 records (12163/sec)
✅ Imported 8,092,000 records (12163/sec)
✅ Imported 8,094,000 records (12157/sec)
✅ Imported 8,096,000 records (12150/sec)
✅ Imported 8,098,000 records (12148/sec)
✅ Imported 8,100,000 records (12146/sec)
✅ Imported 8,102,000 records (12146/sec)
✅ Imported 8,104,000 records (12146/sec)
✅ Imported 8,106,000 records (12147/sec)
✅ Imported 8,108,000 records (12147/sec)
✅ Imported 8,110,000 records (12147/sec)
✅ Imported 8,112,000 records (12147/sec)
✅ Imported 8,114,000 records (12148/sec)
✅ Imported 8,116,000 records (12149/sec)
✅ Imported 8,118,000 records (12150/sec)
✅ Imported 8,120,000 records (12150/sec)
✅ Imported 8,122,000 records (12152/sec)
✅ Imported 8,124,000 records (12153/sec)
✅ Imported 8,126,000 records (12154/sec)
✅ Imported 8,128,000 records (12155/sec)
✅ Imported 8,130,000 records (12156/sec)
✅ Imported 8,132,000 records (12157/sec)
✅ Imported 8,134,000 records (12159/sec)
✅ Imported 8,136,000 records (12160/sec)
✅ Imported 8,138,000 records (12161/sec)
✅ Imported 8,140,000 records (12162/sec)
✅ Imported 8,142,000 records (12162/sec)
✅ Imported 8,144,000 records (12163/sec)
✅ Imported 8,146,000 records (12164/sec)
✅ Imported 8,148,000 records (12165/sec)
✅ Imported 8,150,000 records (12165/sec)
✅ Imported 8,152,000 records (12166/sec)
✅ Imported 8,154,000 records (12166/sec)
✅ Imported 8,156,000 records (12166/sec)
✅ Imported 8,158,000 records (12167/sec)
✅ Imported 8,160,000 records (12163/sec)
✅ Imported 8,162,000 records (12158/sec)
✅ Imported 8,164,000 records (12153/sec)
✅ Imported 8,166,000 records (12148/sec)
✅ Imported 8,168,000 records (12141/sec)
✅ Imported 8,170,000 records (12124/sec)
✅ Imported 8,172,000 records (12098/sec)
✅ Imported 8,174,000 records (12093/sec)
✅ Imported 8,176,000 records (12086/sec)
✅ Imported 8,178,000 records (12084/sec)
✅ Imported 8,180,000 records (12080/sec)
✅ Imported 8,182,000 records (12076/sec)
✅ Imported 8,184,000 records (12072/sec)
✅ Imported 8,186,000 records (12046/sec)
✅ Imported 8,188,000 records (12042/sec)
✅ Imported 8,190,000 records (12040/sec)
✅ Imported 8,192,000 records (12036/sec)
✅ Imported 8,194,000 records (12031/sec)
✅ Imported 8,196,000 records (12024/sec)
✅ Imported 8,198,000 records (12020/sec)
✅ Imported 8,200,000 records (12017/sec)
✅ Imported 8,202,000 records (12013/sec)
✅ Imported 8,204,000 records (12009/sec)
✅ Imported 8,206,000 records (11996/sec)
✅ Imported 8,208,000 records (11960/sec)
✅ Imported 8,210,000 records (11944/sec)
✅ Imported 8,212,000 records (11906/sec)
✅ Imported 8,214,000 records (11855/sec)
✅ Imported 8,216,000 records (11828/sec)
✅ Imported 8,218,000 records (11755/sec)
✅ Imported 8,220,000 records (11744/sec)
✅ Imported 8,222,000 records (11735/sec)
✅ Imported 8,224,000 records (11688/sec)
✅ Imported 8,226,000 records (11655/sec)
✅ Imported 8,228,000 records (11641/sec)
✅ Imported 8,230,000 records (11634/sec)
✅ Imported 8,232,000 records (11573/sec)
✅ Imported 8,234,000 records (11553/sec)
✅ Imported 8,236,000 records (11500/sec)
✅ Imported 8,238,000 records (11407/sec)
✅ Imported 8,240,000 records (11384/sec)
✅ Imported 8,242,000 records (11351/sec)
✅ Imported 8,244,000 records (11341/sec)
✅ Imported 8,246,000 records (11321/sec)
✅ Imported 8,248,000 records (11261/sec)
✅ Imported 8,250,000 records (11212/sec)
✅ Imported 8,252,000 records (11198/sec)
✅ Imported 8,254,000 records (11188/sec)
✅ Imported 8,256,000 records (11179/sec)
✅ Imported 8,258,000 records (11172/sec)
✅ Imported 8,260,000 records (11167/sec)
✅ Imported 8,262,000 records (11162/sec)
✅ Imported 8,264,000 records (11158/sec)
✅ Imported 8,266,000 records (11157/sec)
✅ Imported 8,268,000 records (11155/sec)
✅ Imported 8,270,000 records (11154/sec)
✅ Imported 8,272,000 records (11154/sec)
✅ Imported 8,274,000 records (11154/sec)
✅ Imported 8,276,000 records (11155/sec)
✅ Imported 8,278,000 records (11155/sec)
✅ Imported 8,280,000 records (11155/sec)
✅ Imported 8,282,000 records (11156/sec)
✅ Imported 8,284,000 records (11156/sec)
✅ Imported 8,286,000 records (11157/sec)
✅ Imported 8,288,000 records (11157/sec)
✅ Imported 8,290,000 records (11157/sec)
✅ Imported 8,292,000 records (11158/sec)
✅ Imported 8,294,000 records (11145/sec)
✅ Imported 8,296,000 records (11119/sec)
✅ Imported 8,298,000 records (11115/sec)
✅ Imported 8,300,000 records (11106/sec)
✅ Imported 8,302,000 records (11096/sec)
✅ Imported 8,304,000 records (11092/sec)
✅ Imported 8,306,000 records (11092/sec)
✅ Imported 8,308,000 records (11093/sec)
✅ Imported 8,310,000 records (11094/sec)
✅ Imported 8,312,000 records (11094/sec)
✅ Imported 8,314,000 records (11095/sec)
✅ Imported 8,316,000 records (11096/sec)
✅ Imported 8,318,000 records (11090/sec)
✅ Imported 8,320,000 records (11087/sec)
✅ Imported 8,322,000 records (11079/sec)
✅ Imported 8,324,000 records (11078/sec)
✅ Imported 8,326,000 records (11079/sec)
✅ Imported 8,328,000 records (11079/sec)
✅ Imported 8,330,000 records (11080/sec)
✅ Imported 8,332,000 records (11081/sec)
✅ Imported 8,334,000 records (11083/sec)
✅ Imported 8,336,000 records (11084/sec)
✅ Imported 8,338,000 records (11085/sec)
✅ Imported 8,340,000 records (11087/sec)
✅ Imported 8,342,000 records (11088/sec)
✅ Imported 8,344,000 records (11088/sec)
✅ Imported 8,346,000 records (11089/sec)
✅ Imported 8,348,000 records (11090/sec)
✅ Imported 8,350,000 records (11091/sec)
✅ Imported 8,352,000 records (11092/sec)
✅ Imported 8,354,000 records (11093/sec)
✅ Imported 8,356,000 records (11092/sec)
✅ Imported 8,358,000 records (11093/sec)
✅ Imported 8,360,000 records (11094/sec)
✅ Imported 8,362,000 records (11095/sec)
✅ Imported 8,364,000 records (11094/sec)
✅ Imported 8,366,000 records (11095/sec)
✅ Imported 8,368,000 records (11096/sec)
✅ Imported 8,370,000 records (11097/sec)
✅ Imported 8,372,000 records (11096/sec)
✅ Imported 8,374,000 records (11095/sec)
✅ Imported 8,376,000 records (11095/sec)
✅ Imported 8,378,000 records (11093/sec)
✅ Imported 8,380,000 records (11094/sec)
✅ Imported 8,382,000 records (11095/sec)
✅ Imported 8,384,000 records (11096/sec)
✅ Imported 8,386,000 records (11096/sec)
✅ Imported 8,388,000 records (11097/sec)
✅ Imported 8,390,000 records (11098/sec)
✅ Imported 8,392,000 records (11099/sec)
✅ Imported 8,394,000 records (11099/sec)
✅ Imported 8,396,000 records (11099/sec)
✅ Imported 8,398,000 records (11100/sec)
✅ Imported 8,400,000 records (11101/sec)
✅ Imported 8,402,000 records (11102/sec)
✅ Imported 8,404,000 records (11102/sec)
✅ Imported 8,406,000 records (11102/sec)
✅ Imported 8,408,000 records (11103/sec)
✅ Imported 8,410,000 records (11104/sec)
✅ Imported 8,412,000 records (11105/sec)
✅ Imported 8,414,000 records (11106/sec)
✅ Imported 8,416,000 records (11107/sec)
✅ Imported 8,418,000 records (11109/sec)
✅ Imported 8,420,000 records (11110/sec)
✅ Imported 8,422,000 records (11111/sec)
✅ Imported 8,424,000 records (11112/sec)
✅ Imported 8,426,000 records (11113/sec)
✅ Imported 8,428,000 records (11114/sec)
✅ Imported 8,430,000 records (11115/sec)
✅ Imported 8,432,000 records (11117/sec)
✅ Imported 8,434,000 records (11118/sec)
✅ Imported 8,436,000 records (11120/sec)
✅ Imported 8,438,000 records (11121/sec)
✅ Imported 8,440,000 records (11122/sec)
✅ Imported 8,442,000 records (11124/sec)
✅ Imported 8,444,000 records (11125/sec)
✅ Imported 8,446,000 records (11126/sec)
✅ Imported 8,448,000 records (11128/sec)
✅ Imported 8,450,000 records (11129/sec)
✅ Imported 8,452,000 records (11131/sec)
✅ Imported 8,454,000 records (11132/sec)
✅ Imported 8,456,000 records (11134/sec)
✅ Imported 8,458,000 records (11134/sec)
✅ Imported 8,460,000 records (11136/sec)
✅ Imported 8,462,000 records (11137/sec)
✅ Imported 8,464,000 records (11138/sec)
✅ Imported 8,466,000 records (11139/sec)
✅ Imported 8,468,000 records (11141/sec)
✅ Imported 8,470,000 records (11142/sec)
✅ Imported 8,472,000 records (11143/sec)
✅ Imported 8,474,000 records (11144/sec)
✅ Imported 8,476,000 records (11146/sec)
✅ Imported 8,478,000 records (11147/sec)
✅ Imported 8,480,000 records (11146/sec)
✅ Imported 8,482,000 records (11146/sec)
✅ Imported 8,484,000 records (11146/sec)
✅ Imported 8,486,000 records (11147/sec)
✅ Imported 8,488,000 records (11146/sec)
✅ Imported 8,490,000 records (11147/sec)
✅ Imported 8,492,000 records (11147/sec)
✅ Imported 8,494,000 records (11148/sec)
✅ Imported 8,496,000 records (11149/sec)
✅ Imported 8,498,000 records (11148/sec)
✅ Imported 8,500,000 records (11149/sec)
✅ Imported 8,502,000 records (11151/sec)
✅ Imported 8,504,000 records (11152/sec)
✅ Imported 8,506,000 records (11154/sec)
✅ Imported 8,508,000 records (11155/sec)
✅ Imported 8,510,000 records (11155/sec)
✅ Imported 8,512,000 records (11157/sec)
✅ Imported 8,514,000 records (11159/sec)
✅ Imported 8,516,000 records (11160/sec)
✅ Imported 8,518,000 records (11159/sec)
✅ Imported 8,520,000 records (11158/sec)
✅ Imported 8,522,000 records (11159/sec)
✅ Imported 8,524,000 records (11160/sec)
✅ Imported 8,526,000 records (11161/sec)
✅ Imported 8,528,000 records (11162/sec)
✅ Imported 8,530,000 records (11164/sec)
✅ Imported 8,532,000 records (11165/sec)
✅ Imported 8,534,000 records (11166/sec)
✅ Imported 8,536,000 records (11167/sec)
✅ Imported 8,538,000 records (11168/sec)
✅ Imported 8,540,000 records (11169/sec)
✅ Imported 8,542,000 records (11170/sec)
✅ Imported 8,544,000 records (11172/sec)
✅ Imported 8,546,000 records (11174/sec)
✅ Imported 8,548,000 records (11175/sec)
✅ Imported 8,550,000 records (11176/sec)
✅ Imported 8,552,000 records (11178/sec)
✅ Imported 8,554,000 records (11179/sec)
✅ Imported 8,556,000 records (11180/sec)
✅ Imported 8,558,000 records (11182/sec)
✅ Imported 8,560,000 records (11183/sec)
✅ Imported 8,562,000 records (11184/sec)
✅ Imported 8,564,000 records (11185/sec)
✅ Imported 8,566,000 records (11186/sec)
✅ Imported 8,568,000 records (11187/sec)
✅ Imported 8,570,000 records (11189/sec)
✅ Imported 8,572,000 records (11190/sec)
✅ Imported 8,574,000 records (11192/sec)
✅ Imported 8,576,000 records (11193/sec)
✅ Imported 8,578,000 records (11194/sec)
✅ Imported 8,580,000 records (11194/sec)
✅ Imported 8,582,000 records (11196/sec)
✅ Imported 8,584,000 records (11197/sec)
✅ Imported 8,586,000 records (11198/sec)
✅ Imported 8,588,000 records (11199/sec)
✅ Imported 8,590,000 records (11199/sec)
✅ Imported 8,592,000 records (11200/sec)
✅ Imported 8,594,000 records (11200/sec)
✅ Imported 8,596,000 records (11201/sec)
✅ Imported 8,598,000 records (11202/sec)
✅ Imported 8,600,000 records (11203/sec)
✅ Imported 8,602,000 records (11204/sec)
✅ Imported 8,604,000 records (11204/sec)
✅ Imported 8,606,000 records (11206/sec)
✅ Imported 8,608,000 records (11207/sec)
✅ Imported 8,610,000 records (11177/sec)
✅ Imported 8,612,000 records (11174/sec)
✅ Imported 8,614,000 records (11172/sec)
✅ Imported 8,616,000 records (11169/sec)
✅ Imported 8,618,000 records (11170/sec)
✅ Imported 8,620,000 records (11172/sec)
✅ Imported 8,622,000 records (11173/sec)
✅ Imported 8,624,000 records (11174/sec)
✅ Imported 8,626,000 records (11175/sec)
✅ Imported 8,628,000 records (11176/sec)
✅ Imported 8,630,000 records (11176/sec)
✅ Imported 8,632,000 records (11177/sec)
✅ Imported 8,634,000 records (11178/sec)
✅ Imported 8,636,000 records (11180/sec)
✅ Imported 8,638,000 records (11181/sec)
✅ Imported 8,640,000 records (11182/sec)
✅ Imported 8,642,000 records (11184/sec)
✅ Imported 8,644,000 records (11184/sec)
✅ Imported 8,646,000 records (11184/sec)
✅ Imported 8,648,000 records (11184/sec)
✅ Imported 8,650,000 records (11183/sec)
✅ Imported 8,652,000 records (11184/sec)
✅ Imported 8,654,000 records (11186/sec)
✅ Imported 8,656,000 records (11187/sec)
✅ Imported 8,658,000 records (11188/sec)
✅ Imported 8,660,000 records (11189/sec)
✅ Imported 8,662,000 records (11190/sec)
✅ Imported 8,664,000 records (11191/sec)
✅ Imported 8,666,000 records (11193/sec)
✅ Imported 8,668,000 records (11194/sec)
✅ Imported 8,670,000 records (11195/sec)
✅ Imported 8,672,000 records (11196/sec)
✅ Imported 8,674,000 records (11197/sec)
✅ Imported 8,676,000 records (11199/sec)
✅ Imported 8,678,000 records (11200/sec)
✅ Imported 8,680,000 records (11201/sec)
✅ Imported 8,682,000 records (11203/sec)
✅ Imported 8,684,000 records (11202/sec)
✅ Imported 8,686,000 records (11203/sec)
✅ Imported 8,688,000 records (11203/sec)
✅ Imported 8,690,000 records (11203/sec)
✅ Imported 8,692,000 records (11205/sec)
✅ Imported 8,694,000 records (11206/sec)
✅ Imported 8,696,000 records (11207/sec)
✅ Imported 8,698,000 records (11208/sec)
✅ Imported 8,700,000 records (11209/sec)
✅ Imported 8,702,000 records (11210/sec)
✅ Imported 8,704,000 records (11211/sec)
✅ Imported 8,706,000 records (11209/sec)
✅ Imported 8,708,000 records (11210/sec)
✅ Imported 8,710,000 records (11211/sec)
✅ Imported 8,712,000 records (11211/sec)
✅ Imported 8,714,000 records (11211/sec)
✅ Imported 8,716,000 records (11206/sec)
✅ Imported 8,718,000 records (11206/sec)
✅ Imported 8,720,000 records (11204/sec)
✅ Imported 8,722,000 records (11205/sec)
✅ Imported 8,724,000 records (11206/sec)
✅ Imported 8,726,000 records (11207/sec)
✅ Imported 8,728,000 records (11208/sec)
✅ Imported 8,730,000 records (11209/sec)
✅ Imported 8,732,000 records (11210/sec)
✅ Imported 8,734,000 records (11211/sec)
✅ Imported 8,736,000 records (11212/sec)
✅ Imported 8,738,000 records (11214/sec)
✅ Imported 8,740,000 records (11215/sec)
✅ Imported 8,742,000 records (11217/sec)
✅ Imported 8,744,000 records (11218/sec)
✅ Imported 8,746,000 records (11218/sec)
✅ Imported 8,748,000 records (11219/sec)
✅ Imported 8,750,000 records (11219/sec)
✅ Imported 8,752,000 records (11220/sec)
✅ Imported 8,754,000 records (11220/sec)
✅ Imported 8,756,000 records (11221/sec)
✅ Imported 8,758,000 records (11223/sec)
✅ Imported 8,760,000 records (11224/sec)
✅ Imported 8,762,000 records (11225/sec)
✅ Imported 8,764,000 records (11226/sec)
✅ Imported 8,766,000 records (11227/sec)
✅ Imported 8,768,000 records (11228/sec)
✅ Imported 8,770,000 records (11227/sec)
✅ Imported 8,772,000 records (11228/sec)
✅ Imported 8,774,000 records (11229/sec)
✅ Imported 8,776,000 records (11230/sec)
✅ Imported 8,778,000 records (11231/sec)
✅ Imported 8,780,000 records (11232/sec)
✅ Imported 8,782,000 records (11233/sec)
✅ Imported 8,784,000 records (11234/sec)
✅ Imported 8,786,000 records (11234/sec)
✅ Imported 8,788,000 records (11235/sec)
✅ Imported 8,790,000 records (11236/sec)
✅ Imported 8,792,000 records (11238/sec)
✅ Imported 8,794,000 records (11239/sec)
✅ Imported 8,796,000 records (11241/sec)
✅ Imported 8,798,000 records (11242/sec)
✅ Imported 8,800,000 records (11243/sec)
✅ Imported 8,802,000 records (11244/sec)
✅ Imported 8,804,000 records (11246/sec)
✅ Imported 8,806,000 records (11247/sec)
✅ Imported 8,808,000 records (11248/sec)
✅ Imported 8,810,000 records (11250/sec)
✅ Imported 8,812,000 records (11251/sec)
✅ Imported 8,814,000 records (11253/sec)
✅ Imported 8,816,000 records (11254/sec)
✅ Imported 8,818,000 records (11255/sec)
✅ Imported 8,820,000 records (11257/sec)
✅ Imported 8,822,000 records (11258/sec)
✅ Imported 8,824,000 records (11260/sec)
✅ Imported 8,826,000 records (11261/sec)
✅ Imported 8,828,000 records (11262/sec)
✅ Imported 8,830,000 records (11264/sec)
✅ Imported 8,832,000 records (11265/sec)
✅ Imported 8,834,000 records (11267/sec)
✅ Imported 8,836,000 records (11268/sec)
✅ Imported 8,838,000 records (11270/sec)
✅ Imported 8,840,000 records (11271/sec)
✅ Imported 8,842,000 records (11272/sec)
✅ Imported 8,844,000 records (11273/sec)
✅ Imported 8,846,000 records (11275/sec)
✅ Imported 8,848,000 records (11276/sec)
✅ Imported 8,850,000 records (11277/sec)
✅ Imported 8,852,000 records (11277/sec)
✅ Imported 8,854,000 records (11278/sec)
✅ Imported 8,856,000 records (11278/sec)
✅ Imported 8,858,000 records (11280/sec)
✅ Imported 8,860,000 records (11281/sec)
✅ Imported 8,862,000 records (11282/sec)
✅ Imported 8,864,000 records (11284/sec)
✅ Imported 8,866,000 records (11285/sec)
✅ Imported 8,868,000 records (11286/sec)
✅ Imported 8,870,000 records (11287/sec)
✅ Imported 8,872,000 records (11289/sec)
✅ Imported 8,874,000 records (11290/sec)
✅ Imported 8,876,000 records (11291/sec)
✅ Imported 8,878,000 records (11293/sec)
✅ Imported 8,880,000 records (11294/sec)
✅ Imported 8,882,000 records (11295/sec)
✅ Imported 8,884,000 records (11295/sec)
✅ Imported 8,886,000 records (11296/sec)
✅ Imported 8,888,000 records (11297/sec)
✅ Imported 8,890,000 records (11298/sec)
✅ Imported 8,892,000 records (11299/sec)
✅ Imported 8,894,000 records (11300/sec)
✅ Imported 8,896,000 records (11302/sec)
✅ Imported 8,898,000 records (11303/sec)
✅ Imported 8,900,000 records (11304/sec)
✅ Imported 8,902,000 records (11304/sec)
✅ Imported 8,904,000 records (11305/sec)
✅ Imported 8,906,000 records (11306/sec)
✅ Imported 8,908,000 records (11305/sec)
✅ Imported 8,910,000 records (11307/sec)
✅ Imported 8,912,000 records (11308/sec)
✅ Imported 8,914,000 records (11308/sec)
✅ Imported 8,916,000 records (11308/sec)
✅ Imported 8,918,000 records (11309/sec)
✅ Imported 8,920,000 records (11309/sec)
✅ Imported 8,922,000 records (11310/sec)
✅ Imported 8,924,000 records (11312/sec)
✅ Imported 8,926,000 records (11313/sec)
✅ Imported 8,928,000 records (11314/sec)
✅ Imported 8,930,000 records (11315/sec)
✅ Imported 8,932,000 records (11313/sec)
✅ Imported 8,934,000 records (11314/sec)
✅ Imported 8,936,000 records (11315/sec)
✅ Imported 8,938,000 records (11317/sec)
✅ Imported 8,940,000 records (11318/sec)
✅ Imported 8,942,000 records (11319/sec)
✅ Imported 8,944,000 records (11321/sec)
✅ Imported 8,946,000 records (11322/sec)
✅ Imported 8,948,000 records (11323/sec)
✅ Imported 8,950,000 records (11324/sec)
✅ Imported 8,952,000 records (11325/sec)
✅ Imported 8,954,000 records (11327/sec)
✅ Imported 8,956,000 records (11328/sec)
✅ Imported 8,958,000 records (11329/sec)
✅ Imported 8,960,000 records (11331/sec)
✅ Imported 8,962,000 records (11332/sec)
✅ Imported 8,964,000 records (11334/sec)
✅ Imported 8,966,000 records (11335/sec)
✅ Imported 8,968,000 records (11336/sec)
✅ Imported 8,970,000 records (11338/sec)
✅ Imported 8,972,000 records (11339/sec)
✅ Imported 8,974,000 records (11341/sec)
✅ Imported 8,976,000 records (11342/sec)
✅ Imported 8,978,000 records (11344/sec)
✅ Imported 8,980,000 records (11345/sec)
✅ Imported 8,982,000 records (11347/sec)
✅ Imported 8,984,000 records (11348/sec)
✅ Imported 8,986,000 records (11349/sec)
✅ Imported 8,988,000 records (11351/sec)
✅ Imported 8,990,000 records (11352/sec)
✅ Imported 8,992,000 records (11353/sec)
✅ Imported 8,994,000 records (11354/sec)
✅ Imported 8,996,000 records (11355/sec)
✅ Imported 8,998,000 records (11357/sec)
✅ Imported 9,000,000 records (11358/sec)
✅ Imported 9,002,000 records (11360/sec)
✅ Imported 9,004,000 records (11361/sec)
✅ Imported 9,006,000 records (11363/sec)
✅ Imported 9,008,000 records (11364/sec)
✅ Imported 9,010,000 records (11364/sec)
✅ Imported 9,012,000 records (11365/sec)
✅ Imported 9,014,000 records (11367/sec)
✅ Imported 9,016,000 records (11368/sec)
✅ Imported 9,018,000 records (11369/sec)
✅ Imported 9,020,000 records (11371/sec)
✅ Imported 9,022,000 records (11372/sec)
✅ Imported 9,024,000 records (11373/sec)
✅ Imported 9,026,000 records (11374/sec)
✅ Imported 9,028,000 records (11375/sec)
✅ Imported 9,030,000 records (11376/sec)
✅ Imported 9,032,000 records (11377/sec)
✅ Imported 9,034,000 records (11378/sec)
✅ Imported 9,036,000 records (11380/sec)
✅ Imported 9,038,000 records (11381/sec)
✅ Imported 9,040,000 records (11382/sec)
✅ Imported 9,042,000 records (11383/sec)
✅ Imported 9,044,000 records (11383/sec)
✅ Imported 9,046,000 records (11384/sec)
✅ Imported 9,048,000 records (11385/sec)
✅ Imported 9,050,000 records (11386/sec)
✅ Imported 9,052,000 records (11387/sec)
✅ Imported 9,054,000 records (11387/sec)
✅ Imported 9,056,000 records (11389/sec)
✅ Imported 9,058,000 records (11390/sec)
✅ Imported 9,060,000 records (11391/sec)
✅ Imported 9,062,000 records (11392/sec)
✅ Imported 9,064,000 records (11393/sec)
✅ Imported 9,066,000 records (11395/sec)
✅ Imported 9,068,000 records (11396/sec)
✅ Imported 9,070,000 records (11398/sec)
✅ Imported 9,072,000 records (11399/sec)
✅ Imported 9,074,000 records (11401/sec)
✅ Imported 9,076,000 records (11402/sec)
✅ Imported 9,078,000 records (11403/sec)
✅ Imported 9,080,000 records (11398/sec)
✅ Imported 9,082,000 records (11397/sec)
✅ Imported 9,084,000 records (11398/sec)
✅ Imported 9,086,000 records (11399/sec)
✅ Imported 9,088,000 records (11399/sec)
✅ Imported 9,090,000 records (11398/sec)
✅ Imported 9,092,000 records (11398/sec)
✅ Imported 9,094,000 records (11399/sec)
✅ Imported 9,096,000 records (11400/sec)
✅ Imported 9,098,000 records (11401/sec)
✅ Imported 9,100,000 records (11399/sec)
✅ Imported 9,102,000 records (11400/sec)
✅ Imported 9,104,000 records (11401/sec)
✅ Imported 9,106,000 records (11402/sec)
✅ Imported 9,108,000 records (11402/sec)
✅ Imported 9,110,000 records (11403/sec)
✅ Imported 9,112,000 records (11395/sec)
✅ Imported 9,114,000 records (11386/sec)
✅ Imported 9,116,000 records (11381/sec)
✅ Imported 9,118,000 records (11381/sec)
✅ Imported 9,120,000 records (11381/sec)
✅ Imported 9,122,000 records (11380/sec)
✅ Imported 9,124,000 records (11381/sec)
✅ Imported 9,126,000 records (11382/sec)
✅ Imported 9,128,000 records (11383/sec)
✅ Imported 9,130,000 records (11384/sec)
✅ Imported 9,132,000 records (11385/sec)
✅ Imported 9,134,000 records (11385/sec)
✅ Imported 9,136,000 records (11386/sec)
✅ Imported 9,138,000 records (11387/sec)
✅ Imported 9,140,000 records (11387/sec)
✅ Imported 9,142,000 records (11387/sec)
✅ Imported 9,144,000 records (11388/sec)
✅ Imported 9,146,000 records (11378/sec)
✅ Imported 9,148,000 records (11378/sec)
✅ Imported 9,150,000 records (11379/sec)
✅ Imported 9,152,000 records (11380/sec)
✅ Imported 9,154,000 records (11381/sec)
✅ Imported 9,156,000 records (11382/sec)
✅ Imported 9,158,000 records (11383/sec)
✅ Imported 9,160,000 records (11384/sec)
✅ Imported 9,162,000 records (11386/sec)
✅ Imported 9,164,000 records (11386/sec)
✅ Imported 9,166,000 records (11387/sec)
✅ Imported 9,168,000 records (11388/sec)
✅ Imported 9,170,000 records (11389/sec)
✅ Imported 9,172,000 records (11389/sec)
✅ Imported 9,174,000 records (11390/sec)
✅ Imported 9,176,000 records (11391/sec)
✅ Imported 9,178,000 records (11392/sec)
✅ Imported 9,180,000 records (11393/sec)
✅ Imported 9,182,000 records (11394/sec)
✅ Imported 9,184,000 records (11395/sec)
✅ Imported 9,186,000 records (11397/sec)
✅ Imported 9,188,000 records (11397/sec)
✅ Imported 9,190,000 records (11397/sec)
✅ Imported 9,192,000 records (11398/sec)
✅ Imported 9,194,000 records (11399/sec)
✅ Imported 9,196,000 records (11400/sec)
✅ Imported 9,198,000 records (11401/sec)
✅ Imported 9,200,000 records (11402/sec)
✅ Imported 9,202,000 records (11403/sec)
✅ Imported 9,204,000 records (11403/sec)
✅ Imported 9,206,000 records (11404/sec)
✅ Imported 9,208,000 records (11405/sec)
✅ Imported 9,210,000 records (11406/sec)
✅ Imported 9,212,000 records (11407/sec)
✅ Imported 9,214,000 records (11406/sec)
✅ Imported 9,216,000 records (11398/sec)
✅ Imported 9,218,000 records (11393/sec)
✅ Imported 9,220,000 records (11390/sec)
✅ Imported 9,222,000 records (11389/sec)
✅ Imported 9,224,000 records (11380/sec)
✅ Imported 9,226,000 records (11378/sec)
✅ Imported 9,228,000 records (11379/sec)
✅ Imported 9,230,000 records (11380/sec)
✅ Imported 9,232,000 records (11381/sec)
✅ Imported 9,234,000 records (11382/sec)
✅ Imported 9,236,000 records (11382/sec)
✅ Imported 9,238,000 records (11383/sec)
✅ Imported 9,240,000 records (11383/sec)
✅ Imported 9,242,000 records (11384/sec)
✅ Imported 9,244,000 records (11385/sec)
✅ Imported 9,246,000 records (11383/sec)
✅ Imported 9,248,000 records (11384/sec)
✅ Imported 9,250,000 records (11385/sec)
✅ Imported 9,252,000 records (11385/sec)
✅ Imported 9,254,000 records (11386/sec)
✅ Imported 9,256,000 records (11387/sec)
✅ Imported 9,258,000 records (11388/sec)
✅ Imported 9,260,000 records (11389/sec)
✅ Imported 9,262,000 records (11390/sec)
✅ Imported 9,264,000 records (11390/sec)
✅ Imported 9,266,000 records (11391/sec)
✅ Imported 9,268,000 records (11390/sec)
✅ Imported 9,270,000 records (11391/sec)
✅ Imported 9,272,000 records (11386/sec)
✅ Imported 9,274,000 records (11380/sec)
✅ Imported 9,276,000 records (11375/sec)
✅ Imported 9,278,000 records (11372/sec)
✅ Imported 9,280,000 records (11363/sec)
✅ Imported 9,282,000 records (11363/sec)
✅ Imported 9,284,000 records (11362/sec)
✅ Imported 9,286,000 records (11362/sec)
✅ Imported 9,288,000 records (11363/sec)
✅ Imported 9,290,000 records (11362/sec)
✅ Imported 9,292,000 records (11363/sec)
✅ Imported 9,294,000 records (11363/sec)
✅ Imported 9,296,000 records (11364/sec)
✅ Imported 9,298,000 records (11364/sec)
✅ Imported 9,300,000 records (11363/sec)
✅ Imported 9,302,000 records (11353/sec)
✅ Imported 9,304,000 records (11350/sec)
✅ Imported 9,306,000 records (11311/sec)
✅ Imported 9,308,000 records (11272/sec)
✅ Imported 9,310,000 records (11268/sec)
✅ Imported 9,312,000 records (11267/sec)
✅ Imported 9,314,000 records (11267/sec)
✅ Imported 9,316,000 records (11267/sec)
✅ Imported 9,318,000 records (11266/sec)
✅ Imported 9,320,000 records (11265/sec)
✅ Imported 9,322,000 records (11263/sec)
✅ Imported 9,324,000 records (11261/sec)
✅ Imported 9,326,000 records (11259/sec)
✅ Imported 9,328,000 records (11257/sec)
✅ Imported 9,330,000 records (11257/sec)
✅ Imported 9,332,000 records (11254/sec)
✅ Imported 9,334,000 records (11253/sec)
✅ Imported 9,336,000 records (11252/sec)
✅ Imported 9,338,000 records (11251/sec)
✅ Imported 9,340,000 records (11251/sec)
✅ Imported 9,342,000 records (11249/sec)
✅ Imported 9,344,000 records (11246/sec)
✅ Imported 9,346,000 records (11240/sec)
✅ Imported 9,348,000 records (11238/sec)
✅ Imported 9,350,000 records (11236/sec)
✅ Imported 9,352,000 records (11236/sec)
✅ Imported 9,354,000 records (11235/sec)
✅ Imported 9,356,000 records (11233/sec)
✅ Imported 9,358,000 records (11231/sec)
✅ Imported 9,360,000 records (11227/sec)
✅ Imported 9,362,000 records (11226/sec)
✅ Imported 9,364,000 records (11217/sec)
✅ Imported 9,366,000 records (11217/sec)
✅ Imported 9,368,000 records (11215/sec)
✅ Imported 9,370,000 records (11215/sec)
✅ Imported 9,372,000 records (11211/sec)
✅ Imported 9,374,000 records (11212/sec)
✅ Imported 9,376,000 records (11211/sec)
✅ Imported 9,378,000 records (11212/sec)
✅ Imported 9,380,000 records (11213/sec)
✅ Imported 9,382,000 records (11213/sec)
✅ Imported 9,384,000 records (11213/sec)
✅ Imported 9,386,000 records (11214/sec)
✅ Imported 9,388,000 records (11214/sec)
✅ Imported 9,390,000 records (11215/sec)
✅ Imported 9,392,000 records (11216/sec)
✅ Imported 9,394,000 records (11216/sec)
✅ Imported 9,396,000 records (11216/sec)
✅ Imported 9,398,000 records (11215/sec)
✅ Imported 9,400,000 records (11215/sec)
✅ Imported 9,402,000 records (11213/sec)
✅ Imported 9,404,000 records (11212/sec)
✅ Imported 9,406,000 records (11211/sec)
✅ Imported 9,408,000 records (11209/sec)
✅ Imported 9,410,000 records (11208/sec)
✅ Imported 9,412,000 records (11208/sec)
✅ Imported 9,414,000 records (11206/sec)
✅ Imported 9,416,000 records (11205/sec)
✅ Imported 9,418,000 records (11203/sec)
✅ Imported 9,420,000 records (11201/sec)
✅ Imported 9,422,000 records (11197/sec)
✅ Imported 9,424,000 records (11194/sec)
✅ Imported 9,426,000 records (11192/sec)
✅ Imported 9,428,000 records (11192/sec)
✅ Imported 9,430,000 records (11192/sec)
✅ Imported 9,432,000 records (11193/sec)
✅ Imported 9,434,000 records (11192/sec)
✅ Imported 9,436,000 records (11193/sec)
✅ Imported 9,438,000 records (11194/sec)
✅ Imported 9,440,000 records (11195/sec)
✅ Imported 9,442,000 records (11195/sec)
✅ Imported 9,444,000 records (11196/sec)
✅ Imported 9,446,000 records (11194/sec)
✅ Imported 9,448,000 records (11193/sec)
✅ Imported 9,450,000 records (11194/sec)
✅ Imported 9,452,000 records (11194/sec)
✅ Imported 9,454,000 records (11194/sec)
✅ Imported 9,456,000 records (11193/sec)
✅ Imported 9,458,000 records (11193/sec)
✅ Imported 9,460,000 records (11194/sec)
✅ Imported 9,462,000 records (11195/sec)
✅ Imported 9,464,000 records (11195/sec)
✅ Imported 9,466,000 records (11196/sec)
✅ Imported 9,468,000 records (11196/sec)
✅ Imported 9,470,000 records (11183/sec)
✅ Imported 9,472,000 records (11184/sec)
✅ Imported 9,474,000 records (11184/sec)
✅ Imported 9,476,000 records (11185/sec)
✅ Imported 9,478,000 records (11186/sec)
✅ Imported 9,480,000 records (11187/sec)
✅ Imported 9,482,000 records (11188/sec)
✅ Imported 9,484,000 records (11188/sec)
✅ Imported 9,486,000 records (11189/sec)
✅ Imported 9,488,000 records (11189/sec)
✅ Imported 9,490,000 records (11190/sec)
✅ Imported 9,492,000 records (11192/sec)
✅ Imported 9,494,000 records (11192/sec)
✅ Imported 9,496,000 records (11193/sec)
✅ Imported 9,498,000 records (11195/sec)
✅ Imported 9,500,000 records (11196/sec)
✅ Imported 9,502,000 records (11196/sec)
✅ Imported 9,504,000 records (11195/sec)
✅ Imported 9,506,000 records (11195/sec)
✅ Imported 9,508,000 records (11196/sec)
✅ Imported 9,510,000 records (11197/sec)
✅ Imported 9,512,000 records (11198/sec)
✅ Imported 9,514,000 records (11198/sec)
✅ Imported 9,516,000 records (11200/sec)
✅ Imported 9,518,000 records (11201/sec)
✅ Imported 9,520,000 records (11202/sec)
✅ Imported 9,522,000 records (11203/sec)
✅ Imported 9,524,000 records (11203/sec)
✅ Imported 9,526,000 records (11205/sec)
✅ Imported 9,528,000 records (11206/sec)
✅ Imported 9,530,000 records (11207/sec)
✅ Imported 9,532,000 records (11208/sec)
✅ Imported 9,534,000 records (11209/sec)
✅ Imported 9,536,000 records (11211/sec)
✅ Imported 9,538,000 records (11212/sec)
✅ Imported 9,540,000 records (11213/sec)
✅ Imported 9,542,000 records (11214/sec)
✅ Imported 9,544,000 records (11215/sec)
✅ Imported 9,546,000 records (11216/sec)
✅ Imported 9,548,000 records (11218/sec)
✅ Imported 9,550,000 records (11219/sec)
✅ Imported 9,552,000 records (11219/sec)
✅ Imported 9,554,000 records (11220/sec)
✅ Imported 9,556,000 records (11220/sec)
✅ Imported 9,558,000 records (11220/sec)
✅ Imported 9,560,000 records (11220/sec)
✅ Imported 9,562,000 records (11221/sec)
✅ Imported 9,564,000 records (11222/sec)
✅ Imported 9,566,000 records (11223/sec)
✅ Imported 9,568,000 records (11224/sec)
✅ Imported 9,570,000 records (11224/sec)
✅ Imported 9,572,000 records (11225/sec)
✅ Imported 9,574,000 records (11226/sec)
✅ Imported 9,576,000 records (11228/sec)
✅ Imported 9,578,000 records (11229/sec)
✅ Imported 9,580,000 records (11229/sec)
✅ Imported 9,582,000 records (11230/sec)
✅ Imported 9,584,000 records (11230/sec)
✅ Imported 9,586,000 records (11230/sec)
✅ Imported 9,588,000 records (11231/sec)
✅ Imported 9,590,000 records (11232/sec)
✅ Imported 9,592,000 records (11232/sec)
✅ Imported 9,594,000 records (11233/sec)
✅ Imported 9,596,000 records (11232/sec)
✅ Imported 9,598,000 records (11233/sec)
✅ Imported 9,600,000 records (11232/sec)
✅ Imported 9,602,000 records (11232/sec)
✅ Imported 9,604,000 records (11233/sec)
✅ Imported 9,606,000 records (11234/sec)
✅ Imported 9,608,000 records (11235/sec)
✅ Imported 9,610,000 records (11236/sec)
✅ Imported 9,612,000 records (11238/sec)
✅ Imported 9,614,000 records (11239/sec)
✅ Imported 9,616,000 records (11240/sec)
✅ Imported 9,618,000 records (11241/sec)
✅ Imported 9,620,000 records (11242/sec)
✅ Imported 9,622,000 records (11243/sec)
✅ Imported 9,624,000 records (11244/sec)
✅ Imported 9,626,000 records (11245/sec)
✅ Imported 9,628,000 records (11247/sec)
✅ Imported 9,630,000 records (11247/sec)
✅ Imported 9,632,000 records (11248/sec)
✅ Imported 9,634,000 records (11249/sec)
✅ Imported 9,636,000 records (11251/sec)
✅ Imported 9,638,000 records (11252/sec)
✅ Imported 9,640,000 records (11253/sec)
✅ Imported 9,642,000 records (11254/sec)
✅ Imported 9,644,000 records (11256/sec)
✅ Imported 9,646,000 records (11257/sec)
✅ Imported 9,648,000 records (11258/sec)
✅ Imported 9,650,000 records (11259/sec)
✅ Imported 9,652,000 records (11261/sec)
✅ Imported 9,654,000 records (11262/sec)
✅ Imported 9,656,000 records (11263/sec)
✅ Imported 9,658,000 records (11265/sec)
✅ Imported 9,660,000 records (11266/sec)
✅ Imported 9,662,000 records (11267/sec)
✅ Imported 9,664,000 records (11269/sec)
✅ Imported 9,666,000 records (11270/sec)
✅ Imported 9,668,000 records (11271/sec)
✅ Imported 9,670,000 records (11272/sec)
✅ Imported 9,672,000 records (11274/sec)
✅ Imported 9,674,000 records (11275/sec)
✅ Imported 9,676,000 records (11276/sec)
✅ Imported 9,678,000 records (11275/sec)
✅ Imported 9,680,000 records (11276/sec)
✅ Imported 9,682,000 records (11277/sec)
✅ Imported 9,684,000 records (11278/sec)
✅ Imported 9,686,000 records (11280/sec)
✅ Imported 9,688,000 records (11281/sec)
✅ Imported 9,690,000 records (11282/sec)
✅ Imported 9,692,000 records (11284/sec)
✅ Imported 9,694,000 records (11285/sec)
✅ Imported 9,696,000 records (11286/sec)
✅ Imported 9,698,000 records (11287/sec)
✅ Imported 9,700,000 records (11288/sec)
✅ Imported 9,702,000 records (11289/sec)
✅ Imported 9,704,000 records (11290/sec)
✅ Imported 9,706,000 records (11291/sec)
✅ Imported 9,708,000 records (11292/sec)
✅ Imported 9,710,000 records (11294/sec)
✅ Imported 9,712,000 records (11295/sec)
✅ Imported 9,714,000 records (11296/sec)
✅ Imported 9,716,000 records (11297/sec)
✅ Imported 9,718,000 records (11298/sec)
✅ Imported 9,720,000 records (11300/sec)
✅ Imported 9,722,000 records (11301/sec)
✅ Imported 9,724,000 records (11302/sec)
✅ Imported 9,726,000 records (11303/sec)
✅ Imported 9,728,000 records (11304/sec)
✅ Imported 9,730,000 records (11306/sec)
✅ Imported 9,732,000 records (11307/sec)
✅ Imported 9,734,000 records (11308/sec)
✅ Imported 9,736,000 records (11306/sec)
✅ Imported 9,738,000 records (11308/sec)
✅ Imported 9,740,000 records (11309/sec)
✅ Imported 9,742,000 records (11310/sec)
✅ Imported 9,744,000 records (11311/sec)
✅ Imported 9,746,000 records (11313/sec)
✅ Imported 9,748,000 records (11314/sec)
✅ Imported 9,750,000 records (11315/sec)
✅ Imported 9,752,000 records (11316/sec)
✅ Imported 9,754,000 records (11318/sec)
✅ Imported 9,756,000 records (11318/sec)
✅ Imported 9,758,000 records (11320/sec)
✅ Imported 9,760,000 records (11321/sec)
✅ Imported 9,762,000 records (11322/sec)
✅ Imported 9,764,000 records (11324/sec)
✅ Imported 9,766,000 records (11325/sec)
✅ Imported 9,768,000 records (11326/sec)
✅ Imported 9,770,000 records (11326/sec)
✅ Imported 9,772,000 records (11326/sec)
✅ Imported 9,774,000 records (11327/sec)
✅ Imported 9,776,000 records (11328/sec)
✅ Imported 9,778,000 records (11329/sec)
✅ Imported 9,780,000 records (11330/sec)
✅ Imported 9,782,000 records (11332/sec)
✅ Imported 9,784,000 records (11333/sec)
✅ Imported 9,786,000 records (11334/sec)
✅ Imported 9,788,000 records (11335/sec)
✅ Imported 9,790,000 records (11336/sec)
✅ Imported 9,792,000 records (11337/sec)
✅ Imported 9,794,000 records (11338/sec)
✅ Imported 9,796,000 records (11339/sec)
✅ Imported 9,798,000 records (11341/sec)
✅ Imported 9,800,000 records (11342/sec)
✅ Imported 9,802,000 records (11343/sec)
✅ Imported 9,804,000 records (11344/sec)
✅ Imported 9,806,000 records (11345/sec)
✅ Imported 9,808,000 records (11346/sec)
✅ Imported 9,810,000 records (11347/sec)
✅ Imported 9,812,000 records (11348/sec)
✅ Imported 9,814,000 records (11350/sec)
✅ Imported 9,816,000 records (11351/sec)
✅ Imported 9,818,000 records (11352/sec)
✅ Imported 9,820,000 records (11353/sec)
✅ Imported 9,822,000 records (11354/sec)
✅ Imported 9,824,000 records (11355/sec)
✅ Imported 9,826,000 records (11357/sec)
✅ Imported 9,828,000 records (11358/sec)
✅ Imported 9,830,000 records (11359/sec)
✅ Imported 9,832,000 records (11361/sec)
✅ Imported 9,834,000 records (11362/sec)
✅ Imported 9,836,000 records (11363/sec)
✅ Imported 9,838,000 records (11364/sec)
✅ Imported 9,840,000 records (11366/sec)
✅ Imported 9,842,000 records (11367/sec)
✅ Imported 9,844,000 records (11368/sec)
✅ Imported 9,846,000 records (11368/sec)
✅ Imported 9,848,000 records (11369/sec)
✅ Imported 9,850,000 records (11370/sec)
✅ Imported 9,852,000 records (11372/sec)
✅ Imported 9,854,000 records (11373/sec)
✅ Imported 9,856,000 records (11374/sec)
✅ Imported 9,858,000 records (11375/sec)
✅ Imported 9,860,000 records (11377/sec)
✅ Imported 9,862,000 records (11377/sec)
✅ Imported 9,864,000 records (11379/sec)
✅ Imported 9,866,000 records (11380/sec)
✅ Imported 9,868,000 records (11381/sec)
✅ Imported 9,870,000 records (11382/sec)
✅ Imported 9,872,000 records (11383/sec)
✅ Imported 9,874,000 records (11385/sec)
✅ Imported 9,876,000 records (11386/sec)
✅ Imported 9,878,000 records (11386/sec)
✅ Imported 9,880,000 records (11388/sec)
✅ Imported 9,882,000 records (11389/sec)
✅ Imported 9,884,000 records (11390/sec)
✅ Imported 9,886,000 records (11391/sec)
✅ Imported 9,888,000 records (11393/sec)
✅ Imported 9,890,000 records (11394/sec)
✅ Imported 9,892,000 records (11395/sec)
✅ Imported 9,894,000 records (11396/sec)
✅ Imported 9,896,000 records (11397/sec)
✅ Imported 9,898,000 records (11399/sec)
✅ Imported 9,900,000 records (11400/sec)
✅ Imported 9,902,000 records (11401/sec)
✅ Imported 9,904,000 records (11403/sec)
✅ Imported 9,906,000 records (11404/sec)
✅ Imported 9,908,000 records (11405/sec)
✅ Imported 9,910,000 records (11406/sec)
✅ Imported 9,912,000 records (11408/sec)
✅ Imported 9,914,000 records (11409/sec)
✅ Imported 9,916,000 records (11410/sec)
✅ Imported 9,918,000 records (11411/sec)
✅ Imported 9,920,000 records (11412/sec)
✅ Imported 9,922,000 records (11413/sec)
✅ Imported 9,924,000 records (11415/sec)
✅ Imported 9,926,000 records (11416/sec)
✅ Imported 9,928,000 records (11417/sec)
✅ Imported 9,930,000 records (11418/sec)
✅ Imported 9,932,000 records (11419/sec)
✅ Imported 9,934,000 records (11421/sec)
✅ Imported 9,936,000 records (11422/sec)
✅ Imported 9,938,000 records (11423/sec)
✅ Imported 9,940,000 records (11424/sec)
✅ Imported 9,942,000 records (11425/sec)
✅ Imported 9,944,000 records (11424/sec)
✅ Imported 9,946,000 records (11425/sec)
✅ Imported 9,948,000 records (11426/sec)
✅ Imported 9,950,000 records (11427/sec)
✅ Imported 9,952,000 records (11428/sec)
✅ Imported 9,954,000 records (11429/sec)
✅ Imported 9,956,000 records (11431/sec)
✅ Imported 9,958,000 records (11432/sec)
✅ Imported 9,960,000 records (11433/sec)
✅ Imported 9,962,000 records (11434/sec)
✅ Imported 9,964,000 records (11435/sec)
✅ Imported 9,966,000 records (11436/sec)
✅ Imported 9,968,000 records (11437/sec)
✅ Imported 9,970,000 records (11438/sec)
✅ Imported 9,972,000 records (11440/sec)
✅ Imported 9,974,000 records (11441/sec)
✅ Imported 9,976,000 records (11442/sec)
✅ Imported 9,978,000 records (11444/sec)
✅ Imported 9,980,000 records (11445/sec)
✅ Imported 9,982,000 records (11446/sec)
✅ Imported 9,984,000 records (11447/sec)
✅ Imported 9,986,000 records (11448/sec)
✅ Imported 9,988,000 records (11449/sec)
✅ Imported 9,990,000 records (11451/sec)
✅ Imported 9,992,000 records (11452/sec)
✅ Imported 9,994,000 records (11453/sec)
✅ Imported 9,996,000 records (11454/sec)
✅ Imported 9,998,000 records (11454/sec)
✅ Imported 10,000,000 records (11455/sec)
✅ Imported 10,002,000 records (11456/sec)
✅ Imported 10,004,000 records (11457/sec)
✅ Imported 10,006,000 records (11458/sec)
✅ Imported 10,008,000 records (11459/sec)
✅ Imported 10,010,000 records (11460/sec)
✅ Imported 10,012,000 records (11462/sec)
✅ Imported 10,014,000 records (11463/sec)
✅ Imported 10,016,000 records (11464/sec)
✅ Imported 10,018,000 records (11465/sec)
✅ Imported 10,020,000 records (11466/sec)
✅ Imported 10,022,000 records (11467/sec)
✅ Imported 10,024,000 records (11469/sec)
✅ Imported 10,026,000 records (11469/sec)
✅ Imported 10,028,000 records (11470/sec)
✅ Imported 10,030,000 records (11471/sec)
✅ Imported 10,032,000 records (11472/sec)
✅ Imported 10,034,000 records (11473/sec)
✅ Imported 10,036,000 records (11474/sec)
✅ Imported 10,038,000 records (11475/sec)
✅ Imported 10,040,000 records (11476/sec)
✅ Imported 10,042,000 records (11477/sec)
✅ Imported 10,044,000 records (11478/sec)
✅ Imported 10,046,000 records (11480/sec)
✅ Imported 10,048,000 records (11481/sec)
✅ Imported 10,050,000 records (11482/sec)
✅ Imported 10,052,000 records (11483/sec)
✅ Imported 10,054,000 records (11484/sec)
✅ Imported 10,056,000 records (11485/sec)
✅ Imported 10,058,000 records (11486/sec)
✅ Imported 10,060,000 records (11487/sec)
✅ Imported 10,062,000 records (11488/sec)
✅ Imported 10,064,000 records (11490/sec)
✅ Imported 10,066,000 records (11491/sec)
✅ Imported 10,068,000 records (11491/sec)
✅ Imported 10,070,000 records (11492/sec)
✅ Imported 10,072,000 records (11494/sec)
✅ Imported 10,074,000 records (11495/sec)
✅ Imported 10,076,000 records (11496/sec)
✅ Imported 10,078,000 records (11497/sec)
✅ Imported 10,080,000 records (11498/sec)
✅ Imported 10,082,000 records (11499/sec)
✅ Imported 10,084,000 records (11501/sec)
✅ Imported 10,086,000 records (11502/sec)
✅ Imported 10,088,000 records (11503/sec)
✅ Imported 10,090,000 records (11505/sec)
✅ Imported 10,092,000 records (11506/sec)
✅ Imported 10,094,000 records (11507/sec)
✅ Imported 10,096,000 records (11508/sec)
✅ Imported 10,098,000 records (11509/sec)
✅ Imported 10,100,000 records (11510/sec)
✅ Imported 10,102,000 records (11511/sec)
✅ Imported 10,104,000 records (11512/sec)
✅ Imported 10,106,000 records (11513/sec)
✅ Imported 10,108,000 records (11514/sec)
✅ Imported 10,110,000 records (11516/sec)
✅ Imported 10,112,000 records (11517/sec)
✅ Imported 10,114,000 records (11518/sec)
✅ Imported 10,116,000 records (11518/sec)
✅ Imported 10,118,000 records (11519/sec)
✅ Imported 10,120,000 records (11520/sec)
✅ Imported 10,122,000 records (11521/sec)
✅ Imported 10,124,000 records (11522/sec)
✅ Imported 10,126,000 records (11523/sec)
✅ Imported 10,128,000 records (11524/sec)
✅ Imported 10,130,000 records (11525/sec)
✅ Imported 10,132,000 records (11526/sec)
✅ Imported 10,134,000 records (11527/sec)
✅ Imported 10,136,000 records (11529/sec)
✅ Imported 10,138,000 records (11530/sec)
✅ Imported 10,140,000 records (11531/sec)
✅ Imported 10,142,000 records (11531/sec)
✅ Imported 10,144,000 records (11533/sec)
✅ Imported 10,146,000 records (11534/sec)
✅ Imported 10,148,000 records (11535/sec)
✅ Imported 10,150,000 records (11536/sec)
✅ Imported 10,152,000 records (11538/sec)
✅ Imported 10,154,000 records (11539/sec)
✅ Imported 10,156,000 records (11540/sec)
✅ Imported 10,158,000 records (11541/sec)
✅ Imported 10,160,000 records (11542/sec)
✅ Imported 10,162,000 records (11544/sec)
✅ Imported 10,164,000 records (11545/sec)
✅ Imported 10,166,000 records (11546/sec)
✅ Imported 10,168,000 records (11548/sec)
✅ Imported 10,170,000 records (11549/sec)
✅ Imported 10,172,000 records (11549/sec)
✅ Imported 10,174,000 records (11550/sec)
✅ Imported 10,176,000 records (11552/sec)
✅ Imported 10,178,000 records (11552/sec)
✅ Imported 10,180,000 records (11553/sec)
✅ Imported 10,182,000 records (11554/sec)
✅ Imported 10,184,000 records (11555/sec)
✅ Imported 10,186,000 records (11557/sec)
✅ Imported 10,188,000 records (11558/sec)
✅ Imported 10,190,000 records (11559/sec)
✅ Imported 10,192,000 records (11560/sec)
✅ Imported 10,194,000 records (11561/sec)
✅ Imported 10,196,000 records (11562/sec)
✅ Imported 10,198,000 records (11564/sec)
✅ Imported 10,200,000 records (11565/sec)
✅ Imported 10,202,000 records (11566/sec)
✅ Imported 10,204,000 records (11567/sec)
✅ Imported 10,206,000 records (11568/sec)
✅ Imported 10,208,000 records (11570/sec)
✅ Imported 10,210,000 records (11571/sec)
✅ Imported 10,212,000 records (11572/sec)
✅ Imported 10,214,000 records (11573/sec)
✅ Imported 10,216,000 records (11574/sec)
✅ Imported 10,218,000 records (11575/sec)
✅ Imported 10,220,000 records (11576/sec)
✅ Imported 10,222,000 records (11577/sec)
✅ Imported 10,224,000 records (11578/sec)
✅ Imported 10,226,000 records (11579/sec)
✅ Imported 10,228,000 records (11580/sec)
✅ Imported 10,230,000 records (11581/sec)
✅ Imported 10,232,000 records (11581/sec)
✅ Imported 10,234,000 records (11582/sec)
✅ Imported 10,236,000 records (11583/sec)
✅ Imported 10,238,000 records (11584/sec)
✅ Imported 10,240,000 records (11585/sec)
✅ Imported 10,242,000 records (11586/sec)
✅ Imported 10,244,000 records (11587/sec)
✅ Imported 10,246,000 records (11588/sec)
✅ Imported 10,248,000 records (11589/sec)
✅ Imported 10,250,000 records (11590/sec)
✅ Imported 10,252,000 records (11591/sec)
✅ Imported 10,254,000 records (11592/sec)
✅ Imported 10,256,000 records (11593/sec)
✅ Imported 10,258,000 records (11594/sec)
✅ Imported 10,260,000 records (11595/sec)
✅ Imported 10,262,000 records (11596/sec)
✅ Imported 10,264,000 records (11597/sec)
✅ Imported 10,266,000 records (11598/sec)
✅ Imported 10,268,000 records (11599/sec)
✅ Imported 10,270,000 records (11600/sec)
✅ Imported 10,272,000 records (11601/sec)
✅ Imported 10,274,000 records (11602/sec)
✅ Imported 10,276,000 records (11602/sec)
✅ Imported 10,278,000 records (11603/sec)
✅ Imported 10,280,000 records (11604/sec)
✅ Imported 10,282,000 records (11606/sec)
✅ Imported 10,284,000 records (11606/sec)
✅ Imported 10,286,000 records (11608/sec)
✅ Imported 10,288,000 records (11609/sec)
✅ Imported 10,290,000 records (11610/sec)
✅ Imported 10,292,000 records (11611/sec)
✅ Imported 10,294,000 records (11612/sec)
✅ Imported 10,296,000 records (11613/sec)
✅ Imported 10,298,000 records (11614/sec)
✅ Imported 10,300,000 records (11615/sec)
✅ Imported 10,302,000 records (11616/sec)
✅ Imported 10,304,000 records (11617/sec)
✅ Imported 10,306,000 records (11619/sec)
✅ Imported 10,308,000 records (11620/sec)
✅ Imported 10,310,000 records (11621/sec)
✅ Imported 10,312,000 records (11622/sec)
✅ Imported 10,314,000 records (11624/sec)
✅ Imported 10,316,000 records (11625/sec)
✅ Imported 10,318,000 records (11626/sec)
✅ Imported 10,320,000 records (11625/sec)
✅ Imported 10,322,000 records (11626/sec)
✅ Imported 10,324,000 records (11627/sec)
✅ Imported 10,326,000 records (11627/sec)
✅ Imported 10,328,000 records (11628/sec)
✅ Imported 10,330,000 records (11628/sec)
✅ Imported 10,332,000 records (11629/sec)
✅ Imported 10,334,000 records (11631/sec)
✅ Imported 10,336,000 records (11632/sec)
✅ Imported 10,338,000 records (11633/sec)
✅ Imported 10,340,000 records (11634/sec)
✅ Imported 10,342,000 records (11634/sec)
✅ Imported 10,344,000 records (11635/sec)
✅ Imported 10,346,000 records (11635/sec)
✅ Imported 10,348,000 records (11635/sec)
✅ Imported 10,350,000 records (11636/sec)
✅ Imported 10,352,000 records (11636/sec)
✅ Imported 10,354,000 records (11636/sec)
✅ Imported 10,356,000 records (11637/sec)
✅ Imported 10,358,000 records (11636/sec)
✅ Imported 10,360,000 records (11636/sec)
✅ Imported 10,362,000 records (11637/sec)
✅ Imported 10,364,000 records (11638/sec)
✅ Imported 10,366,000 records (11639/sec)
✅ Imported 10,368,000 records (11640/sec)
✅ Imported 10,370,000 records (11641/sec)
✅ Imported 10,372,000 records (11642/sec)
✅ Imported 10,374,000 records (11643/sec)
✅ Imported 10,376,000 records (11644/sec)
✅ Imported 10,378,000 records (11645/sec)
✅ Imported 10,380,000 records (11646/sec)
✅ Imported 10,382,000 records (11647/sec)
✅ Imported 10,384,000 records (11648/sec)
✅ Imported 10,386,000 records (11650/sec)
✅ Imported 10,388,000 records (11651/sec)
✅ Imported 10,390,000 records (11652/sec)
✅ Imported 10,392,000 records (11653/sec)
✅ Imported 10,394,000 records (11654/sec)
✅ Imported 10,396,000 records (11655/sec)
✅ Imported 10,398,000 records (11656/sec)
✅ Imported 10,400,000 records (11657/sec)
✅ Imported 10,402,000 records (11658/sec)
✅ Imported 10,404,000 records (11659/sec)
✅ Imported 10,406,000 records (11660/sec)
✅ Imported 10,408,000 records (11661/sec)
✅ Imported 10,410,000 records (11662/sec)
✅ Imported 10,412,000 records (11663/sec)
✅ Imported 10,414,000 records (11664/sec)
✅ Imported 10,416,000 records (11664/sec)
✅ Imported 10,418,000 records (11665/sec)
✅ Imported 10,420,000 records (11666/sec)
✅ Imported 10,422,000 records (11667/sec)
✅ Imported 10,424,000 records (11668/sec)
✅ Imported 10,426,000 records (11669/sec)
✅ Imported 10,428,000 records (11670/sec)
✅ Imported 10,430,000 records (11671/sec)
✅ Imported 10,432,000 records (11672/sec)
✅ Imported 10,434,000 records (11672/sec)
✅ Imported 10,436,000 records (11674/sec)
✅ Imported 10,438,000 records (11675/sec)
✅ Imported 10,440,000 records (11676/sec)
✅ Imported 10,442,000 records (11677/sec)
✅ Imported 10,444,000 records (11678/sec)
✅ Imported 10,446,000 records (11679/sec)
✅ Imported 10,448,000 records (11680/sec)
✅ Imported 10,450,000 records (11681/sec)
✅ Imported 10,452,000 records (11682/sec)
✅ Imported 10,454,000 records (11683/sec)
✅ Imported 10,456,000 records (11685/sec)
✅ Imported 10,458,000 records (11686/sec)
✅ Imported 10,460,000 records (11687/sec)
✅ Imported 10,462,000 records (11686/sec)
✅ Imported 10,464,000 records (11686/sec)
✅ Imported 10,466,000 records (11687/sec)
✅ Imported 10,468,000 records (11683/sec)
✅ Imported 10,470,000 records (11683/sec)
✅ Imported 10,472,000 records (11684/sec)
✅ Imported 10,474,000 records (11685/sec)
✅ Imported 10,476,000 records (11686/sec)
✅ Imported 10,478,000 records (11687/sec)
✅ Imported 10,480,000 records (11688/sec)
✅ Imported 10,482,000 records (11690/sec)
✅ Imported 10,484,000 records (11691/sec)
✅ Imported 10,486,000 records (11692/sec)
✅ Imported 10,488,000 records (11694/sec)
✅ Imported 10,490,000 records (11695/sec)
✅ Imported 10,492,000 records (11696/sec)
✅ Imported 10,494,000 records (11697/sec)
✅ Imported 10,496,000 records (11698/sec)
✅ Imported 10,498,000 records (11699/sec)
✅ Imported 10,500,000 records (11700/sec)
✅ Imported 10,502,000 records (11701/sec)
✅ Imported 10,504,000 records (11702/sec)
✅ Imported 10,506,000 records (11703/sec)
✅ Imported 10,508,000 records (11704/sec)
✅ Imported 10,510,000 records (11704/sec)
✅ Imported 10,512,000 records (11705/sec)
✅ Imported 10,514,000 records (11706/sec)
✅ Imported 10,516,000 records (11705/sec)
✅ Imported 10,518,000 records (11706/sec)
✅ Imported 10,520,000 records (11704/sec)
✅ Imported 10,522,000 records (11704/sec)
✅ Imported 10,524,000 records (11704/sec)
✅ Imported 10,526,000 records (11703/sec)
✅ Imported 10,528,000 records (11703/sec)
✅ Imported 10,530,000 records (11701/sec)
✅ Imported 10,532,000 records (11701/sec)
✅ Imported 10,534,000 records (11702/sec)
✅ Imported 10,536,000 records (11703/sec)
✅ Imported 10,538,000 records (11704/sec)
✅ Imported 10,540,000 records (11705/sec)
✅ Imported 10,542,000 records (11706/sec)
✅ Imported 10,544,000 records (11707/sec)
✅ Imported 10,546,000 records (11708/sec)
✅ Imported 10,548,000 records (11709/sec)
✅ Imported 10,550,000 records (11710/sec)
✅ Imported 10,552,000 records (11711/sec)
✅ Imported 10,554,000 records (11712/sec)
✅ Imported 10,556,000 records (11713/sec)
✅ Imported 10,558,000 records (11714/sec)
✅ Imported 10,560,000 records (11715/sec)
✅ Imported 10,562,000 records (11717/sec)
✅ Imported 10,564,000 records (11718/sec)
✅ Imported 10,566,000 records (11719/sec)
✅ Imported 10,568,000 records (11720/sec)
✅ Imported 10,570,000 records (11721/sec)
✅ Imported 10,572,000 records (11722/sec)
✅ Imported 10,574,000 records (11723/sec)
✅ Imported 10,576,000 records (11725/sec)
✅ Imported 10,578,000 records (11725/sec)
✅ Imported 10,580,000 records (11727/sec)
✅ Imported 10,582,000 records (11727/sec)
✅ Imported 10,584,000 records (11728/sec)
✅ Imported 10,586,000 records (11729/sec)
✅ Imported 10,588,000 records (11730/sec)
✅ Imported 10,590,000 records (11731/sec)
✅ Imported 10,592,000 records (11732/sec)
✅ Imported 10,594,000 records (11733/sec)
✅ Imported 10,596,000 records (11734/sec)
✅ Imported 10,598,000 records (11735/sec)
✅ Imported 10,600,000 records (11737/sec)
✅ Imported 10,602,000 records (11738/sec)
✅ Imported 10,604,000 records (11739/sec)
✅ Imported 10,606,000 records (11740/sec)
✅ Imported 10,608,000 records (11741/sec)
✅ Imported 10,610,000 records (11742/sec)
✅ Imported 10,612,000 records (11743/sec)
✅ Imported 10,614,000 records (11744/sec)
✅ Imported 10,616,000 records (11744/sec)
✅ Imported 10,618,000 records (11745/sec)
✅ Imported 10,620,000 records (11746/sec)
✅ Imported 10,622,000 records (11747/sec)
✅ Imported 10,624,000 records (11748/sec)
✅ Imported 10,626,000 records (11749/sec)
✅ Imported 10,628,000 records (11750/sec)
✅ Imported 10,630,000 records (11750/sec)
✅ Imported 10,632,000 records (11750/sec)
✅ Imported 10,634,000 records (11751/sec)
✅ Imported 10,636,000 records (11751/sec)
✅ Imported 10,638,000 records (11752/sec)
✅ Imported 10,640,000 records (11752/sec)
✅ Imported 10,642,000 records (11753/sec)
✅ Imported 10,644,000 records (11753/sec)
✅ Imported 10,646,000 records (11754/sec)
✅ Imported 10,648,000 records (11755/sec)
✅ Imported 10,650,000 records (11756/sec)
✅ Imported 10,652,000 records (11758/sec)
✅ Imported 10,654,000 records (11758/sec)
✅ Imported 10,656,000 records (11759/sec)
✅ Imported 10,658,000 records (11760/sec)
✅ Imported 10,660,000 records (11761/sec)
✅ Imported 10,662,000 records (11762/sec)
✅ Imported 10,664,000 records (11762/sec)
✅ Imported 10,666,000 records (11763/sec)
✅ Imported 10,668,000 records (11764/sec)
✅ Imported 10,670,000 records (11766/sec)
✅ Imported 10,672,000 records (11767/sec)
✅ Imported 10,674,000 records (11768/sec)
✅ Imported 10,676,000 records (11769/sec)
✅ Imported 10,678,000 records (11770/sec)
✅ Imported 10,680,000 records (11771/sec)
✅ Imported 10,682,000 records (11772/sec)
✅ Imported 10,684,000 records (11773/sec)
✅ Imported 10,686,000 records (11774/sec)
✅ Imported 10,688,000 records (11776/sec)
✅ Imported 10,690,000 records (11777/sec)
✅ Imported 10,692,000 records (11778/sec)
✅ Imported 10,694,000 records (11779/sec)
✅ Imported 10,696,000 records (11780/sec)
✅ Imported 10,698,000 records (11781/sec)
✅ Imported 10,700,000 records (11781/sec)
✅ Imported 10,702,000 records (11781/sec)
✅ Imported 10,704,000 records (11782/sec)
✅ Imported 10,706,000 records (11783/sec)
✅ Imported 10,708,000 records (11784/sec)
✅ Imported 10,710,000 records (11785/sec)
✅ Imported 10,712,000 records (11787/sec)
✅ Imported 10,714,000 records (11788/sec)
✅ Imported 10,716,000 records (11789/sec)
✅ Imported 10,718,000 records (11790/sec)
✅ Imported 10,720,000 records (11791/sec)
✅ Imported 10,722,000 records (11792/sec)
✅ Imported 10,724,000 records (11794/sec)
✅ Imported 10,726,000 records (11794/sec)
✅ Imported 10,728,000 records (11795/sec)
✅ Imported 10,730,000 records (11797/sec)
✅ Imported 10,732,000 records (11798/sec)
✅ Imported 10,734,000 records (11799/sec)
✅ Imported 10,736,000 records (11800/sec)
✅ Imported 10,738,000 records (11801/sec)
✅ Imported 10,740,000 records (11802/sec)
✅ Imported 10,742,000 records (11803/sec)
✅ Imported 10,744,000 records (11805/sec)
✅ Imported 10,746,000 records (11805/sec)
✅ Imported 10,748,000 records (11806/sec)
✅ Imported 10,750,000 records (11808/sec)
✅ Imported 10,752,000 records (11809/sec)
✅ Imported 10,754,000 records (11810/sec)
✅ Imported 10,756,000 records (11811/sec)
✅ Imported 10,758,000 records (11813/sec)
✅ Imported 10,760,000 records (11814/sec)
✅ Imported 10,762,000 records (11815/sec)
✅ Imported 10,764,000 records (11816/sec)
✅ Imported 10,766,000 records (11817/sec)
✅ Imported 10,768,000 records (11818/sec)
✅ Imported 10,770,000 records (11820/sec)
✅ Imported 10,772,000 records (11820/sec)
✅ Imported 10,774,000 records (11822/sec)
✅ Imported 10,776,000 records (11823/sec)
✅ Imported 10,778,000 records (11824/sec)
✅ Imported 10,780,000 records (11825/sec)
✅ Imported 10,782,000 records (11826/sec)
✅ Imported 10,784,000 records (11827/sec)
✅ Imported 10,786,000 records (11828/sec)
✅ Imported 10,788,000 records (11829/sec)
✅ Imported 10,790,000 records (11830/sec)
✅ Imported 10,792,000 records (11831/sec)
✅ Imported 10,794,000 records (11832/sec)
✅ Imported 10,796,000 records (11834/sec)
✅ Imported 10,798,000 records (11835/sec)
✅ Imported 10,800,000 records (11836/sec)
✅ Imported 10,802,000 records (11837/sec)
✅ Imported 10,804,000 records (11838/sec)
✅ Imported 10,806,000 records (11839/sec)
✅ Imported 10,808,000 records (11840/sec)
✅ Imported 10,810,000 records (11841/sec)
✅ Imported 10,812,000 records (11842/sec)
✅ Imported 10,814,000 records (11843/sec)
✅ Imported 10,816,000 records (11845/sec)
✅ Imported 10,818,000 records (11846/sec)
✅ Imported 10,820,000 records (11847/sec)
✅ Imported 10,822,000 records (11848/sec)
✅ Imported 10,824,000 records (11850/sec)
✅ Imported 10,826,000 records (11851/sec)
✅ Imported 10,828,000 records (11852/sec)
✅ Imported 10,830,000 records (11853/sec)
✅ Imported 10,832,000 records (11854/sec)
✅ Imported 10,834,000 records (11856/sec)
✅ Imported 10,836,000 records (11856/sec)
✅ Imported 10,838,000 records (11857/sec)
✅ Imported 10,840,000 records (11858/sec)
✅ Imported 10,842,000 records (11858/sec)
✅ Imported 10,844,000 records (11859/sec)
✅ Imported 10,846,000 records (11859/sec)
✅ Imported 10,848,000 records (11859/sec)
✅ Imported 10,850,000 records (11860/sec)
✅ Imported 10,852,000 records (11861/sec)
✅ Imported 10,854,000 records (11862/sec)
✅ Imported 10,856,000 records (11863/sec)
✅ Imported 10,858,000 records (11864/sec)
✅ Imported 10,860,000 records (11865/sec)
✅ Imported 10,862,000 records (11866/sec)
✅ Imported 10,864,000 records (11867/sec)
✅ Imported 10,866,000 records (11868/sec)
✅ Imported 10,868,000 records (11869/sec)
✅ Imported 10,870,000 records (11869/sec)
✅ Imported 10,872,000 records (11869/sec)
✅ Imported 10,874,000 records (11870/sec)
✅ Imported 10,876,000 records (11871/sec)
✅ Imported 10,878,000 records (11872/sec)
✅ Imported 10,880,000 records (11872/sec)
✅ Imported 10,882,000 records (11873/sec)
✅ Imported 10,884,000 records (11871/sec)
✅ Imported 10,886,000 records (11871/sec)
✅ Imported 10,888,000 records (11872/sec)
✅ Imported 10,890,000 records (11872/sec)
✅ Imported 10,892,000 records (11873/sec)
✅ Imported 10,894,000 records (11874/sec)
✅ Imported 10,896,000 records (11875/sec)
✅ Imported 10,898,000 records (11875/sec)
✅ Imported 10,900,000 records (11876/sec)
✅ Imported 10,902,000 records (11877/sec)
✅ Imported 10,904,000 records (11874/sec)
✅ Imported 10,906,000 records (11873/sec)
✅ Imported 10,908,000 records (11874/sec)
✅ Imported 10,910,000 records (11874/sec)
✅ Imported 10,912,000 records (11875/sec)
✅ Imported 10,914,000 records (11875/sec)
✅ Imported 10,916,000 records (11876/sec)
✅ Imported 10,918,000 records (11876/sec)
✅ Imported 10,920,000 records (11876/sec)
✅ Imported 10,922,000 records (11877/sec)
✅ Imported 10,924,000 records (11878/sec)
✅ Imported 10,926,000 records (11878/sec)
✅ Imported 10,928,000 records (11879/sec)
✅ Imported 10,930,000 records (11880/sec)
✅ Imported 10,932,000 records (11881/sec)
✅ Imported 10,934,000 records (11881/sec)
✅ Imported 10,936,000 records (11882/sec)
✅ Imported 10,938,000 records (11883/sec)
✅ Imported 10,940,000 records (11883/sec)
✅ Imported 10,942,000 records (11884/sec)
✅ Imported 10,944,000 records (11885/sec)
✅ Imported 10,946,000 records (11886/sec)
✅ Imported 10,948,000 records (11887/sec)
✅ Imported 10,950,000 records (11887/sec)
✅ Imported 10,952,000 records (11888/sec)
✅ Imported 10,954,000 records (11889/sec)
✅ Imported 10,956,000 records (11890/sec)
✅ Imported 10,958,000 records (11891/sec)
✅ Imported 10,960,000 records (11893/sec)
✅ Imported 10,962,000 records (11894/sec)
✅ Imported 10,964,000 records (11895/sec)
✅ Imported 10,966,000 records (11896/sec)
✅ Imported 10,968,000 records (11897/sec)
✅ Imported 10,970,000 records (11897/sec)
✅ Imported 10,972,000 records (11898/sec)
✅ Imported 10,974,000 records (11899/sec)
✅ Imported 10,976,000 records (11900/sec)
✅ Imported 10,978,000 records (11902/sec)
✅ Imported 10,980,000 records (11903/sec)
✅ Imported 10,982,000 records (11904/sec)
✅ Imported 10,984,000 records (11905/sec)
✅ Imported 10,986,000 records (11906/sec)
✅ Imported 10,988,000 records (11907/sec)
✅ Imported 10,990,000 records (11907/sec)
✅ Imported 10,992,000 records (11908/sec)
✅ Imported 10,994,000 records (11909/sec)
✅ Imported 10,996,000 records (11910/sec)
✅ Imported 10,998,000 records (11911/sec)
✅ Imported 11,000,000 records (11912/sec)
✅ Imported 11,002,000 records (11913/sec)
✅ Imported 11,004,000 records (11914/sec)
✅ Imported 11,006,000 records (11915/sec)
✅ Imported 11,008,000 records (11916/sec)
✅ Imported 11,010,000 records (11917/sec)
✅ Imported 11,012,000 records (11917/sec)
✅ Imported 11,014,000 records (11918/sec)
✅ Imported 11,016,000 records (11919/sec)
✅ Imported 11,018,000 records (11920/sec)
✅ Imported 11,020,000 records (11920/sec)
✅ Imported 11,022,000 records (11921/sec)
✅ Imported 11,024,000 records (11922/sec)
✅ Imported 11,026,000 records (11922/sec)
✅ Imported 11,028,000 records (11923/sec)
✅ Imported 11,030,000 records (11924/sec)
✅ Imported 11,032,000 records (11925/sec)
✅ Imported 11,034,000 records (11927/sec)
✅ Imported 11,036,000 records (11928/sec)
✅ Imported 11,038,000 records (11929/sec)
✅ Imported 11,040,000 records (11930/sec)
✅ Imported 11,042,000 records (11931/sec)
✅ Imported 11,044,000 records (11932/sec)
✅ Imported 11,046,000 records (11933/sec)
✅ Imported 11,048,000 records (11935/sec)
✅ Imported 11,050,000 records (11935/sec)
✅ Imported 11,052,000 records (11937/sec)
✅ Imported 11,054,000 records (11938/sec)
✅ Imported 11,056,000 records (11939/sec)
✅ Imported 11,058,000 records (11939/sec)
✅ Imported 11,060,000 records (11940/sec)
✅ Imported 11,062,000 records (11941/sec)
✅ Imported 11,064,000 records (11942/sec)
✅ Imported 11,066,000 records (11943/sec)
✅ Imported 11,068,000 records (11944/sec)
✅ Imported 11,070,000 records (11945/sec)
✅ Imported 11,072,000 records (11945/sec)
✅ Imported 11,074,000 records (11946/sec)
✅ Imported 11,076,000 records (11946/sec)
✅ Imported 11,078,000 records (11947/sec)
✅ Imported 11,080,000 records (11947/sec)
✅ Imported 11,082,000 records (11949/sec)
✅ Imported 11,084,000 records (11950/sec)
✅ Imported 11,086,000 records (11951/sec)
✅ Imported 11,088,000 records (11952/sec)
✅ Imported 11,090,000 records (11953/sec)
✅ Imported 11,092,000 records (11954/sec)
✅ Imported 11,094,000 records (11955/sec)
✅ Imported 11,096,000 records (11955/sec)
✅ Imported 11,098,000 records (11956/sec)
✅ Imported 11,100,000 records (11956/sec)
✅ Imported 11,102,000 records (11957/sec)
✅ Imported 11,104,000 records (11958/sec)
✅ Imported 11,106,000 records (11959/sec)
✅ Imported 11,108,000 records (11960/sec)
✅ Imported 11,110,000 records (11960/sec)
✅ Imported 11,112,000 records (11960/sec)
✅ Imported 11,114,000 records (11961/sec)
✅ Imported 11,116,000 records (11962/sec)
✅ Imported 11,118,000 records (11963/sec)
✅ Imported 11,120,000 records (11964/sec)
✅ Imported 11,122,000 records (11965/sec)
✅ Imported 11,124,000 records (11965/sec)
✅ Imported 11,126,000 records (11966/sec)
✅ Imported 11,128,000 records (11967/sec)
✅ Imported 11,130,000 records (11968/sec)
✅ Imported 11,132,000 records (11968/sec)
✅ Imported 11,134,000 records (11970/sec)
✅ Imported 11,136,000 records (11970/sec)
✅ Imported 11,138,000 records (11971/sec)
✅ Imported 11,140,000 records (11972/sec)
✅ Imported 11,142,000 records (11973/sec)
✅ Imported 11,144,000 records (11974/sec)
✅ Imported 11,146,000 records (11975/sec)
✅ Imported 11,148,000 records (11976/sec)
✅ Imported 11,150,000 records (11977/sec)
✅ Imported 11,152,000 records (11978/sec)
✅ Imported 11,154,000 records (11979/sec)
✅ Imported 11,156,000 records (11980/sec)
✅ Imported 11,158,000 records (11981/sec)
✅ Imported 11,160,000 records (11981/sec)
✅ Imported 11,162,000 records (11982/sec)
✅ Imported 11,164,000 records (11983/sec)
✅ Imported 11,166,000 records (11982/sec)
✅ Imported 11,168,000 records (11983/sec)
✅ Imported 11,170,000 records (11984/sec)
✅ Imported 11,172,000 records (11985/sec)
✅ Imported 11,174,000 records (11985/sec)
✅ Imported 11,176,000 records (11986/sec)
✅ Imported 11,178,000 records (11987/sec)
✅ Imported 11,180,000 records (11987/sec)
✅ Imported 11,182,000 records (11988/sec)
✅ Imported 11,184,000 records (11988/sec)
✅ Imported 11,186,000 records (11988/sec)
✅ Imported 11,188,000 records (11989/sec)
✅ Imported 11,190,000 records (11990/sec)
✅ Imported 11,192,000 records (11991/sec)
✅ Imported 11,194,000 records (11992/sec)
✅ Imported 11,196,000 records (11993/sec)
✅ Imported 11,198,000 records (11993/sec)
✅ Imported 11,200,000 records (11994/sec)
✅ Imported 11,202,000 records (11995/sec)
✅ Imported 11,204,000 records (11995/sec)
✅ Imported 11,206,000 records (11996/sec)
✅ Imported 11,208,000 records (11997/sec)
✅ Imported 11,210,000 records (11998/sec)
✅ Imported 11,212,000 records (11998/sec)
✅ Imported 11,214,000 records (12000/sec)
✅ Imported 11,216,000 records (12001/sec)
✅ Imported 11,218,000 records (12002/sec)
✅ Imported 11,220,000 records (12002/sec)
✅ Imported 11,222,000 records (12003/sec)
✅ Imported 11,224,000 records (12004/sec)
✅ Imported 11,226,000 records (12005/sec)
✅ Imported 11,228,000 records (12006/sec)
✅ Imported 11,230,000 records (12007/sec)
✅ Imported 11,232,000 records (12007/sec)
✅ Imported 11,234,000 records (12008/sec)
✅ Imported 11,236,000 records (12009/sec)
✅ Imported 11,238,000 records (12009/sec)
✅ Imported 11,240,000 records (12010/sec)
✅ Imported 11,242,000 records (12010/sec)
✅ Imported 11,244,000 records (12011/sec)
✅ Imported 11,246,000 records (12012/sec)
✅ Imported 11,248,000 records (12012/sec)
✅ Imported 11,250,000 records (12013/sec)
✅ Imported 11,252,000 records (12014/sec)
✅ Imported 11,254,000 records (12014/sec)
✅ Imported 11,256,000 records (12015/sec)
✅ Imported 11,258,000 records (12016/sec)
✅ Imported 11,260,000 records (12017/sec)
✅ Imported 11,262,000 records (12017/sec)
✅ Imported 11,264,000 records (12018/sec)
✅ Imported 11,266,000 records (12019/sec)
✅ Imported 11,268,000 records (12020/sec)
✅ Imported 11,270,000 records (12021/sec)
✅ Imported 11,272,000 records (12022/sec)
✅ Imported 11,274,000 records (12023/sec)
✅ Imported 11,276,000 records (12024/sec)
✅ Imported 11,278,000 records (12025/sec)
✅ Imported 11,280,000 records (12025/sec)
✅ Imported 11,282,000 records (12026/sec)
✅ Imported 11,284,000 records (12027/sec)
✅ Imported 11,286,000 records (12027/sec)
✅ Imported 11,288,000 records (12028/sec)
✅ Imported 11,290,000 records (12028/sec)
✅ Imported 11,292,000 records (12029/sec)
✅ Imported 11,294,000 records (12030/sec)
✅ Imported 11,296,000 records (12031/sec)
✅ Imported 11,298,000 records (12032/sec)
✅ Imported 11,300,000 records (12033/sec)
✅ Imported 11,302,000 records (12034/sec)
✅ Imported 11,304,000 records (12034/sec)
✅ Imported 11,306,000 records (12035/sec)
✅ Imported 11,308,000 records (12036/sec)
✅ Imported 11,310,000 records (12036/sec)
✅ Imported 11,312,000 records (12037/sec)
✅ Imported 11,314,000 records (12038/sec)
✅ Imported 11,316,000 records (12039/sec)
✅ Imported 11,318,000 records (12040/sec)
✅ Imported 11,320,000 records (12041/sec)
✅ Imported 11,322,000 records (12042/sec)
✅ Imported 11,324,000 records (12043/sec)
✅ Imported 11,326,000 records (12044/sec)
✅ Imported 11,328,000 records (12045/sec)
✅ Imported 11,330,000 records (12046/sec)
✅ Imported 11,332,000 records (12047/sec)
✅ Imported 11,334,000 records (12048/sec)
✅ Imported 11,336,000 records (12049/sec)
✅ Imported 11,338,000 records (12050/sec)
✅ Imported 11,340,000 records (12051/sec)
✅ Imported 11,342,000 records (12051/sec)
✅ Imported 11,344,000 records (12052/sec)
✅ Imported 11,346,000 records (12053/sec)
✅ Imported 11,348,000 records (12054/sec)
✅ Imported 11,350,000 records (12055/sec)
✅ Imported 11,352,000 records (12056/sec)
✅ Imported 11,354,000 records (12057/sec)
✅ Imported 11,356,000 records (12058/sec)
✅ Imported 11,358,000 records (12059/sec)
✅ Imported 11,360,000 records (12060/sec)
✅ Imported 11,362,000 records (12061/sec)
✅ Imported 11,364,000 records (12062/sec)
✅ Imported 11,366,000 records (12063/sec)
✅ Imported 11,368,000 records (12063/sec)
✅ Imported 11,370,000 records (12064/sec)
✅ Imported 11,372,000 records (12065/sec)
✅ Imported 11,374,000 records (12066/sec)
✅ Imported 11,376,000 records (12067/sec)
✅ Imported 11,378,000 records (12068/sec)
✅ Imported 11,380,000 records (12068/sec)
✅ Imported 11,382,000 records (12069/sec)
✅ Imported 11,384,000 records (12070/sec)
✅ Imported 11,386,000 records (12071/sec)
✅ Imported 11,388,000 records (12072/sec)
✅ Imported 11,390,000 records (12072/sec)
✅ Imported 11,392,000 records (12073/sec)
✅ Imported 11,394,000 records (12073/sec)
✅ Imported 11,396,000 records (12074/sec)
✅ Imported 11,398,000 records (12074/sec)
✅ Imported 11,400,000 records (12075/sec)
✅ Imported 11,402,000 records (12076/sec)
✅ Imported 11,404,000 records (12076/sec)
✅ Imported 11,406,000 records (12077/sec)
✅ Imported 11,408,000 records (12077/sec)
✅ Imported 11,410,000 records (12078/sec)
✅ Imported 11,412,000 records (12079/sec)
✅ Imported 11,414,000 records (12080/sec)
✅ Imported 11,416,000 records (12081/sec)
✅ Imported 11,418,000 records (12078/sec)
✅ Imported 11,420,000 records (12073/sec)
✅ Imported 11,422,000 records (12072/sec)
✅ Imported 11,424,000 records (12071/sec)
✅ Imported 11,426,000 records (12069/sec)
✅ Imported 11,428,000 records (12068/sec)
✅ Imported 11,430,000 records (12066/sec)
✅ Imported 11,432,000 records (12067/sec)
✅ Imported 11,434,000 records (12067/sec)
✅ Imported 11,436,000 records (12068/sec)
✅ Imported 11,438,000 records (12069/sec)
✅ Imported 11,440,000 records (12070/sec)
✅ Imported 11,442,000 records (12071/sec)
✅ Imported 11,444,000 records (12072/sec)
✅ Imported 11,446,000 records (12073/sec)
✅ Imported 11,448,000 records (12074/sec)
✅ Imported 11,450,000 records (12074/sec)
✅ Imported 11,452,000 records (12075/sec)
✅ Imported 11,454,000 records (12076/sec)
✅ Imported 11,456,000 records (12077/sec)
✅ Imported 11,458,000 records (12078/sec)
✅ Imported 11,460,000 records (12079/sec)
✅ Imported 11,462,000 records (12079/sec)
✅ Imported 11,464,000 records (12080/sec)
✅ Imported 11,466,000 records (12081/sec)
✅ Imported 11,468,000 records (12082/sec)
✅ Imported 11,470,000 records (12083/sec)
✅ Imported 11,472,000 records (12084/sec)
✅ Imported 11,474,000 records (12084/sec)
✅ Imported 11,476,000 records (12085/sec)
✅ Imported 11,478,000 records (12086/sec)
✅ Imported 11,480,000 records (12087/sec)
✅ Imported 11,482,000 records (12088/sec)
✅ Imported 11,484,000 records (12089/sec)
✅ Imported 11,486,000 records (12089/sec)
✅ Imported 11,488,000 records (12088/sec)
✅ Imported 11,490,000 records (12089/sec)
✅ Imported 11,492,000 records (12090/sec)
✅ Imported 11,494,000 records (12091/sec)
✅ Imported 11,496,000 records (12092/sec)
✅ Imported 11,498,000 records (12093/sec)
✅ Imported 11,500,000 records (12094/sec)
✅ Imported 11,502,000 records (12095/sec)
✅ Imported 11,504,000 records (12096/sec)
✅ Imported 11,506,000 records (12097/sec)
✅ Imported 11,508,000 records (12098/sec)
✅ Imported 11,510,000 records (12099/sec)
✅ Imported 11,512,000 records (12100/sec)
✅ Imported 11,514,000 records (12101/sec)
✅ Imported 11,516,000 records (12101/sec)
✅ Imported 11,518,000 records (12101/sec)
✅ Imported 11,520,000 records (12102/sec)
✅ Imported 11,522,000 records (12103/sec)
✅ Imported 11,524,000 records (12104/sec)
✅ Imported 11,526,000 records (12104/sec)
✅ Imported 11,528,000 records (12105/sec)
✅ Imported 11,530,000 records (12105/sec)
✅ Imported 11,532,000 records (12106/sec)
✅ Imported 11,534,000 records (12107/sec)
✅ Imported 11,536,000 records (12108/sec)
✅ Imported 11,538,000 records (12109/sec)
✅ Imported 11,540,000 records (12110/sec)
✅ Imported 11,542,000 records (12111/sec)
✅ Imported 11,544,000 records (12111/sec)
✅ Imported 11,546,000 records (12111/sec)
✅ Imported 11,548,000 records (12112/sec)
✅ Imported 11,550,000 records (12113/sec)
✅ Imported 11,552,000 records (12114/sec)
✅ Imported 11,554,000 records (12114/sec)
✅ Imported 11,556,000 records (12115/sec)
✅ Imported 11,558,000 records (12116/sec)
✅ Imported 11,560,000 records (12117/sec)
✅ Imported 11,562,000 records (12117/sec)
✅ Imported 11,564,000 records (12118/sec)
✅ Imported 11,566,000 records (12119/sec)
✅ Imported 11,568,000 records (12120/sec)
✅ Imported 11,570,000 records (12120/sec)
✅ Imported 11,572,000 records (12121/sec)
✅ Imported 11,574,000 records (12122/sec)
✅ Imported 11,576,000 records (12123/sec)
✅ Imported 11,578,000 records (12123/sec)
✅ Imported 11,580,000 records (12120/sec)
✅ Imported 11,582,000 records (12119/sec)
✅ Imported 11,584,000 records (12120/sec)
✅ Imported 11,586,000 records (12121/sec)
✅ Imported 11,588,000 records (12122/sec)
✅ Imported 11,590,000 records (12122/sec)
✅ Imported 11,592,000 records (12122/sec)
✅ Imported 11,594,000 records (12122/sec)
✅ Imported 11,596,000 records (12123/sec)
✅ Imported 11,598,000 records (12124/sec)
✅ Imported 11,600,000 records (12124/sec)
✅ Imported 11,602,000 records (12125/sec)
✅ Imported 11,604,000 records (12126/sec)
✅ Imported 11,606,000 records (12126/sec)
✅ Imported 11,608,000 records (12127/sec)
✅ Imported 11,610,000 records (12128/sec)
✅ Imported 11,612,000 records (12129/sec)
✅ Imported 11,614,000 records (12130/sec)
✅ Imported 11,616,000 records (12131/sec)
✅ Imported 11,618,000 records (12132/sec)
✅ Imported 11,620,000 records (12132/sec)
✅ Imported 11,622,000 records (12133/sec)
✅ Imported 11,624,000 records (12134/sec)
✅ Imported 11,626,000 records (12135/sec)
✅ Imported 11,628,000 records (12136/sec)
✅ Imported 11,630,000 records (12136/sec)
✅ Imported 11,632,000 records (12137/sec)
✅ Imported 11,634,000 records (12138/sec)
✅ Imported 11,636,000 records (12139/sec)
✅ Imported 11,638,000 records (12140/sec)
✅ Imported 11,640,000 records (12141/sec)
✅ Imported 11,642,000 records (12141/sec)
✅ Imported 11,644,000 records (12142/sec)
✅ Imported 11,646,000 records (12141/sec)
✅ Imported 11,648,000 records (12142/sec)
✅ Imported 11,650,000 records (12142/sec)
✅ Imported 11,652,000 records (12143/sec)
✅ Imported 11,654,000 records (12143/sec)
✅ Imported 11,656,000 records (12141/sec)
✅ Imported 11,658,000 records (12141/sec)
✅ Imported 11,660,000 records (12142/sec)
✅ Imported 11,662,000 records (12143/sec)
✅ Imported 11,664,000 records (12144/sec)
✅ Imported 11,666,000 records (12144/sec)
✅ Imported 11,668,000 records (12145/sec)
✅ Imported 11,670,000 records (12145/sec)
✅ Imported 11,672,000 records (12146/sec)
✅ Imported 11,674,000 records (12147/sec)
✅ Imported 11,676,000 records (12148/sec)
✅ Imported 11,678,000 records (12148/sec)
✅ Imported 11,680,000 records (12149/sec)
✅ Imported 11,682,000 records (12150/sec)
✅ Imported 11,684,000 records (12150/sec)
✅ Imported 11,686,000 records (12151/sec)
✅ Imported 11,688,000 records (12152/sec)
✅ Imported 11,690,000 records (12153/sec)
✅ Imported 11,692,000 records (12153/sec)
✅ Imported 11,694,000 records (12154/sec)
✅ Imported 11,696,000 records (12154/sec)
✅ Imported 11,698,000 records (12155/sec)
✅ Imported 11,700,000 records (12156/sec)
✅ Imported 11,702,000 records (12157/sec)
✅ Imported 11,704,000 records (12157/sec)
✅ Imported 11,706,000 records (12158/sec)
✅ Imported 11,708,000 records (12159/sec)
✅ Imported 11,710,000 records (12159/sec)
✅ Imported 11,712,000 records (12159/sec)
✅ Imported 11,714,000 records (12159/sec)
✅ Imported 11,716,000 records (12160/sec)
✅ Imported 11,718,000 records (12160/sec)
✅ Imported 11,720,000 records (12161/sec)
✅ Imported 11,722,000 records (12162/sec)
✅ Imported 11,724,000 records (12162/sec)
✅ Imported 11,726,000 records (12161/sec)
✅ Imported 11,728,000 records (12162/sec)
✅ Imported 11,730,000 records (12162/sec)
✅ Imported 11,732,000 records (12163/sec)
✅ Imported 11,734,000 records (12156/sec)
✅ Imported 11,736,000 records (12156/sec)
✅ Imported 11,738,000 records (12157/sec)
✅ Imported 11,740,000 records (12158/sec)
✅ Imported 11,742,000 records (12158/sec)
✅ Imported 11,744,000 records (12159/sec)
✅ Imported 11,746,000 records (12159/sec)
✅ Imported 11,748,000 records (12160/sec)
✅ Imported 11,750,000 records (12161/sec)
✅ Imported 11,752,000 records (12162/sec)
✅ Imported 11,754,000 records (12163/sec)
✅ Imported 11,756,000 records (12150/sec)
✅ Imported 11,758,000 records (12150/sec)
✅ Imported 11,760,000 records (12151/sec)
✅ Imported 11,762,000 records (12145/sec)
✅ Imported 11,764,000 records (12144/sec)
✅ Imported 11,766,000 records (12145/sec)
✅ Imported 11,768,000 records (12145/sec)
✅ Imported 11,770,000 records (12145/sec)
✅ Imported 11,772,000 records (12145/sec)
✅ Imported 11,774,000 records (12144/sec)
✅ Imported 11,776,000 records (12144/sec)
✅ Imported 11,778,000 records (12145/sec)
✅ Imported 11,780,000 records (12145/sec)
✅ Imported 11,782,000 records (12145/sec)
✅ Imported 11,784,000 records (12146/sec)
✅ Imported 11,786,000 records (12145/sec)
✅ Imported 11,788,000 records (12144/sec)
✅ Imported 11,790,000 records (12144/sec)
✅ Imported 11,792,000 records (12142/sec)
✅ Imported 11,794,000 records (12143/sec)
✅ Imported 11,796,000 records (12141/sec)
✅ Imported 11,798,000 records (12140/sec)
✅ Imported 11,800,000 records (12140/sec)
✅ Imported 11,802,000 records (12140/sec)
✅ Imported 11,804,000 records (12141/sec)
✅ Imported 11,806,000 records (12141/sec)
✅ Imported 11,808,000 records (12139/sec)
✅ Imported 11,810,000 records (12139/sec)
✅ Imported 11,812,000 records (12140/sec)
✅ Imported 11,814,000 records (12140/sec)
✅ Imported 11,816,000 records (12140/sec)
✅ Imported 11,818,000 records (12140/sec)
✅ Imported 11,820,000 records (12141/sec)
✅ Imported 11,822,000 records (12142/sec)
✅ Imported 11,824,000 records (12142/sec)
✅ Imported 11,826,000 records (12143/sec)
✅ Imported 11,828,000 records (12143/sec)
✅ Imported 11,830,000 records (12144/sec)
✅ Imported 11,832,000 records (12144/sec)
✅ Imported 11,834,000 records (12144/sec)
✅ Imported 11,836,000 records (12145/sec)
✅ Imported 11,838,000 records (12145/sec)
✅ Imported 11,840,000 records (12146/sec)
✅ Imported 11,842,000 records (12146/sec)
✅ Imported 11,844,000 records (12140/sec)
✅ Imported 11,846,000 records (12106/sec)
✅ Imported 11,848,000 records (12096/sec)
✅ Imported 11,850,000 records (12096/sec)
✅ Imported 11,852,000 records (12097/sec)
✅ Imported 11,854,000 records (12098/sec)
✅ Imported 11,856,000 records (12099/sec)
✅ Imported 11,858,000 records (12100/sec)
✅ Imported 11,860,000 records (12101/sec)
✅ Imported 11,862,000 records (12102/sec)
✅ Imported 11,864,000 records (12102/sec)
✅ Imported 11,866,000 records (12103/sec)
✅ Imported 11,868,000 records (12104/sec)
✅ Imported 11,870,000 records (12105/sec)
✅ Imported 11,872,000 records (12105/sec)
✅ Imported 11,874,000 records (12106/sec)
✅ Imported 11,876,000 records (12107/sec)
✅ Imported 11,878,000 records (12108/sec)
✅ Imported 11,880,000 records (12109/sec)
✅ Imported 11,882,000 records (12099/sec)
✅ Imported 11,884,000 records (12098/sec)
✅ Imported 11,886,000 records (12098/sec)
✅ Imported 11,888,000 records (12097/sec)
✅ Imported 11,890,000 records (12097/sec)
✅ Imported 11,892,000 records (12098/sec)
✅ Imported 11,894,000 records (12099/sec)
✅ Imported 11,896,000 records (12100/sec)
✅ Imported 11,898,000 records (12100/sec)
✅ Imported 11,900,000 records (12100/sec)
✅ Imported 11,902,000 records (12100/sec)
✅ Imported 11,904,000 records (12101/sec)
✅ Imported 11,906,000 records (12102/sec)
✅ Imported 11,908,000 records (12102/sec)
✅ Imported 11,910,000 records (12103/sec)
✅ Imported 11,912,000 records (12104/sec)
✅ Imported 11,914,000 records (12105/sec)
✅ Imported 11,916,000 records (12106/sec)
✅ Imported 11,918,000 records (12107/sec)
✅ Imported 11,920,000 records (12107/sec)
✅ Imported 11,922,000 records (12108/sec)
✅ Imported 11,924,000 records (12109/sec)
✅ Imported 11,926,000 records (12110/sec)
✅ Imported 11,928,000 records (12111/sec)
✅ Imported 11,930,000 records (12111/sec)
✅ Imported 11,932,000 records (12112/sec)
✅ Imported 11,934,000 records (12113/sec)
✅ Imported 11,936,000 records (12114/sec)
✅ Imported 11,938,000 records (12115/sec)
✅ Imported 11,940,000 records (12116/sec)
✅ Imported 11,942,000 records (12117/sec)
✅ Imported 11,944,000 records (12117/sec)
✅ Imported 11,946,000 records (12118/sec)
✅ Imported 11,948,000 records (12119/sec)
✅ Imported 11,950,000 records (12119/sec)
✅ Imported 11,952,000 records (12120/sec)
✅ Imported 11,954,000 records (12121/sec)
✅ Imported 11,956,000 records (12121/sec)
✅ Imported 11,958,000 records (12122/sec)
✅ Imported 11,960,000 records (12119/sec)
✅ Imported 11,962,000 records (12053/sec)
✅ Imported 11,964,000 records (11987/sec)
✅ Imported 11,966,000 records (11804/sec)
✅ Imported 11,968,000 records (11801/sec)
✅ Imported 11,970,000 records (11799/sec)
✅ Imported 11,972,000 records (11798/sec)
✅ Imported 11,974,000 records (11798/sec)
✅ Imported 11,976,000 records (11798/sec)
✅ Imported 11,978,000 records (11797/sec)
✅ Imported 11,980,000 records (11797/sec)
✅ Imported 11,982,000 records (11798/sec)
✅ Imported 11,984,000 records (11798/sec)
✅ Imported 11,986,000 records (11799/sec)
✅ Imported 11,988,000 records (11799/sec)
✅ Imported 11,990,000 records (11800/sec)
✅ Imported 11,992,000 records (11794/sec)
✅ Imported 11,994,000 records (11791/sec)
✅ Imported 11,996,000 records (11791/sec)
✅ Imported 11,998,000 records (11789/sec)
✅ Imported 12,000,000 records (11789/sec)
✅ Imported 12,002,000 records (11790/sec)
✅ Imported 12,004,000 records (11790/sec)
✅ Imported 12,006,000 records (11791/sec)
✅ Imported 12,008,000 records (11792/sec)
✅ Imported 12,010,000 records (11792/sec)
✅ Imported 12,012,000 records (11793/sec)
✅ Imported 12,014,000 records (11794/sec)
✅ Imported 12,016,000 records (11795/sec)
✅ Imported 12,018,000 records (11796/sec)
✅ Imported 12,020,000 records (11797/sec)
✅ Imported 12,022,000 records (11798/sec)
✅ Imported 12,024,000 records (11799/sec)
✅ Imported 12,026,000 records (11800/sec)
✅ Imported 12,028,000 records (11801/sec)
✅ Imported 12,030,000 records (11802/sec)
✅ Imported 12,032,000 records (11801/sec)
✅ Imported 12,034,000 records (11802/sec)
✅ Imported 12,036,000 records (11802/sec)
✅ Imported 12,038,000 records (11803/sec)
✅ Imported 12,040,000 records (11803/sec)
✅ Imported 12,042,000 records (11804/sec)
✅ Imported 12,044,000 records (11805/sec)
✅ Imported 12,046,000 records (11805/sec)
✅ Imported 12,048,000 records (11806/sec)
✅ Imported 12,050,000 records (11807/sec)
✅ Imported 12,052,000 records (11807/sec)
✅ Imported 12,054,000 records (11808/sec)
✅ Imported 12,056,000 records (11808/sec)
✅ Imported 12,058,000 records (11808/sec)
✅ Imported 12,060,000 records (11809/sec)
✅ Imported 12,062,000 records (11809/sec)
✅ Imported 12,064,000 records (11810/sec)
✅ Imported 12,066,000 records (11811/sec)
✅ Imported 12,068,000 records (11812/sec)
✅ Imported 12,070,000 records (11813/sec)
✅ Imported 12,072,000 records (11814/sec)
✅ Imported 12,074,000 records (11815/sec)
✅ Imported 12,076,000 records (11816/sec)
✅ Imported 12,078,000 records (11817/sec)
✅ Imported 12,080,000 records (11817/sec)
✅ Imported 12,082,000 records (11818/sec)
✅ Imported 12,084,000 records (11819/sec)
✅ Imported 12,086,000 records (11821/sec)
✅ Imported 12,088,000 records (11822/sec)
✅ Imported 12,090,000 records (11823/sec)
✅ Imported 12,092,000 records (11824/sec)
✅ Imported 12,094,000 records (11825/sec)
✅ Imported 12,096,000 records (11827/sec)
✅ Imported 12,098,000 records (11828/sec)
✅ Imported 12,100,000 records (11829/sec)
✅ Imported 12,102,000 records (11830/sec)
✅ Imported 12,104,000 records (11831/sec)
✅ Imported 12,106,000 records (11832/sec)
✅ Imported 12,108,000 records (11833/sec)
✅ Imported 12,110,000 records (11834/sec)
✅ Imported 12,112,000 records (11835/sec)
✅ Imported 12,114,000 records (11836/sec)
✅ Imported 12,116,000 records (11837/sec)
✅ Imported 12,118,000 records (11838/sec)
✅ Imported 12,120,000 records (11839/sec)
✅ Imported 12,122,000 records (11840/sec)
✅ Imported 12,124,000 records (11841/sec)
✅ Imported 12,126,000 records (11842/sec)
✅ Imported 12,128,000 records (11844/sec)
✅ Imported 12,130,000 records (11845/sec)
✅ Imported 12,132,000 records (11846/sec)
✅ Imported 12,134,000 records (11847/sec)
✅ Imported 12,136,000 records (11847/sec)
✅ Imported 12,138,000 records (11848/sec)
✅ Imported 12,140,000 records (11849/sec)
✅ Imported 12,142,000 records (11850/sec)
✅ Imported 12,144,000 records (11851/sec)
✅ Imported 12,146,000 records (11852/sec)
✅ Imported 12,148,000 records (11853/sec)
✅ Imported 12,150,000 records (11854/sec)
✅ Imported 12,152,000 records (11855/sec)
✅ Imported 12,154,000 records (11856/sec)
✅ Imported 12,156,000 records (11857/sec)
✅ Imported 12,158,000 records (11858/sec)
✅ Imported 12,160,000 records (11858/sec)
✅ Imported 12,162,000 records (11859/sec)
✅ Imported 12,164,000 records (11860/sec)
✅ Imported 12,166,000 records (11861/sec)
✅ Imported 12,168,000 records (11862/sec)
✅ Imported 12,170,000 records (11863/sec)
✅ Imported 12,172,000 records (11864/sec)
✅ Imported 12,174,000 records (11865/sec)
✅ Imported 12,176,000 records (11866/sec)
✅ Imported 12,178,000 records (11866/sec)
✅ Imported 12,180,000 records (11868/sec)
✅ Imported 12,182,000 records (11869/sec)
✅ Imported 12,184,000 records (11870/sec)
✅ Imported 12,186,000 records (11870/sec)
✅ Imported 12,188,000 records (11871/sec)
✅ Imported 12,190,000 records (11872/sec)
✅ Imported 12,192,000 records (11873/sec)
✅ Imported 12,194,000 records (11874/sec)
✅ Imported 12,196,000 records (11874/sec)
✅ Imported 12,198,000 records (11875/sec)
✅ Imported 12,200,000 records (11876/sec)
✅ Imported 12,202,000 records (11877/sec)
✅ Imported 12,204,000 records (11878/sec)
✅ Imported 12,206,000 records (11879/sec)
✅ Imported 12,208,000 records (11880/sec)
✅ Imported 12,210,000 records (11881/sec)
✅ Imported 12,212,000 records (11882/sec)
✅ Imported 12,214,000 records (11883/sec)
✅ Imported 12,216,000 records (11884/sec)
✅ Imported 12,218,000 records (11885/sec)
✅ Imported 12,220,000 records (11886/sec)
✅ Imported 12,222,000 records (11887/sec)
✅ Imported 12,224,000 records (11888/sec)
✅ Imported 12,226,000 records (11887/sec)
✅ Imported 12,228,000 records (11888/sec)
✅ Imported 12,230,000 records (11889/sec)
✅ Imported 12,232,000 records (11890/sec)
✅ Imported 12,234,000 records (11891/sec)
✅ Imported 12,236,000 records (11892/sec)
✅ Imported 12,238,000 records (11893/sec)
✅ Imported 12,240,000 records (11894/sec)
✅ Imported 12,242,000 records (11895/sec)
✅ Imported 12,244,000 records (11896/sec)
✅ Imported 12,246,000 records (11897/sec)
✅ Imported 12,248,000 records (11898/sec)
✅ Imported 12,250,000 records (11900/sec)
✅ Imported 12,252,000 records (11901/sec)
✅ Imported 12,254,000 records (11902/sec)
✅ Imported 12,256,000 records (11903/sec)
✅ Imported 12,258,000 records (11904/sec)
✅ Imported 12,260,000 records (11906/sec)
✅ Imported 12,262,000 records (11907/sec)
✅ Imported 12,264,000 records (11908/sec)
✅ Imported 12,266,000 records (11909/sec)
✅ Imported 12,268,000 records (11910/sec)
✅ Imported 12,270,000 records (11911/sec)
✅ Imported 12,272,000 records (11912/sec)
✅ Imported 12,274,000 records (11913/sec)
✅ Imported 12,276,000 records (11914/sec)
✅ Imported 12,278,000 records (11915/sec)
✅ Imported 12,280,000 records (11916/sec)
✅ Imported 12,282,000 records (11917/sec)
✅ Imported 12,284,000 records (11918/sec)
✅ Imported 12,286,000 records (11919/sec)
✅ Imported 12,288,000 records (11920/sec)
✅ Imported 12,290,000 records (11921/sec)
✅ Imported 12,292,000 records (11922/sec)
✅ Imported 12,294,000 records (11923/sec)
✅ Imported 12,296,000 records (11923/sec)
✅ Imported 12,298,000 records (11924/sec)
✅ Imported 12,300,000 records (11925/sec)
✅ Imported 12,302,000 records (11926/sec)
✅ Imported 12,304,000 records (11927/sec)
✅ Imported 12,306,000 records (11928/sec)
✅ Imported 12,308,000 records (11929/sec)
✅ Imported 12,310,000 records (11930/sec)
✅ Imported 12,312,000 records (11931/sec)
✅ Imported 12,314,000 records (11932/sec)
✅ Imported 12,316,000 records (11930/sec)
✅ Imported 12,318,000 records (11931/sec)
✅ Imported 12,320,000 records (11931/sec)
✅ Imported 12,322,000 records (11933/sec)
✅ Imported 12,324,000 records (11934/sec)
✅ Imported 12,326,000 records (11935/sec)
✅ Imported 12,328,000 records (11936/sec)
✅ Imported 12,330,000 records (11937/sec)
✅ Imported 12,332,000 records (11938/sec)
✅ Imported 12,334,000 records (11939/sec)
✅ Imported 12,336,000 records (11940/sec)
✅ Imported 12,338,000 records (11941/sec)
✅ Imported 12,340,000 records (11942/sec)
✅ Imported 12,342,000 records (11943/sec)
✅ Imported 12,344,000 records (11944/sec)
✅ Imported 12,346,000 records (11945/sec)
✅ Imported 12,348,000 records (11946/sec)
✅ Imported 12,350,000 records (11947/sec)
✅ Imported 12,352,000 records (11948/sec)
✅ Imported 12,354,000 records (11949/sec)
✅ Imported 12,356,000 records (11950/sec)
✅ Imported 12,358,000 records (11950/sec)
✅ Imported 12,360,000 records (11951/sec)
✅ Imported 12,362,000 records (11952/sec)
✅ Imported 12,364,000 records (11953/sec)
✅ Imported 12,366,000 records (11954/sec)
✅ Imported 12,368,000 records (11953/sec)
✅ Imported 12,370,000 records (11953/sec)
✅ Imported 12,372,000 records (11954/sec)
✅ Imported 12,374,000 records (11954/sec)
✅ Imported 12,376,000 records (11955/sec)
✅ Imported 12,378,000 records (11956/sec)
✅ Imported 12,380,000 records (11956/sec)
✅ Imported 12,382,000 records (11956/sec)
✅ Imported 12,384,000 records (11957/sec)
✅ Imported 12,386,000 records (11957/sec)
✅ Imported 12,388,000 records (11957/sec)
✅ Imported 12,390,000 records (11958/sec)
✅ Imported 12,392,000 records (11958/sec)
✅ Imported 12,394,000 records (11959/sec)
✅ Imported 12,396,000 records (11959/sec)
✅ Imported 12,398,000 records (11960/sec)
✅ Imported 12,400,000 records (11960/sec)
✅ Imported 12,402,000 records (11960/sec)
✅ Imported 12,404,000 records (11961/sec)
✅ Imported 12,406,000 records (11962/sec)
✅ Imported 12,408,000 records (11963/sec)
✅ Imported 12,410,000 records (11964/sec)
✅ Imported 12,412,000 records (11964/sec)
✅ Imported 12,414,000 records (11965/sec)
✅ Imported 12,416,000 records (11966/sec)
✅ Imported 12,418,000 records (11967/sec)
✅ Imported 12,420,000 records (11968/sec)
✅ Imported 12,422,000 records (11968/sec)
✅ Imported 12,424,000 records (11969/sec)
✅ Imported 12,426,000 records (11968/sec)
✅ Imported 12,428,000 records (11969/sec)
✅ Imported 12,430,000 records (11970/sec)
✅ Imported 12,432,000 records (11971/sec)
✅ Imported 12,434,000 records (11971/sec)
✅ Imported 12,436,000 records (11972/sec)
✅ Imported 12,438,000 records (11973/sec)
✅ Imported 12,440,000 records (11974/sec)
✅ Imported 12,442,000 records (11971/sec)
✅ Imported 12,444,000 records (11968/sec)
✅ Imported 12,446,000 records (11967/sec)
✅ Imported 12,448,000 records (11967/sec)
✅ Imported 12,450,000 records (11966/sec)
✅ Imported 12,452,000 records (11966/sec)
✅ Imported 12,454,000 records (11965/sec)
✅ Imported 12,456,000 records (11965/sec)
✅ Imported 12,458,000 records (11964/sec)
✅ Imported 12,460,000 records (11963/sec)
✅ Imported 12,462,000 records (11963/sec)
✅ Imported 12,464,000 records (11962/sec)
✅ Imported 12,466,000 records (11962/sec)
✅ Imported 12,468,000 records (11961/sec)
✅ Imported 12,470,000 records (11961/sec)
✅ Imported 12,472,000 records (11960/sec)
✅ Imported 12,474,000 records (11960/sec)
✅ Imported 12,476,000 records (11961/sec)
✅ Imported 12,478,000 records (11962/sec)
✅ Imported 12,480,000 records (11963/sec)
✅ Imported 12,482,000 records (11963/sec)
✅ Imported 12,484,000 records (11964/sec)
✅ Imported 12,486,000 records (11965/sec)
✅ Imported 12,488,000 records (11965/sec)
✅ Imported 12,490,000 records (11966/sec)
✅ Imported 12,492,000 records (11966/sec)
✅ Imported 12,494,000 records (11966/sec)
✅ Imported 12,496,000 records (11966/sec)
✅ Imported 12,498,000 records (11967/sec)
✅ Imported 12,500,000 records (11968/sec)
✅ Imported 12,502,000 records (11968/sec)
✅ Imported 12,504,000 records (11968/sec)
✅ Imported 12,506,000 records (11969/sec)
✅ Imported 12,508,000 records (11970/sec)
✅ Imported 12,510,000 records (11969/sec)
✅ Imported 12,512,000 records (11970/sec)
✅ Imported 12,514,000 records (11971/sec)
✅ Imported 12,516,000 records (11972/sec)
✅ Imported 12,518,000 records (11972/sec)
✅ Imported 12,520,000 records (11973/sec)
✅ Imported 12,522,000 records (11974/sec)
✅ Imported 12,524,000 records (11973/sec)
✅ Imported 12,526,000 records (11973/sec)
✅ Imported 12,528,000 records (11974/sec)
✅ Imported 12,530,000 records (11975/sec)
✅ Imported 12,532,000 records (11975/sec)
✅ Imported 12,534,000 records (11976/sec)
✅ Imported 12,536,000 records (11977/sec)
✅ Imported 12,538,000 records (11978/sec)
✅ Imported 12,540,000 records (11979/sec)
✅ Imported 12,542,000 records (11980/sec)
✅ Imported 12,544,000 records (11980/sec)
✅ Imported 12,546,000 records (11981/sec)
✅ Imported 12,548,000 records (11981/sec)
✅ Imported 12,550,000 records (11982/sec)
✅ Imported 12,552,000 records (11983/sec)
✅ Imported 12,554,000 records (11983/sec)
✅ Imported 12,556,000 records (11983/sec)
✅ Imported 12,558,000 records (11977/sec)
✅ Imported 12,560,000 records (11976/sec)
✅ Imported 12,562,000 records (11976/sec)
✅ Imported 12,564,000 records (11976/sec)
✅ Imported 12,566,000 records (11976/sec)
✅ Imported 12,568,000 records (11977/sec)
✅ Imported 12,570,000 records (11977/sec)
✅ Imported 12,572,000 records (11977/sec)
✅ Imported 12,574,000 records (11978/sec)
✅ Imported 12,576,000 records (11978/sec)
✅ Imported 12,578,000 records (11967/sec)
✅ Imported 12,580,000 records (11967/sec)
✅ Imported 12,582,000 records (11962/sec)
✅ Imported 12,584,000 records (11962/sec)
✅ Imported 12,586,000 records (11961/sec)
✅ Imported 12,588,000 records (11961/sec)
✅ Imported 12,590,000 records (11962/sec)
✅ Imported 12,592,000 records (11963/sec)
✅ Imported 12,594,000 records (11964/sec)
✅ Imported 12,596,000 records (11965/sec)
✅ Imported 12,598,000 records (11966/sec)
✅ Imported 12,600,000 records (11967/sec)
✅ Imported 12,602,000 records (11967/sec)
✅ Imported 12,604,000 records (11968/sec)
✅ Imported 12,606,000 records (11965/sec)
✅ Imported 12,608,000 records (11966/sec)
✅ Imported 12,610,000 records (11967/sec)
✅ Imported 12,612,000 records (11966/sec)
✅ Imported 12,614,000 records (11966/sec)
✅ Imported 12,616,000 records (11966/sec)
✅ Imported 12,618,000 records (11966/sec)
✅ Imported 12,620,000 records (11966/sec)
✅ Imported 12,622,000 records (11966/sec)
✅ Imported 12,624,000 records (11967/sec)
✅ Imported 12,626,000 records (11968/sec)
✅ Imported 12,628,000 records (11969/sec)
✅ Imported 12,630,000 records (11969/sec)
✅ Imported 12,632,000 records (11969/sec)
✅ Imported 12,634,000 records (11969/sec)
✅ Imported 12,636,000 records (11970/sec)
✅ Imported 12,638,000 records (11971/sec)
✅ Imported 12,640,000 records (11971/sec)
✅ Imported 12,642,000 records (11972/sec)
✅ Imported 12,644,000 records (11973/sec)
✅ Imported 12,646,000 records (11973/sec)
✅ Imported 12,648,000 records (11972/sec)
✅ Imported 12,650,000 records (11973/sec)
✅ Imported 12,652,000 records (11973/sec)
✅ Imported 12,654,000 records (11974/sec)
✅ Imported 12,656,000 records (11975/sec)
✅ Imported 12,658,000 records (11975/sec)
✅ Imported 12,660,000 records (11975/sec)
✅ Imported 12,662,000 records (11976/sec)
✅ Imported 12,664,000 records (11976/sec)
✅ Imported 12,666,000 records (11977/sec)
✅ Imported 12,668,000 records (11978/sec)
✅ Imported 12,670,000 records (11978/sec)
✅ Imported 12,672,000 records (11979/sec)
✅ Imported 12,674,000 records (11979/sec)
✅ Imported 12,676,000 records (11980/sec)
✅ Imported 12,678,000 records (11981/sec)
✅ Imported 12,680,000 records (11982/sec)
✅ Imported 12,682,000 records (11982/sec)
✅ Imported 12,684,000 records (11983/sec)
✅ Imported 12,686,000 records (11984/sec)
✅ Imported 12,688,000 records (11985/sec)
✅ Imported 12,690,000 records (11986/sec)
✅ Imported 12,692,000 records (11987/sec)
✅ Imported 12,694,000 records (11988/sec)
✅ Imported 12,696,000 records (11988/sec)
✅ Imported 12,698,000 records (11989/sec)
✅ Imported 12,700,000 records (11990/sec)
✅ Imported 12,702,000 records (11991/sec)
✅ Imported 12,704,000 records (11991/sec)
✅ Imported 12,706,000 records (11992/sec)
✅ Imported 12,708,000 records (11993/sec)
✅ Imported 12,710,000 records (11994/sec)
✅ Imported 12,712,000 records (11995/sec)
✅ Imported 12,714,000 records (11995/sec)
✅ Imported 12,716,000 records (11995/sec)
✅ Imported 12,718,000 records (11996/sec)
✅ Imported 12,720,000 records (11996/sec)
✅ Imported 12,722,000 records (11996/sec)
✅ Imported 12,724,000 records (11997/sec)
✅ Imported 12,726,000 records (11998/sec)
✅ Imported 12,728,000 records (11998/sec)
✅ Imported 12,730,000 records (11999/sec)
✅ Imported 12,732,000 records (11999/sec)
✅ Imported 12,734,000 records (11999/sec)
✅ Imported 12,736,000 records (12000/sec)
✅ Imported 12,738,000 records (12001/sec)
✅ Imported 12,740,000 records (12001/sec)
✅ Imported 12,742,000 records (12002/sec)
✅ Imported 12,744,000 records (12003/sec)
✅ Imported 12,746,000 records (12003/sec)
✅ Imported 12,748,000 records (12004/sec)
✅ Imported 12,750,000 records (12005/sec)
✅ Imported 12,752,000 records (12003/sec)
✅ Imported 12,754,000 records (12004/sec)
✅ Imported 12,756,000 records (12005/sec)
✅ Imported 12,758,000 records (12005/sec)
✅ Imported 12,760,000 records (12006/sec)
✅ Imported 12,762,000 records (12007/sec)
✅ Imported 12,764,000 records (12008/sec)
✅ Imported 12,766,000 records (12009/sec)
✅ Imported 12,768,000 records (12009/sec)
✅ Imported 12,770,000 records (12010/sec)
✅ Imported 12,772,000 records (12011/sec)
✅ Imported 12,774,000 records (12012/sec)
✅ Imported 12,776,000 records (12012/sec)
✅ Imported 12,778,000 records (12013/sec)
✅ Imported 12,780,000 records (12012/sec)
✅ Imported 12,782,000 records (12012/sec)
✅ Imported 12,784,000 records (12013/sec)
✅ Imported 12,786,000 records (12014/sec)
✅ Imported 12,788,000 records (12015/sec)
✅ Imported 12,790,000 records (12015/sec)
✅ Imported 12,792,000 records (12016/sec)
✅ Imported 12,794,000 records (12017/sec)
✅ Imported 12,796,000 records (12017/sec)
✅ Imported 12,798,000 records (12018/sec)
✅ Imported 12,800,000 records (12018/sec)
✅ Imported 12,802,000 records (12019/sec)
✅ Imported 12,804,000 records (12019/sec)
✅ Imported 12,806,000 records (12019/sec)
✅ Imported 12,808,000 records (12019/sec)
✅ Imported 12,810,000 records (12019/sec)
✅ Imported 12,812,000 records (12018/sec)
✅ Imported 12,814,000 records (12018/sec)
✅ Imported 12,816,000 records (12017/sec)
✅ Imported 12,818,000 records (12014/sec)
✅ Imported 12,820,000 records (12013/sec)
✅ Imported 12,822,000 records (12013/sec)
✅ Imported 12,824,000 records (12014/sec)
✅ Imported 12,826,000 records (12015/sec)
✅ Imported 12,828,000 records (12015/sec)
✅ Imported 12,830,000 records (12015/sec)
✅ Imported 12,832,000 records (12015/sec)
✅ Imported 12,834,000 records (12016/sec)
✅ Imported 12,836,000 records (12016/sec)
✅ Imported 12,838,000 records (12015/sec)
✅ Imported 12,840,000 records (12013/sec)
✅ Imported 12,842,000 records (12012/sec)
✅ Imported 12,844,000 records (12013/sec)
✅ Imported 12,846,000 records (12014/sec)
✅ Imported 12,848,000 records (12014/sec)
✅ Imported 12,850,000 records (12015/sec)
✅ Imported 12,852,000 records (12016/sec)
✅ Imported 12,854,000 records (12017/sec)
✅ Imported 12,856,000 records (12018/sec)
✅ Imported 12,858,000 records (12019/sec)
✅ Imported 12,860,000 records (12019/sec)
✅ Imported 12,862,000 records (12020/sec)
✅ Imported 12,864,000 records (12021/sec)
✅ Imported 12,866,000 records (12022/sec)
✅ Imported 12,868,000 records (12022/sec)
✅ Imported 12,870,000 records (12023/sec)
✅ Imported 12,872,000 records (12024/sec)
✅ Imported 12,874,000 records (12025/sec)
✅ Imported 12,876,000 records (12025/sec)
✅ Imported 12,878,000 records (12026/sec)
✅ Imported 12,880,000 records (12026/sec)
✅ Imported 12,882,000 records (12027/sec)
✅ Imported 12,884,000 records (12028/sec)
✅ Imported 12,886,000 records (12029/sec)
✅ Imported 12,888,000 records (12029/sec)
✅ Imported 12,890,000 records (12030/sec)
✅ Imported 12,892,000 records (12031/sec)
✅ Imported 12,894,000 records (12031/sec)
✅ Imported 12,896,000 records (12031/sec)
✅ Imported 12,898,000 records (12032/sec)
✅ Imported 12,900,000 records (12032/sec)
✅ Imported 12,902,000 records (12032/sec)
✅ Imported 12,904,000 records (12033/sec)
✅ Imported 12,906,000 records (12033/sec)
✅ Imported 12,908,000 records (12034/sec)
✅ Imported 12,910,000 records (12035/sec)
✅ Imported 12,912,000 records (12036/sec)
✅ Imported 12,914,000 records (12037/sec)
✅ Imported 12,916,000 records (12038/sec)
✅ Imported 12,918,000 records (12038/sec)
✅ Imported 12,920,000 records (12039/sec)
✅ Imported 12,922,000 records (12040/sec)
✅ Imported 12,924,000 records (12040/sec)
✅ Imported 12,926,000 records (12040/sec)
✅ Imported 12,928,000 records (12041/sec)
✅ Imported 12,930,000 records (12041/sec)
✅ Imported 12,932,000 records (12042/sec)
✅ Imported 12,934,000 records (12043/sec)
✅ Imported 12,936,000 records (12044/sec)
✅ Imported 12,938,000 records (12030/sec)
✅ Imported 12,940,000 records (12028/sec)
✅ Imported 12,942,000 records (12028/sec)
✅ Imported 12,944,000 records (12029/sec)
✅ Imported 12,946,000 records (12029/sec)
✅ Imported 12,948,000 records (12029/sec)
✅ Imported 12,950,000 records (12029/sec)
✅ Imported 12,952,000 records (12029/sec)
✅ Imported 12,954,000 records (12030/sec)
✅ Imported 12,956,000 records (12030/sec)
✅ Imported 12,958,000 records (12031/sec)
✅ Imported 12,960,000 records (12032/sec)
✅ Imported 12,962,000 records (12033/sec)
✅ Imported 12,964,000 records (12033/sec)
✅ Imported 12,966,000 records (12034/sec)
✅ Imported 12,968,000 records (12034/sec)
✅ Imported 12,970,000 records (12035/sec)
✅ Imported 12,972,000 records (12036/sec)
✅ Imported 12,974,000 records (12037/sec)
✅ Imported 12,976,000 records (12037/sec)
✅ Imported 12,978,000 records (12038/sec)
✅ Imported 12,980,000 records (12039/sec)
✅ Imported 12,982,000 records (12040/sec)
✅ Imported 12,984,000 records (12041/sec)
✅ Imported 12,986,000 records (12041/sec)
✅ Imported 12,988,000 records (12042/sec)
✅ Imported 12,990,000 records (12042/sec)
✅ Imported 12,992,000 records (12043/sec)
✅ Imported 12,994,000 records (12044/sec)
✅ Imported 12,996,000 records (12044/sec)
✅ Imported 12,998,000 records (12045/sec)
✅ Imported 13,000,000 records (12046/sec)
✅ Imported 13,002,000 records (12047/sec)
✅ Imported 13,004,000 records (12048/sec)
✅ Imported 13,006,000 records (12049/sec)
✅ Imported 13,008,000 records (12049/sec)
✅ Imported 13,010,000 records (12048/sec)
✅ Imported 13,012,000 records (12049/sec)
✅ Imported 13,014,000 records (12049/sec)
✅ Imported 13,016,000 records (12050/sec)
✅ Imported 13,018,000 records (12050/sec)
✅ Imported 13,020,000 records (12051/sec)
✅ Imported 13,022,000 records (12045/sec)
✅ Imported 13,024,000 records (12043/sec)
✅ Imported 13,026,000 records (12044/sec)
✅ Imported 13,028,000 records (12045/sec)
✅ Imported 13,030,000 records (12045/sec)
✅ Imported 13,032,000 records (12046/sec)
✅ Imported 13,034,000 records (12047/sec)
✅ Imported 13,036,000 records (12048/sec)
✅ Imported 13,038,000 records (12048/sec)
✅ Imported 13,040,000 records (12049/sec)
✅ Imported 13,042,000 records (12050/sec)
✅ Imported 13,044,000 records (12051/sec)
✅ Imported 13,046,000 records (12051/sec)
✅ Imported 13,048,000 records (12052/sec)
✅ Imported 13,050,000 records (12053/sec)
✅ Imported 13,052,000 records (12053/sec)
✅ Imported 13,054,000 records (12054/sec)
✅ Imported 13,056,000 records (12055/sec)
✅ Imported 13,058,000 records (12056/sec)
✅ Imported 13,060,000 records (12056/sec)
✅ Imported 13,062,000 records (12057/sec)
✅ Imported 13,064,000 records (12058/sec)
✅ Imported 13,066,000 records (12059/sec)
✅ Imported 13,068,000 records (12060/sec)
✅ Imported 13,070,000 records (12060/sec)
✅ Imported 13,072,000 records (12061/sec)
✅ Imported 13,074,000 records (12062/sec)
✅ Imported 13,076,000 records (12063/sec)
✅ Imported 13,078,000 records (12064/sec)
✅ Imported 13,080,000 records (12065/sec)
✅ Imported 13,082,000 records (12066/sec)
✅ Imported 13,084,000 records (12066/sec)
✅ Imported 13,086,000 records (12066/sec)
✅ Imported 13,088,000 records (12067/sec)
✅ Imported 13,090,000 records (12067/sec)
✅ Imported 13,092,000 records (12068/sec)
✅ Imported 13,094,000 records (12069/sec)
✅ Imported 13,096,000 records (12066/sec)
✅ Imported 13,098,000 records (12067/sec)
✅ Imported 13,100,000 records (12067/sec)
✅ Imported 13,102,000 records (12067/sec)
✅ Imported 13,104,000 records (12068/sec)
✅ Imported 13,106,000 records (12068/sec)
✅ Imported 13,108,000 records (12068/sec)
✅ Imported 13,110,000 records (12069/sec)
✅ Imported 13,112,000 records (12064/sec)
✅ Imported 13,114,000 records (12065/sec)
✅ Imported 13,116,000 records (12066/sec)
✅ Imported 13,118,000 records (12066/sec)
✅ Imported 13,120,000 records (12067/sec)
✅ Imported 13,122,000 records (12064/sec)
✅ Imported 13,124,000 records (12057/sec)
✅ Imported 13,126,000 records (12049/sec)
✅ Imported 13,128,000 records (12050/sec)
✅ Imported 13,130,000 records (12051/sec)
✅ Imported 13,132,000 records (12052/sec)
✅ Imported 13,134,000 records (12053/sec)
✅ Imported 13,136,000 records (12054/sec)
✅ Imported 13,138,000 records (12055/sec)
✅ Imported 13,140,000 records (12056/sec)
✅ Imported 13,142,000 records (12057/sec)
✅ Imported 13,144,000 records (12058/sec)
✅ Imported 13,146,000 records (12059/sec)
✅ Imported 13,148,000 records (12060/sec)
✅ Imported 13,150,000 records (12061/sec)
✅ Imported 13,152,000 records (12062/sec)
✅ Imported 13,154,000 records (12063/sec)
✅ Imported 13,156,000 records (12064/sec)
✅ Imported 13,158,000 records (12065/sec)
✅ Imported 13,160,000 records (12066/sec)
✅ Imported 13,162,000 records (12067/sec)
✅ Imported 13,164,000 records (12068/sec)
✅ Imported 13,166,000 records (12069/sec)
✅ Imported 13,168,000 records (12070/sec)
✅ Imported 13,170,000 records (12071/sec)
✅ Imported 13,172,000 records (12072/sec)
✅ Imported 13,174,000 records (12073/sec)
✅ Imported 13,176,000 records (12074/sec)
✅ Imported 13,178,000 records (12075/sec)
✅ Imported 13,180,000 records (12076/sec)
✅ Imported 13,182,000 records (12077/sec)
✅ Imported 13,184,000 records (12077/sec)
✅ Imported 13,186,000 records (12078/sec)
✅ Imported 13,188,000 records (12079/sec)
✅ Imported 13,190,000 records (12080/sec)
✅ Imported 13,192,000 records (12082/sec)
✅ Imported 13,194,000 records (12083/sec)
✅ Imported 13,196,000 records (12084/sec)
✅ Imported 13,198,000 records (12085/sec)
✅ Imported 13,200,000 records (12086/sec)
✅ Imported 13,202,000 records (12087/sec)
✅ Imported 13,204,000 records (12088/sec)
✅ Imported 13,206,000 records (12088/sec)
✅ Imported 13,208,000 records (12089/sec)
✅ Imported 13,210,000 records (12090/sec)
✅ Imported 13,212,000 records (12091/sec)
✅ Imported 13,214,000 records (12092/sec)
✅ Imported 13,216,000 records (12093/sec)
✅ Imported 13,218,000 records (12094/sec)
✅ Imported 13,220,000 records (12095/sec)
✅ Imported 13,222,000 records (12096/sec)
✅ Imported 13,224,000 records (12097/sec)
✅ Imported 13,226,000 records (12098/sec)
✅ Imported 13,228,000 records (12099/sec)
✅ Imported 13,230,000 records (12100/sec)
✅ Imported 13,232,000 records (12101/sec)
✅ Imported 13,234,000 records (12102/sec)
✅ Imported 13,236,000 records (12103/sec)
✅ Imported 13,238,000 records (12103/sec)
✅ Imported 13,240,000 records (12104/sec)
✅ Imported 13,242,000 records (12106/sec)
✅ Imported 13,244,000 records (12107/sec)
✅ Imported 13,246,000 records (12107/sec)
✅ Imported 13,248,000 records (12108/sec)
✅ Imported 13,250,000 records (12109/sec)
✅ Imported 13,252,000 records (12110/sec)
✅ Imported 13,254,000 records (12108/sec)
✅ Imported 13,256,000 records (12109/sec)
✅ Imported 13,258,000 records (12109/sec)
✅ Imported 13,260,000 records (12110/sec)
✅ Imported 13,262,000 records (12111/sec)
✅ Imported 13,264,000 records (12112/sec)
✅ Imported 13,266,000 records (12113/sec)
✅ Imported 13,268,000 records (12114/sec)
✅ Imported 13,270,000 records (12115/sec)
✅ Imported 13,272,000 records (12116/sec)
✅ Imported 13,274,000 records (12117/sec)
✅ Imported 13,276,000 records (12118/sec)
✅ Imported 13,278,000 records (12107/sec)
✅ Imported 13,280,000 records (12107/sec)
✅ Imported 13,282,000 records (12107/sec)
✅ Imported 13,284,000 records (12108/sec)
✅ Imported 13,286,000 records (12108/sec)
✅ Imported 13,288,000 records (12109/sec)
✅ Imported 13,290,000 records (12110/sec)
✅ Imported 13,292,000 records (12094/sec)
✅ Imported 13,294,000 records (12091/sec)
✅ Imported 13,296,000 records (12091/sec)
✅ Imported 13,298,000 records (12090/sec)
✅ Imported 13,300,000 records (12089/sec)
✅ Imported 13,302,000 records (12088/sec)
✅ Imported 13,304,000 records (12086/sec)
✅ Imported 13,306,000 records (12086/sec)
✅ Imported 13,308,000 records (12087/sec)
✅ Imported 13,310,000 records (12088/sec)
✅ Imported 13,312,000 records (12089/sec)
✅ Imported 13,314,000 records (12089/sec)
✅ Imported 13,316,000 records (12090/sec)
✅ Imported 13,318,000 records (12091/sec)
✅ Imported 13,320,000 records (12091/sec)
✅ Imported 13,322,000 records (12092/sec)
✅ Imported 13,324,000 records (12093/sec)
✅ Imported 13,326,000 records (12093/sec)
✅ Imported 13,328,000 records (12094/sec)
✅ Imported 13,330,000 records (12095/sec)
✅ Imported 13,332,000 records (12096/sec)
✅ Imported 13,334,000 records (12097/sec)
✅ Imported 13,336,000 records (12097/sec)
✅ Imported 13,338,000 records (12098/sec)
✅ Imported 13,340,000 records (12099/sec)
✅ Imported 13,342,000 records (12100/sec)
✅ Imported 13,344,000 records (12101/sec)
✅ Imported 13,346,000 records (12102/sec)
✅ Imported 13,348,000 records (12103/sec)
✅ Imported 13,350,000 records (12104/sec)
✅ Imported 13,352,000 records (12105/sec)
✅ Imported 13,354,000 records (12106/sec)
✅ Imported 13,356,000 records (12107/sec)
✅ Imported 13,358,000 records (12108/sec)
✅ Imported 13,360,000 records (12109/sec)
✅ Imported 13,362,000 records (12109/sec)
✅ Imported 13,364,000 records (12110/sec)
✅ Imported 13,366,000 records (12111/sec)
✅ Imported 13,368,000 records (12112/sec)
✅ Imported 13,370,000 records (12113/sec)
✅ Imported 13,372,000 records (12114/sec)
✅ Imported 13,374,000 records (12115/sec)
✅ Imported 13,376,000 records (12116/sec)
✅ Imported 13,378,000 records (12117/sec)
✅ Imported 13,380,000 records (12117/sec)
✅ Imported 13,382,000 records (12118/sec)
✅ Imported 13,384,000 records (12117/sec)
✅ Imported 13,386,000 records (12118/sec)
✅ Imported 13,388,000 records (12118/sec)
✅ Imported 13,390,000 records (12118/sec)
✅ Imported 13,392,000 records (12119/sec)
✅ Imported 13,394,000 records (12118/sec)
✅ Imported 13,396,000 records (12118/sec)
✅ Imported 13,398,000 records (12119/sec)
✅ Imported 13,400,000 records (12119/sec)
✅ Imported 13,402,000 records (12119/sec)
✅ Imported 13,404,000 records (12118/sec)
✅ Imported 13,406,000 records (12118/sec)
✅ Imported 13,408,000 records (12119/sec)
✅ Imported 13,410,000 records (12119/sec)
✅ Imported 13,412,000 records (12120/sec)
✅ Imported 13,414,000 records (12121/sec)
✅ Imported 13,416,000 records (12122/sec)
✅ Imported 13,418,000 records (12122/sec)
✅ Imported 13,420,000 records (12123/sec)
✅ Imported 13,422,000 records (12123/sec)
✅ Imported 13,424,000 records (12124/sec)
✅ Imported 13,426,000 records (12125/sec)
✅ Imported 13,428,000 records (12126/sec)
✅ Imported 13,430,000 records (12127/sec)
✅ Imported 13,432,000 records (12127/sec)
✅ Imported 13,434,000 records (12128/sec)
✅ Imported 13,436,000 records (12129/sec)
✅ Imported 13,438,000 records (12130/sec)
✅ Imported 13,440,000 records (12131/sec)
✅ Imported 13,442,000 records (12132/sec)
✅ Imported 13,444,000 records (12133/sec)
✅ Imported 13,446,000 records (12133/sec)
✅ Imported 13,448,000 records (12134/sec)
✅ Imported 13,450,000 records (12135/sec)
✅ Imported 13,452,000 records (12136/sec)
✅ Imported 13,454,000 records (12137/sec)
✅ Imported 13,456,000 records (12138/sec)
✅ Imported 13,458,000 records (12139/sec)
✅ Imported 13,460,000 records (12139/sec)
✅ Imported 13,462,000 records (12140/sec)
✅ Imported 13,464,000 records (12141/sec)
✅ Imported 13,466,000 records (12142/sec)
✅ Imported 13,468,000 records (12143/sec)
✅ Imported 13,470,000 records (12144/sec)
✅ Imported 13,472,000 records (12145/sec)
✅ Imported 13,474,000 records (12146/sec)
✅ Imported 13,476,000 records (12146/sec)
✅ Imported 13,478,000 records (12146/sec)
✅ Imported 13,480,000 records (12147/sec)
✅ Imported 13,482,000 records (12148/sec)
✅ Imported 13,484,000 records (12148/sec)
✅ Imported 13,486,000 records (12149/sec)
✅ Imported 13,488,000 records (12150/sec)
✅ Imported 13,490,000 records (12151/sec)
✅ Imported 13,492,000 records (12152/sec)
✅ Imported 13,494,000 records (12152/sec)
✅ Imported 13,496,000 records (12153/sec)
✅ Imported 13,498,000 records (12154/sec)
✅ Imported 13,500,000 records (12155/sec)
✅ Imported 13,502,000 records (12157/sec)
✅ Imported 13,504,000 records (12158/sec)
✅ Imported 13,506,000 records (12158/sec)
✅ Imported 13,508,000 records (12159/sec)
✅ Imported 13,510,000 records (12160/sec)
✅ Imported 13,512,000 records (12161/sec)
✅ Imported 13,514,000 records (12157/sec)
✅ Imported 13,516,000 records (12158/sec)
✅ Imported 13,518,000 records (12159/sec)
✅ Imported 13,520,000 records (12160/sec)
✅ Imported 13,522,000 records (12161/sec)
✅ Imported 13,524,000 records (12157/sec)
✅ Imported 13,526,000 records (12158/sec)
✅ Imported 13,528,000 records (12159/sec)
✅ Imported 13,530,000 records (12160/sec)
✅ Imported 13,532,000 records (12161/sec)
✅ Imported 13,534,000 records (12162/sec)
✅ Imported 13,536,000 records (12163/sec)
✅ Imported 13,538,000 records (12164/sec)
✅ Imported 13,540,000 records (12165/sec)
✅ Imported 13,542,000 records (12166/sec)
✅ Imported 13,544,000 records (12167/sec)
✅ Imported 13,546,000 records (12168/sec)
✅ Imported 13,548,000 records (12169/sec)
✅ Imported 13,550,000 records (12171/sec)
✅ Imported 13,552,000 records (12171/sec)
✅ Imported 13,554,000 records (12172/sec)
✅ Imported 13,556,000 records (12173/sec)
✅ Imported 13,558,000 records (12174/sec)
✅ Imported 13,560,000 records (12175/sec)
✅ Imported 13,562,000 records (12176/sec)
✅ Imported 13,564,000 records (12177/sec)
✅ Imported 13,566,000 records (12178/sec)
✅ Imported 13,568,000 records (12179/sec)
✅ Imported 13,570,000 records (12180/sec)
✅ Imported 13,572,000 records (12181/sec)
✅ Imported 13,574,000 records (12182/sec)
✅ Imported 13,576,000 records (12183/sec)
✅ Imported 13,578,000 records (12184/sec)
✅ Imported 13,580,000 records (12184/sec)
✅ Imported 13,582,000 records (12186/sec)
✅ Imported 13,584,000 records (12187/sec)
✅ Imported 13,586,000 records (12188/sec)
✅ Imported 13,588,000 records (12188/sec)
✅ Imported 13,590,000 records (12189/sec)
✅ Imported 13,592,000 records (12188/sec)
✅ Imported 13,594,000 records (12189/sec)
✅ Imported 13,596,000 records (12190/sec)
✅ Imported 13,598,000 records (12190/sec)
✅ Imported 13,600,000 records (12191/sec)
✅ Imported 13,602,000 records (12192/sec)
✅ Imported 13,604,000 records (12193/sec)
✅ Imported 13,606,000 records (12194/sec)
✅ Imported 13,608,000 records (12195/sec)
✅ Imported 13,610,000 records (12196/sec)
✅ Imported 13,612,000 records (12196/sec)
✅ Imported 13,614,000 records (12197/sec)
✅ Imported 13,616,000 records (12197/sec)
✅ Imported 13,618,000 records (12198/sec)
✅ Imported 13,620,000 records (12199/sec)
✅ Imported 13,622,000 records (12200/sec)
✅ Imported 13,624,000 records (12201/sec)
✅ Imported 13,626,000 records (12202/sec)
✅ Imported 13,628,000 records (12203/sec)
✅ Imported 13,630,000 records (12204/sec)
✅ Imported 13,632,000 records (12205/sec)
✅ Imported 13,634,000 records (12205/sec)
✅ Imported 13,636,000 records (12206/sec)
✅ Imported 13,638,000 records (12207/sec)
✅ Imported 13,640,000 records (12208/sec)
✅ Imported 13,642,000 records (12209/sec)
✅ Imported 13,644,000 records (12210/sec)
✅ Imported 13,646,000 records (12206/sec)
✅ Imported 13,648,000 records (12207/sec)
✅ Imported 13,650,000 records (12206/sec)
✅ Imported 13,652,000 records (12206/sec)
✅ Imported 13,654,000 records (12207/sec)
✅ Imported 13,656,000 records (12207/sec)
✅ Imported 13,658,000 records (12208/sec)
✅ Imported 13,660,000 records (12209/sec)
✅ Imported 13,662,000 records (12209/sec)
✅ Imported 13,664,000 records (12210/sec)
✅ Imported 13,666,000 records (12211/sec)
✅ Imported 13,668,000 records (12211/sec)
✅ Imported 13,670,000 records (12212/sec)
✅ Imported 13,672,000 records (12212/sec)
✅ Imported 13,674,000 records (12212/sec)
✅ Imported 13,676,000 records (12212/sec)
✅ Imported 13,678,000 records (12213/sec)
✅ Imported 13,680,000 records (12214/sec)
✅ Imported 13,682,000 records (12214/sec)
✅ Imported 13,684,000 records (12214/sec)
✅ Imported 13,686,000 records (12215/sec)
✅ Imported 13,688,000 records (12216/sec)
✅ Imported 13,690,000 records (12216/sec)
✅ Imported 13,692,000 records (12217/sec)
✅ Imported 13,694,000 records (12218/sec)
✅ Imported 13,696,000 records (12218/sec)
✅ Imported 13,698,000 records (12219/sec)
✅ Imported 13,700,000 records (12220/sec)
✅ Imported 13,702,000 records (12220/sec)
✅ Imported 13,704,000 records (12221/sec)
✅ Imported 13,706,000 records (12222/sec)
✅ Imported 13,708,000 records (12222/sec)
✅ Imported 13,710,000 records (12223/sec)
✅ Imported 13,712,000 records (12224/sec)
✅ Imported 13,714,000 records (12225/sec)
✅ Imported 13,716,000 records (12224/sec)
✅ Imported 13,718,000 records (12225/sec)
✅ Imported 13,720,000 records (12226/sec)
✅ Imported 13,722,000 records (12227/sec)
✅ Imported 13,724,000 records (12228/sec)
✅ Imported 13,726,000 records (12228/sec)
✅ Imported 13,728,000 records (12229/sec)
✅ Imported 13,730,000 records (12229/sec)
✅ Imported 13,732,000 records (12230/sec)
✅ Imported 13,734,000 records (12231/sec)
✅ Imported 13,736,000 records (12231/sec)
✅ Imported 13,738,000 records (12232/sec)
✅ Imported 13,740,000 records (12232/sec)
✅ Imported 13,742,000 records (12232/sec)
✅ Imported 13,744,000 records (12232/sec)
✅ Imported 13,746,000 records (12233/sec)
✅ Imported 13,748,000 records (12233/sec)
✅ Imported 13,750,000 records (12234/sec)
✅ Imported 13,752,000 records (12234/sec)
✅ Imported 13,754,000 records (12233/sec)
✅ Imported 13,756,000 records (12233/sec)
✅ Imported 13,758,000 records (12233/sec)
✅ Imported 13,760,000 records (12234/sec)
✅ Imported 13,762,000 records (12235/sec)
✅ Imported 13,764,000 records (12235/sec)
✅ Imported 13,766,000 records (12235/sec)
✅ Imported 13,768,000 records (12236/sec)
✅ Imported 13,770,000 records (12236/sec)
✅ Imported 13,772,000 records (12236/sec)
✅ Imported 13,774,000 records (12237/sec)
✅ Imported 13,776,000 records (12238/sec)
✅ Imported 13,778,000 records (12238/sec)
✅ Imported 13,780,000 records (12238/sec)
✅ Imported 13,782,000 records (12239/sec)
✅ Imported 13,784,000 records (12240/sec)
✅ Imported 13,786,000 records (12241/sec)
✅ Imported 13,788,000 records (12242/sec)
✅ Imported 13,790,000 records (12241/sec)
✅ Imported 13,792,000 records (12242/sec)
✅ Imported 13,794,000 records (12243/sec)
✅ Imported 13,796,000 records (12243/sec)
✅ Imported 13,798,000 records (12244/sec)
✅ Imported 13,800,000 records (12245/sec)
✅ Imported 13,802,000 records (12246/sec)
✅ Imported 13,804,000 records (12246/sec)
✅ Imported 13,806,000 records (12247/sec)
✅ Imported 13,808,000 records (12248/sec)
✅ Imported 13,810,000 records (12249/sec)
✅ Imported 13,812,000 records (12250/sec)
✅ Imported 13,814,000 records (12250/sec)
✅ Imported 13,816,000 records (12251/sec)
✅ Imported 13,818,000 records (12252/sec)
✅ Imported 13,820,000 records (12250/sec)
✅ Imported 13,822,000 records (12250/sec)
✅ Imported 13,824,000 records (12250/sec)
✅ Imported 13,826,000 records (12250/sec)
✅ Imported 13,828,000 records (12251/sec)
✅ Imported 13,830,000 records (12252/sec)
✅ Imported 13,832,000 records (12252/sec)
✅ Imported 13,834,000 records (12253/sec)
✅ Imported 13,836,000 records (12253/sec)
✅ Imported 13,838,000 records (12254/sec)
✅ Imported 13,840,000 records (12255/sec)
✅ Imported 13,842,000 records (12255/sec)
✅ Imported 13,844,000 records (12256/sec)
✅ Imported 13,846,000 records (12257/sec)
✅ Imported 13,848,000 records (12258/sec)
✅ Imported 13,850,000 records (12258/sec)
✅ Imported 13,852,000 records (12259/sec)
✅ Imported 13,854,000 records (12260/sec)
✅ Imported 13,856,000 records (12261/sec)
✅ Imported 13,858,000 records (12261/sec)
✅ Imported 13,860,000 records (12262/sec)
✅ Imported 13,862,000 records (12263/sec)
✅ Imported 13,864,000 records (12262/sec)
✅ Imported 13,866,000 records (12263/sec)
✅ Imported 13,868,000 records (12263/sec)
✅ Imported 13,870,000 records (12264/sec)
✅ Imported 13,872,000 records (12264/sec)
✅ Imported 13,874,000 records (12264/sec)
✅ Imported 13,876,000 records (12264/sec)
✅ Imported 13,878,000 records (12264/sec)
✅ Imported 13,880,000 records (12265/sec)
✅ Imported 13,882,000 records (12266/sec)
✅ Imported 13,884,000 records (12266/sec)
✅ Imported 13,886,000 records (12267/sec)
✅ Imported 13,888,000 records (12268/sec)
✅ Imported 13,890,000 records (12268/sec)
✅ Imported 13,892,000 records (12269/sec)
✅ Imported 13,894,000 records (12269/sec)
✅ Imported 13,896,000 records (12270/sec)
✅ Imported 13,898,000 records (12271/sec)
✅ Imported 13,900,000 records (12272/sec)
✅ Imported 13,902,000 records (12272/sec)
✅ Imported 13,904,000 records (12273/sec)
✅ Imported 13,906,000 records (12274/sec)
✅ Imported 13,908,000 records (12273/sec)
✅ Imported 13,910,000 records (12274/sec)
✅ Imported 13,912,000 records (12274/sec)
✅ Imported 13,914,000 records (12275/sec)
✅ Imported 13,916,000 records (12275/sec)
✅ Imported 13,918,000 records (12275/sec)
✅ Imported 13,920,000 records (12276/sec)
✅ Imported 13,922,000 records (12277/sec)
✅ Imported 13,924,000 records (12278/sec)
✅ Imported 13,926,000 records (12278/sec)
✅ Imported 13,928,000 records (12278/sec)
✅ Imported 13,930,000 records (12279/sec)
✅ Imported 13,932,000 records (12280/sec)
✅ Imported 13,934,000 records (12281/sec)
✅ Imported 13,936,000 records (12281/sec)
✅ Imported 13,938,000 records (12281/sec)
✅ Imported 13,940,000 records (12275/sec)
✅ Imported 13,942,000 records (12273/sec)
✅ Imported 13,944,000 records (12273/sec)
✅ Imported 13,946,000 records (12273/sec)
✅ Imported 13,948,000 records (12274/sec)
✅ Imported 13,950,000 records (12272/sec)
✅ Imported 13,952,000 records (12270/sec)
✅ Imported 13,954,000 records (12270/sec)
✅ Imported 13,956,000 records (12270/sec)
✅ Imported 13,958,000 records (12270/sec)
✅ Imported 13,960,000 records (12271/sec)
✅ Imported 13,962,000 records (12271/sec)
✅ Imported 13,964,000 records (12271/sec)
✅ Imported 13,966,000 records (12271/sec)
✅ Imported 13,968,000 records (12271/sec)
✅ Imported 13,970,000 records (12272/sec)
✅ Imported 13,972,000 records (12272/sec)
✅ Imported 13,974,000 records (12273/sec)
✅ Imported 13,976,000 records (12273/sec)
✅ Imported 13,978,000 records (12273/sec)
✅ Imported 13,980,000 records (12274/sec)
✅ Imported 13,982,000 records (12275/sec)
✅ Imported 13,984,000 records (12275/sec)
✅ Imported 13,986,000 records (12276/sec)
✅ Imported 13,988,000 records (12277/sec)
✅ Imported 13,990,000 records (12274/sec)
✅ Imported 13,992,000 records (12274/sec)
✅ Imported 13,994,000 records (12272/sec)
✅ Imported 13,996,000 records (12272/sec)
✅ Imported 13,998,000 records (12269/sec)
✅ Imported 14,000,000 records (12267/sec)
✅ Imported 14,002,000 records (12267/sec)
✅ Imported 14,004,000 records (12267/sec)
✅ Imported 14,006,000 records (12268/sec)
✅ Imported 14,008,000 records (12268/sec)
✅ Imported 14,010,000 records (12268/sec)
✅ Imported 14,012,000 records (12269/sec)
✅ Imported 14,014,000 records (12269/sec)
✅ Imported 14,016,000 records (12270/sec)
✅ Imported 14,018,000 records (12271/sec)
✅ Imported 14,020,000 records (12271/sec)
✅ Imported 14,022,000 records (12272/sec)
✅ Imported 14,024,000 records (12273/sec)
✅ Imported 14,026,000 records (12273/sec)
✅ Imported 14,028,000 records (12273/sec)
✅ Imported 14,030,000 records (12273/sec)
✅ Imported 14,032,000 records (12274/sec)
✅ Imported 14,034,000 records (12274/sec)
✅ Imported 14,036,000 records (12274/sec)
✅ Imported 14,038,000 records (12274/sec)
✅ Imported 14,040,000 records (12275/sec)
✅ Imported 14,042,000 records (12274/sec)
✅ Imported 14,044,000 records (12274/sec)
✅ Imported 14,046,000 records (12274/sec)
✅ Imported 14,048,000 records (12274/sec)
✅ Imported 14,050,000 records (12274/sec)
✅ Imported 14,052,000 records (12275/sec)
✅ Imported 14,054,000 records (12275/sec)
✅ Imported 14,056,000 records (12275/sec)
✅ Imported 14,058,000 records (12276/sec)
✅ Imported 14,060,000 records (12276/sec)
✅ Imported 14,062,000 records (12277/sec)
✅ Imported 14,064,000 records (12277/sec)
✅ Imported 14,066,000 records (12277/sec)
✅ Imported 14,068,000 records (12277/sec)
✅ Imported 14,070,000 records (12277/sec)
✅ Imported 14,072,000 records (12277/sec)
✅ Imported 14,074,000 records (12277/sec)
✅ Imported 14,076,000 records (12278/sec)
✅ Imported 14,078,000 records (12278/sec)
✅ Imported 14,080,000 records (12277/sec)
✅ Imported 14,082,000 records (12277/sec)
✅ Imported 14,084,000 records (12274/sec)
✅ Imported 14,086,000 records (12274/sec)
✅ Imported 14,088,000 records (12274/sec)
✅ Imported 14,090,000 records (12274/sec)
✅ Imported 14,092,000 records (12270/sec)
✅ Imported 14,094,000 records (12270/sec)
✅ Imported 14,096,000 records (12271/sec)
✅ Imported 14,098,000 records (12272/sec)
✅ Imported 14,100,000 records (12272/sec)
✅ Imported 14,102,000 records (12272/sec)
✅ Imported 14,104,000 records (12272/sec)
✅ Imported 14,106,000 records (12273/sec)
✅ Imported 14,108,000 records (12274/sec)
✅ Imported 14,110,000 records (12274/sec)
✅ Imported 14,112,000 records (12274/sec)
✅ Imported 14,114,000 records (12274/sec)
✅ Imported 14,116,000 records (12275/sec)
✅ Imported 14,118,000 records (12275/sec)
✅ Imported 14,120,000 records (12275/sec)
✅ Imported 14,122,000 records (12275/sec)
✅ Imported 14,124,000 records (12275/sec)
✅ Imported 14,126,000 records (12275/sec)
✅ Imported 14,128,000 records (12275/sec)
✅ Imported 14,130,000 records (12276/sec)
✅ Imported 14,132,000 records (12276/sec)
✅ Imported 14,134,000 records (12277/sec)
✅ Imported 14,136,000 records (12277/sec)
✅ Imported 14,138,000 records (12278/sec)
✅ Imported 14,140,000 records (12278/sec)
✅ Imported 14,142,000 records (12278/sec)
✅ Imported 14,144,000 records (12279/sec)
✅ Imported 14,146,000 records (12280/sec)
✅ Imported 14,148,000 records (12280/sec)
✅ Imported 14,150,000 records (12280/sec)
✅ Imported 14,152,000 records (12281/sec)
✅ Imported 14,154,000 records (12281/sec)
✅ Imported 14,156,000 records (12282/sec)
✅ Imported 14,158,000 records (12283/sec)
✅ Imported 14,160,000 records (12283/sec)
✅ Imported 14,162,000 records (12284/sec)
✅ Imported 14,164,000 records (12284/sec)
✅ Imported 14,166,000 records (12285/sec)
✅ Imported 14,168,000 records (12286/sec)
✅ Imported 14,170,000 records (12287/sec)
✅ Imported 14,172,000 records (12287/sec)
✅ Imported 14,174,000 records (12288/sec)
✅ Imported 14,176,000 records (12288/sec)
✅ Imported 14,178,000 records (12288/sec)
✅ Imported 14,180,000 records (12288/sec)
✅ Imported 14,182,000 records (12288/sec)
✅ Imported 14,184,000 records (12288/sec)
✅ Imported 14,186,000 records (12288/sec)
✅ Imported 14,188,000 records (12289/sec)
✅ Imported 14,190,000 records (12289/sec)
✅ Imported 14,192,000 records (12289/sec)
✅ Imported 14,194,000 records (12290/sec)
✅ Imported 14,196,000 records (12290/sec)
✅ Imported 14,198,000 records (12291/sec)
✅ Imported 14,200,000 records (12292/sec)
✅ Imported 14,202,000 records (12289/sec)
✅ Imported 14,204,000 records (12286/sec)
✅ Imported 14,206,000 records (12287/sec)
✅ Imported 14,208,000 records (12288/sec)
✅ Imported 14,210,000 records (12289/sec)
✅ Imported 14,212,000 records (12289/sec)
✅ Imported 14,214,000 records (12290/sec)
✅ Imported 14,216,000 records (12291/sec)
✅ Imported 14,218,000 records (12291/sec)
✅ Imported 14,220,000 records (12292/sec)
✅ Imported 14,222,000 records (12293/sec)
✅ Imported 14,224,000 records (12294/sec)
✅ Imported 14,226,000 records (12294/sec)
✅ Imported 14,228,000 records (12295/sec)
✅ Imported 14,230,000 records (12296/sec)
✅ Imported 14,232,000 records (12296/sec)
✅ Imported 14,234,000 records (12297/sec)
✅ Imported 14,236,000 records (12297/sec)
✅ Imported 14,238,000 records (12298/sec)
✅ Imported 14,240,000 records (12299/sec)
✅ Imported 14,242,000 records (12300/sec)
✅ Imported 14,244,000 records (12300/sec)
✅ Imported 14,246,000 records (12300/sec)
✅ Imported 14,248,000 records (12301/sec)
✅ Imported 14,250,000 records (12301/sec)
✅ Imported 14,252,000 records (12302/sec)
✅ Imported 14,254,000 records (12302/sec)
✅ Imported 14,256,000 records (12303/sec)
✅ Imported 14,258,000 records (12303/sec)
✅ Imported 14,260,000 records (12304/sec)
✅ Imported 14,262,000 records (12305/sec)
✅ Imported 14,264,000 records (12305/sec)
✅ Imported 14,266,000 records (12306/sec)
✅ Imported 14,268,000 records (12307/sec)
✅ Imported 14,270,000 records (12307/sec)
✅ Imported 14,272,000 records (12307/sec)
✅ Imported 14,274,000 records (12308/sec)
✅ Imported 14,276,000 records (12308/sec)
✅ Imported 14,278,000 records (12308/sec)
✅ Imported 14,280,000 records (12309/sec)
✅ Imported 14,282,000 records (12310/sec)
✅ Imported 14,284,000 records (12311/sec)
✅ Imported 14,286,000 records (12311/sec)
✅ Imported 14,288,000 records (12312/sec)
✅ Imported 14,290,000 records (12313/sec)
✅ Imported 14,292,000 records (12314/sec)
✅ Imported 14,294,000 records (12315/sec)
✅ Imported 14,296,000 records (12315/sec)
✅ Imported 14,298,000 records (12316/sec)
✅ Imported 14,300,000 records (12317/sec)
✅ Imported 14,302,000 records (12317/sec)
✅ Imported 14,304,000 records (12318/sec)
✅ Imported 14,306,000 records (12319/sec)
✅ Imported 14,308,000 records (12320/sec)
✅ Imported 14,310,000 records (12321/sec)
✅ Imported 14,312,000 records (12322/sec)
✅ Imported 14,314,000 records (12321/sec)
✅ Imported 14,316,000 records (12321/sec)
✅ Imported 14,318,000 records (12322/sec)
✅ Imported 14,320,000 records (12323/sec)
✅ Imported 14,322,000 records (12324/sec)
✅ Imported 14,324,000 records (12325/sec)
✅ Imported 14,326,000 records (12326/sec)
✅ Imported 14,328,000 records (12326/sec)
✅ Imported 14,330,000 records (12327/sec)
✅ Imported 14,332,000 records (12328/sec)
✅ Imported 14,334,000 records (12329/sec)
✅ Imported 14,336,000 records (12330/sec)
✅ Imported 14,338,000 records (12331/sec)
✅ Imported 14,340,000 records (12332/sec)
✅ Imported 14,342,000 records (12333/sec)
✅ Imported 14,344,000 records (12334/sec)
✅ Imported 14,346,000 records (12335/sec)
✅ Imported 14,348,000 records (12336/sec)
✅ Imported 14,350,000 records (12337/sec)
✅ Imported 14,352,000 records (12338/sec)
✅ Imported 14,354,000 records (12339/sec)
✅ Imported 14,356,000 records (12339/sec)
✅ Imported 14,358,000 records (12340/sec)
✅ Imported 14,360,000 records (12340/sec)
✅ Imported 14,362,000 records (12338/sec)
✅ Imported 14,364,000 records (12335/sec)
✅ Imported 14,366,000 records (12335/sec)
✅ Imported 14,368,000 records (12335/sec)
✅ Imported 14,370,000 records (12336/sec)
✅ Imported 14,372,000 records (12336/sec)
✅ Imported 14,374,000 records (12337/sec)
✅ Imported 14,376,000 records (12337/sec)
✅ Imported 14,378,000 records (12338/sec)
✅ Imported 14,380,000 records (12339/sec)
✅ Imported 14,382,000 records (12340/sec)
✅ Imported 14,384,000 records (12341/sec)
✅ Imported 14,386,000 records (12342/sec)
✅ Imported 14,388,000 records (12342/sec)
✅ Imported 14,390,000 records (12343/sec)
✅ Imported 14,392,000 records (12344/sec)
✅ Imported 14,394,000 records (12345/sec)
✅ Imported 14,396,000 records (12346/sec)
✅ Imported 14,398,000 records (12347/sec)
✅ Imported 14,400,000 records (12347/sec)
✅ Imported 14,402,000 records (12348/sec)
✅ Imported 14,404,000 records (12349/sec)
✅ Imported 14,406,000 records (12350/sec)
✅ Imported 14,408,000 records (12351/sec)
✅ Imported 14,410,000 records (12351/sec)
✅ Imported 14,412,000 records (12350/sec)
✅ Imported 14,414,000 records (12351/sec)
✅ Imported 14,416,000 records (12351/sec)
✅ Imported 14,418,000 records (12352/sec)
✅ Imported 14,420,000 records (12352/sec)
✅ Imported 14,422,000 records (12353/sec)
✅ Imported 14,424,000 records (12354/sec)
✅ Imported 14,426,000 records (12354/sec)
✅ Imported 14,428,000 records (12355/sec)
✅ Imported 14,430,000 records (12356/sec)
✅ Imported 14,432,000 records (12357/sec)
✅ Imported 14,434,000 records (12357/sec)
✅ Imported 14,436,000 records (12358/sec)
✅ Imported 14,438,000 records (12359/sec)
✅ Imported 14,440,000 records (12360/sec)
✅ Imported 14,442,000 records (12360/sec)
✅ Imported 14,444,000 records (12361/sec)
✅ Imported 14,446,000 records (12361/sec)
✅ Imported 14,448,000 records (12362/sec)
✅ Imported 14,450,000 records (12363/sec)
✅ Imported 14,452,000 records (12364/sec)
✅ Imported 14,454,000 records (12365/sec)
✅ Imported 14,456,000 records (12366/sec)
✅ Imported 14,458,000 records (12366/sec)
✅ Imported 14,460,000 records (12367/sec)
✅ Imported 14,462,000 records (12368/sec)
✅ Imported 14,464,000 records (12368/sec)
✅ Imported 14,466,000 records (12368/sec)
✅ Imported 14,468,000 records (12369/sec)
✅ Imported 14,470,000 records (12370/sec)
✅ Imported 14,472,000 records (12370/sec)
✅ Imported 14,474,000 records (12371/sec)
✅ Imported 14,476,000 records (12372/sec)
✅ Imported 14,478,000 records (12372/sec)
✅ Imported 14,480,000 records (12373/sec)
✅ Imported 14,482,000 records (12374/sec)
✅ Imported 14,484,000 records (12374/sec)
✅ Imported 14,486,000 records (12375/sec)
✅ Imported 14,488,000 records (12375/sec)
✅ Imported 14,490,000 records (12376/sec)
✅ Imported 14,492,000 records (12376/sec)
✅ Imported 14,494,000 records (12377/sec)
✅ Imported 14,496,000 records (12377/sec)
✅ Imported 14,498,000 records (12378/sec)
✅ Imported 14,500,000 records (12378/sec)
✅ Imported 14,502,000 records (12379/sec)
✅ Imported 14,504,000 records (12380/sec)
✅ Imported 14,506,000 records (12381/sec)
✅ Imported 14,508,000 records (12382/sec)
✅ Imported 14,510,000 records (12382/sec)
✅ Imported 14,512,000 records (12383/sec)
✅ Imported 14,514,000 records (12384/sec)
✅ Imported 14,516,000 records (12385/sec)
✅ Imported 14,518,000 records (12386/sec)
✅ Imported 14,520,000 records (12387/sec)
✅ Imported 14,522,000 records (12387/sec)
✅ Imported 14,524,000 records (12388/sec)
✅ Imported 14,526,000 records (12389/sec)
✅ Imported 14,528,000 records (12390/sec)
✅ Imported 14,530,000 records (12391/sec)
✅ Imported 14,532,000 records (12391/sec)
✅ Imported 14,534,000 records (12392/sec)
✅ Imported 14,536,000 records (12393/sec)
✅ Imported 14,538,000 records (12393/sec)
✅ Imported 14,540,000 records (12394/sec)
✅ Imported 14,542,000 records (12395/sec)
✅ Imported 14,544,000 records (12395/sec)
✅ Imported 14,546,000 records (12396/sec)
✅ Imported 14,548,000 records (12397/sec)
✅ Imported 14,550,000 records (12398/sec)
✅ Imported 14,552,000 records (12399/sec)
✅ Imported 14,554,000 records (12398/sec)
✅ Imported 14,556,000 records (12398/sec)
✅ Imported 14,558,000 records (12398/sec)
✅ Imported 14,560,000 records (12399/sec)
✅ Imported 14,562,000 records (12399/sec)
✅ Imported 14,564,000 records (12400/sec)
✅ Imported 14,566,000 records (12400/sec)
✅ Imported 14,568,000 records (12401/sec)
✅ Imported 14,570,000 records (12401/sec)
✅ Imported 14,572,000 records (12401/sec)
✅ Imported 14,574,000 records (12401/sec)
✅ Imported 14,576,000 records (12402/sec)
✅ Imported 14,578,000 records (12402/sec)
✅ Imported 14,580,000 records (12402/sec)
✅ Imported 14,582,000 records (12403/sec)
✅ Imported 14,584,000 records (12404/sec)
✅ Imported 14,586,000 records (12404/sec)
✅ Imported 14,588,000 records (12405/sec)
✅ Imported 14,590,000 records (12405/sec)
✅ Imported 14,592,000 records (12405/sec)
✅ Imported 14,594,000 records (12406/sec)
✅ Imported 14,596,000 records (12406/sec)
✅ Imported 14,598,000 records (12407/sec)
✅ Imported 14,600,000 records (12408/sec)
✅ Imported 14,602,000 records (12408/sec)
✅ Imported 14,604,000 records (12409/sec)
✅ Imported 14,606,000 records (12410/sec)
✅ Imported 14,608,000 records (12411/sec)
✅ Imported 14,610,000 records (12411/sec)
✅ Imported 14,612,000 records (12412/sec)
✅ Imported 14,614,000 records (12413/sec)
✅ Imported 14,616,000 records (12414/sec)
✅ Imported 14,618,000 records (12414/sec)
✅ Imported 14,620,000 records (12414/sec)
✅ Imported 14,622,000 records (12415/sec)
✅ Imported 14,624,000 records (12415/sec)
✅ Imported 14,626,000 records (12413/sec)
✅ Imported 14,628,000 records (12413/sec)
✅ Imported 14,630,000 records (12413/sec)
✅ Imported 14,632,000 records (12414/sec)
✅ Imported 14,634,000 records (12415/sec)
✅ Imported 14,636,000 records (12415/sec)
✅ Imported 14,638,000 records (12416/sec)
✅ Imported 14,640,000 records (12417/sec)
✅ Imported 14,642,000 records (12418/sec)
✅ Imported 14,644,000 records (12419/sec)
✅ Imported 14,646,000 records (12420/sec)
✅ Imported 14,648,000 records (12420/sec)
✅ Imported 14,650,000 records (12421/sec)
✅ Imported 14,652,000 records (12421/sec)
✅ Imported 14,654,000 records (12421/sec)
✅ Imported 14,656,000 records (12422/sec)
✅ Imported 14,658,000 records (12422/sec)
✅ Imported 14,660,000 records (12423/sec)
✅ Imported 14,662,000 records (12424/sec)
✅ Imported 14,664,000 records (12424/sec)
✅ Imported 14,666,000 records (12425/sec)
✅ Imported 14,668,000 records (12426/sec)
✅ Imported 14,670,000 records (12427/sec)
✅ Imported 14,672,000 records (12427/sec)
✅ Imported 14,674,000 records (12428/sec)
✅ Imported 14,676,000 records (12428/sec)
✅ Imported 14,678,000 records (12429/sec)
✅ Imported 14,680,000 records (12430/sec)
✅ Imported 14,682,000 records (12431/sec)
✅ Imported 14,684,000 records (12432/sec)
✅ Imported 14,686,000 records (12432/sec)
✅ Imported 14,688,000 records (12433/sec)
✅ Imported 14,690,000 records (12434/sec)
✅ Imported 14,692,000 records (12434/sec)
✅ Imported 14,694,000 records (12434/sec)
✅ Imported 14,696,000 records (12434/sec)
✅ Imported 14,698,000 records (12435/sec)
✅ Imported 14,700,000 records (12435/sec)
✅ Imported 14,702,000 records (12436/sec)
✅ Imported 14,704,000 records (12436/sec)
✅ Imported 14,706,000 records (12437/sec)
✅ Imported 14,708,000 records (12438/sec)
✅ Imported 14,710,000 records (12439/sec)
✅ Imported 14,712,000 records (12440/sec)
✅ Imported 14,714,000 records (12440/sec)
✅ Imported 14,716,000 records (12441/sec)
✅ Imported 14,718,000 records (12442/sec)
✅ Imported 14,720,000 records (12443/sec)
✅ Imported 14,722,000 records (12442/sec)
✅ Imported 14,724,000 records (12443/sec)
✅ Imported 14,726,000 records (12443/sec)
✅ Imported 14,728,000 records (12444/sec)
✅ Imported 14,730,000 records (12445/sec)
✅ Imported 14,732,000 records (12445/sec)
✅ Imported 14,734,000 records (12445/sec)
✅ Imported 14,736,000 records (12446/sec)
✅ Imported 14,738,000 records (12446/sec)
✅ Imported 14,740,000 records (12447/sec)
✅ Imported 14,742,000 records (12448/sec)
✅ Imported 14,744,000 records (12449/sec)
✅ Imported 14,746,000 records (12449/sec)
✅ Imported 14,748,000 records (12450/sec)
✅ Imported 14,750,000 records (12451/sec)
✅ Imported 14,752,000 records (12452/sec)
✅ Imported 14,754,000 records (12453/sec)
✅ Imported 14,756,000 records (12453/sec)
✅ Imported 14,758,000 records (12454/sec)
✅ Imported 14,760,000 records (12455/sec)
✅ Imported 14,762,000 records (12456/sec)
✅ Imported 14,764,000 records (12457/sec)
✅ Imported 14,766,000 records (12457/sec)
✅ Imported 14,768,000 records (12458/sec)
✅ Imported 14,770,000 records (12457/sec)
✅ Imported 14,772,000 records (12457/sec)
✅ Imported 14,774,000 records (12458/sec)
✅ Imported 14,776,000 records (12458/sec)
✅ Imported 14,778,000 records (12459/sec)
✅ Imported 14,780,000 records (12459/sec)
✅ Imported 14,782,000 records (12460/sec)
✅ Imported 14,784,000 records (12461/sec)
✅ Imported 14,786,000 records (12461/sec)
✅ Imported 14,788,000 records (12462/sec)
✅ Imported 14,790,000 records (12463/sec)
✅ Imported 14,792,000 records (12464/sec)
✅ Imported 14,794,000 records (12464/sec)
✅ Imported 14,796,000 records (12465/sec)
✅ Imported 14,798,000 records (12466/sec)
✅ Imported 14,800,000 records (12466/sec)
✅ Imported 14,802,000 records (12466/sec)
✅ Imported 14,804,000 records (12467/sec)
✅ Imported 14,806,000 records (12468/sec)
✅ Imported 14,808,000 records (12469/sec)
✅ Imported 14,810,000 records (12470/sec)
✅ Imported 14,812,000 records (12470/sec)
✅ Imported 14,814,000 records (12471/sec)
✅ Imported 14,816,000 records (12472/sec)
✅ Imported 14,818,000 records (12473/sec)
✅ Imported 14,820,000 records (12474/sec)
✅ Imported 14,822,000 records (12474/sec)
✅ Imported 14,824,000 records (12475/sec)
✅ Imported 14,826,000 records (12476/sec)
✅ Imported 14,828,000 records (12476/sec)
✅ Imported 14,830,000 records (12477/sec)
✅ Imported 14,832,000 records (12478/sec)
✅ Imported 14,834,000 records (12479/sec)
✅ Imported 14,836,000 records (12480/sec)
✅ Imported 14,838,000 records (12479/sec)
✅ Imported 14,840,000 records (12480/sec)
✅ Imported 14,842,000 records (12480/sec)
✅ Imported 14,844,000 records (12481/sec)
✅ Imported 14,846,000 records (12482/sec)
✅ Imported 14,848,000 records (12482/sec)
✅ Imported 14,850,000 records (12483/sec)
✅ Imported 14,852,000 records (12484/sec)
✅ Imported 14,854,000 records (12485/sec)
✅ Imported 14,856,000 records (12486/sec)
✅ Imported 14,858,000 records (12487/sec)
✅ Imported 14,860,000 records (12488/sec)
✅ Imported 14,862,000 records (12488/sec)
✅ Imported 14,864,000 records (12489/sec)
✅ Imported 14,866,000 records (12490/sec)
✅ Imported 14,868,000 records (12491/sec)
✅ Imported 14,870,000 records (12492/sec)
✅ Imported 14,872,000 records (12493/sec)
✅ Imported 14,874,000 records (12493/sec)
✅ Imported 14,876,000 records (12494/sec)
✅ Imported 14,878,000 records (12495/sec)
✅ Imported 14,880,000 records (12495/sec)
✅ Imported 14,882,000 records (12496/sec)
✅ Imported 14,884,000 records (12496/sec)
✅ Imported 14,886,000 records (12496/sec)
✅ Imported 14,888,000 records (12496/sec)
✅ Imported 14,890,000 records (12496/sec)
✅ Imported 14,892,000 records (12495/sec)
✅ Imported 14,894,000 records (12491/sec)
✅ Imported 14,896,000 records (12490/sec)
✅ Imported 14,898,000 records (12491/sec)
✅ Imported 14,900,000 records (12492/sec)
✅ Imported 14,902,000 records (12492/sec)
✅ Imported 14,904,000 records (12493/sec)
✅ Imported 14,906,000 records (12494/sec)
✅ Imported 14,908,000 records (12494/sec)
✅ Imported 14,910,000 records (12495/sec)
✅ Imported 14,912,000 records (12496/sec)
✅ Imported 14,914,000 records (12496/sec)
✅ Imported 14,916,000 records (12497/sec)
✅ Imported 14,918,000 records (12497/sec)
✅ Imported 14,920,000 records (12497/sec)
✅ Imported 14,922,000 records (12498/sec)
✅ Imported 14,924,000 records (12498/sec)
✅ Imported 14,926,000 records (12499/sec)
✅ Imported 14,928,000 records (12499/sec)
✅ Imported 14,930,000 records (12500/sec)
✅ Imported 14,932,000 records (12501/sec)
✅ Imported 14,934,000 records (12502/sec)
✅ Imported 14,936,000 records (12503/sec)
✅ Imported 14,938,000 records (12504/sec)
✅ Imported 14,940,000 records (12505/sec)
✅ Imported 14,942,000 records (12505/sec)
✅ Imported 14,944,000 records (12506/sec)
✅ Imported 14,946,000 records (12507/sec)
✅ Imported 14,948,000 records (12506/sec)
✅ Imported 14,950,000 records (12505/sec)
✅ Imported 14,952,000 records (12506/sec)
✅ Imported 14,954,000 records (12506/sec)
✅ Imported 14,956,000 records (12507/sec)
✅ Imported 14,958,000 records (12508/sec)
✅ Imported 14,960,000 records (12508/sec)
✅ Imported 14,962,000 records (12509/sec)
✅ Imported 14,964,000 records (12510/sec)
✅ Imported 14,966,000 records (12511/sec)
✅ Imported 14,968,000 records (12512/sec)
✅ Imported 14,970,000 records (12512/sec)
✅ Imported 14,972,000 records (12513/sec)
✅ Imported 14,974,000 records (12514/sec)
✅ Imported 14,976,000 records (12515/sec)
✅ Imported 14,978,000 records (12516/sec)
✅ Imported 14,980,000 records (12516/sec)
✅ Imported 14,982,000 records (12517/sec)
✅ Imported 14,984,000 records (12518/sec)
✅ Imported 14,986,000 records (12519/sec)
✅ Imported 14,988,000 records (12520/sec)
✅ Imported 14,990,000 records (12520/sec)
✅ Imported 14,992,000 records (12521/sec)
✅ Imported 14,994,000 records (12521/sec)
✅ Imported 14,996,000 records (12522/sec)
✅ Imported 14,998,000 records (12522/sec)
✅ Imported 15,000,000 records (12523/sec)
✅ Imported 15,002,000 records (12524/sec)
✅ Imported 15,004,000 records (12525/sec)
✅ Imported 15,006,000 records (12526/sec)
✅ Imported 15,008,000 records (12526/sec)
✅ Imported 15,010,000 records (12527/sec)
✅ Imported 15,012,000 records (12528/sec)
✅ Imported 15,014,000 records (12529/sec)
✅ Imported 15,016,000 records (12529/sec)
✅ Imported 15,018,000 records (12530/sec)
✅ Imported 15,020,000 records (12531/sec)
✅ Imported 15,022,000 records (12532/sec)
✅ Imported 15,024,000 records (12533/sec)
✅ Imported 15,026,000 records (12534/sec)
✅ Imported 15,028,000 records (12534/sec)
✅ Imported 15,030,000 records (12535/sec)
✅ Imported 15,032,000 records (12536/sec)
✅ Imported 15,034,000 records (12536/sec)
✅ Imported 15,036,000 records (12535/sec)
✅ Imported 15,038,000 records (12536/sec)
✅ Imported 15,040,000 records (12537/sec)
✅ Imported 15,042,000 records (12537/sec)
✅ Imported 15,044,000 records (12538/sec)
✅ Imported 15,046,000 records (12539/sec)
✅ Imported 15,048,000 records (12539/sec)
✅ Imported 15,050,000 records (12540/sec)
✅ Imported 15,052,000 records (12541/sec)
✅ Imported 15,054,000 records (12541/sec)
✅ Imported 15,056,000 records (12541/sec)
✅ Imported 15,058,000 records (12542/sec)
✅ Imported 15,060,000 records (12543/sec)
✅ Imported 15,062,000 records (12544/sec)
✅ Imported 15,064,000 records (12545/sec)
✅ Imported 15,066,000 records (12546/sec)
✅ Imported 15,068,000 records (12546/sec)
✅ Imported 15,070,000 records (12547/sec)
✅ Imported 15,072,000 records (12548/sec)
✅ Imported 15,074,000 records (12549/sec)
✅ Imported 15,076,000 records (12549/sec)
✅ Imported 15,078,000 records (12550/sec)
✅ Imported 15,080,000 records (12551/sec)
✅ Imported 15,082,000 records (12552/sec)
✅ Imported 15,084,000 records (12552/sec)
✅ Imported 15,086,000 records (12553/sec)
✅ Imported 15,088,000 records (12554/sec)
✅ Imported 15,090,000 records (12554/sec)
✅ Imported 15,092,000 records (12555/sec)
✅ Imported 15,094,000 records (12556/sec)
✅ Imported 15,096,000 records (12556/sec)
✅ Imported 15,098,000 records (12557/sec)
✅ Imported 15,100,000 records (12558/sec)
✅ Imported 15,102,000 records (12559/sec)
✅ Imported 15,104,000 records (12560/sec)
✅ Imported 15,106,000 records (12561/sec)
✅ Imported 15,108,000 records (12561/sec)
✅ Imported 15,110,000 records (12562/sec)
✅ Imported 15,112,000 records (12563/sec)
✅ Imported 15,114,000 records (12564/sec)
✅ Imported 15,116,000 records (12565/sec)
✅ Imported 15,118,000 records (12565/sec)
✅ Imported 15,120,000 records (12565/sec)
✅ Imported 15,122,000 records (12566/sec)
✅ Imported 15,124,000 records (12567/sec)
✅ Imported 15,126,000 records (12568/sec)
✅ Imported 15,128,000 records (12569/sec)
✅ Imported 15,130,000 records (12570/sec)
✅ Imported 15,132,000 records (12570/sec)
✅ Imported 15,134,000 records (12571/sec)
✅ Imported 15,136,000 records (12572/sec)
✅ Imported 15,138,000 records (12573/sec)
✅ Imported 15,140,000 records (12573/sec)
✅ Imported 15,142,000 records (12574/sec)
✅ Imported 15,144,000 records (12575/sec)
✅ Imported 15,146,000 records (12576/sec)
✅ Imported 15,148,000 records (12576/sec)
✅ Imported 15,150,000 records (12577/sec)
✅ Imported 15,152,000 records (12578/sec)
✅ Imported 15,154,000 records (12579/sec)
✅ Imported 15,156,000 records (12580/sec)
✅ Imported 15,158,000 records (12581/sec)
✅ Imported 15,160,000 records (12581/sec)
✅ Imported 15,162,000 records (12582/sec)
✅ Imported 15,164,000 records (12583/sec)
✅ Imported 15,166,000 records (12583/sec)
✅ Imported 15,168,000 records (12584/sec)
✅ Imported 15,170,000 records (12585/sec)
✅ Imported 15,172,000 records (12585/sec)
✅ Imported 15,174,000 records (12586/sec)
✅ Imported 15,176,000 records (12586/sec)
✅ Imported 15,178,000 records (12587/sec)
✅ Imported 15,180,000 records (12588/sec)
✅ Imported 15,182,000 records (12589/sec)
✅ Imported 15,184,000 records (12589/sec)
✅ Imported 15,186,000 records (12589/sec)
✅ Imported 15,188,000 records (12590/sec)
✅ Imported 15,190,000 records (12591/sec)
✅ Imported 15,192,000 records (12592/sec)
✅ Imported 15,194,000 records (12592/sec)
✅ Imported 15,196,000 records (12593/sec)
✅ Imported 15,198,000 records (12594/sec)
✅ Imported 15,200,000 records (12595/sec)
✅ Imported 15,202,000 records (12595/sec)
✅ Imported 15,204,000 records (12595/sec)
✅ Imported 15,206,000 records (12596/sec)
✅ Imported 15,208,000 records (12596/sec)
✅ Imported 15,210,000 records (12597/sec)
✅ Imported 15,212,000 records (12598/sec)
✅ Imported 15,214,000 records (12598/sec)
✅ Imported 15,216,000 records (12599/sec)
✅ Imported 15,218,000 records (12600/sec)
✅ Imported 15,220,000 records (12600/sec)
✅ Imported 15,222,000 records (12601/sec)
✅ Imported 15,224,000 records (12602/sec)
✅ Imported 15,226,000 records (12603/sec)
✅ Imported 15,228,000 records (12603/sec)
✅ Imported 15,230,000 records (12604/sec)
✅ Imported 15,232,000 records (12605/sec)
✅ Imported 15,234,000 records (12605/sec)
✅ Imported 15,236,000 records (12606/sec)
✅ Imported 15,238,000 records (12606/sec)
✅ Imported 15,240,000 records (12607/sec)
✅ Imported 15,242,000 records (12607/sec)
✅ Imported 15,244,000 records (12608/sec)
✅ Imported 15,246,000 records (12608/sec)
✅ Imported 15,248,000 records (12609/sec)
✅ Imported 15,250,000 records (12610/sec)
✅ Imported 15,252,000 records (12611/sec)
✅ Imported 15,254,000 records (12611/sec)
✅ Imported 15,256,000 records (12612/sec)
✅ Imported 15,258,000 records (12613/sec)
✅ Imported 15,260,000 records (12613/sec)
✅ Imported 15,262,000 records (12614/sec)
✅ Imported 15,264,000 records (12615/sec)
✅ Imported 15,266,000 records (12616/sec)
✅ Imported 15,268,000 records (12617/sec)
✅ Imported 15,270,000 records (12617/sec)
✅ Imported 15,272,000 records (12618/sec)
✅ Imported 15,274,000 records (12619/sec)
✅ Imported 15,276,000 records (12620/sec)
✅ Imported 15,278,000 records (12621/sec)
✅ Imported 15,280,000 records (12621/sec)
✅ Imported 15,282,000 records (12622/sec)
✅ Imported 15,284,000 records (12623/sec)
✅ Imported 15,286,000 records (12623/sec)
✅ Imported 15,288,000 records (12623/sec)
✅ Imported 15,290,000 records (12624/sec)
✅ Imported 15,292,000 records (12625/sec)
✅ Imported 15,294,000 records (12626/sec)
✅ Imported 15,296,000 records (12626/sec)
✅ Imported 15,298,000 records (12626/sec)
✅ Imported 15,300,000 records (12627/sec)
✅ Imported 15,302,000 records (12628/sec)
✅ Imported 15,304,000 records (12629/sec)
✅ Imported 15,306,000 records (12629/sec)
✅ Imported 15,308,000 records (12630/sec)
✅ Imported 15,310,000 records (12631/sec)
✅ Imported 15,312,000 records (12632/sec)
✅ Imported 15,314,000 records (12632/sec)
✅ Imported 15,316,000 records (12633/sec)
✅ Imported 15,318,000 records (12633/sec)
✅ Imported 15,320,000 records (12634/sec)
✅ Imported 15,322,000 records (12634/sec)
✅ Imported 15,324,000 records (12634/sec)
✅ Imported 15,326,000 records (12635/sec)
✅ Imported 15,328,000 records (12635/sec)
✅ Imported 15,330,000 records (12636/sec)
✅ Imported 15,332,000 records (12637/sec)
✅ Imported 15,334,000 records (12637/sec)
✅ Imported 15,336,000 records (12638/sec)
✅ Imported 15,338,000 records (12638/sec)
✅ Imported 15,340,000 records (12638/sec)
✅ Imported 15,342,000 records (12639/sec)
✅ Imported 15,344,000 records (12639/sec)
✅ Imported 15,346,000 records (12639/sec)
✅ Imported 15,348,000 records (12640/sec)
✅ Imported 15,350,000 records (12640/sec)
✅ Imported 15,352,000 records (12641/sec)
✅ Imported 15,354,000 records (12641/sec)
✅ Imported 15,356,000 records (12642/sec)
✅ Imported 15,358,000 records (12643/sec)
✅ Imported 15,360,000 records (12643/sec)
✅ Imported 15,362,000 records (12643/sec)
✅ Imported 15,364,000 records (12644/sec)
✅ Imported 15,366,000 records (12645/sec)
✅ Imported 15,368,000 records (12644/sec)
✅ Imported 15,370,000 records (12645/sec)
✅ Imported 15,372,000 records (12646/sec)
✅ Imported 15,374,000 records (12646/sec)
✅ Imported 15,376,000 records (12647/sec)
✅ Imported 15,378,000 records (12648/sec)
✅ Imported 15,380,000 records (12648/sec)
✅ Imported 15,382,000 records (12649/sec)
✅ Imported 15,384,000 records (12650/sec)
✅ Imported 15,386,000 records (12651/sec)
✅ Imported 15,388,000 records (12651/sec)
✅ Imported 15,390,000 records (12652/sec)
✅ Imported 15,392,000 records (12653/sec)
✅ Imported 15,394,000 records (12653/sec)
✅ Imported 15,396,000 records (12654/sec)
✅ Imported 15,398,000 records (12655/sec)
✅ Imported 15,400,000 records (12656/sec)
✅ Imported 15,402,000 records (12656/sec)
✅ Imported 15,404,000 records (12657/sec)
✅ Imported 15,406,000 records (12658/sec)
✅ Imported 15,408,000 records (12659/sec)
✅ Imported 15,410,000 records (12659/sec)
✅ Imported 15,412,000 records (12660/sec)
✅ Imported 15,414,000 records (12661/sec)
✅ Imported 15,416,000 records (12661/sec)
✅ Imported 15,418,000 records (12662/sec)
✅ Imported 15,420,000 records (12662/sec)
✅ Imported 15,422,000 records (12663/sec)
✅ Imported 15,424,000 records (12664/sec)
✅ Imported 15,426,000 records (12664/sec)
✅ Imported 15,428,000 records (12665/sec)
✅ Imported 15,430,000 records (12665/sec)
✅ Imported 15,432,000 records (12666/sec)
✅ Imported 15,434,000 records (12667/sec)
✅ Imported 15,436,000 records (12667/sec)
✅ Imported 15,438,000 records (12668/sec)
✅ Imported 15,440,000 records (12669/sec)
✅ Imported 15,442,000 records (12669/sec)
✅ Imported 15,444,000 records (12670/sec)
✅ Imported 15,446,000 records (12671/sec)
✅ Imported 15,448,000 records (12671/sec)
✅ Imported 15,450,000 records (12670/sec)
✅ Imported 15,452,000 records (12670/sec)
✅ Imported 15,454,000 records (12669/sec)
✅ Imported 15,456,000 records (12670/sec)
✅ Imported 15,458,000 records (12670/sec)
✅ Imported 15,460,000 records (12671/sec)
✅ Imported 15,462,000 records (12672/sec)
✅ Imported 15,464,000 records (12672/sec)
✅ Imported 15,466,000 records (12673/sec)
✅ Imported 15,468,000 records (12674/sec)
✅ Imported 15,470,000 records (12674/sec)
✅ Imported 15,472,000 records (12675/sec)
✅ Imported 15,474,000 records (12675/sec)
✅ Imported 15,476,000 records (12675/sec)
✅ Imported 15,478,000 records (12676/sec)
✅ Imported 15,480,000 records (12676/sec)
✅ Imported 15,482,000 records (12677/sec)
✅ Imported 15,484,000 records (12678/sec)
✅ Imported 15,486,000 records (12679/sec)
✅ Imported 15,488,000 records (12680/sec)
✅ Imported 15,490,000 records (12681/sec)
✅ Imported 15,492,000 records (12682/sec)
✅ Imported 15,494,000 records (12683/sec)
✅ Imported 15,496,000 records (12683/sec)
✅ Imported 15,498,000 records (12684/sec)
✅ Imported 15,500,000 records (12685/sec)
✅ Imported 15,502,000 records (12686/sec)
✅ Imported 15,504,000 records (12687/sec)
✅ Imported 15,506,000 records (12687/sec)
✅ Imported 15,508,000 records (12688/sec)
✅ Imported 15,510,000 records (12689/sec)
✅ Imported 15,512,000 records (12690/sec)
✅ Imported 15,514,000 records (12690/sec)
✅ Imported 15,516,000 records (12691/sec)
✅ Imported 15,518,000 records (12692/sec)
✅ Imported 15,520,000 records (12692/sec)
✅ Imported 15,522,000 records (12692/sec)
✅ Imported 15,524,000 records (12692/sec)
✅ Imported 15,526,000 records (12693/sec)
✅ Imported 15,528,000 records (12693/sec)
✅ Imported 15,530,000 records (12694/sec)
✅ Imported 15,532,000 records (12694/sec)
✅ Imported 15,534,000 records (12695/sec)
✅ Imported 15,536,000 records (12695/sec)
✅ Imported 15,538,000 records (12696/sec)
✅ Imported 15,540,000 records (12697/sec)
✅ Imported 15,542,000 records (12698/sec)
✅ Imported 15,544,000 records (12698/sec)
✅ Imported 15,546,000 records (12698/sec)
✅ Imported 15,548,000 records (12698/sec)
✅ Imported 15,550,000 records (12699/sec)
✅ Imported 15,552,000 records (12700/sec)
✅ Imported 15,554,000 records (12700/sec)
✅ Imported 15,556,000 records (12700/sec)
✅ Imported 15,558,000 records (12701/sec)
✅ Imported 15,560,000 records (12701/sec)
✅ Imported 15,562,000 records (12702/sec)
✅ Imported 15,564,000 records (12703/sec)
✅ Imported 15,566,000 records (12702/sec)
✅ Imported 15,568,000 records (12703/sec)
✅ Imported 15,570,000 records (12704/sec)
✅ Imported 15,572,000 records (12704/sec)
✅ Imported 15,574,000 records (12705/sec)
✅ Imported 15,576,000 records (12706/sec)
✅ Imported 15,578,000 records (12706/sec)
✅ Imported 15,580,000 records (12707/sec)
✅ Imported 15,582,000 records (12707/sec)
✅ Imported 15,584,000 records (12708/sec)
✅ Imported 15,586,000 records (12709/sec)
✅ Imported 15,588,000 records (12710/sec)
✅ Imported 15,590,000 records (12710/sec)
✅ Imported 15,592,000 records (12711/sec)
✅ Imported 15,594,000 records (12712/sec)
✅ Imported 15,596,000 records (12712/sec)
✅ Imported 15,598,000 records (12713/sec)
✅ Imported 15,600,000 records (12713/sec)
✅ Imported 15,602,000 records (12714/sec)
✅ Imported 15,604,000 records (12714/sec)
✅ Imported 15,606,000 records (12715/sec)
✅ Imported 15,608,000 records (12715/sec)
✅ Imported 15,610,000 records (12715/sec)
✅ Imported 15,612,000 records (12716/sec)
✅ Imported 15,614,000 records (12717/sec)
✅ Imported 15,616,000 records (12717/sec)
✅ Imported 15,618,000 records (12717/sec)
✅ Imported 15,620,000 records (12718/sec)
✅ Imported 15,622,000 records (12718/sec)
✅ Imported 15,624,000 records (12718/sec)
✅ Imported 15,626,000 records (12719/sec)
✅ Imported 15,628,000 records (12719/sec)
✅ Imported 15,630,000 records (12720/sec)
✅ Imported 15,632,000 records (12720/sec)
✅ Imported 15,634,000 records (12721/sec)
✅ Imported 15,636,000 records (12721/sec)
✅ Imported 15,638,000 records (12722/sec)
✅ Imported 15,640,000 records (12722/sec)
✅ Imported 15,642,000 records (12723/sec)
✅ Imported 15,644,000 records (12724/sec)
✅ Imported 15,646,000 records (12724/sec)
✅ Imported 15,648,000 records (12725/sec)
✅ Imported 15,650,000 records (12726/sec)
✅ Imported 15,652,000 records (12725/sec)
✅ Imported 15,654,000 records (12725/sec)
✅ Imported 15,656,000 records (12725/sec)
✅ Imported 15,658,000 records (12726/sec)
✅ Imported 15,660,000 records (12727/sec)
✅ Imported 15,662,000 records (12728/sec)
✅ Imported 15,664,000 records (12728/sec)
✅ Imported 15,666,000 records (12729/sec)
✅ Imported 15,668,000 records (12730/sec)
✅ Imported 15,670,000 records (12730/sec)
✅ Imported 15,672,000 records (12731/sec)
✅ Imported 15,674,000 records (12731/sec)
✅ Imported 15,676,000 records (12731/sec)
✅ Imported 15,678,000 records (12731/sec)
✅ Imported 15,680,000 records (12732/sec)
✅ Imported 15,682,000 records (12733/sec)
✅ Imported 15,684,000 records (12733/sec)
✅ Imported 15,686,000 records (12734/sec)
✅ Imported 15,688,000 records (12735/sec)
✅ Imported 15,690,000 records (12736/sec)
✅ Imported 15,692,000 records (12737/sec)
✅ Imported 15,694,000 records (12737/sec)
✅ Imported 15,696,000 records (12738/sec)
✅ Imported 15,698,000 records (12739/sec)
✅ Imported 15,700,000 records (12740/sec)
✅ Imported 15,702,000 records (12741/sec)
✅ Imported 15,704,000 records (12741/sec)
✅ Imported 15,706,000 records (12742/sec)
✅ Imported 15,708,000 records (12743/sec)
✅ Imported 15,710,000 records (12743/sec)
✅ Imported 15,712,000 records (12743/sec)
✅ Imported 15,714,000 records (12744/sec)
✅ Imported 15,716,000 records (12744/sec)
✅ Imported 15,718,000 records (12745/sec)
✅ Imported 15,720,000 records (12746/sec)
✅ Imported 15,722,000 records (12746/sec)
✅ Imported 15,724,000 records (12747/sec)
✅ Imported 15,726,000 records (12747/sec)
✅ Imported 15,728,000 records (12748/sec)
✅ Imported 15,730,000 records (12749/sec)
✅ Imported 15,732,000 records (12750/sec)
✅ Imported 15,734,000 records (12750/sec)
✅ Imported 15,736,000 records (12751/sec)
✅ Imported 15,738,000 records (12752/sec)
✅ Imported 15,740,000 records (12752/sec)
✅ Imported 15,742,000 records (12753/sec)
✅ Imported 15,744,000 records (12754/sec)
✅ Imported 15,746,000 records (12754/sec)
✅ Imported 15,748,000 records (12755/sec)
✅ Imported 15,750,000 records (12756/sec)
✅ Imported 15,752,000 records (12756/sec)
✅ Imported 15,754,000 records (12757/sec)
✅ Imported 15,756,000 records (12758/sec)
✅ Imported 15,758,000 records (12758/sec)
✅ Imported 15,760,000 records (12759/sec)
✅ Imported 15,762,000 records (12759/sec)
✅ Imported 15,764,000 records (12760/sec)
✅ Imported 15,766,000 records (12760/sec)
✅ Imported 15,768,000 records (12760/sec)
✅ Imported 15,770,000 records (12761/sec)
✅ Imported 15,772,000 records (12761/sec)
✅ Imported 15,774,000 records (12762/sec)
✅ Imported 15,776,000 records (12762/sec)
✅ Imported 15,778,000 records (12762/sec)
✅ Imported 15,780,000 records (12763/sec)
✅ Imported 15,782,000 records (12763/sec)
✅ Imported 15,784,000 records (12764/sec)
✅ Imported 15,786,000 records (12764/sec)
✅ Imported 15,788,000 records (12765/sec)
✅ Imported 15,790,000 records (12766/sec)
✅ Imported 15,792,000 records (12766/sec)
✅ Imported 15,794,000 records (12767/sec)
✅ Imported 15,796,000 records (12768/sec)
✅ Imported 15,798,000 records (12768/sec)
✅ Imported 15,800,000 records (12769/sec)
✅ Imported 15,802,000 records (12769/sec)
✅ Imported 15,804,000 records (12770/sec)
✅ Imported 15,806,000 records (12771/sec)
✅ Imported 15,808,000 records (12771/sec)
✅ Imported 15,810,000 records (12771/sec)
✅ Imported 15,812,000 records (12772/sec)
✅ Imported 15,814,000 records (12773/sec)
✅ Imported 15,816,000 records (12773/sec)
✅ Imported 15,818,000 records (12774/sec)
✅ Imported 15,820,000 records (12775/sec)
✅ Imported 15,822,000 records (12775/sec)
✅ Imported 15,824,000 records (12776/sec)
✅ Imported 15,826,000 records (12776/sec)
✅ Imported 15,828,000 records (12777/sec)
✅ Imported 15,830,000 records (12778/sec)
✅ Imported 15,832,000 records (12778/sec)
✅ Imported 15,834,000 records (12779/sec)
✅ Imported 15,836,000 records (12779/sec)
✅ Imported 15,838,000 records (12780/sec)
✅ Imported 15,840,000 records (12781/sec)
✅ Imported 15,842,000 records (12781/sec)
✅ Imported 15,844,000 records (12782/sec)
✅ Imported 15,846,000 records (12783/sec)
✅ Imported 15,848,000 records (12783/sec)
✅ Imported 15,850,000 records (12783/sec)
✅ Imported 15,852,000 records (12783/sec)
✅ Imported 15,854,000 records (12782/sec)
✅ Imported 15,856,000 records (12783/sec)
✅ Imported 15,858,000 records (12782/sec)
✅ Imported 15,860,000 records (12783/sec)
✅ Imported 15,862,000 records (12783/sec)
✅ Imported 15,864,000 records (12784/sec)
✅ Imported 15,866,000 records (12785/sec)
✅ Imported 15,868,000 records (12785/sec)
✅ Imported 15,870,000 records (12786/sec)
✅ Imported 15,872,000 records (12786/sec)
✅ Imported 15,874,000 records (12787/sec)
✅ Imported 15,876,000 records (12786/sec)
✅ Imported 15,878,000 records (12787/sec)
✅ Imported 15,880,000 records (12787/sec)
✅ Imported 15,882,000 records (12788/sec)
✅ Imported 15,884,000 records (12789/sec)
✅ Imported 15,886,000 records (12789/sec)
✅ Imported 15,888,000 records (12790/sec)
✅ Imported 15,890,000 records (12791/sec)
✅ Imported 15,892,000 records (12791/sec)
✅ Imported 15,894,000 records (12792/sec)
✅ Imported 15,896,000 records (12793/sec)
✅ Imported 15,898,000 records (12794/sec)
✅ Imported 15,900,000 records (12794/sec)
✅ Imported 15,902,000 records (12795/sec)
✅ Imported 15,904,000 records (12795/sec)
✅ Imported 15,906,000 records (12795/sec)
✅ Imported 15,908,000 records (12796/sec)
✅ Imported 15,910,000 records (12797/sec)
✅ Imported 15,912,000 records (12797/sec)
✅ Imported 15,914,000 records (12798/sec)
✅ Imported 15,916,000 records (12798/sec)
✅ Imported 15,918,000 records (12796/sec)
✅ Imported 15,920,000 records (12796/sec)
✅ Imported 15,922,000 records (12797/sec)
✅ Imported 15,924,000 records (12797/sec)
✅ Imported 15,926,000 records (12798/sec)
✅ Imported 15,928,000 records (12798/sec)
✅ Imported 15,930,000 records (12799/sec)
✅ Imported 15,932,000 records (12799/sec)
✅ Imported 15,934,000 records (12800/sec)
✅ Imported 15,936,000 records (12800/sec)
✅ Imported 15,938,000 records (12800/sec)
✅ Imported 15,940,000 records (12801/sec)
✅ Imported 15,942,000 records (12799/sec)
✅ Imported 15,944,000 records (12799/sec)
✅ Imported 15,946,000 records (12800/sec)
✅ Imported 15,948,000 records (12801/sec)
✅ Imported 15,950,000 records (12801/sec)
✅ Imported 15,952,000 records (12802/sec)
✅ Imported 15,954,000 records (12803/sec)
✅ Imported 15,956,000 records (12803/sec)
✅ Imported 15,958,000 records (12804/sec)
✅ Imported 15,960,000 records (12804/sec)
✅ Imported 15,962,000 records (12805/sec)
✅ Imported 15,964,000 records (12805/sec)
✅ Imported 15,966,000 records (12806/sec)
✅ Imported 15,968,000 records (12806/sec)
✅ Imported 15,970,000 records (12806/sec)
✅ Imported 15,972,000 records (12807/sec)
✅ Imported 15,974,000 records (12802/sec)
✅ Imported 15,976,000 records (12803/sec)
✅ Imported 15,978,000 records (12804/sec)
✅ Imported 15,980,000 records (12805/sec)
✅ Imported 15,982,000 records (12805/sec)
✅ Imported 15,984,000 records (12806/sec)
✅ Imported 15,986,000 records (12807/sec)
✅ Imported 15,988,000 records (12808/sec)
✅ Imported 15,990,000 records (12808/sec)
✅ Imported 15,992,000 records (12809/sec)
✅ Imported 15,994,000 records (12809/sec)
✅ Imported 15,996,000 records (12810/sec)
✅ Imported 15,998,000 records (12811/sec)
✅ Imported 16,000,000 records (12812/sec)
✅ Imported 16,002,000 records (12812/sec)
✅ Imported 16,004,000 records (12813/sec)
✅ Imported 16,006,000 records (12814/sec)
✅ Imported 16,008,000 records (12815/sec)
✅ Imported 16,010,000 records (12816/sec)
✅ Imported 16,012,000 records (12816/sec)
✅ Imported 16,014,000 records (12817/sec)
✅ Imported 16,016,000 records (12818/sec)
✅ Imported 16,018,000 records (12818/sec)
✅ Imported 16,020,000 records (12819/sec)
✅ Imported 16,022,000 records (12820/sec)
✅ Imported 16,024,000 records (12821/sec)
✅ Imported 16,026,000 records (12821/sec)
✅ Imported 16,028,000 records (12822/sec)
✅ Imported 16,030,000 records (12823/sec)
✅ Imported 16,032,000 records (12823/sec)
✅ Imported 16,034,000 records (12824/sec)
✅ Imported 16,036,000 records (12824/sec)
✅ Imported 16,038,000 records (12825/sec)
✅ Imported 16,040,000 records (12825/sec)
✅ Imported 16,042,000 records (12826/sec)
✅ Imported 16,044,000 records (12826/sec)
✅ Imported 16,046,000 records (12827/sec)
✅ Imported 16,048,000 records (12828/sec)
✅ Imported 16,050,000 records (12828/sec)
✅ Imported 16,052,000 records (12829/sec)
✅ Imported 16,054,000 records (12830/sec)
✅ Imported 16,056,000 records (12831/sec)
✅ Imported 16,058,000 records (12831/sec)
✅ Imported 16,060,000 records (12832/sec)
✅ Imported 16,062,000 records (12833/sec)
✅ Imported 16,064,000 records (12834/sec)
✅ Imported 16,066,000 records (12834/sec)
✅ Imported 16,068,000 records (12835/sec)
✅ Imported 16,070,000 records (12836/sec)
✅ Imported 16,072,000 records (12837/sec)
✅ Imported 16,074,000 records (12837/sec)
✅ Imported 16,076,000 records (12838/sec)
✅ Imported 16,078,000 records (12839/sec)
✅ Imported 16,080,000 records (12840/sec)
✅ Imported 16,082,000 records (12841/sec)
✅ Imported 16,084,000 records (12841/sec)
✅ Imported 16,086,000 records (12842/sec)
✅ Imported 16,088,000 records (12843/sec)
✅ Imported 16,090,000 records (12843/sec)
✅ Imported 16,092,000 records (12844/sec)
✅ Imported 16,094,000 records (12844/sec)
✅ Imported 16,096,000 records (12844/sec)
✅ Imported 16,098,000 records (12845/sec)
✅ Imported 16,100,000 records (12845/sec)
✅ Imported 16,102,000 records (12846/sec)
✅ Imported 16,104,000 records (12847/sec)
✅ Imported 16,106,000 records (12847/sec)
✅ Imported 16,108,000 records (12848/sec)
✅ Imported 16,110,000 records (12848/sec)
✅ Imported 16,112,000 records (12849/sec)
✅ Imported 16,114,000 records (12849/sec)
✅ Imported 16,116,000 records (12849/sec)
✅ Imported 16,118,000 records (12850/sec)
✅ Imported 16,120,000 records (12851/sec)
✅ Imported 16,122,000 records (12852/sec)
✅ Imported 16,124,000 records (12852/sec)
✅ Imported 16,126,000 records (12853/sec)
✅ Imported 16,128,000 records (12853/sec)
✅ Imported 16,130,000 records (12853/sec)
✅ Imported 16,132,000 records (12853/sec)
✅ Imported 16,134,000 records (12851/sec)
✅ Imported 16,136,000 records (12851/sec)
✅ Imported 16,138,000 records (12851/sec)
✅ Imported 16,140,000 records (12852/sec)
✅ Imported 16,142,000 records (12852/sec)
✅ Imported 16,144,000 records (12852/sec)
✅ Imported 16,146,000 records (12853/sec)
✅ Imported 16,148,000 records (12854/sec)
✅ Imported 16,150,000 records (12854/sec)
✅ Imported 16,152,000 records (12834/sec)
✅ Imported 16,154,000 records (12834/sec)
✅ Imported 16,156,000 records (12835/sec)
✅ Imported 16,158,000 records (12835/sec)
✅ Imported 16,160,000 records (12835/sec)
✅ Imported 16,162,000 records (12836/sec)
✅ Imported 16,164,000 records (12836/sec)
✅ Imported 16,166,000 records (12836/sec)
✅ Imported 16,168,000 records (12837/sec)
✅ Imported 16,170,000 records (12838/sec)
✅ Imported 16,172,000 records (12839/sec)
✅ Imported 16,174,000 records (12840/sec)
✅ Imported 16,176,000 records (12840/sec)
✅ Imported 16,178,000 records (12841/sec)
✅ Imported 16,180,000 records (12842/sec)
✅ Imported 16,182,000 records (12842/sec)
✅ Imported 16,184,000 records (12843/sec)
✅ Imported 16,186,000 records (12843/sec)
✅ Imported 16,188,000 records (12844/sec)
✅ Imported 16,190,000 records (12844/sec)
✅ Imported 16,192,000 records (12844/sec)
✅ Imported 16,194,000 records (12845/sec)
✅ Imported 16,196,000 records (12845/sec)
✅ Imported 16,198,000 records (12846/sec)
✅ Imported 16,200,000 records (12846/sec)
✅ Imported 16,202,000 records (12847/sec)
✅ Imported 16,204,000 records (12848/sec)
✅ Imported 16,206,000 records (12849/sec)
✅ Imported 16,208,000 records (12850/sec)
✅ Imported 16,210,000 records (12851/sec)
✅ Imported 16,212,000 records (12851/sec)
✅ Imported 16,214,000 records (12852/sec)
✅ Imported 16,216,000 records (12853/sec)
✅ Imported 16,218,000 records (12854/sec)
✅ Imported 16,220,000 records (12854/sec)
✅ Imported 16,222,000 records (12855/sec)
✅ Imported 16,224,000 records (12856/sec)
✅ Imported 16,226,000 records (12857/sec)
✅ Imported 16,228,000 records (12858/sec)
✅ Imported 16,230,000 records (12858/sec)
✅ Imported 16,232,000 records (12859/sec)
✅ Imported 16,234,000 records (12859/sec)
✅ Imported 16,236,000 records (12860/sec)
✅ Imported 16,238,000 records (12860/sec)
✅ Imported 16,240,000 records (12861/sec)
✅ Imported 16,242,000 records (12861/sec)
✅ Imported 16,244,000 records (12861/sec)
✅ Imported 16,246,000 records (12862/sec)
✅ Imported 16,248,000 records (12862/sec)
✅ Imported 16,250,000 records (12863/sec)
✅ Imported 16,252,000 records (12863/sec)
✅ Imported 16,254,000 records (12864/sec)
✅ Imported 16,256,000 records (12865/sec)
✅ Imported 16,258,000 records (12866/sec)
✅ Imported 16,260,000 records (12867/sec)
✅ Imported 16,262,000 records (12867/sec)
✅ Imported 16,264,000 records (12868/sec)
✅ Imported 16,266,000 records (12869/sec)
✅ Imported 16,268,000 records (12870/sec)
✅ Imported 16,270,000 records (12870/sec)
✅ Imported 16,272,000 records (12870/sec)
✅ Imported 16,274,000 records (12870/sec)
✅ Imported 16,276,000 records (12871/sec)
✅ Imported 16,278,000 records (12872/sec)
✅ Imported 16,280,000 records (12873/sec)
✅ Imported 16,282,000 records (12873/sec)
✅ Imported 16,284,000 records (12874/sec)
✅ Imported 16,286,000 records (12875/sec)
✅ Imported 16,288,000 records (12876/sec)
✅ Imported 16,290,000 records (12876/sec)
✅ Imported 16,292,000 records (12877/sec)
✅ Imported 16,294,000 records (12878/sec)
✅ Imported 16,296,000 records (12878/sec)
✅ Imported 16,298,000 records (12879/sec)
✅ Imported 16,300,000 records (12880/sec)
✅ Imported 16,302,000 records (12881/sec)
✅ Imported 16,304,000 records (12881/sec)
✅ Imported 16,306,000 records (12882/sec)
✅ Imported 16,308,000 records (12883/sec)
✅ Imported 16,310,000 records (12884/sec)
✅ Imported 16,312,000 records (12884/sec)
✅ Imported 16,314,000 records (12885/sec)
✅ Imported 16,316,000 records (12885/sec)
✅ Imported 16,318,000 records (12886/sec)
✅ Imported 16,320,000 records (12887/sec)
✅ Imported 16,322,000 records (12887/sec)
✅ Imported 16,324,000 records (12888/sec)
✅ Imported 16,326,000 records (12888/sec)
✅ Imported 16,328,000 records (12889/sec)
✅ Imported 16,330,000 records (12890/sec)
✅ Imported 16,332,000 records (12891/sec)
✅ Imported 16,334,000 records (12891/sec)
✅ Imported 16,336,000 records (12892/sec)
✅ Imported 16,338,000 records (12893/sec)
✅ Imported 16,340,000 records (12894/sec)
✅ Imported 16,342,000 records (12894/sec)
✅ Imported 16,344,000 records (12895/sec)
✅ Imported 16,346,000 records (12896/sec)
✅ Imported 16,348,000 records (12897/sec)
✅ Imported 16,350,000 records (12897/sec)
✅ Imported 16,352,000 records (12898/sec)
✅ Imported 16,354,000 records (12899/sec)
✅ Imported 16,356,000 records (12899/sec)
✅ Imported 16,358,000 records (12900/sec)
✅ Imported 16,360,000 records (12900/sec)
✅ Imported 16,362,000 records (12901/sec)
✅ Imported 16,364,000 records (12902/sec)
✅ Imported 16,366,000 records (12902/sec)
✅ Imported 16,368,000 records (12903/sec)
✅ Imported 16,370,000 records (12904/sec)
✅ Imported 16,372,000 records (12904/sec)
✅ Imported 16,374,000 records (12905/sec)
✅ Imported 16,376,000 records (12906/sec)
✅ Imported 16,378,000 records (12907/sec)
✅ Imported 16,380,000 records (12907/sec)
✅ Imported 16,382,000 records (12908/sec)
✅ Imported 16,384,000 records (12908/sec)
✅ Imported 16,386,000 records (12908/sec)
✅ Imported 16,388,000 records (12909/sec)
✅ Imported 16,390,000 records (12910/sec)
✅ Imported 16,392,000 records (12910/sec)
✅ Imported 16,394,000 records (12911/sec)
✅ Imported 16,396,000 records (12911/sec)
✅ Imported 16,398,000 records (12911/sec)
✅ Imported 16,400,000 records (12911/sec)
✅ Imported 16,402,000 records (12910/sec)
✅ Imported 16,404,000 records (12911/sec)
✅ Imported 16,406,000 records (12911/sec)
✅ Imported 16,408,000 records (12912/sec)
✅ Imported 16,410,000 records (12912/sec)
✅ Imported 16,412,000 records (12913/sec)
✅ Imported 16,414,000 records (12914/sec)
✅ Imported 16,416,000 records (12914/sec)
✅ Imported 16,418,000 records (12914/sec)
✅ Imported 16,420,000 records (12915/sec)
✅ Imported 16,422,000 records (12915/sec)
✅ Imported 16,424,000 records (12916/sec)
✅ Imported 16,426,000 records (12916/sec)
✅ Imported 16,428,000 records (12916/sec)
✅ Imported 16,430,000 records (12916/sec)
✅ Imported 16,432,000 records (12917/sec)
✅ Imported 16,434,000 records (12917/sec)
✅ Imported 16,436,000 records (12918/sec)
✅ Imported 16,438,000 records (12918/sec)
✅ Imported 16,440,000 records (12918/sec)
✅ Imported 16,442,000 records (12919/sec)
✅ Imported 16,444,000 records (12920/sec)
✅ Imported 16,446,000 records (12920/sec)
✅ Imported 16,448,000 records (12921/sec)
✅ Imported 16,450,000 records (12922/sec)
✅ Imported 16,452,000 records (12923/sec)
✅ Imported 16,454,000 records (12923/sec)
✅ Imported 16,456,000 records (12924/sec)
✅ Imported 16,458,000 records (12925/sec)
✅ Imported 16,460,000 records (12925/sec)
✅ Imported 16,462,000 records (12926/sec)
✅ Imported 16,464,000 records (12927/sec)
✅ Imported 16,466,000 records (12928/sec)
✅ Imported 16,468,000 records (12928/sec)
✅ Imported 16,470,000 records (12929/sec)
✅ Imported 16,472,000 records (12930/sec)
✅ Imported 16,474,000 records (12930/sec)
✅ Imported 16,476,000 records (12931/sec)
✅ Imported 16,478,000 records (12932/sec)
✅ Imported 16,480,000 records (12933/sec)
✅ Imported 16,482,000 records (12933/sec)
✅ Imported 16,484,000 records (12934/sec)
✅ Imported 16,486,000 records (12935/sec)
✅ Imported 16,488,000 records (12935/sec)
✅ Imported 16,490,000 records (12936/sec)
✅ Imported 16,492,000 records (12936/sec)
✅ Imported 16,494,000 records (12937/sec)
✅ Imported 16,496,000 records (12938/sec)
✅ Imported 16,498,000 records (12938/sec)
✅ Imported 16,500,000 records (12939/sec)
✅ Imported 16,502,000 records (12940/sec)
✅ Imported 16,504,000 records (12941/sec)
✅ Imported 16,506,000 records (12941/sec)
✅ Imported 16,508,000 records (12942/sec)
✅ Imported 16,510,000 records (12943/sec)
✅ Imported 16,512,000 records (12943/sec)
✅ Imported 16,514,000 records (12944/sec)
✅ Imported 16,516,000 records (12945/sec)
✅ Imported 16,518,000 records (12945/sec)
✅ Imported 16,520,000 records (12946/sec)
✅ Imported 16,522,000 records (12947/sec)
✅ Imported 16,524,000 records (12946/sec)
✅ Imported 16,526,000 records (12947/sec)
✅ Imported 16,528,000 records (12947/sec)
✅ Imported 16,530,000 records (12948/sec)
✅ Imported 16,532,000 records (12949/sec)
✅ Imported 16,534,000 records (12949/sec)
✅ Imported 16,536,000 records (12950/sec)
✅ Imported 16,538,000 records (12951/sec)
✅ Imported 16,540,000 records (12951/sec)
✅ Imported 16,542,000 records (12952/sec)
✅ Imported 16,544,000 records (12953/sec)
✅ Imported 16,546,000 records (12954/sec)
✅ Imported 16,548,000 records (12954/sec)
✅ Imported 16,550,000 records (12955/sec)
✅ Imported 16,552,000 records (12956/sec)
✅ Imported 16,554,000 records (12956/sec)
✅ Imported 16,556,000 records (12957/sec)
✅ Imported 16,558,000 records (12958/sec)
✅ Imported 16,560,000 records (12959/sec)
✅ Imported 16,562,000 records (12959/sec)
✅ Imported 16,564,000 records (12959/sec)
✅ Imported 16,566,000 records (12959/sec)
✅ Imported 16,568,000 records (12960/sec)
✅ Imported 16,570,000 records (12960/sec)
✅ Imported 16,572,000 records (12961/sec)
✅ Imported 16,574,000 records (12961/sec)
✅ Imported 16,576,000 records (12962/sec)
✅ Imported 16,578,000 records (12963/sec)
✅ Imported 16,580,000 records (12963/sec)
✅ Imported 16,582,000 records (12963/sec)
✅ Imported 16,584,000 records (12964/sec)
✅ Imported 16,586,000 records (12965/sec)
✅ Imported 16,588,000 records (12965/sec)
✅ Imported 16,590,000 records (12966/sec)
✅ Imported 16,592,000 records (12967/sec)
✅ Imported 16,594,000 records (12967/sec)
✅ Imported 16,596,000 records (12968/sec)
✅ Imported 16,598,000 records (12968/sec)
✅ Imported 16,600,000 records (12969/sec)
✅ Imported 16,602,000 records (12969/sec)
✅ Imported 16,604,000 records (12969/sec)
✅ Imported 16,606,000 records (12970/sec)
✅ Imported 16,608,000 records (12970/sec)
✅ Imported 16,610,000 records (12971/sec)
✅ Imported 16,612,000 records (12972/sec)
✅ Imported 16,614,000 records (12973/sec)
✅ Imported 16,616,000 records (12973/sec)
✅ Imported 16,618,000 records (12974/sec)
✅ Imported 16,620,000 records (12975/sec)
✅ Imported 16,622,000 records (12975/sec)
✅ Imported 16,624,000 records (12976/sec)
✅ Imported 16,626,000 records (12977/sec)
✅ Imported 16,628,000 records (12977/sec)
✅ Imported 16,630,000 records (12978/sec)
✅ Imported 16,632,000 records (12979/sec)
✅ Imported 16,634,000 records (12979/sec)
✅ Imported 16,636,000 records (12980/sec)
✅ Imported 16,638,000 records (12980/sec)
✅ Imported 16,640,000 records (12981/sec)
✅ Imported 16,642,000 records (12982/sec)
✅ Imported 16,644,000 records (12983/sec)
✅ Imported 16,646,000 records (12984/sec)
✅ Imported 16,648,000 records (12984/sec)
✅ Imported 16,650,000 records (12985/sec)
✅ Imported 16,652,000 records (12986/sec)
✅ Imported 16,654,000 records (12987/sec)
✅ Imported 16,656,000 records (12987/sec)
✅ Imported 16,658,000 records (12988/sec)
✅ Imported 16,660,000 records (12988/sec)
✅ Imported 16,662,000 records (12989/sec)
✅ Imported 16,664,000 records (12990/sec)
✅ Imported 16,666,000 records (12991/sec)
✅ Imported 16,668,000 records (12991/sec)
✅ Imported 16,670,000 records (12992/sec)
✅ Imported 16,672,000 records (12993/sec)
✅ Imported 16,674,000 records (12993/sec)
✅ Imported 16,676,000 records (12994/sec)
✅ Imported 16,678,000 records (12995/sec)
✅ Imported 16,680,000 records (12995/sec)
✅ Imported 16,682,000 records (12996/sec)
✅ Imported 16,684,000 records (12996/sec)
✅ Imported 16,686,000 records (12997/sec)
✅ Imported 16,688,000 records (12998/sec)
✅ Imported 16,690,000 records (12997/sec)
✅ Imported 16,692,000 records (12997/sec)
✅ Imported 16,694,000 records (12997/sec)
✅ Imported 16,696,000 records (12998/sec)
✅ Imported 16,698,000 records (12999/sec)
✅ Imported 16,700,000 records (12999/sec)
✅ Imported 16,702,000 records (13000/sec)
✅ Imported 16,704,000 records (13001/sec)
✅ Imported 16,706,000 records (13001/sec)
✅ Imported 16,708,000 records (13001/sec)
✅ Imported 16,710,000 records (13002/sec)
✅ Imported 16,712,000 records (13002/sec)
✅ Imported 16,714,000 records (13003/sec)
✅ Imported 16,716,000 records (13003/sec)
✅ Imported 16,718,000 records (13004/sec)
✅ Imported 16,720,000 records (13004/sec)
✅ Imported 16,722,000 records (13004/sec)
✅ Imported 16,724,000 records (13004/sec)
✅ Imported 16,726,000 records (13005/sec)
✅ Imported 16,728,000 records (13006/sec)
✅ Imported 16,730,000 records (13006/sec)
✅ Imported 16,732,000 records (13007/sec)
✅ Imported 16,734,000 records (13008/sec)
✅ Imported 16,736,000 records (13009/sec)
✅ Imported 16,738,000 records (13009/sec)
✅ Imported 16,740,000 records (13010/sec)
✅ Imported 16,742,000 records (13011/sec)
✅ Imported 16,744,000 records (13011/sec)
✅ Imported 16,746,000 records (13012/sec)
✅ Imported 16,748,000 records (13013/sec)
✅ Imported 16,750,000 records (13012/sec)
✅ Imported 16,752,000 records (13012/sec)
✅ Imported 16,754,000 records (13011/sec)
✅ Imported 16,756,000 records (13010/sec)
✅ Imported 16,758,000 records (13010/sec)
✅ Imported 16,760,000 records (13009/sec)
✅ Imported 16,762,000 records (13009/sec)
✅ Imported 16,764,000 records (13009/sec)
✅ Imported 16,766,000 records (13010/sec)
✅ Imported 16,768,000 records (13010/sec)
✅ Imported 16,770,000 records (13011/sec)
✅ Imported 16,772,000 records (13011/sec)
✅ Imported 16,774,000 records (13012/sec)
✅ Imported 16,776,000 records (13012/sec)
✅ Imported 16,778,000 records (13013/sec)
✅ Imported 16,780,000 records (13013/sec)
✅ Imported 16,782,000 records (13014/sec)
✅ Imported 16,784,000 records (13014/sec)
✅ Imported 16,786,000 records (13015/sec)
✅ Imported 16,788,000 records (13015/sec)
✅ Imported 16,790,000 records (13002/sec)
✅ Imported 16,792,000 records (12990/sec)
✅ Imported 16,794,000 records (12989/sec)
✅ Imported 16,796,000 records (12987/sec)
✅ Imported 16,798,000 records (12986/sec)
✅ Imported 16,800,000 records (12985/sec)
✅ Imported 16,802,000 records (12969/sec)
✅ Imported 16,804,000 records (12954/sec)
✅ Imported 16,806,000 records (12951/sec)
✅ Imported 16,808,000 records (12949/sec)
✅ Imported 16,810,000 records (12948/sec)
✅ Imported 16,812,000 records (12947/sec)
✅ Imported 16,814,000 records (12947/sec)
✅ Imported 16,816,000 records (12947/sec)
✅ Imported 16,818,000 records (12947/sec)
✅ Imported 16,820,000 records (12947/sec)
✅ Imported 16,822,000 records (12947/sec)
✅ Imported 16,824,000 records (12947/sec)
✅ Imported 16,826,000 records (12946/sec)
✅ Imported 16,828,000 records (12946/sec)
✅ Imported 16,830,000 records (12945/sec)
✅ Imported 16,832,000 records (12945/sec)
✅ Imported 16,834,000 records (12942/sec)
✅ Imported 16,836,000 records (12941/sec)
✅ Imported 16,838,000 records (12941/sec)
✅ Imported 16,840,000 records (12941/sec)
✅ Imported 16,842,000 records (12940/sec)
✅ Imported 16,844,000 records (12933/sec)
✅ Imported 16,846,000 records (12931/sec)
✅ Imported 16,848,000 records (12929/sec)
✅ Imported 16,850,000 records (12927/sec)
✅ Imported 16,852,000 records (12927/sec)
✅ Imported 16,854,000 records (12927/sec)
✅ Imported 16,856,000 records (12926/sec)
✅ Imported 16,858,000 records (12924/sec)
✅ Imported 16,860,000 records (12921/sec)
✅ Imported 16,862,000 records (12920/sec)
✅ Imported 16,864,000 records (12917/sec)
✅ Imported 16,866,000 records (12917/sec)
✅ Imported 16,868,000 records (12917/sec)
✅ Imported 16,870,000 records (12916/sec)
✅ Imported 16,872,000 records (12914/sec)
✅ Imported 16,874,000 records (12913/sec)
✅ Imported 16,876,000 records (12913/sec)
✅ Imported 16,878,000 records (12913/sec)
✅ Imported 16,880,000 records (12913/sec)
✅ Imported 16,882,000 records (12912/sec)
✅ Imported 16,884,000 records (12911/sec)
✅ Imported 16,886,000 records (12911/sec)
✅ Imported 16,888,000 records (12911/sec)
✅ Imported 16,890,000 records (12909/sec)
✅ Imported 16,892,000 records (12908/sec)
✅ Imported 16,894,000 records (12905/sec)
✅ Imported 16,896,000 records (12904/sec)
✅ Imported 16,898,000 records (12901/sec)
✅ Imported 16,900,000 records (12901/sec)
✅ Imported 16,902,000 records (12900/sec)
✅ Imported 16,904,000 records (12900/sec)
✅ Imported 16,906,000 records (12899/sec)
✅ Imported 16,908,000 records (12899/sec)
✅ Imported 16,910,000 records (12899/sec)
✅ Imported 16,912,000 records (12898/sec)
✅ Imported 16,914,000 records (12897/sec)
✅ Imported 16,916,000 records (12897/sec)
✅ Imported 16,918,000 records (12894/sec)
✅ Imported 16,920,000 records (12894/sec)
✅ Imported 16,922,000 records (12894/sec)
✅ Imported 16,924,000 records (12895/sec)
✅ Imported 16,926,000 records (12894/sec)
✅ Imported 16,928,000 records (12895/sec)
✅ Imported 16,930,000 records (12895/sec)
✅ Imported 16,932,000 records (12895/sec)
✅ Imported 16,934,000 records (12895/sec)
✅ Imported 16,936,000 records (12895/sec)
✅ Imported 16,938,000 records (12894/sec)
✅ Imported 16,940,000 records (12894/sec)
✅ Imported 16,942,000 records (12894/sec)
✅ Imported 16,944,000 records (12894/sec)
✅ Imported 16,946,000 records (12893/sec)
✅ Imported 16,948,000 records (12893/sec)
✅ Imported 16,950,000 records (12892/sec)
✅ Imported 16,952,000 records (12892/sec)
✅ Imported 16,954,000 records (12889/sec)
✅ Imported 16,956,000 records (12885/sec)
✅ Imported 16,958,000 records (12880/sec)
✅ Imported 16,960,000 records (12877/sec)
✅ Imported 16,962,000 records (12875/sec)
✅ Imported 16,964,000 records (12874/sec)
✅ Imported 16,966,000 records (12853/sec)
✅ Imported 16,968,000 records (12846/sec)
✅ Imported 16,970,000 records (12843/sec)
✅ Imported 16,972,000 records (12841/sec)
✅ Imported 16,974,000 records (12837/sec)
✅ Imported 16,976,000 records (12837/sec)
✅ Imported 16,978,000 records (12835/sec)
✅ Imported 16,980,000 records (12835/sec)
✅ Imported 16,982,000 records (12821/sec)
✅ Imported 16,984,000 records (12803/sec)
✅ Imported 16,986,000 records (12791/sec)
✅ Imported 16,988,000 records (12784/sec)
✅ Imported 16,990,000 records (12783/sec)
✅ Imported 16,992,000 records (12769/sec)
✅ Imported 16,994,000 records (12751/sec)
✅ Imported 16,996,000 records (12746/sec)
✅ Imported 16,998,000 records (12744/sec)
✅ Imported 17,000,000 records (12744/sec)
✅ Imported 17,002,000 records (12743/sec)
✅ Imported 17,004,000 records (12740/sec)
✅ Imported 17,006,000 records (12739/sec)
✅ Imported 17,008,000 records (12735/sec)
✅ Imported 17,010,000 records (12732/sec)
✅ Imported 17,012,000 records (12729/sec)
✅ Imported 17,014,000 records (12722/sec)
✅ Imported 17,016,000 records (12705/sec)
✅ Imported 17,018,000 records (12700/sec)
✅ Imported 17,020,000 records (12696/sec)
✅ Imported 17,022,000 records (12693/sec)
✅ Imported 17,024,000 records (12692/sec)
✅ Imported 17,026,000 records (12691/sec)
✅ Imported 17,028,000 records (12690/sec)
✅ Imported 17,030,000 records (12689/sec)
✅ Imported 17,032,000 records (12688/sec)
✅ Imported 17,034,000 records (12685/sec)
✅ Imported 17,036,000 records (12681/sec)
✅ Imported 17,038,000 records (12679/sec)
✅ Imported 17,040,000 records (12678/sec)
✅ Imported 17,042,000 records (12678/sec)
✅ Imported 17,044,000 records (12678/sec)
✅ Imported 17,046,000 records (12678/sec)
✅ Imported 17,048,000 records (12677/sec)
✅ Imported 17,050,000 records (12677/sec)
✅ Imported 17,052,000 records (12676/sec)
✅ Imported 17,054,000 records (12675/sec)
✅ Imported 17,056,000 records (12674/sec)
✅ Imported 17,058,000 records (12670/sec)
✅ Imported 17,060,000 records (12667/sec)
✅ Imported 17,062,000 records (12667/sec)
✅ Imported 17,064,000 records (12666/sec)
✅ Imported 17,066,000 records (12667/sec)
✅ Imported 17,068,000 records (12667/sec)
✅ Imported 17,070,000 records (12668/sec)
✅ Imported 17,072,000 records (12667/sec)
✅ Imported 17,074,000 records (12667/sec)
✅ Imported 17,076,000 records (12667/sec)
✅ Imported 17,078,000 records (12668/sec)
✅ Imported 17,080,000 records (12669/sec)
✅ Imported 17,082,000 records (12669/sec)
✅ Imported 17,084,000 records (12668/sec)
✅ Imported 17,086,000 records (12667/sec)
✅ Imported 17,088,000 records (12667/sec)
✅ Imported 17,090,000 records (12667/sec)
✅ Imported 17,092,000 records (12667/sec)
✅ Imported 17,094,000 records (12667/sec)
✅ Imported 17,096,000 records (12668/sec)
✅ Imported 17,098,000 records (12669/sec)
✅ Imported 17,100,000 records (12669/sec)
✅ Imported 17,102,000 records (12670/sec)
✅ Imported 17,104,000 records (12670/sec)
✅ Imported 17,106,000 records (12671/sec)
✅ Imported 17,108,000 records (12671/sec)
✅ Imported 17,110,000 records (12672/sec)
✅ Imported 17,112,000 records (12672/sec)
✅ Imported 17,114,000 records (12673/sec)
✅ Imported 17,116,000 records (12673/sec)
✅ Imported 17,118,000 records (12674/sec)
✅ Imported 17,120,000 records (12674/sec)
✅ Imported 17,122,000 records (12674/sec)
✅ Imported 17,124,000 records (12672/sec)
✅ Imported 17,126,000 records (12672/sec)
✅ Imported 17,128,000 records (12672/sec)
✅ Imported 17,130,000 records (12672/sec)
✅ Imported 17,132,000 records (12672/sec)
✅ Imported 17,134,000 records (12672/sec)
✅ Imported 17,136,000 records (12672/sec)
✅ Imported 17,138,000 records (12672/sec)
✅ Imported 17,140,000 records (12673/sec)
✅ Imported 17,142,000 records (12674/sec)
✅ Imported 17,144,000 records (12674/sec)
✅ Imported 17,146,000 records (12675/sec)
✅ Imported 17,148,000 records (12675/sec)
✅ Imported 17,150,000 records (12675/sec)
✅ Imported 17,152,000 records (12675/sec)
✅ Imported 17,154,000 records (12675/sec)
✅ Imported 17,156,000 records (12674/sec)
✅ Imported 17,158,000 records (12673/sec)
✅ Imported 17,160,000 records (12674/sec)
✅ Imported 17,162,000 records (12674/sec)
✅ Imported 17,164,000 records (12674/sec)
✅ Imported 17,166,000 records (12674/sec)
✅ Imported 17,168,000 records (12674/sec)
✅ Imported 17,170,000 records (12675/sec)
✅ Imported 17,172,000 records (12675/sec)
✅ Imported 17,174,000 records (12675/sec)
✅ Imported 17,176,000 records (12675/sec)
✅ Imported 17,178,000 records (12675/sec)
✅ Imported 17,180,000 records (12676/sec)
✅ Imported 17,182,000 records (12676/sec)
✅ Imported 17,184,000 records (12677/sec)
✅ Imported 17,186,000 records (12678/sec)
✅ Imported 17,188,000 records (12678/sec)
✅ Imported 17,190,000 records (12679/sec)
✅ Imported 17,192,000 records (12679/sec)
✅ Imported 17,194,000 records (12680/sec)
✅ Imported 17,196,000 records (12680/sec)
✅ Imported 17,198,000 records (12681/sec)
✅ Imported 17,200,000 records (12681/sec)
✅ Imported 17,202,000 records (12682/sec)
✅ Imported 17,204,000 records (12682/sec)
✅ Imported 17,206,000 records (12683/sec)
✅ Imported 17,208,000 records (12683/sec)
✅ Imported 17,210,000 records (12684/sec)
✅ Imported 17,212,000 records (12684/sec)
✅ Imported 17,214,000 records (12684/sec)
✅ Imported 17,216,000 records (12685/sec)
✅ Imported 17,218,000 records (12685/sec)
✅ Imported 17,220,000 records (12686/sec)
✅ Imported 17,222,000 records (12686/sec)
✅ Imported 17,224,000 records (12687/sec)
✅ Imported 17,226,000 records (12687/sec)
✅ Imported 17,228,000 records (12688/sec)
✅ Imported 17,230,000 records (12689/sec)
✅ Imported 17,232,000 records (12689/sec)
✅ Imported 17,234,000 records (12689/sec)
✅ Imported 17,236,000 records (12690/sec)
✅ Imported 17,238,000 records (12691/sec)
✅ Imported 17,240,000 records (12691/sec)
✅ Imported 17,242,000 records (12691/sec)
✅ Imported 17,244,000 records (12691/sec)
✅ Imported 17,246,000 records (12691/sec)
✅ Imported 17,248,000 records (12691/sec)
✅ Imported 17,250,000 records (12692/sec)
✅ Imported 17,252,000 records (12691/sec)
✅ Imported 17,254,000 records (12691/sec)
✅ Imported 17,256,000 records (12691/sec)
✅ Imported 17,258,000 records (12691/sec)
✅ Imported 17,260,000 records (12692/sec)
✅ Imported 17,262,000 records (12692/sec)
✅ Imported 17,264,000 records (12692/sec)
✅ Imported 17,266,000 records (12692/sec)
✅ Imported 17,268,000 records (12693/sec)
✅ Imported 17,270,000 records (12693/sec)
✅ Imported 17,272,000 records (12692/sec)
✅ Imported 17,274,000 records (12693/sec)
✅ Imported 17,276,000 records (12692/sec)
✅ Imported 17,278,000 records (12691/sec)
✅ Imported 17,280,000 records (12691/sec)
✅ Imported 17,282,000 records (12691/sec)
✅ Imported 17,284,000 records (12692/sec)
✅ Imported 17,286,000 records (12692/sec)
✅ Imported 17,288,000 records (12689/sec)
✅ Imported 17,290,000 records (12688/sec)
✅ Imported 17,292,000 records (12688/sec)
✅ Imported 17,294,000 records (12687/sec)
✅ Imported 17,296,000 records (12687/sec)
✅ Imported 17,298,000 records (12687/sec)
✅ Imported 17,300,000 records (12687/sec)
✅ Imported 17,302,000 records (12687/sec)
✅ Imported 17,304,000 records (12686/sec)
✅ Imported 17,306,000 records (12686/sec)
✅ Imported 17,308,000 records (12686/sec)
✅ Imported 17,310,000 records (12685/sec)
✅ Imported 17,312,000 records (12685/sec)
✅ Imported 17,314,000 records (12685/sec)
✅ Imported 17,316,000 records (12686/sec)
✅ Imported 17,318,000 records (12686/sec)
✅ Imported 17,320,000 records (12686/sec)
✅ Imported 17,322,000 records (12686/sec)
✅ Imported 17,324,000 records (12685/sec)
✅ Imported 17,326,000 records (12685/sec)
✅ Imported 17,328,000 records (12685/sec)
✅ Imported 17,330,000 records (12685/sec)
✅ Imported 17,332,000 records (12685/sec)
✅ Imported 17,334,000 records (12686/sec)
✅ Imported 17,336,000 records (12686/sec)
✅ Imported 17,338,000 records (12686/sec)
✅ Imported 17,340,000 records (12686/sec)
✅ Imported 17,342,000 records (12686/sec)
✅ Imported 17,344,000 records (12686/sec)
✅ Imported 17,346,000 records (12686/sec)
✅ Imported 17,348,000 records (12685/sec)
✅ Imported 17,350,000 records (12684/sec)
✅ Imported 17,352,000 records (12682/sec)
✅ Imported 17,354,000 records (12680/sec)
✅ Imported 17,356,000 records (12679/sec)
✅ Imported 17,358,000 records (12677/sec)
✅ Imported 17,360,000 records (12676/sec)
✅ Imported 17,362,000 records (12676/sec)
✅ Imported 17,364,000 records (12676/sec)
✅ Imported 17,366,000 records (12676/sec)
✅ Imported 17,368,000 records (12676/sec)
✅ Imported 17,370,000 records (12675/sec)
✅ Imported 17,372,000 records (12675/sec)
✅ Imported 17,374,000 records (12675/sec)
✅ Imported 17,376,000 records (12675/sec)
✅ Imported 17,378,000 records (12675/sec)
✅ Imported 17,380,000 records (12673/sec)
✅ Imported 17,382,000 records (12668/sec)
✅ Imported 17,384,000 records (12667/sec)
✅ Imported 17,386,000 records (12667/sec)
✅ Imported 17,388,000 records (12667/sec)
✅ Imported 17,390,000 records (12667/sec)
✅ Imported 17,392,000 records (12667/sec)
✅ Imported 17,394,000 records (12666/sec)
✅ Imported 17,396,000 records (12663/sec)
✅ Imported 17,398,000 records (12663/sec)
✅ Imported 17,400,000 records (12663/sec)
✅ Imported 17,402,000 records (12664/sec)
✅ Imported 17,404,000 records (12664/sec)
✅ Imported 17,406,000 records (12664/sec)
✅ Imported 17,408,000 records (12663/sec)
✅ Imported 17,410,000 records (12661/sec)
✅ Imported 17,412,000 records (12658/sec)
✅ Imported 17,414,000 records (12657/sec)
✅ Imported 17,416,000 records (12656/sec)
✅ Imported 17,418,000 records (12649/sec)
✅ Imported 17,420,000 records (12647/sec)
✅ Imported 17,422,000 records (12646/sec)
✅ Imported 17,424,000 records (12645/sec)
✅ Imported 17,426,000 records (12644/sec)
✅ Imported 17,428,000 records (12644/sec)
✅ Imported 17,430,000 records (12644/sec)
✅ Imported 17,432,000 records (12645/sec)
✅ Imported 17,434,000 records (12645/sec)
✅ Imported 17,436,000 records (12644/sec)
✅ Imported 17,438,000 records (12644/sec)
✅ Imported 17,440,000 records (12644/sec)
✅ Imported 17,442,000 records (12643/sec)
✅ Imported 17,444,000 records (12643/sec)
✅ Imported 17,446,000 records (12643/sec)
✅ Imported 17,448,000 records (12644/sec)
✅ Imported 17,450,000 records (12644/sec)
✅ Imported 17,452,000 records (12644/sec)
✅ Imported 17,454,000 records (12645/sec)
✅ Imported 17,456,000 records (12645/sec)
✅ Imported 17,458,000 records (12645/sec)
✅ Imported 17,460,000 records (12645/sec)
✅ Imported 17,462,000 records (12646/sec)
✅ Imported 17,464,000 records (12646/sec)
✅ Imported 17,466,000 records (12646/sec)
✅ Imported 17,468,000 records (12646/sec)
✅ Imported 17,470,000 records (12646/sec)
✅ Imported 17,472,000 records (12647/sec)
✅ Imported 17,474,000 records (12647/sec)
✅ Imported 17,476,000 records (12647/sec)
✅ Imported 17,478,000 records (12648/sec)
✅ Imported 17,480,000 records (12648/sec)
✅ Imported 17,482,000 records (12649/sec)
✅ Imported 17,484,000 records (12649/sec)
✅ Imported 17,486,000 records (12650/sec)
✅ Imported 17,488,000 records (12650/sec)
✅ Imported 17,490,000 records (12650/sec)
✅ Imported 17,492,000 records (12650/sec)
✅ Imported 17,494,000 records (12651/sec)
✅ Imported 17,496,000 records (12652/sec)
✅ Imported 17,498,000 records (12652/sec)
✅ Imported 17,500,000 records (12653/sec)
✅ Imported 17,502,000 records (12653/sec)
✅ Imported 17,504,000 records (12654/sec)
✅ Imported 17,506,000 records (12654/sec)
✅ Imported 17,508,000 records (12655/sec)
✅ Imported 17,510,000 records (12655/sec)
✅ Imported 17,512,000 records (12656/sec)
✅ Imported 17,514,000 records (12656/sec)
✅ Imported 17,516,000 records (12656/sec)
✅ Imported 17,518,000 records (12657/sec)
✅ Imported 17,520,000 records (12657/sec)
✅ Imported 17,522,000 records (12657/sec)
✅ Imported 17,524,000 records (12657/sec)
✅ Imported 17,526,000 records (12657/sec)
✅ Imported 17,528,000 records (12657/sec)
✅ Imported 17,530,000 records (12658/sec)
✅ Imported 17,532,000 records (12658/sec)
✅ Imported 17,534,000 records (12659/sec)
✅ Imported 17,536,000 records (12660/sec)
✅ Imported 17,538,000 records (12660/sec)
✅ Imported 17,540,000 records (12661/sec)
✅ Imported 17,542,000 records (12660/sec)
✅ Imported 17,544,000 records (12661/sec)
✅ Imported 17,546,000 records (12661/sec)
✅ Imported 17,548,000 records (12662/sec)
✅ Imported 17,550,000 records (12663/sec)
✅ Imported 17,552,000 records (12663/sec)
✅ Imported 17,554,000 records (12664/sec)
✅ Imported 17,556,000 records (12665/sec)
✅ Imported 17,558,000 records (12666/sec)
✅ Imported 17,560,000 records (12666/sec)
✅ Imported 17,562,000 records (12667/sec)
✅ Imported 17,564,000 records (12667/sec)
✅ Imported 17,566,000 records (12668/sec)
✅ Imported 17,568,000 records (12669/sec)
✅ Imported 17,570,000 records (12669/sec)
✅ Imported 17,572,000 records (12670/sec)
✅ Imported 17,574,000 records (12670/sec)
✅ Imported 17,576,000 records (12671/sec)
✅ Imported 17,578,000 records (12672/sec)
✅ Imported 17,580,000 records (12672/sec)
✅ Imported 17,582,000 records (12673/sec)
✅ Imported 17,584,000 records (12673/sec)
✅ Imported 17,586,000 records (12673/sec)
✅ Imported 17,588,000 records (12674/sec)
✅ Imported 17,590,000 records (12674/sec)
✅ Imported 17,592,000 records (12675/sec)
✅ Imported 17,594,000 records (12676/sec)
✅ Imported 17,596,000 records (12676/sec)
✅ Imported 17,598,000 records (12677/sec)
✅ Imported 17,600,000 records (12678/sec)
✅ Imported 17,602,000 records (12679/sec)
✅ Imported 17,604,000 records (12679/sec)
✅ Imported 17,606,000 records (12680/sec)
✅ Imported 17,608,000 records (12680/sec)
✅ Imported 17,610,000 records (12681/sec)
✅ Imported 17,612,000 records (12681/sec)
✅ Imported 17,614,000 records (12682/sec)
✅ Imported 17,616,000 records (12682/sec)
✅ Imported 17,618,000 records (12683/sec)
✅ Imported 17,620,000 records (12684/sec)
✅ Imported 17,622,000 records (12684/sec)
✅ Imported 17,624,000 records (12685/sec)
✅ Imported 17,626,000 records (12685/sec)
✅ Imported 17,628,000 records (12686/sec)
✅ Imported 17,630,000 records (12686/sec)
✅ Imported 17,632,000 records (12687/sec)
✅ Imported 17,634,000 records (12688/sec)
✅ Imported 17,636,000 records (12688/sec)
✅ Imported 17,638,000 records (12689/sec)
✅ Imported 17,640,000 records (12690/sec)
✅ Imported 17,642,000 records (12690/sec)
✅ Imported 17,644,000 records (12691/sec)
✅ Imported 17,646,000 records (12692/sec)
✅ Imported 17,648,000 records (12693/sec)
✅ Imported 17,650,000 records (12693/sec)
✅ Imported 17,652,000 records (12693/sec)
✅ Imported 17,654,000 records (12694/sec)
✅ Imported 17,656,000 records (12695/sec)
✅ Imported 17,658,000 records (12696/sec)
✅ Imported 17,660,000 records (12696/sec)
✅ Imported 17,662,000 records (12697/sec)
✅ Imported 17,664,000 records (12698/sec)
✅ Imported 17,666,000 records (12698/sec)
✅ Imported 17,668,000 records (12699/sec)
✅ Imported 17,670,000 records (12700/sec)
✅ Imported 17,672,000 records (12701/sec)
✅ Imported 17,674,000 records (12700/sec)
✅ Imported 17,676,000 records (12701/sec)
✅ Imported 17,678,000 records (12701/sec)
✅ Imported 17,680,000 records (12702/sec)
✅ Imported 17,682,000 records (12703/sec)
✅ Imported 17,684,000 records (12703/sec)
✅ Imported 17,686,000 records (12704/sec)
✅ Imported 17,688,000 records (12704/sec)
✅ Imported 17,690,000 records (12705/sec)
✅ Imported 17,692,000 records (12705/sec)
✅ Imported 17,694,000 records (12706/sec)
✅ Imported 17,696,000 records (12706/sec)
✅ Imported 17,698,000 records (12707/sec)
✅ Imported 17,700,000 records (12707/sec)
✅ Imported 17,702,000 records (12708/sec)
✅ Imported 17,704,000 records (12708/sec)
✅ Imported 17,706,000 records (12708/sec)
✅ Imported 17,708,000 records (12709/sec)
✅ Imported 17,710,000 records (12709/sec)
✅ Imported 17,712,000 records (12710/sec)
✅ Imported 17,714,000 records (12710/sec)
✅ Imported 17,716,000 records (12710/sec)
✅ Imported 17,718,000 records (12711/sec)
✅ Imported 17,720,000 records (12711/sec)
✅ Imported 17,722,000 records (12712/sec)
✅ Imported 17,724,000 records (12712/sec)
✅ Imported 17,726,000 records (12713/sec)
✅ Imported 17,728,000 records (12713/sec)
✅ Imported 17,730,000 records (12714/sec)
✅ Imported 17,732,000 records (12714/sec)
✅ Imported 17,734,000 records (12715/sec)
✅ Imported 17,736,000 records (12716/sec)
✅ Imported 17,738,000 records (12715/sec)
✅ Imported 17,740,000 records (12716/sec)
✅ Imported 17,742,000 records (12717/sec)
✅ Imported 17,744,000 records (12717/sec)
✅ Imported 17,746,000 records (12718/sec)
✅ Imported 17,748,000 records (12719/sec)
✅ Imported 17,750,000 records (12719/sec)
✅ Imported 17,752,000 records (12720/sec)
✅ Imported 17,754,000 records (12721/sec)
✅ Imported 17,756,000 records (12721/sec)
✅ Imported 17,758,000 records (12722/sec)
✅ Imported 17,760,000 records (12723/sec)
✅ Imported 17,762,000 records (12724/sec)
✅ Imported 17,764,000 records (12724/sec)
✅ Imported 17,766,000 records (12724/sec)
✅ Imported 17,768,000 records (12725/sec)
✅ Imported 17,770,000 records (12726/sec)
✅ Imported 17,772,000 records (12726/sec)
✅ Imported 17,774,000 records (12727/sec)
✅ Imported 17,776,000 records (12727/sec)
✅ Imported 17,778,000 records (12728/sec)
✅ Imported 17,780,000 records (12729/sec)
✅ Imported 17,782,000 records (12729/sec)
✅ Imported 17,784,000 records (12729/sec)
✅ Imported 17,786,000 records (12730/sec)
✅ Imported 17,788,000 records (12730/sec)
✅ Imported 17,790,000 records (12730/sec)
✅ Imported 17,792,000 records (12730/sec)
✅ Imported 17,794,000 records (12731/sec)
✅ Imported 17,796,000 records (12731/sec)
✅ Imported 17,798,000 records (12732/sec)
✅ Imported 17,800,000 records (12731/sec)
✅ Imported 17,802,000 records (12730/sec)
✅ Imported 17,804,000 records (12729/sec)
✅ Imported 17,806,000 records (12728/sec)
✅ Imported 17,808,000 records (12727/sec)
✅ Imported 17,810,000 records (12724/sec)
✅ Imported 17,812,000 records (12721/sec)
✅ Imported 17,814,000 records (12717/sec)
✅ Imported 17,816,000 records (12716/sec)
✅ Imported 17,818,000 records (12716/sec)
✅ Imported 17,820,000 records (12716/sec)
✅ Imported 17,822,000 records (12716/sec)
✅ Imported 17,824,000 records (12716/sec)
✅ Imported 17,826,000 records (12716/sec)
✅ Imported 17,828,000 records (12716/sec)
✅ Imported 17,830,000 records (12716/sec)
✅ Imported 17,832,000 records (12716/sec)
✅ Imported 17,834,000 records (12717/sec)
✅ Imported 17,836,000 records (12717/sec)
✅ Imported 17,838,000 records (12717/sec)
✅ Imported 17,840,000 records (12718/sec)
✅ Imported 17,842,000 records (12718/sec)
✅ Imported 17,844,000 records (12719/sec)
✅ Imported 17,846,000 records (12718/sec)
✅ Imported 17,848,000 records (12718/sec)
✅ Imported 17,850,000 records (12718/sec)
✅ Imported 17,852,000 records (12718/sec)
✅ Imported 17,854,000 records (12718/sec)
✅ Imported 17,856,000 records (12718/sec)
✅ Imported 17,858,000 records (12718/sec)
✅ Imported 17,860,000 records (12719/sec)
✅ Imported 17,862,000 records (12719/sec)
✅ Imported 17,864,000 records (12720/sec)
✅ Imported 17,866,000 records (12720/sec)
✅ Imported 17,868,000 records (12721/sec)
✅ Imported 17,870,000 records (12721/sec)
✅ Imported 17,872,000 records (12721/sec)
✅ Imported 17,874,000 records (12722/sec)
✅ Imported 17,876,000 records (12722/sec)
✅ Imported 17,878,000 records (12722/sec)
✅ Imported 17,880,000 records (12721/sec)
✅ Imported 17,882,000 records (12721/sec)
✅ Imported 17,884,000 records (12722/sec)
✅ Imported 17,886,000 records (12722/sec)
✅ Imported 17,888,000 records (12722/sec)
✅ Imported 17,890,000 records (12723/sec)
✅ Imported 17,892,000 records (12723/sec)
✅ Imported 17,894,000 records (12724/sec)
✅ Imported 17,896,000 records (12724/sec)
✅ Imported 17,898,000 records (12725/sec)
✅ Imported 17,900,000 records (12725/sec)
✅ Imported 17,902,000 records (12725/sec)
✅ Imported 17,904,000 records (12726/sec)
✅ Imported 17,906,000 records (12726/sec)
✅ Imported 17,908,000 records (12726/sec)
✅ Imported 17,910,000 records (12726/sec)
✅ Imported 17,912,000 records (12726/sec)
✅ Imported 17,914,000 records (12727/sec)
✅ Imported 17,916,000 records (12728/sec)
✅ Imported 17,918,000 records (12728/sec)
✅ Imported 17,920,000 records (12729/sec)
✅ Imported 17,922,000 records (12729/sec)
✅ Imported 17,924,000 records (12730/sec)
✅ Imported 17,926,000 records (12730/sec)
✅ Imported 17,928,000 records (12731/sec)
✅ Imported 17,930,000 records (12731/sec)
✅ Imported 17,932,000 records (12732/sec)
✅ Imported 17,934,000 records (12732/sec)
✅ Imported 17,936,000 records (12729/sec)
✅ Imported 17,938,000 records (12730/sec)
✅ Imported 17,940,000 records (12730/sec)
✅ Imported 17,942,000 records (12730/sec)
✅ Imported 17,944,000 records (12730/sec)
✅ Imported 17,946,000 records (12731/sec)
✅ Imported 17,948,000 records (12731/sec)
✅ Imported 17,950,000 records (12732/sec)
✅ Imported 17,952,000 records (12732/sec)
✅ Imported 17,954,000 records (12732/sec)
✅ Imported 17,956,000 records (12733/sec)
✅ Imported 17,958,000 records (12733/sec)
✅ Imported 17,960,000 records (12733/sec)
✅ Imported 17,962,000 records (12734/sec)
✅ Imported 17,964,000 records (12732/sec)
✅ Imported 17,966,000 records (12732/sec)
✅ Imported 17,968,000 records (12732/sec)
✅ Imported 17,970,000 records (12731/sec)
✅ Imported 17,972,000 records (12730/sec)
✅ Imported 17,974,000 records (12730/sec)
✅ Imported 17,976,000 records (12731/sec)
✅ Imported 17,978,000 records (12731/sec)
✅ Imported 17,980,000 records (12732/sec)
✅ Imported 17,982,000 records (12732/sec)
✅ Imported 17,984,000 records (12732/sec)
✅ Imported 17,986,000 records (12732/sec)
✅ Imported 17,988,000 records (12733/sec)
✅ Imported 17,990,000 records (12733/sec)
✅ Imported 17,992,000 records (12734/sec)
✅ Imported 17,994,000 records (12734/sec)
✅ Imported 17,996,000 records (12735/sec)
✅ Imported 17,998,000 records (12735/sec)
✅ Imported 18,000,000 records (12736/sec)
✅ Imported 18,002,000 records (12736/sec)
✅ Imported 18,004,000 records (12737/sec)
✅ Imported 18,006,000 records (12737/sec)
✅ Imported 18,008,000 records (12738/sec)
✅ Imported 18,010,000 records (12738/sec)
✅ Imported 18,012,000 records (12738/sec)
✅ Imported 18,014,000 records (12739/sec)
✅ Imported 18,016,000 records (12739/sec)
✅ Imported 18,018,000 records (12740/sec)
✅ Imported 18,020,000 records (12740/sec)
✅ Imported 18,022,000 records (12740/sec)
✅ Imported 18,024,000 records (12741/sec)
✅ Imported 18,026,000 records (12741/sec)
✅ Imported 18,028,000 records (12742/sec)
✅ Imported 18,030,000 records (12742/sec)
✅ Imported 18,032,000 records (12742/sec)
✅ Imported 18,034,000 records (12743/sec)
✅ Imported 18,036,000 records (12744/sec)
✅ Imported 18,038,000 records (12744/sec)
✅ Imported 18,040,000 records (12745/sec)
✅ Imported 18,042,000 records (12746/sec)
✅ Imported 18,044,000 records (12746/sec)
✅ Imported 18,046,000 records (12747/sec)
✅ Imported 18,048,000 records (12747/sec)
✅ Imported 18,050,000 records (12747/sec)
✅ Imported 18,052,000 records (12748/sec)
✅ Imported 18,054,000 records (12748/sec)
✅ Imported 18,056,000 records (12749/sec)
✅ Imported 18,058,000 records (12749/sec)
✅ Imported 18,060,000 records (12749/sec)
✅ Imported 18,062,000 records (12749/sec)
✅ Imported 18,064,000 records (12750/sec)
✅ Imported 18,066,000 records (12750/sec)
✅ Imported 18,068,000 records (12751/sec)
✅ Imported 18,070,000 records (12751/sec)
✅ Imported 18,072,000 records (12751/sec)
✅ Imported 18,074,000 records (12752/sec)
✅ Imported 18,076,000 records (12753/sec)
✅ Imported 18,078,000 records (12753/sec)
✅ Imported 18,080,000 records (12751/sec)
✅ Imported 18,082,000 records (12752/sec)
✅ Imported 18,084,000 records (12752/sec)
✅ Imported 18,086,000 records (12753/sec)
✅ Imported 18,088,000 records (12753/sec)
✅ Imported 18,090,000 records (12753/sec)
✅ Imported 18,092,000 records (12752/sec)
✅ Imported 18,094,000 records (12752/sec)
✅ Imported 18,096,000 records (12753/sec)
✅ Imported 18,098,000 records (12753/sec)
✅ Imported 18,100,000 records (12753/sec)
✅ Imported 18,102,000 records (12754/sec)
✅ Imported 18,104,000 records (12754/sec)
✅ Imported 18,106,000 records (12754/sec)
✅ Imported 18,108,000 records (12755/sec)
✅ Imported 18,110,000 records (12755/sec)
✅ Imported 18,112,000 records (12755/sec)
✅ Imported 18,114,000 records (12755/sec)
✅ Imported 18,116,000 records (12756/sec)
✅ Imported 18,118,000 records (12756/sec)
✅ Imported 18,120,000 records (12757/sec)
✅ Imported 18,122,000 records (12757/sec)
✅ Imported 18,124,000 records (12758/sec)
✅ Imported 18,126,000 records (12759/sec)
✅ Imported 18,128,000 records (12759/sec)
✅ Imported 18,130,000 records (12760/sec)
✅ Imported 18,132,000 records (12760/sec)
✅ Imported 18,134,000 records (12760/sec)
✅ Imported 18,136,000 records (12761/sec)
✅ Imported 18,138,000 records (12761/sec)
✅ Imported 18,140,000 records (12761/sec)
✅ Imported 18,142,000 records (12761/sec)
✅ Imported 18,144,000 records (12762/sec)
✅ Imported 18,146,000 records (12763/sec)
✅ Imported 18,148,000 records (12763/sec)
✅ Imported 18,150,000 records (12763/sec)
✅ Imported 18,152,000 records (12764/sec)
✅ Imported 18,154,000 records (12764/sec)
✅ Imported 18,156,000 records (12765/sec)
✅ Imported 18,158,000 records (12765/sec)
✅ Imported 18,160,000 records (12766/sec)
✅ Imported 18,162,000 records (12766/sec)
✅ Imported 18,164,000 records (12767/sec)
✅ Imported 18,166,000 records (12767/sec)
✅ Imported 18,168,000 records (12767/sec)
✅ Imported 18,170,000 records (12767/sec)
✅ Imported 18,172,000 records (12767/sec)
✅ Imported 18,174,000 records (12767/sec)
✅ Imported 18,176,000 records (12767/sec)
✅ Imported 18,178,000 records (12768/sec)
✅ Imported 18,180,000 records (12767/sec)
✅ Imported 18,182,000 records (12767/sec)
✅ Imported 18,184,000 records (12767/sec)
✅ Imported 18,186,000 records (12766/sec)
✅ Imported 18,188,000 records (12764/sec)
✅ Imported 18,190,000 records (12763/sec)
✅ Imported 18,192,000 records (12762/sec)
✅ Imported 18,194,000 records (12761/sec)
✅ Imported 18,196,000 records (12760/sec)
✅ Imported 18,198,000 records (12759/sec)
✅ Imported 18,200,000 records (12759/sec)
✅ Imported 18,202,000 records (12759/sec)
✅ Imported 18,204,000 records (12759/sec)
✅ Imported 18,206,000 records (12759/sec)
✅ Imported 18,208,000 records (12758/sec)
✅ Imported 18,210,000 records (12757/sec)
✅ Imported 18,212,000 records (12757/sec)
✅ Imported 18,214,000 records (12757/sec)
✅ Imported 18,216,000 records (12757/sec)
✅ Imported 18,218,000 records (12757/sec)
✅ Imported 18,220,000 records (12758/sec)
✅ Imported 18,222,000 records (12758/sec)
✅ Imported 18,224,000 records (12758/sec)
✅ Imported 18,226,000 records (12758/sec)
✅ Imported 18,228,000 records (12759/sec)
✅ Imported 18,230,000 records (12759/sec)
✅ Imported 18,232,000 records (12759/sec)
✅ Imported 18,234,000 records (12760/sec)
✅ Imported 18,236,000 records (12759/sec)
✅ Imported 18,238,000 records (12760/sec)
✅ Imported 18,240,000 records (12760/sec)
✅ Imported 18,242,000 records (12760/sec)
✅ Imported 18,244,000 records (12760/sec)
✅ Imported 18,246,000 records (12761/sec)
✅ Imported 18,248,000 records (12761/sec)
✅ Imported 18,250,000 records (12762/sec)
✅ Imported 18,252,000 records (12762/sec)
✅ Imported 18,254,000 records (12761/sec)
✅ Imported 18,256,000 records (12760/sec)
✅ Imported 18,258,000 records (12760/sec)
✅ Imported 18,260,000 records (12761/sec)
✅ Imported 18,262,000 records (12761/sec)
✅ Imported 18,264,000 records (12761/sec)
✅ Imported 18,266,000 records (12761/sec)
✅ Imported 18,268,000 records (12762/sec)
✅ Imported 18,270,000 records (12762/sec)
✅ Imported 18,272,000 records (12762/sec)
✅ Imported 18,274,000 records (12763/sec)
✅ Imported 18,276,000 records (12763/sec)
✅ Imported 18,278,000 records (12764/sec)
✅ Imported 18,280,000 records (12764/sec)
✅ Imported 18,282,000 records (12765/sec)
✅ Imported 18,284,000 records (12765/sec)
✅ Imported 18,286,000 records (12766/sec)
✅ Imported 18,288,000 records (12766/sec)
✅ Imported 18,290,000 records (12767/sec)
✅ Imported 18,292,000 records (12767/sec)
✅ Imported 18,294,000 records (12767/sec)
✅ Imported 18,296,000 records (12768/sec)
✅ Imported 18,298,000 records (12768/sec)
✅ Imported 18,300,000 records (12769/sec)
✅ Imported 18,302,000 records (12769/sec)
✅ Imported 18,304,000 records (12770/sec)
✅ Imported 18,306,000 records (12770/sec)
✅ Imported 18,308,000 records (12770/sec)
✅ Imported 18,310,000 records (12770/sec)
✅ Imported 18,312,000 records (12771/sec)
✅ Imported 18,314,000 records (12771/sec)
✅ Imported 18,316,000 records (12772/sec)
✅ Imported 18,318,000 records (12771/sec)
✅ Imported 18,320,000 records (12772/sec)
✅ Imported 18,322,000 records (12772/sec)
✅ Imported 18,324,000 records (12772/sec)
✅ Imported 18,326,000 records (12773/sec)
✅ Imported 18,328,000 records (12773/sec)
✅ Imported 18,330,000 records (12774/sec)
✅ Imported 18,332,000 records (12773/sec)
✅ Imported 18,334,000 records (12772/sec)
✅ Imported 18,336,000 records (12772/sec)
✅ Imported 18,338,000 records (12771/sec)
✅ Imported 18,340,000 records (12771/sec)
✅ Imported 18,342,000 records (12770/sec)
✅ Imported 18,344,000 records (12769/sec)
✅ Imported 18,346,000 records (12768/sec)
✅ Imported 18,348,000 records (12765/sec)
✅ Imported 18,350,000 records (12764/sec)
✅ Imported 18,352,000 records (12761/sec)
✅ Imported 18,354,000 records (12760/sec)
✅ Imported 18,356,000 records (12759/sec)
✅ Imported 18,358,000 records (12758/sec)
✅ Imported 18,360,000 records (12756/sec)
✅ Imported 18,362,000 records (12755/sec)
✅ Imported 18,364,000 records (12755/sec)
✅ Imported 18,366,000 records (12755/sec)
✅ Imported 18,368,000 records (12755/sec)
✅ Imported 18,370,000 records (12755/sec)
✅ Imported 18,372,000 records (12755/sec)
✅ Imported 18,374,000 records (12754/sec)
✅ Imported 18,376,000 records (12754/sec)
✅ Imported 18,378,000 records (12754/sec)
✅ Imported 18,380,000 records (12755/sec)
✅ Imported 18,382,000 records (12754/sec)
✅ Imported 18,384,000 records (12754/sec)
✅ Imported 18,386,000 records (12755/sec)
✅ Imported 18,388,000 records (12756/sec)
✅ Imported 18,390,000 records (12756/sec)
✅ Imported 18,392,000 records (12757/sec)
✅ Imported 18,394,000 records (12757/sec)
✅ Imported 18,396,000 records (12758/sec)
✅ Imported 18,398,000 records (12759/sec)
✅ Imported 18,400,000 records (12759/sec)
✅ Imported 18,402,000 records (12760/sec)
✅ Imported 18,404,000 records (12760/sec)
✅ Imported 18,406,000 records (12761/sec)
✅ Imported 18,408,000 records (12762/sec)
✅ Imported 18,410,000 records (12763/sec)
✅ Imported 18,412,000 records (12763/sec)
✅ Imported 18,414,000 records (12764/sec)
✅ Imported 18,416,000 records (12764/sec)
✅ Imported 18,418,000 records (12765/sec)
✅ Imported 18,420,000 records (12765/sec)
✅ Imported 18,422,000 records (12766/sec)
✅ Imported 18,424,000 records (12766/sec)
✅ Imported 18,426,000 records (12767/sec)
✅ Imported 18,428,000 records (12767/sec)
✅ Imported 18,430,000 records (12768/sec)
✅ Imported 18,432,000 records (12768/sec)
✅ Imported 18,434,000 records (12769/sec)
✅ Imported 18,436,000 records (12770/sec)
✅ Imported 18,438,000 records (12770/sec)
✅ Imported 18,440,000 records (12771/sec)
✅ Imported 18,442,000 records (12771/sec)
✅ Imported 18,444,000 records (12772/sec)
✅ Imported 18,446,000 records (12772/sec)
✅ Imported 18,448,000 records (12773/sec)
✅ Imported 18,450,000 records (12773/sec)
✅ Imported 18,452,000 records (12773/sec)
✅ Imported 18,454,000 records (12774/sec)
✅ Imported 18,456,000 records (12774/sec)
✅ Imported 18,458,000 records (12775/sec)
✅ Imported 18,460,000 records (12775/sec)
✅ Imported 18,462,000 records (12776/sec)
✅ Imported 18,464,000 records (12776/sec)
✅ Imported 18,466,000 records (12777/sec)
✅ Imported 18,468,000 records (12778/sec)
✅ Imported 18,470,000 records (12778/sec)
✅ Imported 18,472,000 records (12779/sec)
✅ Imported 18,474,000 records (12780/sec)
✅ Imported 18,476,000 records (12780/sec)
✅ Imported 18,478,000 records (12781/sec)
✅ Imported 18,480,000 records (12782/sec)
✅ Imported 18,482,000 records (12782/sec)
✅ Imported 18,484,000 records (12783/sec)
✅ Imported 18,486,000 records (12784/sec)
✅ Imported 18,488,000 records (12784/sec)
✅ Imported 18,490,000 records (12784/sec)
✅ Imported 18,492,000 records (12785/sec)
✅ Imported 18,494,000 records (12786/sec)
✅ Imported 18,496,000 records (12786/sec)
✅ Imported 18,498,000 records (12787/sec)
✅ Imported 18,500,000 records (12788/sec)
✅ Imported 18,502,000 records (12788/sec)
✅ Imported 18,504,000 records (12789/sec)
✅ Imported 18,506,000 records (12790/sec)
✅ Imported 18,508,000 records (12790/sec)
✅ Imported 18,510,000 records (12791/sec)
✅ Imported 18,512,000 records (12791/sec)
✅ Imported 18,514,000 records (12792/sec)
✅ Imported 18,516,000 records (12792/sec)
✅ Imported 18,518,000 records (12793/sec)
✅ Imported 18,520,000 records (12793/sec)
✅ Imported 18,522,000 records (12794/sec)
✅ Imported 18,524,000 records (12795/sec)
✅ Imported 18,526,000 records (12795/sec)
✅ Imported 18,528,000 records (12796/sec)
✅ Imported 18,530,000 records (12797/sec)
✅ Imported 18,532,000 records (12797/sec)
✅ Imported 18,534,000 records (12798/sec)
✅ Imported 18,536,000 records (12798/sec)
✅ Imported 18,538,000 records (12799/sec)
✅ Imported 18,540,000 records (12799/sec)
✅ Imported 18,542,000 records (12800/sec)
✅ Imported 18,544,000 records (12801/sec)
✅ Imported 18,546,000 records (12802/sec)
✅ Imported 18,548,000 records (12802/sec)
✅ Imported 18,550,000 records (12803/sec)
✅ Imported 18,552,000 records (12804/sec)
✅ Imported 18,554,000 records (12804/sec)
✅ Imported 18,556,000 records (12805/sec)
✅ Imported 18,558,000 records (12806/sec)
✅ Imported 18,560,000 records (12806/sec)
✅ Imported 18,562,000 records (12807/sec)
✅ Imported 18,564,000 records (12807/sec)
✅ Imported 18,566,000 records (12808/sec)
✅ Imported 18,568,000 records (12809/sec)
✅ Imported 18,570,000 records (12810/sec)
✅ Imported 18,572,000 records (12810/sec)
✅ Imported 18,574,000 records (12811/sec)
✅ Imported 18,576,000 records (12812/sec)
✅ Imported 18,578,000 records (12812/sec)
✅ Imported 18,580,000 records (12813/sec)
✅ Imported 18,582,000 records (12814/sec)
✅ Imported 18,584,000 records (12814/sec)
✅ Imported 18,586,000 records (12815/sec)
✅ Imported 18,588,000 records (12816/sec)
✅ Imported 18,590,000 records (12816/sec)
✅ Imported 18,592,000 records (12817/sec)
✅ Imported 18,594,000 records (12818/sec)
✅ Imported 18,596,000 records (12818/sec)
✅ Imported 18,598,000 records (12819/sec)
✅ Imported 18,600,000 records (12820/sec)
✅ Imported 18,602,000 records (12820/sec)
✅ Imported 18,604,000 records (12821/sec)
✅ Imported 18,606,000 records (12821/sec)
✅ Imported 18,608,000 records (12822/sec)
✅ Imported 18,610,000 records (12823/sec)
✅ Imported 18,612,000 records (12823/sec)
✅ Imported 18,614,000 records (12824/sec)
✅ Imported 18,616,000 records (12825/sec)
✅ Imported 18,618,000 records (12825/sec)
✅ Imported 18,620,000 records (12826/sec)
✅ Imported 18,622,000 records (12825/sec)
✅ Imported 18,624,000 records (12825/sec)
✅ Imported 18,626,000 records (12826/sec)
✅ Imported 18,628,000 records (12827/sec)
✅ Imported 18,630,000 records (12827/sec)
✅ Imported 18,632,000 records (12828/sec)
✅ Imported 18,634,000 records (12829/sec)
✅ Imported 18,636,000 records (12829/sec)
✅ Imported 18,638,000 records (12830/sec)
✅ Imported 18,640,000 records (12831/sec)
✅ Imported 18,642,000 records (12831/sec)
✅ Imported 18,644,000 records (12832/sec)
✅ Imported 18,646,000 records (12833/sec)
✅ Imported 18,648,000 records (12833/sec)
✅ Imported 18,650,000 records (12834/sec)
✅ Imported 18,652,000 records (12834/sec)
✅ Imported 18,654,000 records (12835/sec)
✅ Imported 18,656,000 records (12835/sec)
✅ Imported 18,658,000 records (12835/sec)
✅ Imported 18,660,000 records (12836/sec)
✅ Imported 18,662,000 records (12836/sec)
✅ Imported 18,664,000 records (12837/sec)
✅ Imported 18,666,000 records (12838/sec)
✅ Imported 18,668,000 records (12838/sec)
✅ Imported 18,670,000 records (12839/sec)
✅ Imported 18,672,000 records (12839/sec)
✅ Imported 18,674,000 records (12840/sec)
✅ Imported 18,676,000 records (12840/sec)
✅ Imported 18,678,000 records (12841/sec)
✅ Imported 18,680,000 records (12842/sec)
✅ Imported 18,682,000 records (12843/sec)
✅ Imported 18,684,000 records (12843/sec)
✅ Imported 18,686,000 records (12844/sec)
✅ Imported 18,688,000 records (12845/sec)
✅ Imported 18,690,000 records (12845/sec)
✅ Imported 18,692,000 records (12846/sec)
✅ Imported 18,694,000 records (12847/sec)
✅ Imported 18,696,000 records (12847/sec)
✅ Imported 18,698,000 records (12848/sec)
✅ Imported 18,700,000 records (12848/sec)
✅ Imported 18,702,000 records (12849/sec)
✅ Imported 18,704,000 records (12850/sec)
✅ Imported 18,706,000 records (12850/sec)
✅ Imported 18,708,000 records (12851/sec)
✅ Imported 18,710,000 records (12851/sec)
✅ Imported 18,712,000 records (12852/sec)
✅ Imported 18,714,000 records (12853/sec)
✅ Imported 18,716,000 records (12853/sec)
✅ Imported 18,718,000 records (12854/sec)
✅ Imported 18,720,000 records (12855/sec)
✅ Imported 18,722,000 records (12855/sec)
✅ Imported 18,724,000 records (12856/sec)
✅ Imported 18,726,000 records (12857/sec)
✅ Imported 18,728,000 records (12857/sec)
✅ Imported 18,730,000 records (12858/sec)
✅ Imported 18,732,000 records (12859/sec)
✅ Imported 18,734,000 records (12859/sec)
✅ Imported 18,736,000 records (12860/sec)
✅ Imported 18,738,000 records (12861/sec)
✅ Imported 18,740,000 records (12861/sec)
✅ Imported 18,742,000 records (12862/sec)
✅ Imported 18,744,000 records (12862/sec)
✅ Imported 18,746,000 records (12863/sec)
✅ Imported 18,748,000 records (12864/sec)
✅ Imported 18,750,000 records (12864/sec)
✅ Imported 18,752,000 records (12865/sec)
✅ Imported 18,754,000 records (12866/sec)
✅ Imported 18,756,000 records (12866/sec)
✅ Imported 18,758,000 records (12867/sec)
✅ Imported 18,760,000 records (12867/sec)
✅ Imported 18,762,000 records (12868/sec)
✅ Imported 18,764,000 records (12869/sec)
✅ Imported 18,766,000 records (12869/sec)
✅ Imported 18,768,000 records (12870/sec)
✅ Imported 18,770,000 records (12870/sec)
✅ Imported 18,772,000 records (12871/sec)
✅ Imported 18,774,000 records (12871/sec)
✅ Imported 18,776,000 records (12872/sec)
✅ Imported 18,778,000 records (12872/sec)
✅ Imported 18,780,000 records (12873/sec)
✅ Imported 18,782,000 records (12874/sec)
✅ Imported 18,784,000 records (12874/sec)
✅ Imported 18,786,000 records (12875/sec)
✅ Imported 18,788,000 records (12874/sec)
✅ Imported 18,790,000 records (12875/sec)
✅ Imported 18,792,000 records (12876/sec)
✅ Imported 18,794,000 records (12876/sec)
✅ Imported 18,796,000 records (12877/sec)
✅ Imported 18,798,000 records (12877/sec)
✅ Imported 18,800,000 records (12878/sec)
✅ Imported 18,802,000 records (12879/sec)
✅ Imported 18,804,000 records (12879/sec)
✅ Imported 18,806,000 records (12880/sec)
✅ Imported 18,808,000 records (12880/sec)
✅ Imported 18,810,000 records (12881/sec)
✅ Imported 18,812,000 records (12881/sec)
✅ Imported 18,814,000 records (12881/sec)
✅ Imported 18,816,000 records (12882/sec)
✅ Imported 18,818,000 records (12882/sec)
✅ Imported 18,820,000 records (12883/sec)
✅ Imported 18,822,000 records (12883/sec)
✅ Imported 18,824,000 records (12884/sec)
✅ Imported 18,826,000 records (12884/sec)
✅ Imported 18,828,000 records (12884/sec)
✅ Imported 18,830,000 records (12885/sec)
✅ Imported 18,832,000 records (12885/sec)
✅ Imported 18,834,000 records (12886/sec)
✅ Imported 18,836,000 records (12886/sec)
✅ Imported 18,838,000 records (12887/sec)
✅ Imported 18,840,000 records (12887/sec)
✅ Imported 18,842,000 records (12888/sec)
✅ Imported 18,844,000 records (12888/sec)
✅ Imported 18,846,000 records (12888/sec)
✅ Imported 18,848,000 records (12889/sec)
✅ Imported 18,850,000 records (12889/sec)
✅ Imported 18,852,000 records (12889/sec)
✅ Imported 18,854,000 records (12890/sec)
✅ Imported 18,856,000 records (12890/sec)
✅ Imported 18,858,000 records (12891/sec)
✅ Imported 18,860,000 records (12891/sec)
✅ Imported 18,862,000 records (12892/sec)
✅ Imported 18,864,000 records (12892/sec)
✅ Imported 18,866,000 records (12893/sec)
✅ Imported 18,868,000 records (12894/sec)
✅ Imported 18,870,000 records (12894/sec)
✅ Imported 18,872,000 records (12894/sec)
✅ Imported 18,874,000 records (12894/sec)
✅ Imported 18,876,000 records (12894/sec)
✅ Imported 18,878,000 records (12894/sec)
✅ Imported 18,880,000 records (12895/sec)
✅ Imported 18,882,000 records (12895/sec)
✅ Imported 18,884,000 records (12894/sec)
✅ Imported 18,886,000 records (12894/sec)
✅ Imported 18,888,000 records (12894/sec)
✅ Imported 18,890,000 records (12895/sec)
✅ Imported 18,892,000 records (12895/sec)
✅ Imported 18,894,000 records (12895/sec)
✅ Imported 18,896,000 records (12895/sec)
✅ Imported 18,898,000 records (12896/sec)
✅ Imported 18,900,000 records (12896/sec)
✅ Imported 18,902,000 records (12897/sec)
✅ Imported 18,904,000 records (12897/sec)
✅ Imported 18,906,000 records (12897/sec)
✅ Imported 18,908,000 records (12898/sec)
✅ Imported 18,910,000 records (12898/sec)
✅ Imported 18,912,000 records (12898/sec)
✅ Imported 18,914,000 records (12899/sec)
✅ Imported 18,916,000 records (12899/sec)
✅ Imported 18,918,000 records (12899/sec)
✅ Imported 18,920,000 records (12900/sec)
✅ Imported 18,922,000 records (12900/sec)
✅ Imported 18,924,000 records (12901/sec)
✅ Imported 18,926,000 records (12901/sec)
✅ Imported 18,928,000 records (12901/sec)
✅ Imported 18,930,000 records (12901/sec)
✅ Imported 18,932,000 records (12902/sec)
✅ Imported 18,934,000 records (12902/sec)
✅ Imported 18,936,000 records (12903/sec)
✅ Imported 18,938,000 records (12903/sec)
✅ Imported 18,940,000 records (12903/sec)
✅ Imported 18,942,000 records (12904/sec)
✅ Imported 18,944,000 records (12904/sec)
✅ Imported 18,946,000 records (12905/sec)
✅ Imported 18,948,000 records (12905/sec)
✅ Imported 18,950,000 records (12906/sec)
✅ Imported 18,952,000 records (12906/sec)
✅ Imported 18,954,000 records (12906/sec)
✅ Imported 18,956,000 records (12907/sec)
✅ Imported 18,958,000 records (12907/sec)
✅ Imported 18,960,000 records (12908/sec)
✅ Imported 18,962,000 records (12908/sec)
✅ Imported 18,964,000 records (12909/sec)
✅ Imported 18,966,000 records (12910/sec)
✅ Imported 18,968,000 records (12910/sec)
✅ Imported 18,970,000 records (12910/sec)
✅ Imported 18,972,000 records (12910/sec)
✅ Imported 18,974,000 records (12910/sec)
✅ Imported 18,976,000 records (12910/sec)
✅ Imported 18,978,000 records (12910/sec)
✅ Imported 18,980,000 records (12909/sec)
✅ Imported 18,982,000 records (12909/sec)
✅ Imported 18,984,000 records (12909/sec)
✅ Imported 18,986,000 records (12910/sec)
✅ Imported 18,988,000 records (12910/sec)
✅ Imported 18,990,000 records (12910/sec)
✅ Imported 18,992,000 records (12910/sec)
✅ Imported 18,994,000 records (12910/sec)
✅ Imported 18,996,000 records (12910/sec)
✅ Imported 18,998,000 records (12910/sec)
✅ Imported 19,000,000 records (12910/sec)
✅ Imported 19,002,000 records (12911/sec)
✅ Imported 19,004,000 records (12911/sec)
✅ Imported 19,006,000 records (12911/sec)
✅ Imported 19,008,000 records (12911/sec)
✅ Imported 19,010,000 records (12912/sec)
✅ Imported 19,012,000 records (12912/sec)
✅ Imported 19,014,000 records (12913/sec)
✅ Imported 19,016,000 records (12913/sec)
✅ Imported 19,018,000 records (12914/sec)
✅ Imported 19,020,000 records (12914/sec)
✅ Imported 19,022,000 records (12915/sec)
✅ Imported 19,024,000 records (12915/sec)
✅ Imported 19,026,000 records (12916/sec)
✅ Imported 19,028,000 records (12915/sec)
✅ Imported 19,030,000 records (12916/sec)
✅ Imported 19,032,000 records (12917/sec)
✅ Imported 19,034,000 records (12917/sec)
✅ Imported 19,036,000 records (12918/sec)
✅ Imported 19,038,000 records (12918/sec)
✅ Imported 19,040,000 records (12919/sec)
✅ Imported 19,042,000 records (12920/sec)
✅ Imported 19,044,000 records (12920/sec)
✅ Imported 19,046,000 records (12921/sec)
✅ Imported 19,048,000 records (12922/sec)
✅ Imported 19,050,000 records (12922/sec)
✅ Imported 19,052,000 records (12923/sec)
✅ Imported 19,054,000 records (12924/sec)
✅ Imported 19,056,000 records (12924/sec)
✅ Imported 19,058,000 records (12924/sec)
✅ Imported 19,060,000 records (12925/sec)
✅ Imported 19,062,000 records (12925/sec)
✅ Imported 19,064,000 records (12926/sec)
✅ Imported 19,066,000 records (12926/sec)
✅ Imported 19,068,000 records (12927/sec)
✅ Imported 19,070,000 records (12927/sec)
✅ Imported 19,072,000 records (12928/sec)
✅ Imported 19,074,000 records (12928/sec)
✅ Imported 19,076,000 records (12928/sec)
✅ Imported 19,078,000 records (12929/sec)
✅ Imported 19,080,000 records (12929/sec)
✅ Imported 19,082,000 records (12930/sec)
✅ Imported 19,084,000 records (12930/sec)
✅ Imported 19,086,000 records (12931/sec)
✅ Imported 19,088,000 records (12931/sec)
✅ Imported 19,090,000 records (12932/sec)
✅ Imported 19,092,000 records (12932/sec)
✅ Imported 19,094,000 records (12933/sec)
✅ Imported 19,096,000 records (12933/sec)
✅ Imported 19,098,000 records (12934/sec)
✅ Imported 19,100,000 records (12934/sec)
✅ Imported 19,102,000 records (12935/sec)
✅ Imported 19,104,000 records (12935/sec)
✅ Imported 19,106,000 records (12936/sec)
✅ Imported 19,108,000 records (12936/sec)
✅ Imported 19,110,000 records (12937/sec)
✅ Imported 19,112,000 records (12937/sec)
✅ Imported 19,114,000 records (12937/sec)
✅ Imported 19,116,000 records (12938/sec)
✅ Imported 19,118,000 records (12938/sec)
✅ Imported 19,120,000 records (12939/sec)
✅ Imported 19,122,000 records (12939/sec)
✅ Imported 19,124,000 records (12940/sec)
✅ Imported 19,126,000 records (12940/sec)
✅ Imported 19,128,000 records (12941/sec)
✅ Imported 19,130,000 records (12941/sec)
✅ Imported 19,132,000 records (12941/sec)
✅ Imported 19,134,000 records (12942/sec)
✅ Imported 19,136,000 records (12942/sec)
✅ Imported 19,138,000 records (12942/sec)
✅ Imported 19,140,000 records (12943/sec)
✅ Imported 19,142,000 records (12943/sec)
✅ Imported 19,144,000 records (12943/sec)
✅ Imported 19,146,000 records (12943/sec)
✅ Imported 19,148,000 records (12944/sec)
✅ Imported 19,150,000 records (12945/sec)
✅ Imported 19,152,000 records (12945/sec)
✅ Imported 19,154,000 records (12946/sec)
✅ Imported 19,156,000 records (12946/sec)
✅ Imported 19,158,000 records (12947/sec)
✅ Imported 19,160,000 records (12947/sec)
✅ Imported 19,162,000 records (12948/sec)
✅ Imported 19,164,000 records (12948/sec)
✅ Imported 19,166,000 records (12949/sec)
✅ Imported 19,168,000 records (12949/sec)
✅ Imported 19,170,000 records (12950/sec)
✅ Imported 19,172,000 records (12950/sec)
✅ Imported 19,174,000 records (12951/sec)
✅ Imported 19,176,000 records (12951/sec)
✅ Imported 19,178,000 records (12952/sec)
✅ Imported 19,180,000 records (12952/sec)
✅ Imported 19,182,000 records (12953/sec)
✅ Imported 19,184,000 records (12953/sec)
✅ Imported 19,186,000 records (12953/sec)
✅ Imported 19,188,000 records (12953/sec)
✅ Imported 19,190,000 records (12954/sec)
✅ Imported 19,192,000 records (12954/sec)
✅ Imported 19,194,000 records (12955/sec)
✅ Imported 19,196,000 records (12956/sec)
✅ Imported 19,198,000 records (12956/sec)
✅ Imported 19,200,000 records (12957/sec)
✅ Imported 19,202,000 records (12957/sec)
✅ Imported 19,204,000 records (12958/sec)
✅ Imported 19,206,000 records (12957/sec)
✅ Imported 19,208,000 records (12957/sec)
✅ Imported 19,210,000 records (12957/sec)
✅ Imported 19,212,000 records (12957/sec)
✅ Imported 19,214,000 records (12958/sec)
✅ Imported 19,216,000 records (12959/sec)
✅ Imported 19,218,000 records (12959/sec)
✅ Imported 19,220,000 records (12960/sec)
✅ Imported 19,222,000 records (12960/sec)
✅ Imported 19,224,000 records (12961/sec)
✅ Imported 19,226,000 records (12961/sec)
✅ Imported 19,228,000 records (12961/sec)
✅ Imported 19,230,000 records (12962/sec)
✅ Imported 19,232,000 records (12962/sec)
✅ Imported 19,234,000 records (12963/sec)
✅ Imported 19,236,000 records (12963/sec)
✅ Imported 19,238,000 records (12964/sec)
✅ Imported 19,240,000 records (12964/sec)
✅ Imported 19,242,000 records (12964/sec)
✅ Imported 19,244,000 records (12963/sec)
✅ Imported 19,246,000 records (12962/sec)
✅ Imported 19,248,000 records (12963/sec)
✅ Imported 19,250,000 records (12962/sec)
✅ Imported 19,252,000 records (12963/sec)
✅ Imported 19,254,000 records (12962/sec)
✅ Imported 19,256,000 records (12962/sec)
✅ Imported 19,258,000 records (12962/sec)
✅ Imported 19,260,000 records (12962/sec)
✅ Imported 19,262,000 records (12961/sec)
✅ Imported 19,264,000 records (12961/sec)
✅ Imported 19,266,000 records (12961/sec)
✅ Imported 19,268,000 records (12961/sec)
✅ Imported 19,270,000 records (12962/sec)
✅ Imported 19,272,000 records (12962/sec)
✅ Imported 19,274,000 records (12962/sec)
✅ Imported 19,276,000 records (12963/sec)
✅ Imported 19,278,000 records (12963/sec)
✅ Imported 19,280,000 records (12964/sec)
✅ Imported 19,282,000 records (12965/sec)
✅ Imported 19,284,000 records (12965/sec)
✅ Imported 19,286,000 records (12965/sec)
✅ Imported 19,288,000 records (12966/sec)
✅ Imported 19,290,000 records (12966/sec)
✅ Imported 19,292,000 records (12967/sec)
✅ Imported 19,294,000 records (12968/sec)
✅ Imported 19,296,000 records (12968/sec)
✅ Imported 19,298,000 records (12969/sec)
✅ Imported 19,300,000 records (12969/sec)
✅ Imported 19,302,000 records (12970/sec)
✅ Imported 19,304,000 records (12971/sec)
✅ Imported 19,306,000 records (12971/sec)
✅ Imported 19,308,000 records (12972/sec)
✅ Imported 19,310,000 records (12972/sec)
✅ Imported 19,312,000 records (12973/sec)
✅ Imported 19,314,000 records (12974/sec)
✅ Imported 19,316,000 records (12974/sec)
✅ Imported 19,318,000 records (12975/sec)
✅ Imported 19,320,000 records (12976/sec)
✅ Imported 19,322,000 records (12976/sec)
✅ Imported 19,324,000 records (12977/sec)
✅ Imported 19,326,000 records (12977/sec)
✅ Imported 19,328,000 records (12978/sec)
✅ Imported 19,330,000 records (12979/sec)
✅ Imported 19,332,000 records (12979/sec)
✅ Imported 19,334,000 records (12980/sec)
✅ Imported 19,336,000 records (12981/sec)
✅ Imported 19,338,000 records (12981/sec)
✅ Imported 19,340,000 records (12982/sec)
✅ Imported 19,342,000 records (12983/sec)
✅ Imported 19,344,000 records (12983/sec)
✅ Imported 19,346,000 records (12984/sec)
✅ Imported 19,348,000 records (12984/sec)
✅ Imported 19,350,000 records (12985/sec)
✅ Imported 19,352,000 records (12986/sec)
✅ Imported 19,354,000 records (12986/sec)
✅ Imported 19,356,000 records (12987/sec)
✅ Imported 19,358,000 records (12987/sec)
✅ Imported 19,360,000 records (12988/sec)
✅ Imported 19,362,000 records (12989/sec)
✅ Imported 19,364,000 records (12989/sec)
✅ Imported 19,366,000 records (12989/sec)
✅ Imported 19,368,000 records (12990/sec)
✅ Imported 19,370,000 records (12990/sec)
✅ Imported 19,372,000 records (12990/sec)
✅ Imported 19,374,000 records (12991/sec)
✅ Imported 19,376,000 records (12992/sec)
✅ Imported 19,378,000 records (12992/sec)
✅ Imported 19,380,000 records (12993/sec)
✅ Imported 19,382,000 records (12993/sec)
✅ Imported 19,384,000 records (12994/sec)
✅ Imported 19,386,000 records (12994/sec)
✅ Imported 19,388,000 records (12995/sec)
✅ Imported 19,390,000 records (12996/sec)
✅ Imported 19,392,000 records (12996/sec)
✅ Imported 19,394,000 records (12997/sec)
✅ Imported 19,396,000 records (12997/sec)
✅ Imported 19,398,000 records (12997/sec)
✅ Imported 19,400,000 records (12997/sec)
✅ Imported 19,402,000 records (12998/sec)
✅ Imported 19,404,000 records (12998/sec)
✅ Imported 19,406,000 records (12999/sec)
✅ Imported 19,408,000 records (12999/sec)
✅ Imported 19,410,000 records (13000/sec)
✅ Imported 19,412,000 records (13001/sec)
✅ Imported 19,414,000 records (13001/sec)
✅ Imported 19,416,000 records (13002/sec)
✅ Imported 19,418,000 records (13002/sec)
✅ Imported 19,420,000 records (13003/sec)
✅ Imported 19,422,000 records (13003/sec)
✅ Imported 19,424,000 records (13003/sec)
✅ Imported 19,426,000 records (12994/sec)
✅ Imported 19,428,000 records (12992/sec)
✅ Imported 19,430,000 records (12990/sec)
✅ Imported 19,432,000 records (12989/sec)
✅ Imported 19,434,000 records (12989/sec)
✅ Imported 19,436,000 records (12988/sec)
✅ Imported 19,438,000 records (12988/sec)
✅ Imported 19,440,000 records (12987/sec)
✅ Imported 19,442,000 records (12987/sec)
✅ Imported 19,444,000 records (12987/sec)
✅ Imported 19,446,000 records (12987/sec)
✅ Imported 19,448,000 records (12987/sec)
✅ Imported 19,450,000 records (12987/sec)
✅ Imported 19,452,000 records (12987/sec)
✅ Imported 19,454,000 records (12987/sec)
✅ Imported 19,456,000 records (12987/sec)
✅ Imported 19,458,000 records (12988/sec)
✅ Imported 19,460,000 records (12988/sec)
✅ Imported 19,462,000 records (12988/sec)
✅ Imported 19,464,000 records (12989/sec)
✅ Imported 19,466,000 records (12988/sec)
✅ Imported 19,468,000 records (12989/sec)
✅ Imported 19,470,000 records (12989/sec)
✅ Imported 19,472,000 records (12989/sec)
✅ Imported 19,474,000 records (12990/sec)
✅ Imported 19,476,000 records (12990/sec)
✅ Imported 19,478,000 records (12987/sec)
✅ Imported 19,480,000 records (12987/sec)
✅ Imported 19,482,000 records (12988/sec)
✅ Imported 19,484,000 records (12988/sec)
✅ Imported 19,486,000 records (12989/sec)
✅ Imported 19,488,000 records (12990/sec)
✅ Imported 19,490,000 records (12990/sec)
✅ Imported 19,492,000 records (12991/sec)
✅ Imported 19,494,000 records (12991/sec)
✅ Imported 19,496,000 records (12992/sec)
✅ Imported 19,498,000 records (12992/sec)
✅ Imported 19,500,000 records (12993/sec)
✅ Imported 19,502,000 records (12993/sec)
✅ Imported 19,504,000 records (12994/sec)
✅ Imported 19,506,000 records (12994/sec)
✅ Imported 19,508,000 records (12995/sec)
✅ Imported 19,510,000 records (12996/sec)
✅ Imported 19,512,000 records (12996/sec)
✅ Imported 19,514,000 records (12997/sec)
✅ Imported 19,516,000 records (12997/sec)
✅ Imported 19,518,000 records (12998/sec)
✅ Imported 19,520,000 records (12999/sec)
✅ Imported 19,522,000 records (12999/sec)
✅ Imported 19,524,000 records (13000/sec)
✅ Imported 19,526,000 records (13000/sec)
✅ Imported 19,528,000 records (13001/sec)
✅ Imported 19,530,000 records (13001/sec)
✅ Imported 19,532,000 records (13002/sec)
✅ Imported 19,534,000 records (13003/sec)
✅ Imported 19,536,000 records (13003/sec)
✅ Imported 19,538,000 records (13004/sec)
✅ Imported 19,540,000 records (13004/sec)
✅ Imported 19,542,000 records (13005/sec)
✅ Imported 19,544,000 records (13005/sec)
✅ Imported 19,546,000 records (13006/sec)
✅ Imported 19,548,000 records (13006/sec)
✅ Imported 19,550,000 records (13006/sec)
✅ Imported 19,552,000 records (13005/sec)
✅ Imported 19,554,000 records (12996/sec)
✅ Imported 19,556,000 records (12994/sec)
✅ Imported 19,558,000 records (12992/sec)
✅ Imported 19,560,000 records (12991/sec)
✅ Imported 19,562,000 records (12988/sec)
✅ Imported 19,564,000 records (12987/sec)
✅ Imported 19,566,000 records (12987/sec)
✅ Imported 19,568,000 records (12986/sec)
✅ Imported 19,570,000 records (12985/sec)
✅ Imported 19,572,000 records (12985/sec)
✅ Imported 19,574,000 records (12984/sec)
✅ Imported 19,576,000 records (12984/sec)
✅ Imported 19,578,000 records (12984/sec)
✅ Imported 19,580,000 records (12984/sec)
✅ Imported 19,582,000 records (12983/sec)
✅ Imported 19,584,000 records (12982/sec)
✅ Imported 19,586,000 records (12981/sec)
✅ Imported 19,588,000 records (12972/sec)
✅ Imported 19,590,000 records (12964/sec)
✅ Imported 19,592,000 records (12958/sec)
✅ Imported 19,594,000 records (12938/sec)
✅ Imported 19,596,000 records (12906/sec)
✅ Imported 19,598,000 records (12884/sec)
✅ Imported 19,600,000 records (12849/sec)
✅ Imported 19,602,000 records (12839/sec)
✅ Imported 19,604,000 records (12838/sec)
✅ Imported 19,606,000 records (12832/sec)
✅ Imported 19,608,000 records (12825/sec)
✅ Imported 19,610,000 records (12813/sec)
✅ Imported 19,612,000 records (12805/sec)
✅ Imported 19,614,000 records (12800/sec)
✅ Imported 19,616,000 records (12797/sec)
✅ Imported 19,618,000 records (12793/sec)
✅ Imported 19,620,000 records (12789/sec)
✅ Imported 19,622,000 records (12785/sec)
✅ Imported 19,624,000 records (12782/sec)
✅ Imported 19,626,000 records (12781/sec)
✅ Imported 19,628,000 records (12781/sec)
✅ Imported 19,630,000 records (12780/sec)
✅ Imported 19,632,000 records (12780/sec)
✅ Imported 19,634,000 records (12780/sec)
✅ Imported 19,636,000 records (12780/sec)
✅ Imported 19,638,000 records (12780/sec)
✅ Imported 19,640,000 records (12780/sec)
✅ Imported 19,642,000 records (12780/sec)
✅ Imported 19,644,000 records (12779/sec)
✅ Imported 19,646,000 records (12779/sec)
✅ Imported 19,648,000 records (12779/sec)
✅ Imported 19,650,000 records (12779/sec)
✅ Imported 19,652,000 records (12779/sec)
✅ Imported 19,654,000 records (12779/sec)
✅ Imported 19,656,000 records (12778/sec)
✅ Imported 19,658,000 records (12778/sec)
✅ Imported 19,660,000 records (12778/sec)
✅ Imported 19,662,000 records (12778/sec)
✅ Imported 19,664,000 records (12778/sec)
✅ Imported 19,666,000 records (12777/sec)
✅ Imported 19,668,000 records (12777/sec)
✅ Imported 19,670,000 records (12775/sec)
✅ Imported 19,672,000 records (12773/sec)
✅ Imported 19,674,000 records (12772/sec)
✅ Imported 19,676,000 records (12771/sec)
✅ Imported 19,678,000 records (12770/sec)
✅ Imported 19,680,000 records (12770/sec)
✅ Imported 19,682,000 records (12769/sec)
✅ Imported 19,684,000 records (12759/sec)
✅ Imported 19,686,000 records (12758/sec)
✅ Imported 19,688,000 records (12758/sec)
✅ Imported 19,690,000 records (12756/sec)
✅ Imported 19,692,000 records (12756/sec)
✅ Imported 19,694,000 records (12755/sec)
✅ Imported 19,696,000 records (12756/sec)
✅ Imported 19,698,000 records (12756/sec)
✅ Imported 19,700,000 records (12756/sec)
✅ Imported 19,702,000 records (12756/sec)
✅ Imported 19,704,000 records (12756/sec)
✅ Imported 19,706,000 records (12756/sec)
✅ Imported 19,708,000 records (12756/sec)
✅ Imported 19,710,000 records (12756/sec)
✅ Imported 19,712,000 records (12756/sec)
✅ Imported 19,714,000 records (12757/sec)
✅ Imported 19,716,000 records (12757/sec)
✅ Imported 19,718,000 records (12757/sec)
✅ Imported 19,720,000 records (12758/sec)
✅ Imported 19,722,000 records (12758/sec)
✅ Imported 19,724,000 records (12758/sec)
✅ Imported 19,726,000 records (12758/sec)
✅ Imported 19,728,000 records (12758/sec)
✅ Imported 19,730,000 records (12759/sec)
✅ Imported 19,732,000 records (12759/sec)
✅ Imported 19,734,000 records (12759/sec)
✅ Imported 19,736,000 records (12759/sec)
✅ Imported 19,738,000 records (12758/sec)
✅ Imported 19,740,000 records (12758/sec)
✅ Imported 19,742,000 records (12758/sec)
✅ Imported 19,744,000 records (12758/sec)
✅ Imported 19,746,000 records (12759/sec)
✅ Imported 19,748,000 records (12759/sec)
✅ Imported 19,750,000 records (12759/sec)
✅ Imported 19,752,000 records (12759/sec)
✅ Imported 19,754,000 records (12759/sec)
✅ Imported 19,756,000 records (12759/sec)
✅ Imported 19,758,000 records (12759/sec)
✅ Imported 19,760,000 records (12759/sec)
✅ Imported 19,762,000 records (12759/sec)
✅ Imported 19,764,000 records (12759/sec)
✅ Imported 19,766,000 records (12759/sec)
✅ Imported 19,768,000 records (12757/sec)
✅ Imported 19,770,000 records (12757/sec)
✅ Imported 19,772,000 records (12754/sec)
✅ Imported 19,774,000 records (12753/sec)
✅ Imported 19,776,000 records (12753/sec)
✅ Imported 19,778,000 records (12752/sec)
✅ Imported 19,780,000 records (12751/sec)
✅ Imported 19,782,000 records (12750/sec)
✅ Imported 19,784,000 records (12750/sec)
✅ Imported 19,786,000 records (12750/sec)
✅ Imported 19,788,000 records (12750/sec)
✅ Imported 19,790,000 records (12750/sec)
✅ Imported 19,792,000 records (12750/sec)
✅ Imported 19,794,000 records (12750/sec)
✅ Imported 19,796,000 records (12750/sec)
✅ Imported 19,798,000 records (12751/sec)
✅ Imported 19,800,000 records (12751/sec)
✅ Imported 19,802,000 records (12751/sec)
✅ Imported 19,804,000 records (12750/sec)
✅ Imported 19,806,000 records (12750/sec)
✅ Imported 19,808,000 records (12749/sec)
✅ Imported 19,810,000 records (12749/sec)
✅ Imported 19,812,000 records (12748/sec)
✅ Imported 19,814,000 records (12748/sec)
✅ Imported 19,816,000 records (12746/sec)
✅ Imported 19,818,000 records (12744/sec)
✅ Imported 19,820,000 records (12737/sec)
✅ Imported 19,822,000 records (12736/sec)
✅ Imported 19,824,000 records (12735/sec)
✅ Imported 19,826,000 records (12733/sec)
✅ Imported 19,828,000 records (12730/sec)
✅ Imported 19,830,000 records (12728/sec)
✅ Imported 19,832,000 records (12726/sec)
✅ Imported 19,834,000 records (12725/sec)
✅ Imported 19,836,000 records (12724/sec)
✅ Imported 19,838,000 records (12723/sec)
✅ Imported 19,840,000 records (12722/sec)
✅ Imported 19,842,000 records (12720/sec)
✅ Imported 19,844,000 records (12713/sec)
✅ Imported 19,846,000 records (12710/sec)
✅ Imported 19,848,000 records (12708/sec)
✅ Imported 19,850,000 records (12706/sec)
✅ Imported 19,852,000 records (12705/sec)
✅ Imported 19,854,000 records (12704/sec)
✅ Imported 19,856,000 records (12703/sec)
✅ Imported 19,858,000 records (12700/sec)
✅ Imported 19,860,000 records (12699/sec)
✅ Imported 19,862,000 records (12698/sec)
✅ Imported 19,864,000 records (12697/sec)
✅ Imported 19,866,000 records (12697/sec)
✅ Imported 19,868,000 records (12694/sec)
✅ Imported 19,870,000 records (12693/sec)
✅ Imported 19,872,000 records (12692/sec)
✅ Imported 19,874,000 records (12690/sec)
✅ Imported 19,876,000 records (12685/sec)
✅ Imported 19,878,000 records (12678/sec)
✅ Imported 19,880,000 records (12676/sec)
✅ Imported 19,882,000 records (12675/sec)
✅ Imported 19,884,000 records (12674/sec)
✅ Imported 19,886,000 records (12673/sec)
✅ Imported 19,888,000 records (12673/sec)
✅ Imported 19,890,000 records (12671/sec)
✅ Imported 19,892,000 records (12670/sec)
✅ Imported 19,894,000 records (12667/sec)
✅ Imported 19,896,000 records (12665/sec)
✅ Imported 19,898,000 records (12664/sec)
✅ Imported 19,900,000 records (12662/sec)
✅ Imported 19,902,000 records (12660/sec)
✅ Imported 19,904,000 records (12656/sec)
✅ Imported 19,906,000 records (12652/sec)
✅ Imported 19,908,000 records (12651/sec)
✅ Imported 19,910,000 records (12648/sec)
✅ Imported 19,912,000 records (12646/sec)
✅ Imported 19,914,000 records (12645/sec)
✅ Imported 19,916,000 records (12642/sec)
✅ Imported 19,918,000 records (12639/sec)
✅ Imported 19,920,000 records (12625/sec)
✅ Imported 19,922,000 records (12624/sec)
✅ Imported 19,924,000 records (12622/sec)
✅ Imported 19,926,000 records (12619/sec)
✅ Imported 19,928,000 records (12614/sec)
✅ Imported 19,930,000 records (12578/sec)
✅ Imported 19,932,000 records (12553/sec)
✅ Imported 19,934,000 records (12544/sec)
✅ Imported 19,936,000 records (12499/sec)
✅ Imported 19,938,000 records (12484/sec)
✅ Imported 19,940,000 records (12479/sec)
✅ Imported 19,942,000 records (12471/sec)
✅ Imported 19,944,000 records (12465/sec)
✅ Imported 19,946,000 records (12463/sec)
✅ Imported 19,948,000 records (12460/sec)
✅ Imported 19,950,000 records (12447/sec)
✅ Imported 19,952,000 records (12445/sec)
✅ Imported 19,954,000 records (12442/sec)
✅ Imported 19,956,000 records (12440/sec)
✅ Imported 19,958,000 records (12435/sec)
✅ Imported 19,960,000 records (12405/sec)
✅ Imported 19,962,000 records (12397/sec)
✅ Imported 19,964,000 records (12393/sec)
✅ Imported 19,966,000 records (12393/sec)
✅ Imported 19,968,000 records (12391/sec)
✅ Imported 19,970,000 records (12391/sec)
✅ Imported 19,972,000 records (12390/sec)
✅ Imported 19,974,000 records (12388/sec)
✅ Imported 19,976,000 records (12385/sec)
✅ Imported 19,978,000 records (12384/sec)
✅ Imported 19,980,000 records (12383/sec)
✅ Imported 19,982,000 records (12382/sec)
✅ Imported 19,984,000 records (12379/sec)
✅ Imported 19,986,000 records (12378/sec)
✅ Imported 19,988,000 records (12378/sec)
✅ Imported 19,990,000 records (12378/sec)
✅ Imported 19,992,000 records (12377/sec)
✅ Imported 19,994,000 records (12376/sec)
✅ Imported 19,996,000 records (12375/sec)
✅ Imported 19,998,000 records (12374/sec)
✅ Imported 20,000,000 records (12373/sec)
✅ Imported 20,002,000 records (12373/sec)
✅ Imported 20,004,000 records (12373/sec)
✅ Imported 20,006,000 records (12373/sec)
✅ Imported 20,008,000 records (12374/sec)
✅ Imported 20,010,000 records (12374/sec)
✅ Imported 20,012,000 records (12372/sec)
✅ Imported 20,014,000 records (12371/sec)
✅ Imported 20,016,000 records (12371/sec)
✅ Imported 20,018,000 records (12370/sec)
✅ Imported 20,020,000 records (12370/sec)
✅ Imported 20,022,000 records (12369/sec)
✅ Imported 20,024,000 records (12369/sec)
✅ Imported 20,026,000 records (12368/sec)
✅ Imported 20,028,000 records (12367/sec)
✅ Imported 20,030,000 records (12366/sec)
✅ Imported 20,032,000 records (12365/sec)
✅ Imported 20,034,000 records (12365/sec)
✅ Imported 20,036,000 records (12365/sec)
✅ Imported 20,038,000 records (12365/sec)
✅ Imported 20,040,000 records (12365/sec)
✅ Imported 20,042,000 records (12365/sec)
✅ Imported 20,044,000 records (12365/sec)
✅ Imported 20,046,000 records (12365/sec)
✅ Imported 20,048,000 records (12365/sec)
✅ Imported 20,050,000 records (12365/sec)
✅ Imported 20,052,000 records (12365/sec)
✅ Imported 20,054,000 records (12366/sec)
✅ Imported 20,056,000 records (12366/sec)
✅ Imported 20,058,000 records (12367/sec)
✅ Imported 20,060,000 records (12367/sec)
✅ Imported 20,062,000 records (12368/sec)
✅ Imported 20,064,000 records (12368/sec)
✅ Imported 20,066,000 records (12369/sec)
✅ Imported 20,068,000 records (12369/sec)
✅ Imported 20,070,000 records (12370/sec)
✅ Imported 20,072,000 records (12369/sec)
✅ Imported 20,074,000 records (12369/sec)
✅ Imported 20,076,000 records (12369/sec)
✅ Imported 20,078,000 records (12369/sec)
✅ Imported 20,080,000 records (12370/sec)
✅ Imported 20,082,000 records (12370/sec)
✅ Imported 20,084,000 records (12371/sec)
✅ Imported 20,086,000 records (12371/sec)
✅ Imported 20,088,000 records (12371/sec)
✅ Imported 20,090,000 records (12372/sec)
✅ Imported 20,092,000 records (12372/sec)
✅ Imported 20,094,000 records (12368/sec)
✅ Imported 20,096,000 records (12368/sec)
✅ Imported 20,098,000 records (12363/sec)
✅ Imported 20,100,000 records (12363/sec)
✅ Imported 20,102,000 records (12363/sec)
✅ Imported 20,104,000 records (12363/sec)
✅ Imported 20,106,000 records (12362/sec)
✅ Imported 20,108,000 records (12362/sec)
✅ Imported 20,110,000 records (12362/sec)
✅ Imported 20,112,000 records (12361/sec)
✅ Imported 20,114,000 records (12359/sec)
✅ Imported 20,116,000 records (12358/sec)
✅ Imported 20,118,000 records (12358/sec)
✅ Imported 20,120,000 records (12357/sec)
✅ Imported 20,122,000 records (12358/sec)
✅ Imported 20,124,000 records (12356/sec)
✅ Imported 20,126,000 records (12355/sec)
✅ Imported 20,128,000 records (12354/sec)
✅ Imported 20,130,000 records (12354/sec)
✅ Imported 20,132,000 records (12348/sec)
✅ Imported 20,134,000 records (12347/sec)
✅ Imported 20,136,000 records (12344/sec)
✅ Imported 20,138,000 records (12344/sec)
✅ Imported 20,140,000 records (12343/sec)
✅ Imported 20,142,000 records (12343/sec)
✅ Imported 20,144,000 records (12343/sec)
✅ Imported 20,146,000 records (12343/sec)
✅ Imported 20,148,000 records (12343/sec)
✅ Imported 20,150,000 records (12343/sec)
✅ Imported 20,152,000 records (12343/sec)
✅ Imported 20,154,000 records (12343/sec)
✅ Imported 20,156,000 records (12343/sec)
✅ Imported 20,158,000 records (12343/sec)
✅ Imported 20,160,000 records (12343/sec)
✅ Imported 20,162,000 records (12342/sec)
✅ Imported 20,164,000 records (12342/sec)
✅ Imported 20,166,000 records (12343/sec)
✅ Imported 20,168,000 records (12343/sec)
✅ Imported 20,170,000 records (12344/sec)
✅ Imported 20,172,000 records (12344/sec)
✅ Imported 20,174,000 records (12345/sec)
✅ Imported 20,176,000 records (12345/sec)
✅ Imported 20,178,000 records (12344/sec)
✅ Imported 20,180,000 records (12344/sec)
✅ Imported 20,182,000 records (12345/sec)
✅ Imported 20,184,000 records (12343/sec)
✅ Imported 20,186,000 records (12342/sec)
✅ Imported 20,188,000 records (12342/sec)
✅ Imported 20,190,000 records (12343/sec)
✅ Imported 20,192,000 records (12343/sec)
✅ Imported 20,194,000 records (12343/sec)
✅ Imported 20,196,000 records (12342/sec)
✅ Imported 20,198,000 records (12342/sec)
✅ Imported 20,200,000 records (12342/sec)
✅ Imported 20,202,000 records (12342/sec)
✅ Imported 20,204,000 records (12342/sec)
✅ Imported 20,206,000 records (12341/sec)
✅ Imported 20,208,000 records (12342/sec)
✅ Imported 20,210,000 records (12342/sec)
✅ Imported 20,212,000 records (12341/sec)
✅ Imported 20,214,000 records (12312/sec)
✅ Imported 20,216,000 records (12306/sec)
✅ Imported 20,218,000 records (12306/sec)
✅ Imported 20,220,000 records (12304/sec)
✅ Imported 20,222,000 records (12297/sec)
✅ Imported 20,224,000 records (12288/sec)
✅ Imported 20,226,000 records (12285/sec)
✅ Imported 20,228,000 records (12284/sec)
✅ Imported 20,230,000 records (12284/sec)
✅ Imported 20,232,000 records (12277/sec)
✅ Imported 20,234,000 records (12265/sec)
✅ Imported 20,236,000 records (12250/sec)
✅ Imported 20,238,000 records (12248/sec)
✅ Imported 20,240,000 records (12217/sec)
✅ Imported 20,242,000 records (12205/sec)
✅ Imported 20,244,000 records (12193/sec)
✅ Imported 20,246,000 records (12175/sec)
✅ Imported 20,248,000 records (12174/sec)
✅ Imported 20,250,000 records (12168/sec)
✅ Imported 20,252,000 records (12167/sec)
✅ Imported 20,254,000 records (12143/sec)
✅ Imported 20,256,000 records (12142/sec)
✅ Imported 20,258,000 records (12141/sec)
✅ Imported 20,260,000 records (12138/sec)
✅ Imported 20,262,000 records (12139/sec)
✅ Imported 20,264,000 records (12139/sec)
✅ Imported 20,266,000 records (12136/sec)
✅ Imported 20,268,000 records (12127/sec)
✅ Imported 20,270,000 records (12118/sec)
✅ Imported 20,272,000 records (12112/sec)
✅ Imported 20,274,000 records (12110/sec)
✅ Imported 20,276,000 records (12110/sec)
✅ Imported 20,278,000 records (12108/sec)
✅ Imported 20,280,000 records (12104/sec)
✅ Imported 20,282,000 records (12101/sec)
✅ Imported 20,284,000 records (12096/sec)
✅ Imported 20,286,000 records (12094/sec)
✅ Imported 20,288,000 records (12091/sec)
✅ Imported 20,290,000 records (12090/sec)
✅ Imported 20,292,000 records (12088/sec)
✅ Imported 20,294,000 records (12064/sec)
✅ Imported 20,296,000 records (12061/sec)
✅ Imported 20,298,000 records (12058/sec)
✅ Imported 20,300,000 records (12017/sec)
✅ Imported 20,302,000 records (12015/sec)
✅ Imported 20,304,000 records (12013/sec)
✅ Imported 20,306,000 records (12006/sec)
✅ Imported 20,308,000 records (12005/sec)
✅ Imported 20,310,000 records (12005/sec)
✅ Imported 20,312,000 records (12005/sec)
✅ Imported 20,314,000 records (12006/sec)
✅ Imported 20,316,000 records (12006/sec)
✅ Imported 20,318,000 records (12006/sec)
✅ Imported 20,320,000 records (12006/sec)
✅ Imported 20,322,000 records (12006/sec)
✅ Imported 20,324,000 records (12007/sec)
✅ Imported 20,326,000 records (12007/sec)
✅ Imported 20,328,000 records (12007/sec)
✅ Imported 20,330,000 records (12007/sec)
✅ Imported 20,332,000 records (12008/sec)
✅ Imported 20,334,000 records (12008/sec)
✅ Imported 20,336,000 records (12009/sec)
✅ Imported 20,338,000 records (12009/sec)
✅ Imported 20,340,000 records (12010/sec)
✅ Imported 20,342,000 records (12011/sec)
✅ Imported 20,344,000 records (12011/sec)
✅ Imported 20,346,000 records (12012/sec)
✅ Imported 20,348,000 records (12012/sec)
✅ Imported 20,350,000 records (12012/sec)
✅ Imported 20,352,000 records (12012/sec)
✅ Imported 20,354,000 records (12013/sec)
✅ Imported 20,356,000 records (12012/sec)
✅ Imported 20,358,000 records (12013/sec)
✅ Imported 20,360,000 records (12013/sec)
✅ Imported 20,362,000 records (12013/sec)
✅ Imported 20,364,000 records (12014/sec)
✅ Imported 20,366,000 records (12014/sec)
✅ Imported 20,368,000 records (12014/sec)
✅ Imported 20,370,000 records (12015/sec)
✅ Imported 20,372,000 records (12015/sec)
✅ Imported 20,374,000 records (12016/sec)
✅ Imported 20,376,000 records (12016/sec)
✅ Imported 20,378,000 records (12017/sec)
✅ Imported 20,380,000 records (12018/sec)
✅ Imported 20,382,000 records (12018/sec)
✅ Imported 20,384,000 records (12019/sec)
✅ Imported 20,386,000 records (12019/sec)
✅ Imported 20,388,000 records (12020/sec)
✅ Imported 20,390,000 records (12021/sec)
✅ Imported 20,392,000 records (12021/sec)
✅ Imported 20,394,000 records (12022/sec)
✅ Imported 20,396,000 records (12022/sec)
✅ Imported 20,398,000 records (12023/sec)
✅ Imported 20,400,000 records (12024/sec)
✅ Imported 20,402,000 records (12024/sec)
✅ Imported 20,404,000 records (12025/sec)
✅ Imported 20,406,000 records (12026/sec)
✅ Imported 20,408,000 records (12026/sec)
✅ Imported 20,410,000 records (12027/sec)
✅ Imported 20,412,000 records (12028/sec)
✅ Imported 20,414,000 records (12028/sec)
✅ Imported 20,416,000 records (12029/sec)
✅ Imported 20,418,000 records (12029/sec)
✅ Imported 20,420,000 records (12030/sec)
✅ Imported 20,422,000 records (12030/sec)
✅ Imported 20,424,000 records (12031/sec)
✅ Imported 20,426,000 records (12032/sec)
✅ Imported 20,428,000 records (12032/sec)
✅ Imported 20,430,000 records (12033/sec)
✅ Imported 20,432,000 records (12033/sec)
✅ Imported 20,434,000 records (12034/sec)
✅ Imported 20,436,000 records (12034/sec)
✅ Imported 20,438,000 records (12035/sec)
✅ Imported 20,440,000 records (12035/sec)
✅ Imported 20,442,000 records (12036/sec)
✅ Imported 20,444,000 records (12037/sec)
✅ Imported 20,446,000 records (12037/sec)
✅ Imported 20,448,000 records (12038/sec)
✅ Imported 20,450,000 records (12038/sec)
✅ Imported 20,452,000 records (12039/sec)
✅ Imported 20,454,000 records (12040/sec)
✅ Imported 20,456,000 records (12040/sec)
✅ Imported 20,458,000 records (12041/sec)
✅ Imported 20,460,000 records (12041/sec)
✅ Imported 20,462,000 records (12041/sec)
✅ Imported 20,464,000 records (12041/sec)
✅ Imported 20,466,000 records (12040/sec)
✅ Imported 20,468,000 records (12041/sec)
✅ Imported 20,470,000 records (12041/sec)
✅ Imported 20,472,000 records (12041/sec)
✅ Imported 20,474,000 records (12041/sec)
✅ Imported 20,476,000 records (12042/sec)
✅ Imported 20,478,000 records (12042/sec)
✅ Imported 20,480,000 records (12042/sec)
✅ Imported 20,482,000 records (12043/sec)
✅ Imported 20,484,000 records (12043/sec)
✅ Imported 20,486,000 records (12044/sec)
✅ Imported 20,488,000 records (12044/sec)
✅ Imported 20,490,000 records (12044/sec)
✅ Imported 20,492,000 records (12044/sec)
✅ Imported 20,494,000 records (12044/sec)
✅ Imported 20,496,000 records (12040/sec)
✅ Imported 20,498,000 records (12040/sec)
✅ Imported 20,500,000 records (12041/sec)
✅ Imported 20,502,000 records (12041/sec)
✅ Imported 20,504,000 records (12042/sec)
✅ Imported 20,506,000 records (12042/sec)
✅ Imported 20,508,000 records (12042/sec)
✅ Imported 20,510,000 records (12043/sec)
✅ Imported 20,512,000 records (12043/sec)
✅ Imported 20,514,000 records (12043/sec)
✅ Imported 20,516,000 records (12043/sec)
✅ Imported 20,518,000 records (12043/sec)
✅ Imported 20,520,000 records (12042/sec)
✅ Imported 20,522,000 records (12042/sec)
✅ Imported 20,524,000 records (12041/sec)
✅ Imported 20,526,000 records (12039/sec)
✅ Imported 20,528,000 records (12037/sec)
✅ Imported 20,530,000 records (12036/sec)
✅ Imported 20,532,000 records (12034/sec)
✅ Imported 20,534,000 records (12035/sec)
✅ Imported 20,536,000 records (12034/sec)
✅ Imported 20,538,000 records (12034/sec)
✅ Imported 20,540,000 records (12034/sec)
✅ Imported 20,542,000 records (12034/sec)
✅ Imported 20,544,000 records (12035/sec)
✅ Imported 20,546,000 records (12032/sec)
✅ Imported 20,548,000 records (12030/sec)
✅ Imported 20,550,000 records (12029/sec)
✅ Imported 20,552,000 records (12028/sec)
✅ Imported 20,554,000 records (12028/sec)
✅ Imported 20,556,000 records (12027/sec)
✅ Imported 20,558,000 records (12026/sec)
✅ Imported 20,560,000 records (12024/sec)
✅ Imported 20,562,000 records (12023/sec)
✅ Imported 20,564,000 records (12023/sec)
✅ Imported 20,566,000 records (12023/sec)
✅ Imported 20,568,000 records (12022/sec)
✅ Imported 20,570,000 records (12023/sec)
✅ Imported 20,572,000 records (12023/sec)
✅ Imported 20,574,000 records (12024/sec)
✅ Imported 20,576,000 records (12023/sec)
✅ Imported 20,578,000 records (12024/sec)
✅ Imported 20,580,000 records (12024/sec)
✅ Imported 20,582,000 records (12024/sec)
✅ Imported 20,584,000 records (12024/sec)
✅ Imported 20,586,000 records (12024/sec)
✅ Imported 20,588,000 records (12024/sec)
✅ Imported 20,590,000 records (12025/sec)
✅ Imported 20,592,000 records (12025/sec)
✅ Imported 20,594,000 records (12024/sec)
✅ Imported 20,596,000 records (12022/sec)
✅ Imported 20,598,000 records (12023/sec)
✅ Imported 20,600,000 records (12023/sec)
✅ Imported 20,602,000 records (12024/sec)
✅ Imported 20,604,000 records (12024/sec)
✅ Imported 20,606,000 records (12025/sec)
✅ Imported 20,608,000 records (12025/sec)
✅ Imported 20,610,000 records (12025/sec)
✅ Imported 20,612,000 records (12025/sec)
✅ Imported 20,614,000 records (12026/sec)
✅ Imported 20,616,000 records (12026/sec)
✅ Imported 20,618,000 records (12027/sec)
✅ Imported 20,620,000 records (12027/sec)
✅ Imported 20,622,000 records (12027/sec)
✅ Imported 20,624,000 records (12028/sec)
✅ Imported 20,626,000 records (12029/sec)
✅ Imported 20,628,000 records (12029/sec)
✅ Imported 20,630,000 records (12030/sec)
✅ Imported 20,632,000 records (12030/sec)
✅ Imported 20,634,000 records (12030/sec)
✅ Imported 20,636,000 records (12029/sec)
✅ Imported 20,638,000 records (12029/sec)
✅ Imported 20,640,000 records (12030/sec)
✅ Imported 20,642,000 records (12030/sec)
✅ Imported 20,644,000 records (12031/sec)
✅ Imported 20,646,000 records (12031/sec)
✅ Imported 20,648,000 records (12032/sec)
✅ Imported 20,650,000 records (12032/sec)
✅ Imported 20,652,000 records (12032/sec)
✅ Imported 20,654,000 records (12032/sec)
✅ Imported 20,656,000 records (12033/sec)
✅ Imported 20,658,000 records (12034/sec)
✅ Imported 20,660,000 records (12034/sec)
✅ Imported 20,662,000 records (12035/sec)
✅ Imported 20,664,000 records (12035/sec)
✅ Imported 20,666,000 records (12036/sec)
✅ Imported 20,668,000 records (12036/sec)
✅ Imported 20,670,000 records (12036/sec)
✅ Imported 20,672,000 records (12036/sec)
✅ Imported 20,674,000 records (12036/sec)
✅ Imported 20,676,000 records (12036/sec)
✅ Imported 20,678,000 records (12037/sec)
✅ Imported 20,680,000 records (12037/sec)
✅ Imported 20,682,000 records (12038/sec)
✅ Imported 20,684,000 records (12038/sec)
✅ Imported 20,686,000 records (12039/sec)
✅ Imported 20,688,000 records (12040/sec)
✅ Imported 20,690,000 records (12040/sec)
✅ Imported 20,692,000 records (12041/sec)
✅ Imported 20,694,000 records (12041/sec)
✅ Imported 20,696,000 records (12042/sec)
✅ Imported 20,698,000 records (12042/sec)
✅ Imported 20,700,000 records (12043/sec)
✅ Imported 20,702,000 records (12044/sec)
✅ Imported 20,704,000 records (12044/sec)
✅ Imported 20,706,000 records (12045/sec)
✅ Imported 20,708,000 records (12046/sec)
✅ Imported 20,710,000 records (12046/sec)
✅ Imported 20,712,000 records (12047/sec)
✅ Imported 20,714,000 records (12047/sec)
✅ Imported 20,716,000 records (12048/sec)
✅ Imported 20,718,000 records (12046/sec)
✅ Imported 20,720,000 records (12046/sec)
✅ Imported 20,722,000 records (12046/sec)
✅ Imported 20,724,000 records (12046/sec)
✅ Imported 20,726,000 records (12046/sec)
✅ Imported 20,728,000 records (12046/sec)
✅ Imported 20,730,000 records (12046/sec)
✅ Imported 20,732,000 records (12047/sec)
✅ Imported 20,734,000 records (12047/sec)
✅ Imported 20,736,000 records (12046/sec)
✅ Imported 20,738,000 records (12045/sec)
✅ Imported 20,740,000 records (12045/sec)
✅ Imported 20,742,000 records (12045/sec)
✅ Imported 20,744,000 records (12045/sec)
✅ Imported 20,746,000 records (12046/sec)
✅ Imported 20,748,000 records (12046/sec)
✅ Imported 20,750,000 records (12046/sec)
✅ Imported 20,752,000 records (12047/sec)
✅ Imported 20,754,000 records (12047/sec)
✅ Imported 20,756,000 records (12047/sec)
✅ Imported 20,758,000 records (12048/sec)
✅ Imported 20,760,000 records (12047/sec)
✅ Imported 20,762,000 records (12046/sec)
✅ Imported 20,764,000 records (12047/sec)
✅ Imported 20,766,000 records (12047/sec)
✅ Imported 20,768,000 records (12047/sec)
✅ Imported 20,770,000 records (12046/sec)
✅ Imported 20,772,000 records (12046/sec)
✅ Imported 20,774,000 records (12045/sec)
✅ Imported 20,776,000 records (12044/sec)
✅ Imported 20,778,000 records (12044/sec)
✅ Imported 20,780,000 records (12045/sec)
✅ Imported 20,782,000 records (12045/sec)
✅ Imported 20,784,000 records (12045/sec)
✅ Imported 20,786,000 records (12046/sec)
✅ Imported 20,788,000 records (12046/sec)
✅ Imported 20,790,000 records (12047/sec)
✅ Imported 20,792,000 records (12047/sec)
✅ Imported 20,794,000 records (12047/sec)
✅ Imported 20,796,000 records (12044/sec)
✅ Imported 20,798,000 records (12045/sec)
✅ Imported 20,800,000 records (12045/sec)
✅ Imported 20,802,000 records (12045/sec)
✅ Imported 20,804,000 records (12046/sec)
✅ Imported 20,806,000 records (12047/sec)
✅ Imported 20,808,000 records (12047/sec)
✅ Imported 20,810,000 records (12048/sec)
✅ Imported 20,812,000 records (12048/sec)
✅ Imported 20,814,000 records (12049/sec)
✅ Imported 20,816,000 records (12049/sec)
✅ Imported 20,818,000 records (12050/sec)
✅ Imported 20,820,000 records (12050/sec)
✅ Imported 20,822,000 records (12051/sec)
✅ Imported 20,824,000 records (12051/sec)
✅ Imported 20,826,000 records (12052/sec)
✅ Imported 20,828,000 records (12052/sec)
✅ Imported 20,830,000 records (12041/sec)
✅ Imported 20,832,000 records (12041/sec)
✅ Imported 20,834,000 records (12040/sec)
✅ Imported 20,836,000 records (12040/sec)
✅ Imported 20,838,000 records (12039/sec)
✅ Imported 20,840,000 records (12039/sec)
✅ Imported 20,842,000 records (12036/sec)
✅ Imported 20,844,000 records (12037/sec)
✅ Imported 20,846,000 records (12037/sec)
✅ Imported 20,848,000 records (12038/sec)
✅ Imported 20,850,000 records (12038/sec)
✅ Imported 20,852,000 records (12038/sec)
✅ Imported 20,854,000 records (12039/sec)
✅ Imported 20,856,000 records (12038/sec)
✅ Imported 20,858,000 records (12038/sec)
✅ Imported 20,860,000 records (12038/sec)
✅ Imported 20,862,000 records (12039/sec)
✅ Imported 20,864,000 records (12039/sec)
✅ Imported 20,866,000 records (12039/sec)
✅ Imported 20,868,000 records (12039/sec)
✅ Imported 20,870,000 records (12038/sec)
✅ Imported 20,872,000 records (12039/sec)
✅ Imported 20,874,000 records (12039/sec)
✅ Imported 20,876,000 records (12039/sec)
✅ Imported 20,878,000 records (12039/sec)
✅ Imported 20,880,000 records (12040/sec)
✅ Imported 20,882,000 records (12040/sec)
✅ Imported 20,884,000 records (12040/sec)
✅ Imported 20,886,000 records (12040/sec)
✅ Imported 20,888,000 records (12039/sec)
✅ Imported 20,890,000 records (12036/sec)
✅ Imported 20,892,000 records (12034/sec)
✅ Imported 20,894,000 records (12034/sec)
✅ Imported 20,896,000 records (12034/sec)
✅ Imported 20,898,000 records (12034/sec)
✅ Imported 20,900,000 records (12034/sec)
✅ Imported 20,902,000 records (12034/sec)
✅ Imported 20,904,000 records (12034/sec)
✅ Imported 20,906,000 records (12034/sec)
✅ Imported 20,908,000 records (12034/sec)
✅ Imported 20,910,000 records (12034/sec)
✅ Imported 20,912,000 records (12034/sec)
✅ Imported 20,914,000 records (12034/sec)
✅ Imported 20,916,000 records (12034/sec)
✅ Imported 20,918,000 records (12034/sec)
✅ Imported 20,920,000 records (12034/sec)
✅ Imported 20,922,000 records (12035/sec)
✅ Imported 20,924,000 records (12031/sec)
✅ Imported 20,926,000 records (12031/sec)
✅ Imported 20,928,000 records (12030/sec)
✅ Imported 20,930,000 records (12029/sec)
✅ Imported 20,932,000 records (12028/sec)
✅ Imported 20,934,000 records (12024/sec)
✅ Imported 20,936,000 records (12020/sec)
✅ Imported 20,938,000 records (12020/sec)
✅ Imported 20,940,000 records (12020/sec)
✅ Imported 20,942,000 records (12017/sec)
✅ Imported 20,944,000 records (12016/sec)
✅ Imported 20,946,000 records (12012/sec)
✅ Imported 20,948,000 records (12011/sec)
✅ Imported 20,950,000 records (12010/sec)
✅ Imported 20,952,000 records (12011/sec)
✅ Imported 20,954,000 records (12011/sec)
✅ Imported 20,956,000 records (12011/sec)
✅ Imported 20,958,000 records (12011/sec)
✅ Imported 20,960,000 records (12011/sec)
✅ Imported 20,962,000 records (12012/sec)
✅ Imported 20,964,000 records (12012/sec)
✅ Imported 20,966,000 records (12012/sec)
✅ Imported 20,968,000 records (12013/sec)
✅ Imported 20,970,000 records (12013/sec)
✅ Imported 20,972,000 records (12014/sec)
✅ Imported 20,974,000 records (12015/sec)
✅ Imported 20,976,000 records (12015/sec)
✅ Imported 20,978,000 records (12016/sec)
✅ Imported 20,980,000 records (12016/sec)
✅ Imported 20,982,000 records (12016/sec)
✅ Imported 20,984,000 records (12017/sec)
✅ Imported 20,986,000 records (12018/sec)
✅ Imported 20,988,000 records (12018/sec)
✅ Imported 20,990,000 records (12019/sec)
✅ Imported 20,992,000 records (12019/sec)
✅ Imported 20,994,000 records (12020/sec)
✅ Imported 20,996,000 records (12020/sec)
✅ Imported 20,998,000 records (12021/sec)
✅ Imported 21,000,000 records (12021/sec)
✅ Imported 21,002,000 records (12020/sec)
✅ Imported 21,004,000 records (12018/sec)
✅ Imported 21,006,000 records (12018/sec)
✅ Imported 21,008,000 records (12019/sec)
✅ Imported 21,010,000 records (12018/sec)
✅ Imported 21,012,000 records (12018/sec)
✅ Imported 21,014,000 records (12018/sec)
✅ Imported 21,016,000 records (12018/sec)
✅ Imported 21,018,000 records (12018/sec)
✅ Imported 21,020,000 records (12018/sec)
✅ Imported 21,022,000 records (12019/sec)
✅ Imported 21,024,000 records (12019/sec)
✅ Imported 21,026,000 records (12020/sec)
✅ Imported 21,028,000 records (12021/sec)
✅ Imported 21,030,000 records (12021/sec)
✅ Imported 21,032,000 records (12021/sec)
✅ Imported 21,034,000 records (12022/sec)
✅ Imported 21,036,000 records (12021/sec)
✅ Imported 21,038,000 records (12019/sec)
✅ Imported 21,040,000 records (12017/sec)
✅ Imported 21,042,000 records (12017/sec)
✅ Imported 21,044,000 records (12018/sec)
✅ Imported 21,046,000 records (12018/sec)
✅ Imported 21,048,000 records (12019/sec)
✅ Imported 21,050,000 records (12019/sec)
✅ Imported 21,052,000 records (12020/sec)
✅ Imported 21,054,000 records (12020/sec)
✅ Imported 21,056,000 records (12020/sec)
✅ Imported 21,058,000 records (12020/sec)
✅ Imported 21,060,000 records (12020/sec)
✅ Imported 21,062,000 records (12020/sec)
✅ Imported 21,064,000 records (12021/sec)
✅ Imported 21,066,000 records (12021/sec)
✅ Imported 21,068,000 records (12021/sec)
✅ Imported 21,070,000 records (12022/sec)
✅ Imported 21,072,000 records (12022/sec)
✅ Imported 21,074,000 records (12023/sec)
✅ Imported 21,076,000 records (12023/sec)
✅ Imported 21,078,000 records (12023/sec)
✅ Imported 21,080,000 records (12022/sec)
✅ Imported 21,082,000 records (12021/sec)
✅ Imported 21,084,000 records (12021/sec)
✅ Imported 21,086,000 records (12018/sec)
✅ Imported 21,088,000 records (12017/sec)
✅ Imported 21,090,000 records (12017/sec)
✅ Imported 21,092,000 records (12017/sec)
✅ Imported 21,094,000 records (12017/sec)
✅ Imported 21,096,000 records (12017/sec)
✅ Imported 21,098,000 records (12017/sec)
✅ Imported 21,100,000 records (12007/sec)
✅ Imported 21,102,000 records (12007/sec)
✅ Imported 21,104,000 records (12006/sec)
✅ Imported 21,106,000 records (12006/sec)
✅ Imported 21,108,000 records (12006/sec)
✅ Imported 21,110,000 records (12005/sec)
✅ Imported 21,112,000 records (12005/sec)
✅ Imported 21,114,000 records (12005/sec)
✅ Imported 21,116,000 records (12005/sec)
✅ Imported 21,118,000 records (12005/sec)
✅ Imported 21,120,000 records (12004/sec)
✅ Imported 21,122,000 records (12004/sec)
✅ Imported 21,124,000 records (12003/sec)
✅ Imported 21,126,000 records (12003/sec)
✅ Imported 21,128,000 records (12003/sec)
✅ Imported 21,130,000 records (12003/sec)
✅ Imported 21,132,000 records (12003/sec)
✅ Imported 21,134,000 records (12003/sec)
✅ Imported 21,136,000 records (12002/sec)
✅ Imported 21,138,000 records (12001/sec)
✅ Imported 21,140,000 records (12001/sec)
✅ Imported 21,142,000 records (12001/sec)
✅ Imported 21,144,000 records (12001/sec)
✅ Imported 21,146,000 records (12001/sec)
✅ Imported 21,148,000 records (12002/sec)
✅ Imported 21,150,000 records (12002/sec)
✅ Imported 21,152,000 records (12002/sec)
✅ Imported 21,154,000 records (12003/sec)
✅ Imported 21,156,000 records (12003/sec)
✅ Imported 21,158,000 records (12003/sec)
✅ Imported 21,160,000 records (12004/sec)
✅ Imported 21,162,000 records (12004/sec)
✅ Imported 21,164,000 records (12004/sec)
✅ Imported 21,166,000 records (12004/sec)
✅ Imported 21,168,000 records (12004/sec)
✅ Imported 21,170,000 records (12004/sec)
✅ Imported 21,172,000 records (12004/sec)
✅ Imported 21,174,000 records (12005/sec)
✅ Imported 21,176,000 records (12005/sec)
✅ Imported 21,178,000 records (12005/sec)
✅ Imported 21,180,000 records (12005/sec)
✅ Imported 21,182,000 records (12005/sec)
✅ Imported 21,184,000 records (12005/sec)
✅ Imported 21,186,000 records (12004/sec)
✅ Imported 21,188,000 records (12004/sec)
✅ Imported 21,190,000 records (12003/sec)
✅ Imported 21,192,000 records (12001/sec)
✅ Imported 21,194,000 records (11999/sec)
✅ Imported 21,196,000 records (11998/sec)
✅ Imported 21,198,000 records (11998/sec)
✅ Imported 21,200,000 records (11998/sec)
✅ Imported 21,202,000 records (11997/sec)
✅ Imported 21,204,000 records (11996/sec)
✅ Imported 21,206,000 records (11996/sec)
✅ Imported 21,208,000 records (11996/sec)
✅ Imported 21,210,000 records (11996/sec)
✅ Imported 21,212,000 records (11996/sec)
✅ Imported 21,214,000 records (11996/sec)
✅ Imported 21,216,000 records (11995/sec)
✅ Imported 21,218,000 records (11994/sec)
✅ Imported 21,220,000 records (11993/sec)
✅ Imported 21,222,000 records (11986/sec)
✅ Imported 21,224,000 records (11981/sec)
✅ Imported 21,226,000 records (11978/sec)
✅ Imported 21,228,000 records (11962/sec)
✅ Imported 21,230,000 records (11955/sec)
✅ Imported 21,232,000 records (11953/sec)
✅ Imported 21,234,000 records (11951/sec)
✅ Imported 21,236,000 records (11948/sec)
✅ Imported 21,238,000 records (11944/sec)
✅ Imported 21,240,000 records (11942/sec)
✅ Imported 21,242,000 records (11942/sec)
✅ Imported 21,244,000 records (11941/sec)
✅ Imported 21,246,000 records (11940/sec)
✅ Imported 21,248,000 records (11939/sec)
✅ Imported 21,250,000 records (11913/sec)
✅ Imported 21,252,000 records (11909/sec)
✅ Imported 21,254,000 records (11908/sec)
✅ Imported 21,256,000 records (11908/sec)
✅ Imported 21,258,000 records (11908/sec)
✅ Imported 21,260,000 records (11903/sec)
✅ Imported 21,262,000 records (11902/sec)
✅ Imported 21,264,000 records (11903/sec)
✅ Imported 21,266,000 records (11903/sec)
✅ Imported 21,268,000 records (11903/sec)
✅ Imported 21,270,000 records (11903/sec)
✅ Imported 21,272,000 records (11903/sec)
✅ Imported 21,274,000 records (11901/sec)
✅ Imported 21,276,000 records (11900/sec)
✅ Imported 21,278,000 records (11900/sec)
✅ Imported 21,280,000 records (11899/sec)
✅ Imported 21,282,000 records (11899/sec)
✅ Imported 21,284,000 records (11898/sec)
✅ Imported 21,286,000 records (11898/sec)
✅ Imported 21,288,000 records (11899/sec)
✅ Imported 21,290,000 records (11899/sec)
✅ Imported 21,292,000 records (11898/sec)
✅ Imported 21,294,000 records (11898/sec)
✅ Imported 21,296,000 records (11898/sec)
✅ Imported 21,298,000 records (11885/sec)
✅ Imported 21,300,000 records (11883/sec)
✅ Imported 21,302,000 records (11878/sec)
✅ Imported 21,304,000 records (11877/sec)
✅ Imported 21,306,000 records (11877/sec)
✅ Imported 21,308,000 records (11876/sec)
✅ Imported 21,310,000 records (11876/sec)
✅ Imported 21,312,000 records (11874/sec)
✅ Imported 21,314,000 records (11869/sec)
✅ Imported 21,316,000 records (11855/sec)
✅ Imported 21,318,000 records (11854/sec)
✅ Imported 21,320,000 records (11852/sec)
✅ Imported 21,322,000 records (11851/sec)
✅ Imported 21,324,000 records (11849/sec)
✅ Imported 21,326,000 records (11848/sec)
✅ Imported 21,328,000 records (11847/sec)
✅ Imported 21,330,000 records (11845/sec)
✅ Imported 21,332,000 records (11843/sec)
✅ Imported 21,334,000 records (11842/sec)
✅ Imported 21,336,000 records (11840/sec)
✅ Imported 21,338,000 records (11839/sec)
✅ Imported 21,340,000 records (11838/sec)
✅ Imported 21,342,000 records (11836/sec)
✅ Imported 21,344,000 records (11835/sec)
✅ Imported 21,346,000 records (11835/sec)
✅ Imported 21,348,000 records (11833/sec)
✅ Imported 21,350,000 records (11806/sec)
✅ Imported 21,352,000 records (11766/sec)
✅ Imported 21,354,000 records (11744/sec)
✅ Imported 21,356,000 records (11740/sec)
✅ Imported 21,358,000 records (11739/sec)
✅ Imported 21,360,000 records (11737/sec)
✅ Imported 21,362,000 records (11734/sec)
✅ Imported 21,364,000 records (11724/sec)
✅ Imported 21,366,000 records (11704/sec)
✅ Imported 21,368,000 records (11672/sec)
✅ Imported 21,370,000 records (11655/sec)
✅ Imported 21,372,000 records (11637/sec)
✅ Imported 21,374,000 records (11625/sec)
✅ Imported 21,376,000 records (11599/sec)
✅ Imported 21,378,000 records (11571/sec)
✅ Imported 21,380,000 records (11548/sec)
✅ Imported 21,382,000 records (11533/sec)
✅ Imported 21,384,000 records (11518/sec)
✅ Imported 21,386,000 records (11514/sec)
✅ Imported 21,388,000 records (11505/sec)
✅ Imported 21,390,000 records (11494/sec)
✅ Imported 21,392,000 records (11492/sec)
✅ Imported 21,394,000 records (11491/sec)
✅ Imported 21,396,000 records (11466/sec)
✅ Imported 21,398,000 records (11457/sec)
✅ Imported 21,400,000 records (11450/sec)
✅ Imported 21,402,000 records (11439/sec)
✅ Imported 21,404,000 records (11434/sec)
✅ Imported 21,406,000 records (11413/sec)
✅ Imported 21,408,000 records (11395/sec)
✅ Imported 21,410,000 records (11385/sec)
✅ Imported 21,412,000 records (11372/sec)
✅ Imported 21,414,000 records (11359/sec)
✅ Imported 21,416,000 records (11331/sec)
✅ Imported 21,418,000 records (11320/sec)
✅ Imported 21,420,000 records (11298/sec)
✅ Imported 21,422,000 records (11257/sec)
✅ Imported 21,424,000 records (11246/sec)
✅ Imported 21,426,000 records (11237/sec)
✅ Imported 21,428,000 records (11234/sec)
✅ Imported 21,430,000 records (11232/sec)
✅ Imported 21,432,000 records (11217/sec)
✅ Imported 21,434,000 records (11187/sec)
✅ Imported 21,436,000 records (11171/sec)
✅ Imported 21,438,000 records (11166/sec)
✅ Imported 21,440,000 records (11129/sec)
✅ Imported 21,442,000 records (11114/sec)
✅ Imported 21,444,000 records (11105/sec)
✅ Imported 21,446,000 records (11101/sec)
✅ Imported 21,448,000 records (11100/sec)
✅ Imported 21,450,000 records (11099/sec)
✅ Imported 21,452,000 records (11096/sec)
✅ Imported 21,454,000 records (11083/sec)
✅ Imported 21,456,000 records (11073/sec)
✅ Imported 21,458,000 records (11072/sec)
✅ Imported 21,460,000 records (11071/sec)
✅ Imported 21,462,000 records (11071/sec)
✅ Imported 21,464,000 records (11072/sec)
✅ Imported 21,466,000 records (11072/sec)
✅ Imported 21,468,000 records (11072/sec)
✅ Imported 21,470,000 records (11072/sec)
✅ Imported 21,472,000 records (11073/sec)
✅ Imported 21,474,000 records (11073/sec)
✅ Imported 21,476,000 records (11071/sec)
✅ Imported 21,478,000 records (11070/sec)
✅ Imported 21,480,000 records (11069/sec)
✅ Imported 21,482,000 records (11070/sec)
✅ Imported 21,484,000 records (11070/sec)
✅ Imported 21,486,000 records (11070/sec)
✅ Imported 21,488,000 records (11070/sec)
✅ Imported 21,490,000 records (11070/sec)
✅ Imported 21,492,000 records (11071/sec)
✅ Imported 21,494,000 records (11071/sec)
✅ Imported 21,496,000 records (11071/sec)
✅ Imported 21,498,000 records (11070/sec)
✅ Imported 21,500,000 records (11057/sec)
✅ Imported 21,502,000 records (11057/sec)
✅ Imported 21,504,000 records (11053/sec)
✅ Imported 21,506,000 records (11040/sec)
✅ Imported 21,508,000 records (11027/sec)
✅ Imported 21,510,000 records (11020/sec)
✅ Imported 21,512,000 records (11014/sec)
✅ Imported 21,514,000 records (11014/sec)
✅ Imported 21,516,000 records (11012/sec)
✅ Imported 21,518,000 records (11011/sec)
✅ Imported 21,520,000 records (11011/sec)
✅ Imported 21,522,000 records (11011/sec)
✅ Imported 21,524,000 records (11011/sec)
✅ Imported 21,526,000 records (11011/sec)
✅ Imported 21,528,000 records (11011/sec)
✅ Imported 21,530,000 records (11011/sec)
✅ Imported 21,532,000 records (11011/sec)
✅ Imported 21,534,000 records (11011/sec)
✅ Imported 21,536,000 records (11012/sec)
✅ Imported 21,538,000 records (11012/sec)
✅ Imported 21,540,000 records (11012/sec)
✅ Imported 21,542,000 records (11012/sec)
✅ Imported 21,544,000 records (11012/sec)
✅ Imported 21,546,000 records (11012/sec)
✅ Imported 21,548,000 records (11012/sec)
✅ Imported 21,550,000 records (11012/sec)
✅ Imported 21,552,000 records (11012/sec)
✅ Imported 21,554,000 records (11013/sec)
✅ Imported 21,556,000 records (11012/sec)
✅ Imported 21,558,000 records (11013/sec)
✅ Imported 21,560,000 records (11012/sec)
✅ Imported 21,562,000 records (11012/sec)
✅ Imported 21,564,000 records (11012/sec)
✅ Imported 21,566,000 records (11011/sec)
✅ Imported 21,568,000 records (11012/sec)
✅ Imported 21,570,000 records (11012/sec)
✅ Imported 21,572,000 records (11013/sec)
✅ Imported 21,574,000 records (11013/sec)
✅ Imported 21,576,000 records (11013/sec)
✅ Imported 21,578,000 records (11013/sec)
✅ Imported 21,580,000 records (11012/sec)
✅ Imported 21,582,000 records (11012/sec)
✅ Imported 21,584,000 records (11012/sec)
✅ Imported 21,586,000 records (11012/sec)
✅ Imported 21,588,000 records (11012/sec)
✅ Imported 21,590,000 records (11012/sec)
✅ Imported 21,592,000 records (11012/sec)
✅ Imported 21,594,000 records (11013/sec)
✅ Imported 21,596,000 records (11013/sec)
✅ Imported 21,598,000 records (11013/sec)
✅ Imported 21,600,000 records (11014/sec)
✅ Imported 21,602,000 records (11014/sec)
✅ Imported 21,604,000 records (11015/sec)
✅ Imported 21,606,000 records (11015/sec)
✅ Imported 21,608,000 records (11015/sec)
✅ Imported 21,610,000 records (11015/sec)
✅ Imported 21,612,000 records (11015/sec)
✅ Imported 21,614,000 records (11016/sec)
✅ Imported 21,616,000 records (11016/sec)
✅ Imported 21,618,000 records (11016/sec)
✅ Imported 21,620,000 records (11016/sec)
✅ Imported 21,622,000 records (11017/sec)
✅ Imported 21,624,000 records (11017/sec)
✅ Imported 21,626,000 records (11016/sec)
✅ Imported 21,628,000 records (11016/sec)
✅ Imported 21,630,000 records (11016/sec)
✅ Imported 21,632,000 records (11016/sec)
✅ Imported 21,634,000 records (11016/sec)
✅ Imported 21,636,000 records (11016/sec)
✅ Imported 21,638,000 records (11017/sec)
✅ Imported 21,640,000 records (11016/sec)
✅ Imported 21,642,000 records (11016/sec)
✅ Imported 21,644,000 records (11016/sec)
✅ Imported 21,646,000 records (11016/sec)
✅ Imported 21,648,000 records (11017/sec)
✅ Imported 21,650,000 records (11017/sec)
✅ Imported 21,652,000 records (11015/sec)
✅ Imported 21,654,000 records (11010/sec)
✅ Imported 21,656,000 records (11008/sec)
✅ Imported 21,658,000 records (11006/sec)
✅ Imported 21,660,000 records (10995/sec)
✅ Imported 21,662,000 records (10992/sec)
✅ Imported 21,664,000 records (10988/sec)
✅ Imported 21,666,000 records (10986/sec)
✅ Imported 21,668,000 records (10986/sec)
✅ Imported 21,670,000 records (10983/sec)
✅ Imported 21,672,000 records (10981/sec)
✅ Imported 21,674,000 records (10975/sec)
✅ Imported 21,676,000 records (10975/sec)
✅ Imported 21,678,000 records (10968/sec)
✅ Imported 21,680,000 records (10968/sec)
✅ Imported 21,682,000 records (10967/sec)
✅ Imported 21,684,000 records (10966/sec)
✅ Imported 21,686,000 records (10960/sec)
✅ Imported 21,688,000 records (10953/sec)
✅ Imported 21,690,000 records (10952/sec)
✅ Imported 21,692,000 records (10951/sec)
✅ Imported 21,694,000 records (10952/sec)
✅ Imported 21,696,000 records (10952/sec)
✅ Imported 21,698,000 records (10951/sec)
✅ Imported 21,700,000 records (10950/sec)
✅ Imported 21,702,000 records (10949/sec)
✅ Imported 21,704,000 records (10946/sec)
✅ Imported 21,706,000 records (10943/sec)
✅ Imported 21,708,000 records (10942/sec)
✅ Imported 21,710,000 records (10942/sec)
✅ Imported 21,712,000 records (10942/sec)
✅ Imported 21,714,000 records (10943/sec)
✅ Imported 21,716,000 records (10943/sec)
✅ Imported 21,718,000 records (10943/sec)
✅ Imported 21,720,000 records (10943/sec)
✅ Imported 21,722,000 records (10942/sec)
✅ Imported 21,724,000 records (10942/sec)
✅ Imported 21,726,000 records (10943/sec)
✅ Imported 21,728,000 records (10938/sec)
✅ Imported 21,730,000 records (10938/sec)
✅ Imported 21,732,000 records (10938/sec)
✅ Imported 21,734,000 records (10937/sec)
✅ Imported 21,736,000 records (10935/sec)
✅ Imported 21,738,000 records (10935/sec)
✅ Imported 21,740,000 records (10935/sec)
✅ Imported 21,742,000 records (10935/sec)
✅ Imported 21,744,000 records (10935/sec)
✅ Imported 21,746,000 records (10935/sec)
✅ Imported 21,748,000 records (10931/sec)
✅ Imported 21,750,000 records (10930/sec)
✅ Imported 21,752,000 records (10930/sec)
✅ Imported 21,754,000 records (10929/sec)
✅ Imported 21,756,000 records (10928/sec)
✅ Imported 21,758,000 records (10928/sec)
✅ Imported 21,760,000 records (10928/sec)
✅ Imported 21,762,000 records (10928/sec)
✅ Imported 21,764,000 records (10928/sec)
✅ Imported 21,766,000 records (10927/sec)
✅ Imported 21,768,000 records (10927/sec)
✅ Imported 21,770,000 records (10924/sec)
✅ Imported 21,772,000 records (10924/sec)
✅ Imported 21,774,000 records (10924/sec)
✅ Imported 21,776,000 records (10924/sec)
✅ Imported 21,778,000 records (10924/sec)
✅ Imported 21,780,000 records (10924/sec)
✅ Imported 21,782,000 records (10924/sec)
✅ Imported 21,784,000 records (10924/sec)
✅ Imported 21,786,000 records (10924/sec)
✅ Imported 21,788,000 records (10924/sec)
✅ Imported 21,790,000 records (10923/sec)
✅ Imported 21,792,000 records (10923/sec)
✅ Imported 21,794,000 records (10922/sec)
✅ Imported 21,796,000 records (10922/sec)
✅ Imported 21,798,000 records (10920/sec)
✅ Imported 21,800,000 records (10920/sec)
✅ Imported 21,802,000 records (10920/sec)
✅ Imported 21,804,000 records (10920/sec)
✅ Imported 21,806,000 records (10920/sec)
✅ Imported 21,808,000 records (10921/sec)
✅ Imported 21,810,000 records (10921/sec)
✅ Imported 21,812,000 records (10922/sec)
✅ Imported 21,814,000 records (10921/sec)
✅ Imported 21,816,000 records (10921/sec)
✅ Imported 21,818,000 records (10921/sec)
✅ Imported 21,820,000 records (10922/sec)
✅ Imported 21,822,000 records (10922/sec)
✅ Imported 21,824,000 records (10923/sec)
✅ Imported 21,826,000 records (10923/sec)
✅ Imported 21,828,000 records (10923/sec)
✅ Imported 21,830,000 records (10923/sec)
✅ Imported 21,832,000 records (10924/sec)
✅ Imported 21,834,000 records (10923/sec)
✅ Imported 21,836,000 records (10924/sec)
✅ Imported 21,838,000 records (10924/sec)
✅ Imported 21,840,000 records (10923/sec)
✅ Imported 21,842,000 records (10923/sec)
✅ Imported 21,844,000 records (10922/sec)
✅ Imported 21,846,000 records (10922/sec)
✅ Imported 21,848,000 records (10922/sec)
✅ Imported 21,850,000 records (10922/sec)
✅ Imported 21,852,000 records (10923/sec)
✅ Imported 21,854,000 records (10923/sec)
✅ Imported 21,856,000 records (10923/sec)
✅ Imported 21,858,000 records (10924/sec)
✅ Imported 21,860,000 records (10924/sec)
✅ Imported 21,862,000 records (10925/sec)
✅ Imported 21,864,000 records (10924/sec)
✅ Imported 21,866,000 records (10924/sec)
✅ Imported 21,868,000 records (10924/sec)
✅ Imported 21,870,000 records (10925/sec)
✅ Imported 21,872,000 records (10925/sec)
✅ Imported 21,874,000 records (10926/sec)
✅ Imported 21,876,000 records (10925/sec)
✅ Imported 21,878,000 records (10926/sec)
✅ Imported 21,880,000 records (10926/sec)
✅ Imported 21,882,000 records (10927/sec)
✅ Imported 21,884,000 records (10927/sec)
✅ Imported 21,886,000 records (10928/sec)
✅ Imported 21,888,000 records (10928/sec)
✅ Imported 21,890,000 records (10929/sec)
✅ Imported 21,892,000 records (10929/sec)
✅ Imported 21,894,000 records (10930/sec)
✅ Imported 21,896,000 records (10930/sec)
✅ Imported 21,898,000 records (10931/sec)
✅ Imported 21,900,000 records (10931/sec)
✅ Imported 21,902,000 records (10931/sec)
✅ Imported 21,904,000 records (10931/sec)
✅ Imported 21,906,000 records (10932/sec)
✅ Imported 21,908,000 records (10932/sec)
✅ Imported 21,910,000 records (10933/sec)
✅ Imported 21,912,000 records (10933/sec)
✅ Imported 21,914,000 records (10934/sec)
✅ Imported 21,916,000 records (10934/sec)
✅ Imported 21,918,000 records (10934/sec)
✅ Imported 21,920,000 records (10934/sec)
✅ Imported 21,922,000 records (10935/sec)
✅ Imported 21,924,000 records (10935/sec)
✅ Imported 21,926,000 records (10936/sec)
✅ Imported 21,928,000 records (10937/sec)
✅ Imported 21,930,000 records (10937/sec)
✅ Imported 21,932,000 records (10938/sec)
✅ Imported 21,934,000 records (10938/sec)
✅ Imported 21,936,000 records (10938/sec)
✅ Imported 21,938,000 records (10938/sec)
✅ Imported 21,940,000 records (10939/sec)
✅ Imported 21,942,000 records (10940/sec)
✅ Imported 21,944,000 records (10940/sec)
✅ Imported 21,946,000 records (10940/sec)
✅ Imported 21,948,000 records (10941/sec)
✅ Imported 21,950,000 records (10941/sec)
✅ Imported 21,952,000 records (10941/sec)
✅ Imported 21,954,000 records (10942/sec)
✅ Imported 21,956,000 records (10942/sec)
✅ Imported 21,958,000 records (10942/sec)
✅ Imported 21,960,000 records (10943/sec)
✅ Imported 21,962,000 records (10943/sec)
✅ Imported 21,964,000 records (10943/sec)
✅ Imported 21,966,000 records (10942/sec)
✅ Imported 21,968,000 records (10941/sec)
✅ Imported 21,970,000 records (10941/sec)
✅ Imported 21,972,000 records (10941/sec)
✅ Imported 21,974,000 records (10941/sec)
✅ Imported 21,976,000 records (10938/sec)
✅ Imported 21,978,000 records (10938/sec)
✅ Imported 21,980,000 records (10938/sec)
✅ Imported 21,982,000 records (10932/sec)
✅ Imported 21,984,000 records (10933/sec)
✅ Imported 21,986,000 records (10933/sec)
✅ Imported 21,988,000 records (10933/sec)
✅ Imported 21,990,000 records (10933/sec)
✅ Imported 21,992,000 records (10934/sec)
✅ Imported 21,994,000 records (10934/sec)
✅ Imported 21,996,000 records (10934/sec)
✅ Imported 21,998,000 records (10935/sec)
✅ Imported 22,000,000 records (10935/sec)
✅ Imported 22,002,000 records (10936/sec)
✅ Imported 22,004,000 records (10937/sec)
✅ Imported 22,006,000 records (10937/sec)
✅ Imported 22,008,000 records (10938/sec)
✅ Imported 22,010,000 records (10938/sec)
✅ Imported 22,012,000 records (10938/sec)
✅ Imported 22,014,000 records (10938/sec)
✅ Imported 22,016,000 records (10939/sec)
✅ Imported 22,018,000 records (10939/sec)
✅ Imported 22,020,000 records (10940/sec)
✅ Imported 22,022,000 records (10939/sec)
✅ Imported 22,024,000 records (10940/sec)
✅ Imported 22,026,000 records (10940/sec)
✅ Imported 22,028,000 records (10941/sec)
✅ Imported 22,030,000 records (10941/sec)
✅ Imported 22,032,000 records (10940/sec)
✅ Imported 22,034,000 records (10940/sec)
✅ Imported 22,036,000 records (10940/sec)
✅ Imported 22,038,000 records (10940/sec)
✅ Imported 22,040,000 records (10940/sec)
✅ Imported 22,042,000 records (10941/sec)
✅ Imported 22,044,000 records (10941/sec)
✅ Imported 22,046,000 records (10942/sec)
✅ Imported 22,048,000 records (10942/sec)
✅ Imported 22,050,000 records (10943/sec)
✅ Imported 22,052,000 records (10944/sec)
✅ Imported 22,054,000 records (10944/sec)
✅ Imported 22,056,000 records (10945/sec)
✅ Imported 22,058,000 records (10945/sec)
✅ Imported 22,060,000 records (10946/sec)
✅ Imported 22,062,000 records (10946/sec)
✅ Imported 22,064,000 records (10947/sec)
✅ Imported 22,066,000 records (10947/sec)
✅ Imported 22,068,000 records (10948/sec)
✅ Imported 22,070,000 records (10949/sec)
✅ Imported 22,072,000 records (10949/sec)
✅ Imported 22,074,000 records (10950/sec)
✅ Imported 22,076,000 records (10950/sec)
✅ Imported 22,078,000 records (10951/sec)
✅ Imported 22,080,000 records (10952/sec)
✅ Imported 22,082,000 records (10952/sec)
✅ Imported 22,084,000 records (10952/sec)
✅ Imported 22,086,000 records (10953/sec)
✅ Imported 22,088,000 records (10953/sec)
✅ Imported 22,090,000 records (10954/sec)
✅ Imported 22,092,000 records (10955/sec)
✅ Imported 22,094,000 records (10955/sec)
✅ Imported 22,096,000 records (10956/sec)
✅ Imported 22,098,000 records (10956/sec)
✅ Imported 22,100,000 records (10957/sec)
✅ Imported 22,102,000 records (10957/sec)
✅ Imported 22,104,000 records (10958/sec)
✅ Imported 22,106,000 records (10958/sec)
✅ Imported 22,108,000 records (10959/sec)
✅ Imported 22,110,000 records (10959/sec)
✅ Imported 22,112,000 records (10959/sec)
✅ Imported 22,114,000 records (10960/sec)
✅ Imported 22,116,000 records (10960/sec)
✅ Imported 22,118,000 records (10960/sec)
✅ Imported 22,120,000 records (10961/sec)
✅ Imported 22,122,000 records (10961/sec)
✅ Imported 22,124,000 records (10962/sec)
✅ Imported 22,126,000 records (10963/sec)
✅ Imported 22,128,000 records (10963/sec)
✅ Imported 22,130,000 records (10964/sec)
✅ Imported 22,132,000 records (10964/sec)
✅ Imported 22,134,000 records (10965/sec)
✅ Imported 22,136,000 records (10966/sec)
✅ Imported 22,138,000 records (10966/sec)
✅ Imported 22,140,000 records (10966/sec)
✅ Imported 22,142,000 records (10967/sec)
✅ Imported 22,144,000 records (10967/sec)
✅ Imported 22,146,000 records (10968/sec)
✅ Imported 22,148,000 records (10968/sec)
✅ Imported 22,150,000 records (10969/sec)
✅ Imported 22,152,000 records (10969/sec)
✅ Imported 22,154,000 records (10970/sec)
✅ Imported 22,156,000 records (10970/sec)
✅ Imported 22,158,000 records (10971/sec)
✅ Imported 22,160,000 records (10971/sec)
✅ Imported 22,162,000 records (10972/sec)
✅ Imported 22,164,000 records (10972/sec)
✅ Imported 22,166,000 records (10973/sec)
✅ Imported 22,168,000 records (10972/sec)
✅ Imported 22,170,000 records (10972/sec)
✅ Imported 22,172,000 records (10973/sec)
✅ Imported 22,174,000 records (10973/sec)
✅ Imported 22,176,000 records (10973/sec)
✅ Imported 22,178,000 records (10974/sec)
✅ Imported 22,180,000 records (10974/sec)
✅ Imported 22,182,000 records (10975/sec)
✅ Imported 22,184,000 records (10975/sec)
✅ Imported 22,186,000 records (10975/sec)
✅ Imported 22,188,000 records (10975/sec)
✅ Imported 22,190,000 records (10976/sec)
✅ Imported 22,192,000 records (10977/sec)
✅ Imported 22,194,000 records (10977/sec)
✅ Imported 22,196,000 records (10978/sec)
✅ Imported 22,198,000 records (10978/sec)
✅ Imported 22,200,000 records (10979/sec)
✅ Imported 22,202,000 records (10979/sec)
✅ Imported 22,204,000 records (10979/sec)
✅ Imported 22,206,000 records (10980/sec)
✅ Imported 22,208,000 records (10980/sec)
✅ Imported 22,210,000 records (10980/sec)
✅ Imported 22,212,000 records (10981/sec)
✅ Imported 22,214,000 records (10982/sec)
✅ Imported 22,216,000 records (10982/sec)
✅ Imported 22,218,000 records (10983/sec)
✅ Imported 22,220,000 records (10983/sec)
✅ Imported 22,222,000 records (10984/sec)
✅ Imported 22,224,000 records (10984/sec)
✅ Imported 22,226,000 records (10985/sec)
✅ Imported 22,228,000 records (10986/sec)
✅ Imported 22,230,000 records (10986/sec)
✅ Imported 22,232,000 records (10987/sec)
✅ Imported 22,234,000 records (10987/sec)
✅ Imported 22,236,000 records (10988/sec)
✅ Imported 22,238,000 records (10988/sec)
✅ Imported 22,240,000 records (10988/sec)
✅ Imported 22,242,000 records (10988/sec)
✅ Imported 22,244,000 records (10988/sec)
✅ Imported 22,246,000 records (10988/sec)
✅ Imported 22,248,000 records (10989/sec)
✅ Imported 22,250,000 records (10988/sec)
✅ Imported 22,252,000 records (10989/sec)
✅ Imported 22,254,000 records (10989/sec)
✅ Imported 22,256,000 records (10990/sec)
✅ Imported 22,258,000 records (10990/sec)
✅ Imported 22,260,000 records (10990/sec)
✅ Imported 22,262,000 records (10991/sec)
✅ Imported 22,264,000 records (10991/sec)
✅ Imported 22,266,000 records (10991/sec)
✅ Imported 22,268,000 records (10991/sec)
✅ Imported 22,270,000 records (10992/sec)
✅ Imported 22,272,000 records (10992/sec)
✅ Imported 22,274,000 records (10992/sec)
✅ Imported 22,276,000 records (10993/sec)
✅ Imported 22,278,000 records (10993/sec)
✅ Imported 22,280,000 records (10994/sec)
✅ Imported 22,282,000 records (10994/sec)
✅ Imported 22,284,000 records (10994/sec)
✅ Imported 22,286,000 records (10994/sec)
✅ Imported 22,288,000 records (10994/sec)
✅ Imported 22,290,000 records (10993/sec)
✅ Imported 22,292,000 records (10992/sec)
✅ Imported 22,294,000 records (10990/sec)
✅ Imported 22,296,000 records (10991/sec)
✅ Imported 22,298,000 records (10991/sec)
✅ Imported 22,300,000 records (10991/sec)
✅ Imported 22,302,000 records (10992/sec)
✅ Imported 22,304,000 records (10992/sec)
✅ Imported 22,306,000 records (10992/sec)
✅ Imported 22,308,000 records (10993/sec)
✅ Imported 22,310,000 records (10993/sec)
✅ Imported 22,312,000 records (10993/sec)
✅ Imported 22,314,000 records (10994/sec)
✅ Imported 22,316,000 records (10994/sec)
✅ Imported 22,318,000 records (10994/sec)
✅ Imported 22,320,000 records (10994/sec)
✅ Imported 22,322,000 records (10994/sec)
✅ Imported 22,324,000 records (10995/sec)
✅ Imported 22,326,000 records (10995/sec)
✅ Imported 22,328,000 records (10996/sec)
✅ Imported 22,330,000 records (10996/sec)
✅ Imported 22,332,000 records (10997/sec)
✅ Imported 22,334,000 records (10997/sec)
✅ Imported 22,336,000 records (10998/sec)
✅ Imported 22,338,000 records (10998/sec)
✅ Imported 22,340,000 records (10999/sec)
✅ Imported 22,342,000 records (10999/sec)
✅ Imported 22,344,000 records (11000/sec)
✅ Imported 22,346,000 records (11000/sec)
✅ Imported 22,348,000 records (11001/sec)
✅ Imported 22,350,000 records (11001/sec)
✅ Imported 22,352,000 records (11001/sec)
✅ Imported 22,354,000 records (11002/sec)
✅ Imported 22,356,000 records (11002/sec)
✅ Imported 22,358,000 records (11003/sec)
✅ Imported 22,360,000 records (11003/sec)
✅ Imported 22,362,000 records (11003/sec)
✅ Imported 22,364,000 records (11004/sec)
✅ Imported 22,366,000 records (11004/sec)
✅ Imported 22,368,000 records (11004/sec)
✅ Imported 22,370,000 records (11004/sec)
✅ Imported 22,372,000 records (11005/sec)
✅ Imported 22,374,000 records (11005/sec)
✅ Imported 22,376,000 records (11004/sec)
✅ Imported 22,378,000 records (11003/sec)
✅ Imported 22,380,000 records (11003/sec)
✅ Imported 22,382,000 records (10996/sec)
✅ Imported 22,384,000 records (10988/sec)
✅ Imported 22,386,000 records (10987/sec)
✅ Imported 22,388,000 records (10986/sec)
✅ Imported 22,390,000 records (10986/sec)
✅ Imported 22,392,000 records (10986/sec)
✅ Imported 22,394,000 records (10987/sec)
✅ Imported 22,396,000 records (10987/sec)
✅ Imported 22,398,000 records (10987/sec)
✅ Imported 22,400,000 records (10987/sec)
✅ Imported 22,402,000 records (10987/sec)
✅ Imported 22,404,000 records (10988/sec)
✅ Imported 22,406,000 records (10988/sec)
✅ Imported 22,408,000 records (10989/sec)
✅ Imported 22,410,000 records (10989/sec)
✅ Imported 22,412,000 records (10990/sec)
✅ Imported 22,414,000 records (10990/sec)
✅ Imported 22,416,000 records (10990/sec)
✅ Imported 22,418,000 records (10990/sec)
✅ Imported 22,420,000 records (10990/sec)
✅ Imported 22,422,000 records (10990/sec)
✅ Imported 22,424,000 records (10990/sec)
✅ Imported 22,426,000 records (10991/sec)
✅ Imported 22,428,000 records (10991/sec)
✅ Imported 22,430,000 records (10992/sec)
✅ Imported 22,432,000 records (10992/sec)
✅ Imported 22,434,000 records (10993/sec)
✅ Imported 22,436,000 records (10993/sec)
✅ Imported 22,438,000 records (10993/sec)
✅ Imported 22,440,000 records (10994/sec)
✅ Imported 22,442,000 records (10994/sec)
✅ Imported 22,444,000 records (10995/sec)
✅ Imported 22,446,000 records (10995/sec)
✅ Imported 22,448,000 records (10996/sec)
✅ Imported 22,450,000 records (10996/sec)
✅ Imported 22,452,000 records (10996/sec)
✅ Imported 22,454,000 records (10996/sec)
✅ Imported 22,456,000 records (10996/sec)
✅ Imported 22,458,000 records (10995/sec)
✅ Imported 22,460,000 records (10994/sec)
✅ Imported 22,462,000 records (10994/sec)
✅ Imported 22,464,000 records (10994/sec)
✅ Imported 22,466,000 records (10994/sec)
✅ Imported 22,468,000 records (10994/sec)
✅ Imported 22,470,000 records (10994/sec)
✅ Imported 22,472,000 records (10994/sec)
✅ Imported 22,474,000 records (10995/sec)
✅ Imported 22,476,000 records (10995/sec)
✅ Imported 22,478,000 records (10995/sec)
✅ Imported 22,480,000 records (10995/sec)
✅ Imported 22,482,000 records (10993/sec)
✅ Imported 22,484,000 records (10993/sec)
✅ Imported 22,486,000 records (10993/sec)
✅ Imported 22,488,000 records (10994/sec)
✅ Imported 22,490,000 records (10994/sec)
✅ Imported 22,492,000 records (10994/sec)
✅ Imported 22,494,000 records (10994/sec)
✅ Imported 22,496,000 records (10995/sec)
✅ Imported 22,498,000 records (10995/sec)
✅ Imported 22,500,000 records (10996/sec)
✅ Imported 22,502,000 records (10996/sec)
✅ Imported 22,504,000 records (10997/sec)
✅ Imported 22,506,000 records (10997/sec)
✅ Imported 22,508,000 records (10997/sec)
✅ Imported 22,510,000 records (10998/sec)
✅ Imported 22,512,000 records (10998/sec)
✅ Imported 22,514,000 records (10999/sec)
✅ Imported 22,516,000 records (10999/sec)
✅ Imported 22,518,000 records (11000/sec)
✅ Imported 22,520,000 records (11000/sec)
✅ Imported 22,522,000 records (11001/sec)
✅ Imported 22,524,000 records (11001/sec)
✅ Imported 22,526,000 records (11001/sec)
✅ Imported 22,528,000 records (11000/sec)
✅ Imported 22,530,000 records (11000/sec)
✅ Imported 22,532,000 records (11000/sec)
✅ Imported 22,534,000 records (11001/sec)
✅ Imported 22,536,000 records (11001/sec)
✅ Imported 22,538,000 records (11001/sec)
✅ Imported 22,540,000 records (11002/sec)
✅ Imported 22,542,000 records (11002/sec)
✅ Imported 22,544,000 records (11003/sec)
✅ Imported 22,546,000 records (11003/sec)
✅ Imported 22,548,000 records (11003/sec)
✅ Imported 22,550,000 records (11004/sec)
✅ Imported 22,552,000 records (11004/sec)
✅ Imported 22,554,000 records (11004/sec)
✅ Imported 22,556,000 records (11004/sec)
✅ Imported 22,558,000 records (11004/sec)
✅ Imported 22,560,000 records (11004/sec)
✅ Imported 22,562,000 records (11002/sec)
✅ Imported 22,564,000 records (11001/sec)
✅ Imported 22,566,000 records (11001/sec)
✅ Imported 22,568,000 records (11002/sec)
✅ Imported 22,570,000 records (11002/sec)
✅ Imported 22,572,000 records (11003/sec)
✅ Imported 22,574,000 records (11003/sec)
✅ Imported 22,576,000 records (11004/sec)
✅ Imported 22,578,000 records (11004/sec)
✅ Imported 22,580,000 records (11004/sec)
✅ Imported 22,582,000 records (11004/sec)
✅ Imported 22,584,000 records (11004/sec)
✅ Imported 22,586,000 records (11005/sec)
✅ Imported 22,588,000 records (11003/sec)
✅ Imported 22,590,000 records (11003/sec)
✅ Imported 22,592,000 records (11003/sec)
✅ Imported 22,594,000 records (11004/sec)
✅ Imported 22,596,000 records (11004/sec)
✅ Imported 22,598,000 records (11004/sec)
✅ Imported 22,600,000 records (11005/sec)
✅ Imported 22,602,000 records (11005/sec)
✅ Imported 22,604,000 records (11005/sec)
✅ Imported 22,606,000 records (11006/sec)
✅ Imported 22,608,000 records (11006/sec)
✅ Imported 22,610,000 records (11006/sec)
✅ Imported 22,612,000 records (11006/sec)
✅ Imported 22,614,000 records (11006/sec)
✅ Imported 22,616,000 records (11007/sec)
✅ Imported 22,618,000 records (11007/sec)
✅ Imported 22,620,000 records (11007/sec)
✅ Imported 22,622,000 records (11007/sec)
✅ Imported 22,624,000 records (11006/sec)
✅ Imported 22,626,000 records (11004/sec)
✅ Imported 22,628,000 records (11004/sec)
✅ Imported 22,630,000 records (11004/sec)
✅ Imported 22,632,000 records (10996/sec)
✅ Imported 22,634,000 records (10995/sec)
✅ Imported 22,636,000 records (10994/sec)
✅ Imported 22,638,000 records (10990/sec)
✅ Imported 22,640,000 records (10987/sec)
✅ Imported 22,642,000 records (10982/sec)
✅ Imported 22,644,000 records (10977/sec)
✅ Imported 22,646,000 records (10963/sec)
✅ Imported 22,648,000 records (10958/sec)
✅ Imported 22,650,000 records (10953/sec)
✅ Imported 22,652,000 records (10947/sec)
✅ Imported 22,654,000 records (10946/sec)
✅ Imported 22,656,000 records (10945/sec)
✅ Imported 22,658,000 records (10941/sec)
✅ Imported 22,660,000 records (10941/sec)
✅ Imported 22,662,000 records (10941/sec)
✅ Imported 22,664,000 records (10938/sec)
✅ Imported 22,666,000 records (10938/sec)
✅ Imported 22,668,000 records (10938/sec)
✅ Imported 22,670,000 records (10938/sec)
✅ Imported 22,672,000 records (10939/sec)
✅ Imported 22,674,000 records (10939/sec)
✅ Imported 22,676,000 records (10939/sec)
✅ Imported 22,678,000 records (10939/sec)
✅ Imported 22,680,000 records (10939/sec)
✅ Imported 22,682,000 records (10939/sec)
✅ Imported 22,684,000 records (10939/sec)
✅ Imported 22,686,000 records (10939/sec)
✅ Imported 22,688,000 records (10940/sec)
✅ Imported 22,690,000 records (10940/sec)
✅ Imported 22,692,000 records (10940/sec)
✅ Imported 22,694,000 records (10941/sec)
✅ Imported 22,696,000 records (10941/sec)
✅ Imported 22,698,000 records (10941/sec)
✅ Imported 22,700,000 records (10941/sec)
✅ Imported 22,702,000 records (10941/sec)
✅ Imported 22,704,000 records (10942/sec)
✅ Imported 22,706,000 records (10942/sec)
✅ Imported 22,708,000 records (10942/sec)
✅ Imported 22,710,000 records (10942/sec)
✅ Imported 22,712,000 records (10943/sec)
✅ Imported 22,714,000 records (10943/sec)
✅ Imported 22,716,000 records (10943/sec)
✅ Imported 22,718,000 records (10943/sec)
✅ Imported 22,720,000 records (10943/sec)
✅ Imported 22,722,000 records (10944/sec)
✅ Imported 22,724,000 records (10944/sec)
✅ Imported 22,726,000 records (10944/sec)
✅ Imported 22,728,000 records (10945/sec)
✅ Imported 22,730,000 records (10945/sec)
✅ Imported 22,732,000 records (10945/sec)
✅ Imported 22,734,000 records (10945/sec)
✅ Imported 22,736,000 records (10945/sec)
✅ Imported 22,738,000 records (10944/sec)
✅ Imported 22,740,000 records (10944/sec)
✅ Imported 22,742,000 records (10944/sec)
✅ Imported 22,744,000 records (10942/sec)
✅ Imported 22,746,000 records (10943/sec)
✅ Imported 22,748,000 records (10943/sec)
✅ Imported 22,750,000 records (10943/sec)
✅ Imported 22,752,000 records (10943/sec)
✅ Imported 22,754,000 records (10943/sec)
✅ Imported 22,756,000 records (10943/sec)
✅ Imported 22,758,000 records (10943/sec)
✅ Imported 22,760,000 records (10943/sec)
✅ Imported 22,762,000 records (10939/sec)
✅ Imported 22,764,000 records (10938/sec)
✅ Imported 22,766,000 records (10938/sec)
✅ Imported 22,768,000 records (10939/sec)
✅ Imported 22,770,000 records (10939/sec)
✅ Imported 22,772,000 records (10939/sec)
✅ Imported 22,774,000 records (10938/sec)
✅ Imported 22,776,000 records (10938/sec)
✅ Imported 22,778,000 records (10939/sec)
✅ Imported 22,780,000 records (10939/sec)
✅ Imported 22,782,000 records (10939/sec)
✅ Imported 22,784,000 records (10939/sec)
✅ Imported 22,786,000 records (10939/sec)
✅ Imported 22,788,000 records (10939/sec)
✅ Imported 22,790,000 records (10938/sec)
✅ Imported 22,792,000 records (10937/sec)
✅ Imported 22,794,000 records (10935/sec)
✅ Imported 22,796,000 records (10934/sec)
✅ Imported 22,798,000 records (10933/sec)
✅ Imported 22,800,000 records (10933/sec)
✅ Imported 22,802,000 records (10934/sec)
✅ Imported 22,804,000 records (10934/sec)
✅ Imported 22,806,000 records (10934/sec)
✅ Imported 22,808,000 records (10934/sec)
✅ Imported 22,810,000 records (10933/sec)
✅ Imported 22,812,000 records (10934/sec)
✅ Imported 22,814,000 records (10934/sec)
✅ Imported 22,816,000 records (10935/sec)
✅ Imported 22,818,000 records (10935/sec)
✅ Imported 22,820,000 records (10935/sec)
✅ Imported 22,822,000 records (10936/sec)
✅ Imported 22,824,000 records (10936/sec)
✅ Imported 22,826,000 records (10937/sec)
✅ Imported 22,828,000 records (10937/sec)
✅ Imported 22,830,000 records (10938/sec)
✅ Imported 22,832,000 records (10937/sec)
✅ Imported 22,834,000 records (10938/sec)
✅ Imported 22,836,000 records (10938/sec)
✅ Imported 22,838,000 records (10938/sec)
✅ Imported 22,840,000 records (10938/sec)
✅ Imported 22,842,000 records (10939/sec)
✅ Imported 22,844,000 records (10939/sec)
✅ Imported 22,846,000 records (10940/sec)
✅ Imported 22,848,000 records (10940/sec)
✅ Imported 22,850,000 records (10940/sec)
✅ Imported 22,852,000 records (10941/sec)
✅ Imported 22,854,000 records (10941/sec)
✅ Imported 22,856,000 records (10942/sec)
✅ Imported 22,858,000 records (10942/sec)
✅ Imported 22,860,000 records (10942/sec)
✅ Imported 22,862,000 records (10943/sec)
✅ Imported 22,864,000 records (10943/sec)
✅ Imported 22,866,000 records (10944/sec)
✅ Imported 22,868,000 records (10944/sec)
✅ Imported 22,870,000 records (10944/sec)
✅ Imported 22,872,000 records (10945/sec)
✅ Imported 22,874,000 records (10945/sec)
✅ Imported 22,876,000 records (10945/sec)
✅ Imported 22,878,000 records (10946/sec)
✅ Imported 22,880,000 records (10946/sec)
✅ Imported 22,882,000 records (10946/sec)
✅ Imported 22,884,000 records (10947/sec)
✅ Imported 22,886,000 records (10947/sec)
✅ Imported 22,888,000 records (10947/sec)
✅ Imported 22,890,000 records (10947/sec)
✅ Imported 22,892,000 records (10947/sec)
✅ Imported 22,894,000 records (10948/sec)
✅ Imported 22,896,000 records (10948/sec)
✅ Imported 22,898,000 records (10948/sec)
✅ Imported 22,900,000 records (10948/sec)
✅ Imported 22,902,000 records (10948/sec)
✅ Imported 22,904,000 records (10949/sec)
✅ Imported 22,906,000 records (10949/sec)
✅ Imported 22,908,000 records (10950/sec)
✅ Imported 22,910,000 records (10950/sec)
✅ Imported 22,912,000 records (10950/sec)
✅ Imported 22,914,000 records (10950/sec)
✅ Imported 22,916,000 records (10950/sec)
✅ Imported 22,918,000 records (10951/sec)
✅ Imported 22,920,000 records (10951/sec)
✅ Imported 22,922,000 records (10951/sec)
✅ Imported 22,924,000 records (10952/sec)
✅ Imported 22,926,000 records (10952/sec)
✅ Imported 22,928,000 records (10952/sec)
✅ Imported 22,930,000 records (10952/sec)
✅ Imported 22,932,000 records (10952/sec)
✅ Imported 22,934,000 records (10952/sec)
✅ Imported 22,936,000 records (10952/sec)
✅ Imported 22,938,000 records (10953/sec)
✅ Imported 22,940,000 records (10953/sec)
✅ Imported 22,942,000 records (10953/sec)
✅ Imported 22,944,000 records (10953/sec)
✅ Imported 22,946,000 records (10953/sec)
✅ Imported 22,948,000 records (10954/sec)
✅ Imported 22,950,000 records (10954/sec)
✅ Imported 22,952,000 records (10954/sec)
✅ Imported 22,954,000 records (10953/sec)
✅ Imported 22,956,000 records (10953/sec)
✅ Imported 22,958,000 records (10952/sec)
✅ Imported 22,960,000 records (10951/sec)
✅ Imported 22,962,000 records (10950/sec)
✅ Imported 22,964,000 records (10949/sec)
✅ Imported 22,966,000 records (10942/sec)
✅ Imported 22,968,000 records (10941/sec)
✅ Imported 22,970,000 records (10940/sec)
✅ Imported 22,972,000 records (10939/sec)
✅ Imported 22,974,000 records (10939/sec)
✅ Imported 22,976,000 records (10939/sec)
✅ Imported 22,978,000 records (10939/sec)
✅ Imported 22,980,000 records (10939/sec)
✅ Imported 22,982,000 records (10939/sec)
✅ Imported 22,984,000 records (10940/sec)
✅ Imported 22,986,000 records (10940/sec)
✅ Imported 22,988,000 records (10940/sec)
✅ Imported 22,990,000 records (10940/sec)
✅ Imported 22,992,000 records (10941/sec)
✅ Imported 22,994,000 records (10941/sec)
✅ Imported 22,996,000 records (10941/sec)
✅ Imported 22,998,000 records (10942/sec)
✅ Imported 23,000,000 records (10942/sec)
✅ Imported 23,002,000 records (10942/sec)
✅ Imported 23,004,000 records (10942/sec)
✅ Imported 23,006,000 records (10942/sec)
✅ Imported 23,008,000 records (10942/sec)
✅ Imported 23,010,000 records (10942/sec)
✅ Imported 23,012,000 records (10943/sec)
✅ Imported 23,014,000 records (10943/sec)
✅ Imported 23,016,000 records (10943/sec)
✅ Imported 23,018,000 records (10943/sec)
✅ Imported 23,020,000 records (10944/sec)
✅ Imported 23,022,000 records (10944/sec)
✅ Imported 23,024,000 records (10944/sec)
✅ Imported 23,026,000 records (10945/sec)
✅ Imported 23,028,000 records (10945/sec)
✅ Imported 23,030,000 records (10945/sec)
✅ Imported 23,032,000 records (10945/sec)
✅ Imported 23,034,000 records (10945/sec)
✅ Imported 23,036,000 records (10945/sec)
✅ Imported 23,038,000 records (10945/sec)
✅ Imported 23,040,000 records (10945/sec)
✅ Imported 23,042,000 records (10944/sec)
✅ Imported 23,044,000 records (10945/sec)
✅ Imported 23,046,000 records (10945/sec)
✅ Imported 23,048,000 records (10946/sec)
✅ Imported 23,050,000 records (10946/sec)
✅ Imported 23,052,000 records (10946/sec)
✅ Imported 23,054,000 records (10946/sec)
✅ Imported 23,056,000 records (10946/sec)
✅ Imported 23,058,000 records (10947/sec)
✅ Imported 23,060,000 records (10947/sec)
✅ Imported 23,062,000 records (10948/sec)
✅ Imported 23,064,000 records (10948/sec)
✅ Imported 23,066,000 records (10948/sec)
✅ Imported 23,068,000 records (10949/sec)
✅ Imported 23,070,000 records (10949/sec)
✅ Imported 23,072,000 records (10949/sec)
✅ Imported 23,074,000 records (10949/sec)
✅ Imported 23,076,000 records (10949/sec)
✅ Imported 23,078,000 records (10949/sec)
✅ Imported 23,080,000 records (10950/sec)
✅ Imported 23,082,000 records (10950/sec)
✅ Imported 23,084,000 records (10950/sec)
✅ Imported 23,086,000 records (10951/sec)
✅ Imported 23,088,000 records (10951/sec)
✅ Imported 23,090,000 records (10951/sec)
✅ Imported 23,092,000 records (10952/sec)
✅ Imported 23,094,000 records (10952/sec)
✅ Imported 23,096,000 records (10951/sec)
✅ Imported 23,098,000 records (10952/sec)
✅ Imported 23,100,000 records (10952/sec)
✅ Imported 23,102,000 records (10952/sec)
✅ Imported 23,104,000 records (10952/sec)
✅ Imported 23,106,000 records (10952/sec)
✅ Imported 23,108,000 records (10952/sec)
✅ Imported 23,110,000 records (10953/sec)
✅ Imported 23,112,000 records (10953/sec)
✅ Imported 23,114,000 records (10953/sec)
✅ Imported 23,116,000 records (10953/sec)
✅ Imported 23,118,000 records (10954/sec)
✅ Imported 23,120,000 records (10954/sec)
✅ Imported 23,122,000 records (10955/sec)
✅ Imported 23,124,000 records (10955/sec)
✅ Imported 23,126,000 records (10956/sec)
✅ Imported 23,128,000 records (10956/sec)
✅ Imported 23,130,000 records (10957/sec)
✅ Imported 23,132,000 records (10957/sec)
✅ Imported 23,134,000 records (10957/sec)
✅ Imported 23,136,000 records (10958/sec)
✅ Imported 23,138,000 records (10958/sec)
✅ Imported 23,140,000 records (10958/sec)
✅ Imported 23,142,000 records (10958/sec)
✅ Imported 23,144,000 records (10958/sec)
✅ Imported 23,146,000 records (10957/sec)
✅ Imported 23,148,000 records (10957/sec)
✅ Imported 23,150,000 records (10957/sec)
✅ Imported 23,152,000 records (10958/sec)
✅ Imported 23,154,000 records (10958/sec)
✅ Imported 23,156,000 records (10959/sec)
✅ Imported 23,158,000 records (10959/sec)
✅ Imported 23,160,000 records (10959/sec)
✅ Imported 23,162,000 records (10959/sec)
✅ Imported 23,164,000 records (10960/sec)
✅ Imported 23,166,000 records (10960/sec)
✅ Imported 23,168,000 records (10961/sec)
✅ Imported 23,170,000 records (10961/sec)
✅ Imported 23,172,000 records (10962/sec)
✅ Imported 23,174,000 records (10962/sec)
✅ Imported 23,176,000 records (10962/sec)
✅ Imported 23,178,000 records (10963/sec)
✅ Imported 23,180,000 records (10963/sec)
✅ Imported 23,182,000 records (10964/sec)
✅ Imported 23,184,000 records (10964/sec)
✅ Imported 23,186,000 records (10965/sec)
✅ Imported 23,188,000 records (10965/sec)
✅ Imported 23,190,000 records (10966/sec)
✅ Imported 23,192,000 records (10967/sec)
✅ Imported 23,194,000 records (10967/sec)
✅ Imported 23,196,000 records (10967/sec)
✅ Imported 23,198,000 records (10968/sec)
✅ Imported 23,200,000 records (10968/sec)
✅ Imported 23,202,000 records (10967/sec)
✅ Imported 23,204,000 records (10968/sec)
✅ Imported 23,206,000 records (10968/sec)
✅ Imported 23,208,000 records (10968/sec)
✅ Imported 23,210,000 records (10969/sec)
✅ Imported 23,212,000 records (10969/sec)
✅ Imported 23,214,000 records (10968/sec)
✅ Imported 23,216,000 records (10968/sec)
✅ Imported 23,218,000 records (10969/sec)
✅ Imported 23,220,000 records (10969/sec)
✅ Imported 23,222,000 records (10969/sec)
✅ Imported 23,224,000 records (10970/sec)
✅ Imported 23,226,000 records (10970/sec)
✅ Imported 23,228,000 records (10970/sec)
✅ Imported 23,230,000 records (10971/sec)
✅ Imported 23,232,000 records (10971/sec)
✅ Imported 23,234,000 records (10971/sec)
✅ Imported 23,236,000 records (10972/sec)
✅ Imported 23,238,000 records (10972/sec)
✅ Imported 23,240,000 records (10972/sec)
✅ Imported 23,242,000 records (10973/sec)
✅ Imported 23,244,000 records (10973/sec)
✅ Imported 23,246,000 records (10973/sec)
✅ Imported 23,248,000 records (10974/sec)
✅ Imported 23,250,000 records (10974/sec)
✅ Imported 23,252,000 records (10974/sec)
✅ Imported 23,254,000 records (10975/sec)
✅ Imported 23,256,000 records (10975/sec)
✅ Imported 23,258,000 records (10975/sec)
✅ Imported 23,260,000 records (10975/sec)
✅ Imported 23,262,000 records (10975/sec)
✅ Imported 23,264,000 records (10976/sec)
✅ Imported 23,266,000 records (10976/sec)
✅ Imported 23,268,000 records (10976/sec)
✅ Imported 23,270,000 records (10977/sec)
✅ Imported 23,272,000 records (10977/sec)
✅ Imported 23,274,000 records (10978/sec)
✅ Imported 23,276,000 records (10978/sec)
✅ Imported 23,278,000 records (10978/sec)
✅ Imported 23,280,000 records (10979/sec)
✅ Imported 23,282,000 records (10978/sec)
✅ Imported 23,284,000 records (10979/sec)
✅ Imported 23,286,000 records (10979/sec)
✅ Imported 23,288,000 records (10979/sec)
✅ Imported 23,290,000 records (10978/sec)
✅ Imported 23,292,000 records (10978/sec)
✅ Imported 23,294,000 records (10979/sec)
✅ Imported 23,296,000 records (10979/sec)
✅ Imported 23,298,000 records (10979/sec)
✅ Imported 23,300,000 records (10980/sec)
✅ Imported 23,302,000 records (10979/sec)
✅ Imported 23,304,000 records (10979/sec)
✅ Imported 23,306,000 records (10979/sec)
✅ Imported 23,308,000 records (10980/sec)
✅ Imported 23,310,000 records (10980/sec)
✅ Imported 23,312,000 records (10980/sec)
✅ Imported 23,314,000 records (10980/sec)
✅ Imported 23,316,000 records (10977/sec)
✅ Imported 23,318,000 records (10977/sec)
✅ Imported 23,320,000 records (10977/sec)
✅ Imported 23,322,000 records (10978/sec)
✅ Imported 23,324,000 records (10978/sec)
✅ Imported 23,326,000 records (10978/sec)
✅ Imported 23,328,000 records (10979/sec)
✅ Imported 23,330,000 records (10979/sec)
✅ Imported 23,332,000 records (10979/sec)
✅ Imported 23,334,000 records (10979/sec)
✅ Imported 23,336,000 records (10980/sec)
✅ Imported 23,338,000 records (10980/sec)
✅ Imported 23,340,000 records (10981/sec)
✅ Imported 23,342,000 records (10981/sec)
✅ Imported 23,344,000 records (10980/sec)
✅ Imported 23,346,000 records (10980/sec)
✅ Imported 23,348,000 records (10981/sec)
✅ Imported 23,350,000 records (10981/sec)
✅ Imported 23,352,000 records (10982/sec)
✅ Imported 23,354,000 records (10982/sec)
✅ Imported 23,356,000 records (10982/sec)
✅ Imported 23,358,000 records (10982/sec)
✅ Imported 23,360,000 records (10983/sec)
✅ Imported 23,362,000 records (10983/sec)
✅ Imported 23,364,000 records (10982/sec)
✅ Imported 23,366,000 records (10982/sec)
✅ Imported 23,368,000 records (10982/sec)
✅ Imported 23,370,000 records (10982/sec)
✅ Imported 23,372,000 records (10982/sec)
✅ Imported 23,374,000 records (10982/sec)
✅ Imported 23,376,000 records (10983/sec)
✅ Imported 23,378,000 records (10983/sec)
✅ Imported 23,380,000 records (10983/sec)
✅ Imported 23,382,000 records (10984/sec)
✅ Imported 23,384,000 records (10984/sec)
✅ Imported 23,386,000 records (10985/sec)
✅ Imported 23,388,000 records (10985/sec)
✅ Imported 23,390,000 records (10985/sec)
✅ Imported 23,392,000 records (10986/sec)
✅ Imported 23,394,000 records (10986/sec)
✅ Imported 23,396,000 records (10986/sec)
✅ Imported 23,398,000 records (10987/sec)
✅ Imported 23,400,000 records (10987/sec)
✅ Imported 23,402,000 records (10987/sec)
✅ Imported 23,404,000 records (10987/sec)
✅ Imported 23,406,000 records (10988/sec)
✅ Imported 23,408,000 records (10988/sec)
✅ Imported 23,410,000 records (10988/sec)
✅ Imported 23,412,000 records (10988/sec)
✅ Imported 23,414,000 records (10988/sec)
✅ Imported 23,416,000 records (10988/sec)
✅ Imported 23,418,000 records (10988/sec)
✅ Imported 23,420,000 records (10988/sec)
✅ Imported 23,422,000 records (10988/sec)
✅ Imported 23,424,000 records (10988/sec)
✅ Imported 23,426,000 records (10989/sec)
✅ Imported 23,428,000 records (10989/sec)
✅ Imported 23,430,000 records (10990/sec)
✅ Imported 23,432,000 records (10990/sec)
✅ Imported 23,434,000 records (10990/sec)
✅ Imported 23,436,000 records (10991/sec)
✅ Imported 23,438,000 records (10991/sec)
✅ Imported 23,440,000 records (10991/sec)
✅ Imported 23,442,000 records (10992/sec)
✅ Imported 23,444,000 records (10992/sec)
✅ Imported 23,446,000 records (10993/sec)
✅ Imported 23,448,000 records (10993/sec)
✅ Imported 23,450,000 records (10993/sec)
✅ Imported 23,452,000 records (10993/sec)
✅ Imported 23,454,000 records (10992/sec)
✅ Imported 23,456,000 records (10991/sec)
✅ Imported 23,458,000 records (10990/sec)
✅ Imported 23,460,000 records (10990/sec)
✅ Imported 23,462,000 records (10990/sec)
✅ Imported 23,464,000 records (10989/sec)
✅ Imported 23,466,000 records (10990/sec)
✅ Imported 23,468,000 records (10990/sec)
✅ Imported 23,470,000 records (10990/sec)
✅ Imported 23,472,000 records (10990/sec)
✅ Imported 23,474,000 records (10989/sec)
✅ Imported 23,476,000 records (10989/sec)
✅ Imported 23,478,000 records (10989/sec)
✅ Imported 23,480,000 records (10989/sec)
✅ Imported 23,482,000 records (10989/sec)
✅ Imported 23,484,000 records (10989/sec)
✅ Imported 23,486,000 records (10990/sec)
✅ Imported 23,488,000 records (10990/sec)
✅ Imported 23,490,000 records (10991/sec)
✅ Imported 23,492,000 records (10991/sec)
✅ Imported 23,494,000 records (10992/sec)
✅ Imported 23,496,000 records (10992/sec)
✅ Imported 23,498,000 records (10992/sec)
✅ Imported 23,500,000 records (10992/sec)
✅ Imported 23,502,000 records (10992/sec)
✅ Imported 23,504,000 records (10992/sec)
✅ Imported 23,506,000 records (10992/sec)
✅ Imported 23,508,000 records (10993/sec)
✅ Imported 23,510,000 records (10992/sec)
✅ Imported 23,512,000 records (10992/sec)
✅ Imported 23,514,000 records (10993/sec)
✅ Imported 23,516,000 records (10992/sec)
✅ Imported 23,518,000 records (10992/sec)
✅ Imported 23,520,000 records (10992/sec)
✅ Imported 23,522,000 records (10991/sec)
✅ Imported 23,524,000 records (10991/sec)
✅ Imported 23,526,000 records (10991/sec)
✅ Imported 23,528,000 records (10992/sec)
✅ Imported 23,530,000 records (10992/sec)
✅ Imported 23,532,000 records (10992/sec)
✅ Imported 23,534,000 records (10993/sec)
✅ Imported 23,536,000 records (10993/sec)
✅ Imported 23,538,000 records (10994/sec)
✅ Imported 23,540,000 records (10994/sec)
✅ Imported 23,542,000 records (10994/sec)
✅ Imported 23,544,000 records (10995/sec)
✅ Imported 23,546,000 records (10995/sec)
✅ Imported 23,548,000 records (10996/sec)
✅ Imported 23,550,000 records (10996/sec)
✅ Imported 23,552,000 records (10997/sec)
✅ Imported 23,554,000 records (10997/sec)
✅ Imported 23,556,000 records (10997/sec)
✅ Imported 23,558,000 records (10998/sec)
✅ Imported 23,560,000 records (10998/sec)
✅ Imported 23,562,000 records (10998/sec)
✅ Imported 23,564,000 records (10998/sec)
✅ Imported 23,566,000 records (10999/sec)
✅ Imported 23,568,000 records (10999/sec)
✅ Imported 23,570,000 records (11000/sec)
✅ Imported 23,572,000 records (11000/sec)
✅ Imported 23,574,000 records (11000/sec)
✅ Imported 23,576,000 records (11001/sec)
✅ Imported 23,578,000 records (11001/sec)
✅ Imported 23,580,000 records (11002/sec)
✅ Imported 23,582,000 records (11002/sec)
✅ Imported 23,584,000 records (11003/sec)
✅ Imported 23,586,000 records (11003/sec)
✅ Imported 23,588,000 records (11004/sec)
✅ Imported 23,590,000 records (11004/sec)
✅ Imported 23,592,000 records (11004/sec)
✅ Imported 23,594,000 records (11005/sec)
✅ Imported 23,596,000 records (11005/sec)
✅ Imported 23,598,000 records (11006/sec)
✅ Imported 23,600,000 records (11006/sec)
✅ Imported 23,602,000 records (11007/sec)
✅ Imported 23,604,000 records (11007/sec)
✅ Imported 23,606,000 records (11007/sec)
✅ Imported 23,608,000 records (11008/sec)
✅ Imported 23,610,000 records (11008/sec)
✅ Imported 23,612,000 records (11009/sec)
✅ Imported 23,614,000 records (11009/sec)
✅ Imported 23,616,000 records (11009/sec)
✅ Imported 23,618,000 records (11010/sec)
✅ Imported 23,620,000 records (11010/sec)
✅ Imported 23,622,000 records (11010/sec)
✅ Imported 23,624,000 records (11011/sec)
✅ Imported 23,626,000 records (11011/sec)
✅ Imported 23,628,000 records (11011/sec)
✅ Imported 23,630,000 records (11012/sec)
✅ Imported 23,632,000 records (11012/sec)
✅ Imported 23,634,000 records (11012/sec)
✅ Imported 23,636,000 records (11013/sec)
✅ Imported 23,638,000 records (11013/sec)
✅ Imported 23,640,000 records (11013/sec)
✅ Imported 23,642,000 records (11013/sec)
✅ Imported 23,644,000 records (11013/sec)
✅ Imported 23,646,000 records (11014/sec)
✅ Imported 23,648,000 records (11014/sec)
✅ Imported 23,650,000 records (11014/sec)
✅ Imported 23,652,000 records (11015/sec)
✅ Imported 23,654,000 records (11015/sec)
✅ Imported 23,656,000 records (11015/sec)
✅ Imported 23,658,000 records (11015/sec)
✅ Imported 23,660,000 records (11015/sec)
✅ Imported 23,662,000 records (11015/sec)
✅ Imported 23,664,000 records (11016/sec)
✅ Imported 23,666,000 records (11016/sec)
✅ Imported 23,668,000 records (11017/sec)
✅ Imported 23,670,000 records (11017/sec)
✅ Imported 23,672,000 records (11018/sec)
✅ Imported 23,674,000 records (11018/sec)
✅ Imported 23,676,000 records (11019/sec)
✅ Imported 23,678,000 records (11019/sec)
✅ Imported 23,680,000 records (11020/sec)
✅ Imported 23,682,000 records (11020/sec)
✅ Imported 23,684,000 records (11021/sec)
✅ Imported 23,686,000 records (11021/sec)
✅ Imported 23,688,000 records (11022/sec)
✅ Imported 23,690,000 records (11022/sec)
✅ Imported 23,692,000 records (11022/sec)
✅ Imported 23,694,000 records (11022/sec)
✅ Imported 23,696,000 records (11023/sec)
✅ Imported 23,698,000 records (11023/sec)
✅ Imported 23,700,000 records (11024/sec)
✅ Imported 23,702,000 records (11024/sec)
✅ Imported 23,704,000 records (11024/sec)
✅ Imported 23,706,000 records (11025/sec)
✅ Imported 23,708,000 records (11025/sec)
✅ Imported 23,710,000 records (11026/sec)
✅ Imported 23,712,000 records (11026/sec)
✅ Imported 23,714,000 records (11027/sec)
✅ Imported 23,716,000 records (11026/sec)
✅ Imported 23,718,000 records (11027/sec)
✅ Imported 23,720,000 records (11027/sec)
✅ Imported 23,722,000 records (11028/sec)
✅ Imported 23,724,000 records (11028/sec)
✅ Imported 23,726,000 records (11028/sec)
✅ Imported 23,728,000 records (11028/sec)
✅ Imported 23,730,000 records (11028/sec)
✅ Imported 23,732,000 records (11029/sec)
✅ Imported 23,734,000 records (11029/sec)
✅ Imported 23,736,000 records (11030/sec)
✅ Imported 23,738,000 records (11030/sec)
✅ Imported 23,740,000 records (11030/sec)
✅ Imported 23,742,000 records (11030/sec)
✅ Imported 23,744,000 records (11031/sec)
✅ Imported 23,746,000 records (11031/sec)
✅ Imported 23,748,000 records (11032/sec)
✅ Imported 23,750,000 records (11032/sec)
✅ Imported 23,752,000 records (11033/sec)
✅ Imported 23,754,000 records (11033/sec)
✅ Imported 23,756,000 records (11034/sec)
✅ Imported 23,758,000 records (11034/sec)
✅ Imported 23,760,000 records (11035/sec)
✅ Imported 23,762,000 records (11035/sec)
✅ Imported 23,764,000 records (11035/sec)
✅ Imported 23,766,000 records (11036/sec)
✅ Imported 23,768,000 records (11036/sec)
✅ Imported 23,770,000 records (11037/sec)
✅ Imported 23,772,000 records (11037/sec)
✅ Imported 23,774,000 records (11037/sec)
✅ Imported 23,776,000 records (11038/sec)
✅ Imported 23,778,000 records (11038/sec)
✅ Imported 23,780,000 records (11039/sec)
✅ Imported 23,782,000 records (11039/sec)
✅ Imported 23,784,000 records (11039/sec)
✅ Imported 23,786,000 records (11040/sec)
✅ Imported 23,788,000 records (11040/sec)
✅ Imported 23,790,000 records (11040/sec)
✅ Imported 23,792,000 records (11041/sec)
✅ Imported 23,794,000 records (11041/sec)
✅ Imported 23,796,000 records (11039/sec)
✅ Imported 23,798,000 records (11039/sec)
✅ Imported 23,800,000 records (11039/sec)
✅ Imported 23,802,000 records (11039/sec)
✅ Imported 23,804,000 records (11040/sec)
✅ Imported 23,806,000 records (11040/sec)
✅ Imported 23,808,000 records (11041/sec)
✅ Imported 23,810,000 records (11041/sec)
✅ Imported 23,812,000 records (11041/sec)
✅ Imported 23,814,000 records (11042/sec)
✅ Imported 23,816,000 records (11042/sec)
✅ Imported 23,818,000 records (11043/sec)
✅ Imported 23,820,000 records (11043/sec)
✅ Imported 23,822,000 records (11042/sec)
✅ Imported 23,824,000 records (11041/sec)
✅ Imported 23,826,000 records (11037/sec)
✅ Imported 23,828,000 records (11036/sec)
✅ Imported 23,830,000 records (11035/sec)
✅ Imported 23,832,000 records (11035/sec)
✅ Imported 23,834,000 records (11036/sec)
✅ Imported 23,836,000 records (11036/sec)
✅ Imported 23,838,000 records (11036/sec)
✅ Imported 23,840,000 records (11037/sec)
✅ Imported 23,842,000 records (11037/sec)
✅ Imported 23,844,000 records (11038/sec)
✅ Imported 23,846,000 records (11038/sec)
✅ Imported 23,848,000 records (11038/sec)
✅ Imported 23,850,000 records (11039/sec)
✅ Imported 23,852,000 records (11039/sec)
✅ Imported 23,854,000 records (11039/sec)
✅ Imported 23,856,000 records (11040/sec)
✅ Imported 23,858,000 records (11040/sec)
✅ Imported 23,860,000 records (11040/sec)
✅ Imported 23,862,000 records (11041/sec)
✅ Imported 23,864,000 records (11041/sec)
✅ Imported 23,866,000 records (11041/sec)
✅ Imported 23,868,000 records (11042/sec)
✅ Imported 23,870,000 records (11042/sec)
✅ Imported 23,872,000 records (11043/sec)
✅ Imported 23,874,000 records (11043/sec)
✅ Imported 23,876,000 records (11043/sec)
✅ Imported 23,878,000 records (11044/sec)
✅ Imported 23,880,000 records (11043/sec)
✅ Imported 23,882,000 records (11044/sec)
✅ Imported 23,884,000 records (11044/sec)
✅ Imported 23,886,000 records (11045/sec)
✅ Imported 23,888,000 records (11045/sec)
✅ Imported 23,890,000 records (11045/sec)
✅ Imported 23,892,000 records (11045/sec)
✅ Imported 23,894,000 records (11046/sec)
✅ Imported 23,896,000 records (11046/sec)
✅ Imported 23,898,000 records (11046/sec)
✅ Imported 23,900,000 records (11046/sec)
✅ Imported 23,902,000 records (11047/sec)
✅ Imported 23,904,000 records (11047/sec)
✅ Imported 23,906,000 records (11048/sec)
✅ Imported 23,908,000 records (11048/sec)
✅ Imported 23,910,000 records (11048/sec)
✅ Imported 23,912,000 records (11049/sec)
✅ Imported 23,914,000 records (11049/sec)
✅ Imported 23,916,000 records (11050/sec)
✅ Imported 23,918,000 records (11050/sec)
✅ Imported 23,920,000 records (11050/sec)
✅ Imported 23,922,000 records (11050/sec)
✅ Imported 23,924,000 records (11050/sec)
✅ Imported 23,926,000 records (11050/sec)
✅ Imported 23,928,000 records (11049/sec)
✅ Imported 23,930,000 records (11050/sec)
✅ Imported 23,932,000 records (11050/sec)
✅ Imported 23,934,000 records (11051/sec)
✅ Imported 23,936,000 records (11051/sec)
✅ Imported 23,938,000 records (11051/sec)
✅ Imported 23,940,000 records (11052/sec)
✅ Imported 23,942,000 records (11052/sec)
✅ Imported 23,944,000 records (11052/sec)
✅ Imported 23,946,000 records (11053/sec)
✅ Imported 23,948,000 records (11053/sec)
✅ Imported 23,950,000 records (11053/sec)
✅ Imported 23,952,000 records (11054/sec)
✅ Imported 23,954,000 records (11054/sec)
✅ Imported 23,956,000 records (11055/sec)
✅ Imported 23,958,000 records (11055/sec)
✅ Imported 23,960,000 records (11056/sec)
✅ Imported 23,962,000 records (11056/sec)
✅ Imported 23,964,000 records (11057/sec)
✅ Imported 23,966,000 records (11056/sec)
✅ Imported 23,968,000 records (11057/sec)
✅ Imported 23,970,000 records (11057/sec)
✅ Imported 23,972,000 records (11057/sec)
✅ Imported 23,974,000 records (11057/sec)
✅ Imported 23,976,000 records (11058/sec)
✅ Imported 23,978,000 records (11058/sec)
✅ Imported 23,980,000 records (11058/sec)
✅ Imported 23,982,000 records (11058/sec)
✅ Imported 23,984,000 records (11059/sec)
✅ Imported 23,986,000 records (11059/sec)
✅ Imported 23,988,000 records (11060/sec)
✅ Imported 23,990,000 records (11059/sec)
✅ Imported 23,992,000 records (11060/sec)
✅ Imported 23,994,000 records (11060/sec)
✅ Imported 23,996,000 records (11059/sec)
✅ Imported 23,998,000 records (11060/sec)
✅ Imported 24,000,000 records (11060/sec)
✅ Imported 24,002,000 records (11060/sec)
✅ Imported 24,004,000 records (11061/sec)
✅ Imported 24,006,000 records (11061/sec)
✅ Imported 24,008,000 records (11061/sec)
✅ Imported 24,010,000 records (11062/sec)
✅ Imported 24,012,000 records (11062/sec)
✅ Imported 24,014,000 records (11062/sec)
✅ Imported 24,016,000 records (11062/sec)
✅ Imported 24,018,000 records (11062/sec)
✅ Imported 24,020,000 records (11063/sec)
✅ Imported 24,022,000 records (11063/sec)
✅ Imported 24,024,000 records (11063/sec)
✅ Imported 24,026,000 records (11063/sec)
✅ Imported 24,028,000 records (11064/sec)
✅ Imported 24,030,000 records (11063/sec)
✅ Imported 24,032,000 records (11064/sec)
✅ Imported 24,034,000 records (11063/sec)
✅ Imported 24,036,000 records (11064/sec)
✅ Imported 24,038,000 records (11064/sec)
✅ Imported 24,040,000 records (11064/sec)
✅ Imported 24,042,000 records (11064/sec)
✅ Imported 24,044,000 records (11065/sec)
✅ Imported 24,046,000 records (11065/sec)
✅ Imported 24,048,000 records (11065/sec)
✅ Imported 24,050,000 records (11064/sec)
✅ Imported 24,052,000 records (11065/sec)
✅ Imported 24,054,000 records (11065/sec)
✅ Imported 24,056,000 records (11065/sec)
✅ Imported 24,058,000 records (11066/sec)
✅ Imported 24,060,000 records (11066/sec)
✅ Imported 24,062,000 records (11067/sec)
✅ Imported 24,064,000 records (11067/sec)
✅ Imported 24,066,000 records (11067/sec)
✅ Imported 24,068,000 records (11068/sec)
✅ Imported 24,070,000 records (11068/sec)
✅ Imported 24,072,000 records (11069/sec)
✅ Imported 24,074,000 records (11069/sec)
✅ Imported 24,076,000 records (11069/sec)
✅ Imported 24,078,000 records (11062/sec)
✅ Imported 24,080,000 records (11062/sec)
✅ Imported 24,082,000 records (11062/sec)
✅ Imported 24,084,000 records (11063/sec)
✅ Imported 24,086,000 records (11063/sec)
✅ Imported 24,088,000 records (11063/sec)
✅ Imported 24,090,000 records (11063/sec)
✅ Imported 24,092,000 records (11064/sec)
✅ Imported 24,094,000 records (11064/sec)
✅ Imported 24,096,000 records (11065/sec)
✅ Imported 24,098,000 records (11065/sec)
✅ Imported 24,100,000 records (11065/sec)
✅ Imported 24,102,000 records (11066/sec)
✅ Imported 24,104,000 records (11066/sec)
✅ Imported 24,106,000 records (11066/sec)
✅ Imported 24,108,000 records (11067/sec)
✅ Imported 24,110,000 records (11067/sec)
✅ Imported 24,112,000 records (11066/sec)
✅ Imported 24,114,000 records (11067/sec)
✅ Imported 24,116,000 records (11067/sec)
✅ Imported 24,118,000 records (11067/sec)
✅ Imported 24,120,000 records (11067/sec)
✅ Imported 24,122,000 records (11067/sec)
✅ Imported 24,124,000 records (11068/sec)
✅ Imported 24,126,000 records (11068/sec)
✅ Imported 24,128,000 records (11069/sec)
✅ Imported 24,130,000 records (11069/sec)
✅ Imported 24,132,000 records (11069/sec)
✅ Imported 24,134,000 records (11070/sec)
✅ Imported 24,136,000 records (11070/sec)
✅ Imported 24,138,000 records (11071/sec)
✅ Imported 24,140,000 records (11071/sec)
✅ Imported 24,142,000 records (11072/sec)
✅ Imported 24,144,000 records (11072/sec)
✅ Imported 24,146,000 records (11072/sec)
✅ Imported 24,148,000 records (11073/sec)
✅ Imported 24,150,000 records (11073/sec)
✅ Imported 24,152,000 records (11074/sec)
✅ Imported 24,154,000 records (11074/sec)
✅ Imported 24,156,000 records (11074/sec)
✅ Imported 24,158,000 records (11075/sec)
✅ Imported 24,160,000 records (11075/sec)
✅ Imported 24,162,000 records (11075/sec)
✅ Imported 24,164,000 records (11076/sec)
✅ Imported 24,166,000 records (11076/sec)
✅ Imported 24,168,000 records (11076/sec)
✅ Imported 24,170,000 records (11077/sec)
✅ Imported 24,172,000 records (11077/sec)
✅ Imported 24,174,000 records (11078/sec)
✅ Imported 24,176,000 records (11078/sec)
✅ Imported 24,178,000 records (11078/sec)
✅ Imported 24,180,000 records (11079/sec)
✅ Imported 24,182,000 records (11079/sec)
✅ Imported 24,184,000 records (11079/sec)
✅ Imported 24,186,000 records (11080/sec)
✅ Imported 24,188,000 records (11080/sec)
✅ Imported 24,190,000 records (11080/sec)
✅ Imported 24,192,000 records (11080/sec)
✅ Imported 24,194,000 records (11080/sec)
✅ Imported 24,196,000 records (11079/sec)
✅ Imported 24,198,000 records (11080/sec)
✅ Imported 24,200,000 records (11080/sec)
✅ Imported 24,202,000 records (11080/sec)
✅ Imported 24,204,000 records (11080/sec)
✅ Imported 24,206,000 records (11080/sec)
✅ Imported 24,208,000 records (11081/sec)
✅ Imported 24,210,000 records (11081/sec)
✅ Imported 24,212,000 records (11081/sec)
✅ Imported 24,214,000 records (11081/sec)
✅ Imported 24,216,000 records (11081/sec)
✅ Imported 24,218,000 records (11081/sec)
✅ Imported 24,220,000 records (11081/sec)
✅ Imported 24,222,000 records (11082/sec)
✅ Imported 24,224,000 records (11082/sec)
✅ Imported 24,226,000 records (11082/sec)
✅ Imported 24,228,000 records (11082/sec)
✅ Imported 24,230,000 records (11082/sec)
✅ Imported 24,232,000 records (11083/sec)
✅ Imported 24,234,000 records (11083/sec)
✅ Imported 24,236,000 records (11083/sec)
✅ Imported 24,238,000 records (11083/sec)
✅ Imported 24,240,000 records (11082/sec)
✅ Imported 24,242,000 records (11081/sec)
✅ Imported 24,244,000 records (11080/sec)
✅ Imported 24,246,000 records (11080/sec)
✅ Imported 24,248,000 records (11080/sec)
✅ Imported 24,250,000 records (11080/sec)
✅ Imported 24,252,000 records (11080/sec)
✅ Imported 24,254,000 records (11079/sec)
✅ Imported 24,256,000 records (11079/sec)
✅ Imported 24,258,000 records (11079/sec)
✅ Imported 24,260,000 records (11079/sec)
✅ Imported 24,262,000 records (11078/sec)
✅ Imported 24,264,000 records (11078/sec)
✅ Imported 24,266,000 records (11077/sec)
✅ Imported 24,268,000 records (11076/sec)
✅ Imported 24,270,000 records (11075/sec)
✅ Imported 24,272,000 records (11074/sec)
✅ Imported 24,274,000 records (11073/sec)
✅ Imported 24,276,000 records (11069/sec)
✅ Imported 24,278,000 records (11068/sec)
✅ Imported 24,280,000 records (11068/sec)
✅ Imported 24,282,000 records (11067/sec)
✅ Imported 24,284,000 records (11064/sec)
✅ Imported 24,286,000 records (11062/sec)
✅ Imported 24,288,000 records (11062/sec)
✅ Imported 24,290,000 records (11062/sec)
✅ Imported 24,292,000 records (11062/sec)
✅ Imported 24,294,000 records (11061/sec)
✅ Imported 24,296,000 records (11060/sec)
✅ Imported 24,298,000 records (11059/sec)
✅ Imported 24,300,000 records (11059/sec)
✅ Imported 24,302,000 records (11058/sec)
✅ Imported 24,304,000 records (11057/sec)
✅ Imported 24,306,000 records (11055/sec)
✅ Imported 24,308,000 records (11054/sec)
✅ Imported 24,310,000 records (11051/sec)
✅ Imported 24,312,000 records (11048/sec)
✅ Imported 24,314,000 records (11038/sec)
✅ Imported 24,316,000 records (11028/sec)
✅ Imported 24,318,000 records (11027/sec)
✅ Imported 24,320,000 records (11027/sec)
✅ Imported 24,322,000 records (11026/sec)
✅ Imported 24,324,000 records (11026/sec)
✅ Imported 24,326,000 records (11026/sec)
✅ Imported 24,328,000 records (11026/sec)
✅ Imported 24,330,000 records (11026/sec)
✅ Imported 24,332,000 records (11026/sec)
✅ Imported 24,334,000 records (11026/sec)
✅ Imported 24,336,000 records (11027/sec)
✅ Imported 24,338,000 records (11027/sec)
✅ Imported 24,340,000 records (11027/sec)
✅ Imported 24,342,000 records (11027/sec)
✅ Imported 24,344,000 records (11027/sec)
✅ Imported 24,346,000 records (11027/sec)
✅ Imported 24,348,000 records (11026/sec)
✅ Imported 24,350,000 records (11026/sec)
✅ Imported 24,352,000 records (11024/sec)
✅ Imported 24,354,000 records (11024/sec)
✅ Imported 24,356,000 records (11024/sec)
✅ Imported 24,358,000 records (11023/sec)
✅ Imported 24,360,000 records (11023/sec)
✅ Imported 24,362,000 records (11023/sec)
✅ Imported 24,364,000 records (11022/sec)
✅ Imported 24,366,000 records (11021/sec)
✅ Imported 24,368,000 records (11019/sec)
✅ Imported 24,370,000 records (11018/sec)
✅ Imported 24,372,000 records (11018/sec)
✅ Imported 24,374,000 records (11017/sec)
✅ Imported 24,376,000 records (11016/sec)
✅ Imported 24,378,000 records (11014/sec)
✅ Imported 24,380,000 records (10999/sec)
✅ Imported 24,382,000 records (10984/sec)
✅ Imported 24,384,000 records (10981/sec)
✅ Imported 24,386,000 records (10980/sec)
✅ Imported 24,388,000 records (10976/sec)
✅ Imported 24,390,000 records (10972/sec)
✅ Imported 24,392,000 records (10968/sec)
✅ Imported 24,394,000 records (10964/sec)
✅ Imported 24,396,000 records (10959/sec)
✅ Imported 24,398,000 records (10952/sec)
✅ Imported 24,400,000 records (10949/sec)
✅ Imported 24,402,000 records (10946/sec)
✅ Imported 24,404,000 records (10943/sec)
✅ Imported 24,406,000 records (10940/sec)
✅ Imported 24,408,000 records (10937/sec)
✅ Imported 24,410,000 records (10932/sec)
✅ Imported 24,412,000 records (10927/sec)
✅ Imported 24,414,000 records (10919/sec)
✅ Imported 24,416,000 records (10915/sec)
✅ Imported 24,418,000 records (10914/sec)
✅ Imported 24,420,000 records (10913/sec)
✅ Imported 24,422,000 records (10911/sec)
✅ Imported 24,424,000 records (10907/sec)
✅ Imported 24,426,000 records (10903/sec)
✅ Imported 24,428,000 records (10900/sec)
✅ Imported 24,430,000 records (10899/sec)
✅ Imported 24,432,000 records (10899/sec)
✅ Imported 24,434,000 records (10898/sec)
✅ Imported 24,436,000 records (10899/sec)
✅ Imported 24,438,000 records (10899/sec)
✅ Imported 24,440,000 records (10899/sec)
✅ Imported 24,442,000 records (10899/sec)
✅ Imported 24,444,000 records (10900/sec)
✅ Imported 24,446,000 records (10900/sec)
✅ Imported 24,448,000 records (10900/sec)
✅ Imported 24,450,000 records (10901/sec)
✅ Imported 24,452,000 records (10901/sec)
✅ Imported 24,454,000 records (10902/sec)
✅ Imported 24,456,000 records (10902/sec)
✅ Imported 24,458,000 records (10903/sec)
✅ Imported 24,460,000 records (10903/sec)
✅ Imported 24,462,000 records (10903/sec)
✅ Imported 24,464,000 records (10903/sec)
✅ Imported 24,466,000 records (10901/sec)
✅ Imported 24,468,000 records (10901/sec)
✅ Imported 24,470,000 records (10901/sec)
✅ Imported 24,472,000 records (10901/sec)
✅ Imported 24,474,000 records (10901/sec)
✅ Imported 24,476,000 records (10901/sec)
✅ Imported 24,478,000 records (10901/sec)
✅ Imported 24,480,000 records (10901/sec)
✅ Imported 24,482,000 records (10900/sec)
✅ Imported 24,484,000 records (10900/sec)
✅ Imported 24,486,000 records (10900/sec)
✅ Imported 24,488,000 records (10900/sec)
✅ Imported 24,490,000 records (10900/sec)
✅ Imported 24,492,000 records (10901/sec)
✅ Imported 24,494,000 records (10900/sec)
✅ Imported 24,496,000 records (10900/sec)
✅ Imported 24,498,000 records (10900/sec)
✅ Imported 24,500,000 records (10899/sec)
✅ Imported 24,502,000 records (10900/sec)
✅ Imported 24,504,000 records (10900/sec)
✅ Imported 24,506,000 records (10900/sec)
✅ Imported 24,508,000 records (10899/sec)
✅ Imported 24,510,000 records (10900/sec)
✅ Imported 24,512,000 records (10900/sec)
✅ Imported 24,514,000 records (10901/sec)
✅ Imported 24,516,000 records (10901/sec)
✅ Imported 24,518,000 records (10902/sec)
✅ Imported 24,520,000 records (10902/sec)
✅ Imported 24,522,000 records (10902/sec)
✅ Imported 24,524,000 records (10903/sec)
✅ Imported 24,526,000 records (10902/sec)
✅ Imported 24,528,000 records (10900/sec)
✅ Imported 24,530,000 records (10900/sec)
✅ Imported 24,532,000 records (10901/sec)
✅ Imported 24,534,000 records (10901/sec)
✅ Imported 24,536,000 records (10901/sec)
✅ Imported 24,538,000 records (10902/sec)
✅ Imported 24,540,000 records (10902/sec)
✅ Imported 24,542,000 records (10902/sec)
✅ Imported 24,544,000 records (10902/sec)
✅ Imported 24,546,000 records (10903/sec)
✅ Imported 24,548,000 records (10903/sec)
✅ Imported 24,550,000 records (10904/sec)
✅ Imported 24,552,000 records (10904/sec)
✅ Imported 24,554,000 records (10904/sec)
✅ Imported 24,556,000 records (10904/sec)
✅ Imported 24,558,000 records (10904/sec)
✅ Imported 24,560,000 records (10905/sec)
✅ Imported 24,562,000 records (10899/sec)
✅ Imported 24,564,000 records (10899/sec)
✅ Imported 24,566,000 records (10900/sec)
✅ Imported 24,568,000 records (10900/sec)
✅ Imported 24,570,000 records (10901/sec)
✅ Imported 24,572,000 records (10900/sec)
✅ Imported 24,574,000 records (10899/sec)
✅ Imported 24,576,000 records (10899/sec)
✅ Imported 24,578,000 records (10900/sec)
✅ Imported 24,580,000 records (10900/sec)
✅ Imported 24,582,000 records (10900/sec)
✅ Imported 24,584,000 records (10899/sec)
✅ Imported 24,586,000 records (10900/sec)
✅ Imported 24,588,000 records (10900/sec)
✅ Imported 24,590,000 records (10900/sec)
✅ Imported 24,592,000 records (10901/sec)
✅ Imported 24,594,000 records (10901/sec)
✅ Imported 24,596,000 records (10902/sec)
✅ Imported 24,598,000 records (10902/sec)
✅ Imported 24,600,000 records (10903/sec)
✅ Imported 24,602,000 records (10903/sec)
✅ Imported 24,604,000 records (10904/sec)
✅ Imported 24,606,000 records (10904/sec)
✅ Imported 24,608,000 records (10905/sec)
✅ Imported 24,610,000 records (10905/sec)
✅ Imported 24,612,000 records (10906/sec)
✅ Imported 24,614,000 records (10906/sec)
✅ Imported 24,616,000 records (10907/sec)
✅ Imported 24,618,000 records (10907/sec)
✅ Imported 24,620,000 records (10908/sec)
✅ Imported 24,622,000 records (10909/sec)
✅ Imported 24,624,000 records (10909/sec)
✅ Imported 24,626,000 records (10910/sec)
✅ Imported 24,628,000 records (10910/sec)
✅ Imported 24,630,000 records (10910/sec)
✅ Imported 24,632,000 records (10911/sec)
✅ Imported 24,634,000 records (10911/sec)
✅ Imported 24,636,000 records (10912/sec)
✅ Imported 24,638,000 records (10912/sec)
✅ Imported 24,640,000 records (10913/sec)
✅ Imported 24,642,000 records (10913/sec)
✅ Imported 24,644,000 records (10914/sec)
✅ Imported 24,646,000 records (10914/sec)
✅ Imported 24,648,000 records (10915/sec)
✅ Imported 24,650,000 records (10914/sec)
✅ Imported 24,652,000 records (10915/sec)
✅ Imported 24,654,000 records (10915/sec)
✅ Imported 24,656,000 records (10914/sec)
✅ Imported 24,658,000 records (10914/sec)
✅ Imported 24,660,000 records (10915/sec)
✅ Imported 24,662,000 records (10914/sec)
✅ Imported 24,664,000 records (10914/sec)
✅ Imported 24,666,000 records (10915/sec)
✅ Imported 24,668,000 records (10915/sec)
✅ Imported 24,670,000 records (10914/sec)
✅ Imported 24,672,000 records (10915/sec)
✅ Imported 24,674,000 records (10915/sec)
✅ Imported 24,676,000 records (10915/sec)
✅ Imported 24,678,000 records (10916/sec)
✅ Imported 24,680,000 records (10916/sec)
✅ Imported 24,682,000 records (10916/sec)
✅ Imported 24,684,000 records (10917/sec)
✅ Imported 24,686,000 records (10917/sec)
✅ Imported 24,688,000 records (10917/sec)
✅ Imported 24,690,000 records (10917/sec)
✅ Imported 24,692,000 records (10915/sec)
✅ Imported 24,694,000 records (10915/sec)
✅ Imported 24,696,000 records (10915/sec)
✅ Imported 24,698,000 records (10916/sec)
✅ Imported 24,700,000 records (10916/sec)
✅ Imported 24,702,000 records (10914/sec)
✅ Imported 24,704,000 records (10914/sec)
✅ Imported 24,706,000 records (10914/sec)
✅ Imported 24,708,000 records (10914/sec)
✅ Imported 24,710,000 records (10914/sec)
✅ Imported 24,712,000 records (10915/sec)
✅ Imported 24,714,000 records (10915/sec)
✅ Imported 24,716,000 records (10915/sec)
✅ Imported 24,718,000 records (10913/sec)
✅ Imported 24,720,000 records (10913/sec)
✅ Imported 24,722,000 records (10909/sec)
✅ Imported 24,724,000 records (10909/sec)
✅ Imported 24,726,000 records (10904/sec)
✅ Imported 24,728,000 records (10904/sec)
✅ Imported 24,730,000 records (10904/sec)
✅ Imported 24,732,000 records (10903/sec)
✅ Imported 24,734,000 records (10903/sec)
✅ Imported 24,736,000 records (10903/sec)
✅ Imported 24,738,000 records (10903/sec)
✅ Imported 24,740,000 records (10904/sec)
✅ Imported 24,742,000 records (10903/sec)
✅ Imported 24,744,000 records (10903/sec)
✅ Imported 24,746,000 records (10904/sec)
✅ Imported 24,748,000 records (10904/sec)
✅ Imported 24,750,000 records (10904/sec)
✅ Imported 24,752,000 records (10905/sec)
✅ Imported 24,754,000 records (10905/sec)
✅ Imported 24,756,000 records (10906/sec)
✅ Imported 24,758,000 records (10906/sec)
✅ Imported 24,760,000 records (10907/sec)
✅ Imported 24,762,000 records (10907/sec)
✅ Imported 24,764,000 records (10908/sec)
✅ Imported 24,766,000 records (10908/sec)
✅ Imported 24,768,000 records (10908/sec)
✅ Imported 24,770,000 records (10909/sec)
✅ Imported 24,772,000 records (10910/sec)
✅ Imported 24,774,000 records (10910/sec)
✅ Imported 24,776,000 records (10911/sec)
✅ Imported 24,778,000 records (10911/sec)
✅ Imported 24,780,000 records (10911/sec)
✅ Imported 24,782,000 records (10912/sec)
✅ Imported 24,784,000 records (10912/sec)
✅ Imported 24,786,000 records (10913/sec)
✅ Imported 24,788,000 records (10913/sec)
✅ Imported 24,790,000 records (10914/sec)
✅ Imported 24,792,000 records (10914/sec)
✅ Imported 24,794,000 records (10914/sec)
✅ Imported 24,796,000 records (10915/sec)
✅ Imported 24,798,000 records (10915/sec)
✅ Imported 24,800,000 records (10915/sec)
✅ Imported 24,802,000 records (10916/sec)
✅ Imported 24,804,000 records (10916/sec)
✅ Imported 24,806,000 records (10916/sec)
✅ Imported 24,808,000 records (10915/sec)
✅ Imported 24,810,000 records (10915/sec)
✅ Imported 24,812,000 records (10913/sec)
✅ Imported 24,814,000 records (10913/sec)
✅ Imported 24,816,000 records (10913/sec)
✅ Imported 24,818,000 records (10914/sec)
✅ Imported 24,820,000 records (10914/sec)
✅ Imported 24,822,000 records (10915/sec)
✅ Imported 24,824,000 records (10915/sec)
✅ Imported 24,826,000 records (10915/sec)
✅ Imported 24,828,000 records (10916/sec)
✅ Imported 24,830,000 records (10916/sec)
✅ Imported 24,832,000 records (10916/sec)
✅ Imported 24,834,000 records (10917/sec)
✅ Imported 24,836,000 records (10917/sec)
✅ Imported 24,838,000 records (10918/sec)
✅ Imported 24,840,000 records (10918/sec)
✅ Imported 24,842,000 records (10918/sec)
✅ Imported 24,844,000 records (10918/sec)
✅ Imported 24,846,000 records (10918/sec)
✅ Imported 24,848,000 records (10918/sec)
✅ Imported 24,850,000 records (10914/sec)
✅ Imported 24,852,000 records (10912/sec)
✅ Imported 24,854,000 records (10901/sec)
✅ Imported 24,856,000 records (10901/sec)
✅ Imported 24,858,000 records (10900/sec)
✅ Imported 24,860,000 records (10900/sec)
✅ Imported 24,862,000 records (10898/sec)
✅ Imported 24,864,000 records (10873/sec)
✅ Imported 24,866,000 records (10862/sec)
✅ Imported 24,868,000 records (10860/sec)
✅ Imported 24,870,000 records (10860/sec)
✅ Imported 24,872,000 records (10858/sec)
✅ Imported 24,874,000 records (10857/sec)
✅ Imported 24,876,000 records (10857/sec)
✅ Imported 24,878,000 records (10845/sec)
✅ Imported 24,880,000 records (10842/sec)
✅ Imported 24,882,000 records (10835/sec)
✅ Imported 24,884,000 records (10831/sec)
✅ Imported 24,886,000 records (10824/sec)
✅ Imported 24,888,000 records (10795/sec)
✅ Imported 24,890,000 records (10788/sec)
✅ Imported 24,892,000 records (10785/sec)
✅ Imported 24,894,000 records (10770/sec)
✅ Imported 24,896,000 records (10770/sec)
✅ Imported 24,898,000 records (10770/sec)
✅ Imported 24,900,000 records (10771/sec)
✅ Imported 24,902,000 records (10770/sec)
✅ Imported 24,904,000 records (10770/sec)
✅ Imported 24,906,000 records (10771/sec)
✅ Imported 24,908,000 records (10770/sec)
✅ Imported 24,910,000 records (10770/sec)
✅ Imported 24,912,000 records (10770/sec)
✅ Imported 24,914,000 records (10770/sec)
✅ Imported 24,916,000 records (10770/sec)
✅ Imported 24,918,000 records (10770/sec)
✅ Imported 24,920,000 records (10770/sec)
✅ Imported 24,922,000 records (10770/sec)
✅ Imported 24,924,000 records (10768/sec)
✅ Imported 24,926,000 records (10767/sec)
✅ Imported 24,928,000 records (10765/sec)
✅ Imported 24,930,000 records (10765/sec)
✅ Imported 24,932,000 records (10764/sec)
✅ Imported 24,934,000 records (10763/sec)
✅ Imported 24,936,000 records (10763/sec)
✅ Imported 24,938,000 records (10763/sec)
✅ Imported 24,940,000 records (10763/sec)
✅ Imported 24,942,000 records (10763/sec)
✅ Imported 24,944,000 records (10763/sec)
✅ Imported 24,946,000 records (10763/sec)
✅ Imported 24,948,000 records (10763/sec)
✅ Imported 24,950,000 records (10762/sec)
✅ Imported 24,952,000 records (10761/sec)
✅ Imported 24,954,000 records (10759/sec)
✅ Imported 24,956,000 records (10757/sec)
✅ Imported 24,958,000 records (10754/sec)
✅ Imported 24,960,000 records (10720/sec)
✅ Imported 24,962,000 records (10700/sec)
✅ Imported 24,964,000 records (10691/sec)
✅ Imported 24,966,000 records (10689/sec)
✅ Imported 24,968,000 records (10687/sec)
✅ Imported 24,970,000 records (10685/sec)
✅ Imported 24,972,000 records (10684/sec)
✅ Imported 24,974,000 records (10683/sec)
✅ Imported 24,976,000 records (10681/sec)
✅ Imported 24,978,000 records (10680/sec)
✅ Imported 24,980,000 records (10680/sec)
✅ Imported 24,982,000 records (10680/sec)
✅ Imported 24,984,000 records (10680/sec)
✅ Imported 24,986,000 records (10679/sec)
✅ Imported 24,988,000 records (10678/sec)
✅ Imported 24,990,000 records (10676/sec)
✅ Imported 24,992,000 records (10673/sec)
✅ Imported 24,994,000 records (10671/sec)
✅ Imported 24,996,000 records (10661/sec)
✅ Imported 24,998,000 records (10650/sec)
✅ Imported 25,000,000 records (10641/sec)
✅ Imported 25,002,000 records (10641/sec)
✅ Imported 25,004,000 records (10635/sec)
✅ Imported 25,006,000 records (10634/sec)
✅ Imported 25,008,000 records (10634/sec)
✅ Imported 25,010,000 records (10634/sec)
✅ Imported 25,012,000 records (10633/sec)
✅ Imported 25,014,000 records (10633/sec)
✅ Imported 25,016,000 records (10632/sec)
✅ Imported 25,018,000 records (10631/sec)
✅ Imported 25,020,000 records (10624/sec)
✅ Imported 25,022,000 records (10621/sec)
✅ Imported 25,024,000 records (10614/sec)
✅ Imported 25,026,000 records (10612/sec)
✅ Imported 25,028,000 records (10611/sec)
✅ Imported 25,030,000 records (10606/sec)
✅ Imported 25,032,000 records (10604/sec)
✅ Imported 25,034,000 records (10599/sec)
✅ Imported 25,036,000 records (10596/sec)
✅ Imported 25,038,000 records (10586/sec)
✅ Imported 25,040,000 records (10564/sec)
✅ Imported 25,042,000 records (10554/sec)
✅ Imported 25,044,000 records (10553/sec)
✅ Imported 25,046,000 records (10540/sec)
✅ Imported 25,048,000 records (10509/sec)
✅ Imported 25,050,000 records (10494/sec)
✅ Imported 25,052,000 records (10492/sec)
✅ Imported 25,054,000 records (10491/sec)
✅ Imported 25,056,000 records (10490/sec)
✅ Imported 25,058,000 records (10487/sec)
✅ Imported 25,060,000 records (10473/sec)
✅ Imported 25,062,000 records (10455/sec)
✅ Imported 25,064,000 records (10433/sec)
✅ Imported 25,066,000 records (10426/sec)
✅ Imported 25,068,000 records (10416/sec)
✅ Imported 25,070,000 records (10412/sec)
✅ Imported 25,072,000 records (10409/sec)
✅ Imported 25,074,000 records (10406/sec)
✅ Imported 25,076,000 records (10390/sec)
✅ Imported 25,078,000 records (10385/sec)
✅ Imported 25,080,000 records (10380/sec)
✅ Imported 25,082,000 records (10373/sec)
✅ Imported 25,084,000 records (10370/sec)
✅ Imported 25,086,000 records (10368/sec)
✅ Imported 25,088,000 records (10364/sec)
✅ Imported 25,090,000 records (10364/sec)
✅ Imported 25,092,000 records (10363/sec)
✅ Imported 25,094,000 records (10358/sec)
✅ Imported 25,096,000 records (10356/sec)
✅ Imported 25,098,000 records (10352/sec)
✅ Imported 25,100,000 records (10349/sec)
✅ Imported 25,102,000 records (10348/sec)
✅ Imported 25,104,000 records (10347/sec)
✅ Imported 25,106,000 records (10347/sec)
✅ Imported 25,108,000 records (10346/sec)
✅ Imported 25,110,000 records (10345/sec)
✅ Imported 25,112,000 records (10341/sec)
✅ Imported 25,114,000 records (10341/sec)
✅ Imported 25,116,000 records (10337/sec)
✅ Imported 25,118,000 records (10337/sec)
✅ Imported 25,120,000 records (10336/sec)
✅ Imported 25,122,000 records (10334/sec)
✅ Imported 25,124,000 records (10329/sec)
✅ Imported 25,126,000 records (10327/sec)
✅ Imported 25,128,000 records (10326/sec)
✅ Imported 25,130,000 records (10324/sec)
✅ Imported 25,132,000 records (10323/sec)
✅ Imported 25,134,000 records (10322/sec)
✅ Imported 25,136,000 records (10321/sec)
✅ Imported 25,138,000 records (10320/sec)
✅ Imported 25,140,000 records (10320/sec)
✅ Imported 25,142,000 records (10319/sec)
✅ Imported 25,144,000 records (10319/sec)
✅ Imported 25,146,000 records (10317/sec)
✅ Imported 25,148,000 records (10315/sec)
✅ Imported 25,150,000 records (10313/sec)
✅ Imported 25,152,000 records (10312/sec)
✅ Imported 25,154,000 records (10311/sec)
✅ Imported 25,156,000 records (10309/sec)
✅ Imported 25,158,000 records (10308/sec)
✅ Imported 25,160,000 records (10305/sec)
✅ Imported 25,162,000 records (10298/sec)
✅ Imported 25,164,000 records (10296/sec)
✅ Imported 25,166,000 records (10295/sec)
✅ Imported 25,168,000 records (10292/sec)
✅ Imported 25,170,000 records (10292/sec)
✅ Imported 25,172,000 records (10291/sec)
✅ Imported 25,174,000 records (10291/sec)
✅ Imported 25,176,000 records (10290/sec)
✅ Imported 25,178,000 records (10290/sec)
✅ Imported 25,180,000 records (10290/sec)
✅ Imported 25,182,000 records (10290/sec)
✅ Imported 25,184,000 records (10291/sec)
✅ Imported 25,186,000 records (10289/sec)
✅ Imported 25,188,000 records (10289/sec)
✅ Imported 25,190,000 records (10289/sec)
✅ Imported 25,192,000 records (10289/sec)
✅ Imported 25,194,000 records (10289/sec)
✅ Imported 25,196,000 records (10289/sec)
✅ Imported 25,198,000 records (10289/sec)
✅ Imported 25,200,000 records (10288/sec)
✅ Imported 25,202,000 records (10287/sec)
✅ Imported 25,204,000 records (10287/sec)
✅ Imported 25,206,000 records (10285/sec)
✅ Imported 25,208,000 records (10284/sec)
✅ Imported 25,210,000 records (10284/sec)
✅ Imported 25,212,000 records (10285/sec)
✅ Imported 25,214,000 records (10285/sec)
✅ Imported 25,216,000 records (10285/sec)
✅ Imported 25,218,000 records (10285/sec)
✅ Imported 25,220,000 records (10285/sec)
✅ Imported 25,222,000 records (10285/sec)
✅ Imported 25,224,000 records (10285/sec)
✅ Imported 25,226,000 records (10285/sec)
✅ Imported 25,228,000 records (10286/sec)
✅ Imported 25,230,000 records (10286/sec)
✅ Imported 25,232,000 records (10285/sec)
✅ Imported 25,234,000 records (10285/sec)
✅ Imported 25,236,000 records (10285/sec)
✅ Imported 25,238,000 records (10285/sec)
✅ Imported 25,240,000 records (10284/sec)
✅ Imported 25,242,000 records (10283/sec)
✅ Imported 25,244,000 records (10283/sec)
✅ Imported 25,246,000 records (10283/sec)
✅ Imported 25,248,000 records (10279/sec)
✅ Imported 25,250,000 records (10267/sec)
✅ Imported 25,252,000 records (10257/sec)
✅ Imported 25,254,000 records (10249/sec)
✅ Imported 25,256,000 records (10247/sec)
✅ Imported 25,258,000 records (10247/sec)
✅ Imported 25,260,000 records (10247/sec)
✅ Imported 25,262,000 records (10247/sec)
✅ Imported 25,264,000 records (10247/sec)
✅ Imported 25,266,000 records (10247/sec)
✅ Imported 25,268,000 records (10247/sec)
✅ Imported 25,270,000 records (10247/sec)
✅ Imported 25,272,000 records (10248/sec)
✅ Imported 25,274,000 records (10248/sec)
✅ Imported 25,276,000 records (10248/sec)
✅ Imported 25,278,000 records (10248/sec)
✅ Imported 25,280,000 records (10248/sec)
✅ Imported 25,282,000 records (10249/sec)
✅ Imported 25,284,000 records (10247/sec)
✅ Imported 25,286,000 records (10247/sec)
✅ Imported 25,288,000 records (10237/sec)
✅ Imported 25,290,000 records (10237/sec)
✅ Imported 25,292,000 records (10237/sec)
✅ Imported 25,294,000 records (10237/sec)
✅ Imported 25,296,000 records (10236/sec)
✅ Imported 25,298,000 records (10236/sec)
✅ Imported 25,300,000 records (10235/sec)
✅ Imported 25,302,000 records (10236/sec)
✅ Imported 25,304,000 records (10236/sec)
✅ Imported 25,306,000 records (10236/sec)
✅ Imported 25,308,000 records (10237/sec)
✅ Imported 25,310,000 records (10237/sec)
✅ Imported 25,312,000 records (10237/sec)
✅ Imported 25,314,000 records (10237/sec)
✅ Imported 25,316,000 records (10237/sec)
✅ Imported 25,318,000 records (10237/sec)
✅ Imported 25,320,000 records (10237/sec)
✅ Imported 25,322,000 records (10238/sec)
✅ Imported 25,324,000 records (10238/sec)
✅ Imported 25,326,000 records (10239/sec)
✅ Imported 25,328,000 records (10239/sec)
✅ Imported 25,330,000 records (10239/sec)
✅ Imported 25,332,000 records (10239/sec)
✅ Imported 25,334,000 records (10240/sec)
✅ Imported 25,336,000 records (10238/sec)
✅ Imported 25,338,000 records (10238/sec)
✅ Imported 25,340,000 records (10238/sec)
✅ Imported 25,342,000 records (10236/sec)
✅ Imported 25,344,000 records (10236/sec)
✅ Imported 25,346,000 records (10236/sec)
✅ Imported 25,348,000 records (10237/sec)
✅ Imported 25,350,000 records (10236/sec)
✅ Imported 25,352,000 records (10236/sec)
✅ Imported 25,354,000 records (10236/sec)
✅ Imported 25,356,000 records (10235/sec)
✅ Imported 25,358,000 records (10210/sec)
✅ Imported 25,360,000 records (10210/sec)
✅ Imported 25,362,000 records (10210/sec)
✅ Imported 25,364,000 records (10207/sec)
✅ Imported 25,366,000 records (10206/sec)
✅ Imported 25,368,000 records (10205/sec)
✅ Imported 25,370,000 records (10205/sec)
✅ Imported 25,372,000 records (10204/sec)
✅ Imported 25,374,000 records (10204/sec)
✅ Imported 25,376,000 records (10203/sec)
✅ Imported 25,378,000 records (10192/sec)
✅ Imported 25,380,000 records (10192/sec)
✅ Imported 25,382,000 records (10190/sec)
✅ Imported 25,384,000 records (10187/sec)
✅ Imported 25,386,000 records (10186/sec)
✅ Imported 25,388,000 records (10186/sec)
✅ Imported 25,390,000 records (10185/sec)
✅ Imported 25,392,000 records (10185/sec)
✅ Imported 25,394,000 records (10185/sec)
✅ Imported 25,396,000 records (10183/sec)
✅ Imported 25,398,000 records (10170/sec)
✅ Imported 25,400,000 records (10154/sec)
✅ Imported 25,402,000 records (10148/sec)
✅ Imported 25,404,000 records (10147/sec)
✅ Imported 25,406,000 records (10146/sec)
✅ Imported 25,408,000 records (10143/sec)
✅ Imported 25,410,000 records (10143/sec)
✅ Imported 25,412,000 records (10143/sec)
✅ Imported 25,414,000 records (10141/sec)
✅ Imported 25,416,000 records (10141/sec)
✅ Imported 25,418,000 records (10141/sec)
✅ Imported 25,420,000 records (10141/sec)
✅ Imported 25,422,000 records (10133/sec)
✅ Imported 25,424,000 records (10131/sec)
✅ Imported 25,426,000 records (10131/sec)
✅ Imported 25,428,000 records (10131/sec)
✅ Imported 25,430,000 records (10132/sec)
✅ Imported 25,432,000 records (10132/sec)
✅ Imported 25,434,000 records (10132/sec)
✅ Imported 25,436,000 records (10132/sec)
✅ Imported 25,438,000 records (10133/sec)
✅ Imported 25,440,000 records (10133/sec)
✅ Imported 25,442,000 records (10133/sec)
✅ Imported 25,444,000 records (10134/sec)
✅ Imported 25,446,000 records (10134/sec)
✅ Imported 25,448,000 records (10135/sec)
✅ Imported 25,450,000 records (10135/sec)
✅ Imported 25,452,000 records (10135/sec)
✅ Imported 25,454,000 records (10135/sec)
✅ Imported 25,456,000 records (10136/sec)
✅ Imported 25,458,000 records (10136/sec)
✅ Imported 25,460,000 records (10136/sec)
✅ Imported 25,462,000 records (10136/sec)
✅ Imported 25,464,000 records (10136/sec)
✅ Imported 25,466,000 records (10137/sec)
✅ Imported 25,468,000 records (10137/sec)
✅ Imported 25,470,000 records (10137/sec)
✅ Imported 25,472,000 records (10137/sec)
✅ Imported 25,474,000 records (10138/sec)
✅ Imported 25,476,000 records (10138/sec)
✅ Imported 25,478,000 records (10139/sec)
✅ Imported 25,480,000 records (10138/sec)
✅ Imported 25,482,000 records (10139/sec)
✅ Imported 25,484,000 records (10139/sec)
✅ Imported 25,486,000 records (10140/sec)
✅ Imported 25,488,000 records (10140/sec)
✅ Imported 25,490,000 records (10140/sec)
✅ Imported 25,492,000 records (10141/sec)
✅ Imported 25,494,000 records (10141/sec)
✅ Imported 25,496,000 records (10141/sec)
✅ Imported 25,498,000 records (10140/sec)
✅ Imported 25,500,000 records (10140/sec)
✅ Imported 25,502,000 records (10140/sec)
✅ Imported 25,504,000 records (10140/sec)
✅ Imported 25,506,000 records (10140/sec)
✅ Imported 25,508,000 records (10140/sec)
✅ Imported 25,510,000 records (10140/sec)
✅ Imported 25,512,000 records (10139/sec)
✅ Imported 25,514,000 records (10136/sec)
✅ Imported 25,516,000 records (10134/sec)
✅ Imported 25,518,000 records (10134/sec)
✅ Imported 25,520,000 records (10134/sec)
✅ Imported 25,522,000 records (10135/sec)
✅ Imported 25,524,000 records (10135/sec)
✅ Imported 25,526,000 records (10135/sec)
✅ Imported 25,528,000 records (10135/sec)
✅ Imported 25,530,000 records (10136/sec)
✅ Imported 25,532,000 records (10135/sec)
✅ Imported 25,534,000 records (10133/sec)
✅ Imported 25,536,000 records (10133/sec)
✅ Imported 25,538,000 records (10134/sec)
✅ Imported 25,540,000 records (10134/sec)
✅ Imported 25,542,000 records (10134/sec)
✅ Imported 25,544,000 records (10133/sec)
✅ Imported 25,546,000 records (10133/sec)
✅ Imported 25,548,000 records (10134/sec)
✅ Imported 25,550,000 records (10133/sec)
✅ Imported 25,552,000 records (10134/sec)
✅ Imported 25,554,000 records (10134/sec)
✅ Imported 25,556,000 records (10134/sec)
✅ Imported 25,558,000 records (10134/sec)
✅ Imported 25,560,000 records (10132/sec)
✅ Imported 25,562,000 records (10132/sec)
✅ Imported 25,564,000 records (10132/sec)
✅ Imported 25,566,000 records (10132/sec)
✅ Imported 25,568,000 records (10132/sec)
✅ Imported 25,570,000 records (10132/sec)
✅ Imported 25,572,000 records (10132/sec)
✅ Imported 25,574,000 records (10131/sec)
✅ Imported 25,576,000 records (10132/sec)
✅ Imported 25,578,000 records (10132/sec)
✅ Imported 25,580,000 records (10132/sec)
✅ Imported 25,582,000 records (10132/sec)
✅ Imported 25,584,000 records (10133/sec)
✅ Imported 25,586,000 records (10132/sec)
✅ Imported 25,588,000 records (10132/sec)
✅ Imported 25,590,000 records (10132/sec)
✅ Imported 25,592,000 records (10132/sec)
✅ Imported 25,594,000 records (10133/sec)
✅ Imported 25,596,000 records (10133/sec)
✅ Imported 25,598,000 records (10132/sec)
✅ Imported 25,600,000 records (10133/sec)
✅ Imported 25,602,000 records (10133/sec)
✅ Imported 25,604,000 records (10133/sec)
✅ Imported 25,606,000 records (10134/sec)
✅ Imported 25,608,000 records (10134/sec)
✅ Imported 25,610,000 records (10135/sec)
✅ Imported 25,612,000 records (10134/sec)
✅ Imported 25,614,000 records (10134/sec)
✅ Imported 25,616,000 records (10134/sec)
✅ Imported 25,618,000 records (10135/sec)
✅ Imported 25,620,000 records (10134/sec)
✅ Imported 25,622,000 records (10135/sec)
✅ Imported 25,624,000 records (10135/sec)
✅ Imported 25,626,000 records (10135/sec)
✅ Imported 25,628,000 records (10135/sec)
✅ Imported 25,630,000 records (10135/sec)
✅ Imported 25,632,000 records (10135/sec)
✅ Imported 25,634,000 records (10135/sec)
✅ Imported 25,636,000 records (10135/sec)
✅ Imported 25,638,000 records (10135/sec)
✅ Imported 25,640,000 records (10136/sec)
✅ Imported 25,642,000 records (10134/sec)
✅ Imported 25,644,000 records (10134/sec)
✅ Imported 25,646,000 records (10134/sec)
✅ Imported 25,648,000 records (10135/sec)
✅ Imported 25,650,000 records (10135/sec)
✅ Imported 25,652,000 records (10135/sec)
✅ Imported 25,654,000 records (10135/sec)
✅ Imported 25,656,000 records (10135/sec)
✅ Imported 25,658,000 records (10136/sec)
✅ Imported 25,660,000 records (10136/sec)
✅ Imported 25,662,000 records (10136/sec)
✅ Imported 25,664,000 records (10137/sec)
✅ Imported 25,666,000 records (10137/sec)
✅ Imported 25,668,000 records (10138/sec)
✅ Imported 25,670,000 records (10138/sec)
✅ Imported 25,672,000 records (10138/sec)
✅ Imported 25,674,000 records (10139/sec)
✅ Imported 25,676,000 records (10139/sec)
✅ Imported 25,678,000 records (10139/sec)
✅ Imported 25,680,000 records (10140/sec)
✅ Imported 25,682,000 records (10140/sec)
✅ Imported 25,684,000 records (10140/sec)
✅ Imported 25,686,000 records (10140/sec)
✅ Imported 25,688,000 records (10139/sec)
✅ Imported 25,690,000 records (10139/sec)
✅ Imported 25,692,000 records (10138/sec)
✅ Imported 25,694,000 records (10138/sec)
✅ Imported 25,696,000 records (10138/sec)
✅ Imported 25,698,000 records (10138/sec)
✅ Imported 25,700,000 records (10138/sec)
✅ Imported 25,702,000 records (10138/sec)
✅ Imported 25,704,000 records (10138/sec)
✅ Imported 25,706,000 records (10139/sec)
✅ Imported 25,708,000 records (10139/sec)
✅ Imported 25,710,000 records (10139/sec)
✅ Imported 25,712,000 records (10139/sec)
✅ Imported 25,714,000 records (10139/sec)
✅ Imported 25,716,000 records (10140/sec)
✅ Imported 25,718,000 records (10140/sec)
✅ Imported 25,720,000 records (10139/sec)
✅ Imported 25,722,000 records (10139/sec)
✅ Imported 25,724,000 records (10139/sec)
✅ Imported 25,726,000 records (10140/sec)
✅ Imported 25,728,000 records (10139/sec)
✅ Imported 25,730,000 records (10139/sec)
✅ Imported 25,732,000 records (10139/sec)
✅ Imported 25,734,000 records (10139/sec)
✅ Imported 25,736,000 records (10139/sec)
✅ Imported 25,738,000 records (10138/sec)
✅ Imported 25,740,000 records (10138/sec)
✅ Imported 25,742,000 records (10138/sec)
✅ Imported 25,744,000 records (10138/sec)
✅ Imported 25,746,000 records (10138/sec)
✅ Imported 25,748,000 records (10138/sec)
✅ Imported 25,750,000 records (10138/sec)
✅ Imported 25,752,000 records (10139/sec)
✅ Imported 25,754,000 records (10139/sec)
✅ Imported 25,756,000 records (10139/sec)
✅ Imported 25,758,000 records (10140/sec)
✅ Imported 25,760,000 records (10140/sec)
✅ Imported 25,762,000 records (10140/sec)
✅ Imported 25,764,000 records (10140/sec)
✅ Imported 25,766,000 records (10140/sec)
✅ Imported 25,768,000 records (10140/sec)
✅ Imported 25,770,000 records (10141/sec)
✅ Imported 25,772,000 records (10138/sec)
✅ Imported 25,774,000 records (10138/sec)
✅ Imported 25,776,000 records (10139/sec)
✅ Imported 25,778,000 records (10139/sec)
✅ Imported 25,780,000 records (10139/sec)
✅ Imported 25,782,000 records (10139/sec)
✅ Imported 25,784,000 records (10139/sec)
✅ Imported 25,786,000 records (10139/sec)
✅ Imported 25,788,000 records (10139/sec)
✅ Imported 25,790,000 records (10139/sec)
✅ Imported 25,792,000 records (10139/sec)
✅ Imported 25,794,000 records (10139/sec)
✅ Imported 25,796,000 records (10139/sec)
✅ Imported 25,798,000 records (10138/sec)
✅ Imported 25,800,000 records (10138/sec)
✅ Imported 25,802,000 records (10137/sec)
✅ Imported 25,804,000 records (10137/sec)
✅ Imported 25,806,000 records (10136/sec)
✅ Imported 25,808,000 records (10135/sec)
✅ Imported 25,810,000 records (10134/sec)
✅ Imported 25,812,000 records (10133/sec)
✅ Imported 25,814,000 records (10133/sec)
✅ Imported 25,816,000 records (10132/sec)
✅ Imported 25,818,000 records (10131/sec)
✅ Imported 25,820,000 records (10131/sec)
✅ Imported 25,822,000 records (10131/sec)
✅ Imported 25,824,000 records (10131/sec)
✅ Imported 25,826,000 records (10126/sec)
✅ Imported 25,828,000 records (10125/sec)
✅ Imported 25,830,000 records (10122/sec)
✅ Imported 25,832,000 records (10122/sec)
✅ Imported 25,834,000 records (10121/sec)
✅ Imported 25,836,000 records (10121/sec)
✅ Imported 25,838,000 records (10120/sec)
✅ Imported 25,840,000 records (10119/sec)
✅ Imported 25,842,000 records (10118/sec)
✅ Imported 25,844,000 records (10117/sec)
✅ Imported 25,846,000 records (10116/sec)
✅ Imported 25,848,000 records (10116/sec)
✅ Imported 25,850,000 records (10113/sec)
✅ Imported 25,852,000 records (10112/sec)
✅ Imported 25,854,000 records (10111/sec)
✅ Imported 25,856,000 records (10111/sec)
✅ Imported 25,858,000 records (10111/sec)
✅ Imported 25,860,000 records (10112/sec)
✅ Imported 25,862,000 records (10112/sec)
✅ Imported 25,864,000 records (10112/sec)
✅ Imported 25,866,000 records (10112/sec)
✅ Imported 25,868,000 records (10113/sec)
✅ Imported 25,870,000 records (10113/sec)
✅ Imported 25,872,000 records (10113/sec)
✅ Imported 25,874,000 records (10113/sec)
✅ Imported 25,876,000 records (10113/sec)
✅ Imported 25,878,000 records (10113/sec)
✅ Imported 25,880,000 records (10113/sec)
✅ Imported 25,882,000 records (10113/sec)
✅ Imported 25,884,000 records (10113/sec)
✅ Imported 25,886,000 records (10114/sec)
✅ Imported 25,888,000 records (10114/sec)
✅ Imported 25,890,000 records (10114/sec)
✅ Imported 25,892,000 records (10114/sec)
✅ Imported 25,894,000 records (10114/sec)
✅ Imported 25,896,000 records (10114/sec)
✅ Imported 25,898,000 records (10114/sec)
✅ Imported 25,900,000 records (10112/sec)
✅ Imported 25,902,000 records (10113/sec)
✅ Imported 25,904,000 records (10113/sec)
✅ Imported 25,906,000 records (10113/sec)
✅ Imported 25,908,000 records (10113/sec)
✅ Imported 25,910,000 records (10113/sec)
✅ Imported 25,912,000 records (10114/sec)
✅ Imported 25,914,000 records (10114/sec)
✅ Imported 25,916,000 records (10114/sec)
✅ Imported 25,918,000 records (10114/sec)
✅ Imported 25,920,000 records (10114/sec)
✅ Imported 25,922,000 records (10114/sec)
✅ Imported 25,924,000 records (10114/sec)
✅ Imported 25,926,000 records (10115/sec)
✅ Imported 25,928,000 records (10114/sec)
✅ Imported 25,930,000 records (10114/sec)
✅ Imported 25,932,000 records (10114/sec)
✅ Imported 25,934,000 records (10114/sec)
✅ Imported 25,936,000 records (10114/sec)
✅ Imported 25,938,000 records (10114/sec)
✅ Imported 25,940,000 records (10114/sec)
✅ Imported 25,942,000 records (10114/sec)
✅ Imported 25,944,000 records (10114/sec)
✅ Imported 25,946,000 records (10114/sec)
✅ Imported 25,948,000 records (10114/sec)
✅ Imported 25,950,000 records (10114/sec)
✅ Imported 25,952,000 records (10114/sec)
✅ Imported 25,954,000 records (10113/sec)
✅ Imported 25,956,000 records (10113/sec)
✅ Imported 25,958,000 records (10113/sec)
✅ Imported 25,960,000 records (10113/sec)
✅ Imported 25,962,000 records (10114/sec)
✅ Imported 25,964,000 records (10114/sec)
✅ Imported 25,966,000 records (10114/sec)
✅ Imported 25,968,000 records (10114/sec)
✅ Imported 25,970,000 records (10114/sec)
✅ Imported 25,972,000 records (10114/sec)
✅ Imported 25,974,000 records (10115/sec)
✅ Imported 25,976,000 records (10115/sec)
✅ Imported 25,978,000 records (10115/sec)
✅ Imported 25,980,000 records (10114/sec)
✅ Imported 25,982,000 records (10113/sec)
✅ Imported 25,984,000 records (10112/sec)
✅ Imported 25,986,000 records (10112/sec)
✅ Imported 25,988,000 records (10112/sec)
✅ Imported 25,990,000 records (10108/sec)
✅ Imported 25,992,000 records (10107/sec)
✅ Imported 25,994,000 records (10107/sec)
✅ Imported 25,996,000 records (10106/sec)
✅ Imported 25,998,000 records (10106/sec)
✅ Imported 26,000,000 records (10106/sec)
✅ Imported 26,002,000 records (10106/sec)
✅ Imported 26,004,000 records (10106/sec)
✅ Imported 26,006,000 records (10106/sec)
✅ Imported 26,008,000 records (10106/sec)
✅ Imported 26,010,000 records (10106/sec)
✅ Imported 26,012,000 records (10106/sec)
✅ Imported 26,014,000 records (10107/sec)
✅ Imported 26,016,000 records (10107/sec)
✅ Imported 26,018,000 records (10107/sec)
✅ Imported 26,020,000 records (10107/sec)
✅ Imported 26,022,000 records (10107/sec)
✅ Imported 26,024,000 records (10107/sec)
✅ Imported 26,026,000 records (10107/sec)
✅ Imported 26,028,000 records (10106/sec)
✅ Imported 26,030,000 records (10106/sec)
✅ Imported 26,032,000 records (10105/sec)
✅ Imported 26,034,000 records (10105/sec)
✅ Imported 26,036,000 records (10105/sec)
✅ Imported 26,038,000 records (10105/sec)
✅ Imported 26,040,000 records (10106/sec)
✅ Imported 26,042,000 records (10104/sec)
✅ Imported 26,044,000 records (10104/sec)
✅ Imported 26,046,000 records (10103/sec)
✅ Imported 26,048,000 records (10103/sec)
✅ Imported 26,050,000 records (10103/sec)
✅ Imported 26,052,000 records (10103/sec)
✅ Imported 26,054,000 records (10103/sec)
✅ Imported 26,056,000 records (10102/sec)
✅ Imported 26,058,000 records (10102/sec)
✅ Imported 26,060,000 records (10102/sec)
✅ Imported 26,062,000 records (10102/sec)
✅ Imported 26,064,000 records (10101/sec)
✅ Imported 26,066,000 records (10100/sec)
✅ Imported 26,068,000 records (10100/sec)
✅ Imported 26,070,000 records (10100/sec)
✅ Imported 26,072,000 records (10100/sec)
✅ Imported 26,074,000 records (10100/sec)
✅ Imported 26,076,000 records (10099/sec)
✅ Imported 26,078,000 records (10099/sec)
✅ Imported 26,080,000 records (10097/sec)
✅ Imported 26,082,000 records (10097/sec)
✅ Imported 26,084,000 records (10096/sec)
✅ Imported 26,086,000 records (10092/sec)
✅ Imported 26,088,000 records (10091/sec)
✅ Imported 26,090,000 records (10090/sec)
✅ Imported 26,092,000 records (10089/sec)
✅ Imported 26,094,000 records (10089/sec)
✅ Imported 26,096,000 records (10089/sec)
✅ Imported 26,098,000 records (10089/sec)
✅ Imported 26,100,000 records (10083/sec)
✅ Imported 26,102,000 records (10080/sec)
✅ Imported 26,104,000 records (10078/sec)
✅ Imported 26,106,000 records (10078/sec)
✅ Imported 26,108,000 records (10078/sec)
✅ Imported 26,110,000 records (10078/sec)
✅ Imported 26,112,000 records (10078/sec)
✅ Imported 26,114,000 records (10078/sec)
✅ Imported 26,116,000 records (10078/sec)
✅ Imported 26,118,000 records (10078/sec)
✅ Imported 26,120,000 records (10078/sec)
✅ Imported 26,122,000 records (10078/sec)
✅ Imported 26,124,000 records (10078/sec)
✅ Imported 26,126,000 records (10078/sec)
✅ Imported 26,128,000 records (10078/sec)
✅ Imported 26,130,000 records (10078/sec)
✅ Imported 26,132,000 records (10078/sec)
✅ Imported 26,134,000 records (10078/sec)
✅ Imported 26,136,000 records (10078/sec)
✅ Imported 26,138,000 records (10079/sec)
✅ Imported 26,140,000 records (10079/sec)
✅ Imported 26,142,000 records (10079/sec)
✅ Imported 26,144,000 records (10079/sec)
✅ Imported 26,146,000 records (10078/sec)
✅ Imported 26,148,000 records (10077/sec)
✅ Imported 26,150,000 records (10076/sec)
✅ Imported 26,152,000 records (10076/sec)
✅ Imported 26,154,000 records (10075/sec)
✅ Imported 26,156,000 records (10075/sec)
✅ Imported 26,158,000 records (10075/sec)
✅ Imported 26,160,000 records (10075/sec)
✅ Imported 26,162,000 records (10075/sec)
✅ Imported 26,164,000 records (10075/sec)
✅ Imported 26,166,000 records (10073/sec)
✅ Imported 26,168,000 records (10070/sec)
✅ Imported 26,170,000 records (10070/sec)
✅ Imported 26,172,000 records (10070/sec)
✅ Imported 26,174,000 records (10070/sec)
✅ Imported 26,176,000 records (10071/sec)
✅ Imported 26,178,000 records (10071/sec)
✅ Imported 26,180,000 records (10071/sec)
✅ Imported 26,182,000 records (10071/sec)
✅ Imported 26,184,000 records (10071/sec)
✅ Imported 26,186,000 records (10071/sec)
✅ Imported 26,188,000 records (10070/sec)
✅ Imported 26,190,000 records (10070/sec)
✅ Imported 26,192,000 records (10070/sec)
✅ Imported 26,194,000 records (10071/sec)
✅ Imported 26,196,000 records (10069/sec)
✅ Imported 26,198,000 records (10069/sec)
✅ Imported 26,200,000 records (10070/sec)
✅ Imported 26,202,000 records (10070/sec)
✅ Imported 26,204,000 records (10070/sec)
✅ Imported 26,206,000 records (10070/sec)
✅ Imported 26,208,000 records (10070/sec)
✅ Imported 26,210,000 records (10071/sec)
✅ Imported 26,212,000 records (10071/sec)
✅ Imported 26,214,000 records (10071/sec)
✅ Imported 26,216,000 records (10071/sec)
✅ Imported 26,218,000 records (10071/sec)
✅ Imported 26,220,000 records (10071/sec)
✅ Imported 26,222,000 records (10071/sec)
✅ Imported 26,224,000 records (10070/sec)
✅ Imported 26,226,000 records (10065/sec)
✅ Imported 26,228,000 records (10064/sec)
✅ Imported 26,230,000 records (10062/sec)
✅ Imported 26,232,000 records (10061/sec)
✅ Imported 26,234,000 records (10044/sec)
✅ Imported 26,236,000 records (10039/sec)
✅ Imported 26,238,000 records (10038/sec)
✅ Imported 26,240,000 records (10033/sec)
✅ Imported 26,242,000 records (10023/sec)
✅ Imported 26,244,000 records (10022/sec)
✅ Imported 26,246,000 records (10021/sec)
✅ Imported 26,248,000 records (10018/sec)
✅ Imported 26,250,000 records (10017/sec)
✅ Imported 26,252,000 records (10016/sec)
✅ Imported 26,254,000 records (10016/sec)
✅ Imported 26,256,000 records (10016/sec)
✅ Imported 26,258,000 records (10016/sec)
✅ Imported 26,260,000 records (10017/sec)
✅ Imported 26,262,000 records (10015/sec)
✅ Imported 26,264,000 records (10015/sec)
✅ Imported 26,266,000 records (10015/sec)
✅ Imported 26,268,000 records (10014/sec)
✅ Imported 26,270,000 records (10013/sec)
✅ Imported 26,272,000 records (10013/sec)
✅ Imported 26,274,000 records (10012/sec)
✅ Imported 26,276,000 records (10012/sec)
✅ Imported 26,278,000 records (10009/sec)
✅ Imported 26,280,000 records (10008/sec)
✅ Imported 26,282,000 records (10008/sec)
✅ Imported 26,284,000 records (10008/sec)
✅ Imported 26,286,000 records (10008/sec)
✅ Imported 26,288,000 records (10007/sec)
✅ Imported 26,290,000 records (10007/sec)
✅ Imported 26,292,000 records (10007/sec)
✅ Imported 26,294,000 records (10007/sec)
✅ Imported 26,296,000 records (10007/sec)
✅ Imported 26,298,000 records (10007/sec)
✅ Imported 26,300,000 records (10007/sec)
✅ Imported 26,302,000 records (10008/sec)
✅ Imported 26,304,000 records (10008/sec)
✅ Imported 26,306,000 records (10009/sec)
✅ Imported 26,308,000 records (10009/sec)
✅ Imported 26,310,000 records (10009/sec)
✅ Imported 26,312,000 records (10009/sec)
✅ Imported 26,314,000 records (10009/sec)
✅ Imported 26,316,000 records (10010/sec)
✅ Imported 26,318,000 records (10010/sec)
✅ Imported 26,320,000 records (10010/sec)
✅ Imported 26,322,000 records (10011/sec)
✅ Imported 26,324,000 records (10011/sec)
✅ Imported 26,326,000 records (10011/sec)
✅ Imported 26,328,000 records (10011/sec)
✅ Imported 26,330,000 records (10011/sec)
✅ Imported 26,332,000 records (10011/sec)
✅ Imported 26,334,000 records (10012/sec)
✅ Imported 26,336,000 records (10012/sec)
✅ Imported 26,338,000 records (10012/sec)
✅ Imported 26,340,000 records (10012/sec)
✅ Imported 26,342,000 records (10012/sec)
✅ Imported 26,344,000 records (10012/sec)
✅ Imported 26,346,000 records (10013/sec)
✅ Imported 26,348,000 records (10013/sec)
✅ Imported 26,350,000 records (10012/sec)
✅ Imported 26,352,000 records (10013/sec)
✅ Imported 26,354,000 records (10013/sec)
✅ Imported 26,356,000 records (10014/sec)
✅ Imported 26,358,000 records (10014/sec)
✅ Imported 26,360,000 records (10014/sec)
✅ Imported 26,362,000 records (10015/sec)
✅ Imported 26,364,000 records (10015/sec)
✅ Imported 26,366,000 records (10016/sec)
✅ Imported 26,368,000 records (10016/sec)
✅ Imported 26,370,000 records (10016/sec)
✅ Imported 26,372,000 records (10017/sec)
✅ Imported 26,374,000 records (10016/sec)
✅ Imported 26,376,000 records (10016/sec)
✅ Imported 26,378,000 records (10016/sec)
✅ Imported 26,380,000 records (10016/sec)
✅ Imported 26,382,000 records (10016/sec)
✅ Imported 26,384,000 records (10017/sec)
✅ Imported 26,386,000 records (10017/sec)
✅ Imported 26,388,000 records (10017/sec)
✅ Imported 26,390,000 records (10017/sec)
✅ Imported 26,392,000 records (10017/sec)
✅ Imported 26,394,000 records (10018/sec)
✅ Imported 26,396,000 records (10018/sec)
✅ Imported 26,398,000 records (10018/sec)
✅ Imported 26,400,000 records (10018/sec)
✅ Imported 26,402,000 records (10018/sec)
✅ Imported 26,404,000 records (10018/sec)
✅ Imported 26,406,000 records (10018/sec)
✅ Imported 26,408,000 records (10018/sec)
✅ Imported 26,410,000 records (10018/sec)
✅ Imported 26,412,000 records (10019/sec)
✅ Imported 26,414,000 records (10019/sec)
✅ Imported 26,416,000 records (10019/sec)
✅ Imported 26,418,000 records (10019/sec)
✅ Imported 26,420,000 records (10020/sec)
✅ Imported 26,422,000 records (10020/sec)
✅ Imported 26,424,000 records (10020/sec)
✅ Imported 26,426,000 records (10019/sec)
✅ Imported 26,428,000 records (10019/sec)
✅ Imported 26,430,000 records (10018/sec)
✅ Imported 26,432,000 records (10018/sec)
✅ Imported 26,434,000 records (10019/sec)
✅ Imported 26,436,000 records (10019/sec)
✅ Imported 26,438,000 records (10019/sec)
✅ Imported 26,440,000 records (10019/sec)
✅ Imported 26,442,000 records (10020/sec)
✅ Imported 26,444,000 records (10019/sec)
✅ Imported 26,446,000 records (10019/sec)
✅ Imported 26,448,000 records (10019/sec)
✅ Imported 26,450,000 records (10019/sec)
✅ Imported 26,452,000 records (10018/sec)
✅ Imported 26,454,000 records (10019/sec)
✅ Imported 26,456,000 records (10019/sec)
✅ Imported 26,458,000 records (10019/sec)
✅ Imported 26,460,000 records (10020/sec)
✅ Imported 26,462,000 records (10020/sec)
✅ Imported 26,464,000 records (10019/sec)
✅ Imported 26,466,000 records (10020/sec)
✅ Imported 26,468,000 records (10020/sec)
✅ Imported 26,470,000 records (10020/sec)
✅ Imported 26,472,000 records (10020/sec)
✅ Imported 26,474,000 records (10021/sec)
✅ Imported 26,476,000 records (10021/sec)
✅ Imported 26,478,000 records (10022/sec)
✅ Imported 26,480,000 records (10022/sec)
✅ Imported 26,482,000 records (10022/sec)
✅ Imported 26,484,000 records (10022/sec)
✅ Imported 26,486,000 records (10022/sec)
✅ Imported 26,488,000 records (10023/sec)
✅ Imported 26,490,000 records (10023/sec)
✅ Imported 26,492,000 records (10023/sec)
✅ Imported 26,494,000 records (10024/sec)
✅ Imported 26,496,000 records (10024/sec)
✅ Imported 26,498,000 records (10025/sec)
✅ Imported 26,500,000 records (10025/sec)
✅ Imported 26,502,000 records (10025/sec)
✅ Imported 26,504,000 records (10025/sec)
✅ Imported 26,506,000 records (10026/sec)
✅ Imported 26,508,000 records (10026/sec)
✅ Imported 26,510,000 records (10027/sec)
✅ Imported 26,512,000 records (10027/sec)
✅ Imported 26,514,000 records (10027/sec)
✅ Imported 26,516,000 records (10027/sec)
✅ Imported 26,518,000 records (10027/sec)
✅ Imported 26,520,000 records (10027/sec)
✅ Imported 26,522,000 records (10027/sec)
✅ Imported 26,524,000 records (10027/sec)
✅ Imported 26,526,000 records (10028/sec)
✅ Imported 26,528,000 records (10028/sec)
✅ Imported 26,530,000 records (10028/sec)
✅ Imported 26,532,000 records (10029/sec)
✅ Imported 26,534,000 records (10029/sec)
✅ Imported 26,536,000 records (10029/sec)
✅ Imported 26,538,000 records (10029/sec)
✅ Imported 26,540,000 records (10029/sec)
✅ Imported 26,542,000 records (10030/sec)
✅ Imported 26,544,000 records (10030/sec)
✅ Imported 26,546,000 records (10030/sec)
✅ Imported 26,548,000 records (10031/sec)
✅ Imported 26,550,000 records (10031/sec)
✅ Imported 26,552,000 records (10031/sec)
✅ Imported 26,554,000 records (10032/sec)
✅ Imported 26,556,000 records (10032/sec)
✅ Imported 26,558,000 records (10032/sec)
✅ Imported 26,560,000 records (10033/sec)
✅ Imported 26,562,000 records (10033/sec)
✅ Imported 26,564,000 records (10033/sec)
✅ Imported 26,566,000 records (10034/sec)
✅ Imported 26,568,000 records (10034/sec)
✅ Imported 26,570,000 records (10034/sec)
✅ Imported 26,572,000 records (10035/sec)
✅ Imported 26,574,000 records (10035/sec)
✅ Imported 26,576,000 records (10036/sec)
✅ Imported 26,578,000 records (10036/sec)
✅ Imported 26,580,000 records (10037/sec)
✅ Imported 26,582,000 records (10037/sec)
✅ Imported 26,584,000 records (10036/sec)
✅ Imported 26,586,000 records (10037/sec)
✅ Imported 26,588,000 records (10037/sec)
✅ Imported 26,590,000 records (10037/sec)
✅ Imported 26,592,000 records (10038/sec)
✅ Imported 26,594,000 records (10038/sec)
✅ Imported 26,596,000 records (10038/sec)
✅ Imported 26,598,000 records (10038/sec)
✅ Imported 26,600,000 records (10038/sec)
✅ Imported 26,602,000 records (10038/sec)
✅ Imported 26,604,000 records (10038/sec)
✅ Imported 26,606,000 records (10037/sec)
✅ Imported 26,608,000 records (10037/sec)
✅ Imported 26,610,000 records (10037/sec)
✅ Imported 26,612,000 records (10038/sec)
✅ Imported 26,614,000 records (10036/sec)
✅ Imported 26,616,000 records (10037/sec)
✅ Imported 26,618,000 records (10037/sec)
✅ Imported 26,620,000 records (10037/sec)
✅ Imported 26,622,000 records (10037/sec)
✅ Imported 26,624,000 records (10038/sec)
✅ Imported 26,626,000 records (10038/sec)
✅ Imported 26,628,000 records (10038/sec)
✅ Imported 26,630,000 records (10039/sec)
✅ Imported 26,632,000 records (10039/sec)
✅ Imported 26,634,000 records (10040/sec)
✅ Imported 26,636,000 records (10040/sec)
✅ Imported 26,638,000 records (10040/sec)
✅ Imported 26,640,000 records (10040/sec)
✅ Imported 26,642,000 records (10040/sec)
✅ Imported 26,644,000 records (10041/sec)
✅ Imported 26,646,000 records (10041/sec)
✅ Imported 26,648,000 records (10041/sec)
✅ Imported 26,650,000 records (10042/sec)
✅ Imported 26,652,000 records (10042/sec)
✅ Imported 26,654,000 records (10042/sec)
✅ Imported 26,656,000 records (10043/sec)
✅ Imported 26,658,000 records (10042/sec)
✅ Imported 26,660,000 records (10042/sec)
✅ Imported 26,662,000 records (10043/sec)
✅ Imported 26,664,000 records (10043/sec)
✅ Imported 26,666,000 records (10043/sec)
✅ Imported 26,668,000 records (10044/sec)
✅ Imported 26,670,000 records (10044/sec)
✅ Imported 26,672,000 records (10044/sec)
✅ Imported 26,674,000 records (10044/sec)
✅ Imported 26,676,000 records (10045/sec)
✅ Imported 26,678,000 records (10045/sec)
✅ Imported 26,680,000 records (10045/sec)
✅ Imported 26,682,000 records (10046/sec)
✅ Imported 26,684,000 records (10046/sec)
✅ Imported 26,686,000 records (10046/sec)
✅ Imported 26,688,000 records (10046/sec)
✅ Imported 26,690,000 records (10047/sec)
✅ Imported 26,692,000 records (10047/sec)
✅ Imported 26,694,000 records (10047/sec)
✅ Imported 26,696,000 records (10047/sec)
✅ Imported 26,698,000 records (10048/sec)
✅ Imported 26,700,000 records (10048/sec)
✅ Imported 26,702,000 records (10048/sec)
✅ Imported 26,704,000 records (10049/sec)
✅ Imported 26,706,000 records (10049/sec)
✅ Imported 26,708,000 records (10049/sec)
✅ Imported 26,710,000 records (10050/sec)
✅ Imported 26,712,000 records (10050/sec)
✅ Imported 26,714,000 records (10050/sec)
✅ Imported 26,716,000 records (10051/sec)
✅ Imported 26,718,000 records (10051/sec)
✅ Imported 26,720,000 records (10051/sec)
✅ Imported 26,722,000 records (10052/sec)
✅ Imported 26,724,000 records (10052/sec)
✅ Imported 26,726,000 records (10052/sec)
✅ Imported 26,728,000 records (10053/sec)
✅ Imported 26,730,000 records (10053/sec)
✅ Imported 26,732,000 records (10054/sec)
✅ Imported 26,734,000 records (10054/sec)
✅ Imported 26,736,000 records (10054/sec)
✅ Imported 26,738,000 records (10054/sec)
✅ Imported 26,740,000 records (10055/sec)
✅ Imported 26,742,000 records (10055/sec)
✅ Imported 26,744,000 records (10055/sec)
✅ Imported 26,746,000 records (10055/sec)
✅ Imported 26,748,000 records (10056/sec)
✅ Imported 26,750,000 records (10056/sec)
✅ Imported 26,752,000 records (10056/sec)
✅ Imported 26,754,000 records (10056/sec)
✅ Imported 26,756,000 records (10057/sec)
✅ Imported 26,758,000 records (10057/sec)
✅ Imported 26,760,000 records (10057/sec)
✅ Imported 26,762,000 records (10057/sec)
✅ Imported 26,764,000 records (10058/sec)
✅ Imported 26,766,000 records (10058/sec)
✅ Imported 26,768,000 records (10058/sec)
✅ Imported 26,770,000 records (10058/sec)
✅ Imported 26,772,000 records (10059/sec)
✅ Imported 26,774,000 records (10059/sec)
✅ Imported 26,776,000 records (10059/sec)
✅ Imported 26,778,000 records (10059/sec)
✅ Imported 26,780,000 records (10060/sec)
✅ Imported 26,782,000 records (10060/sec)
✅ Imported 26,784,000 records (10060/sec)
✅ Imported 26,786,000 records (10060/sec)
✅ Imported 26,788,000 records (10060/sec)
✅ Imported 26,790,000 records (10060/sec)
✅ Imported 26,792,000 records (10059/sec)
✅ Imported 26,794,000 records (10059/sec)
✅ Imported 26,796,000 records (10058/sec)
✅ Imported 26,798,000 records (10058/sec)
✅ Imported 26,800,000 records (10058/sec)
✅ Imported 26,802,000 records (10059/sec)
✅ Imported 26,804,000 records (10059/sec)
✅ Imported 26,806,000 records (10059/sec)
✅ Imported 26,808,000 records (10059/sec)
✅ Imported 26,810,000 records (10059/sec)
✅ Imported 26,812,000 records (10060/sec)
✅ Imported 26,814,000 records (10060/sec)
✅ Imported 26,816,000 records (10060/sec)
✅ Imported 26,818,000 records (10060/sec)
✅ Imported 26,820,000 records (10060/sec)
✅ Imported 26,822,000 records (10060/sec)
✅ Imported 26,824,000 records (10061/sec)
✅ Imported 26,826,000 records (10061/sec)
✅ Imported 26,828,000 records (10061/sec)
✅ Imported 26,830,000 records (10062/sec)
✅ Imported 26,832,000 records (10062/sec)
✅ Imported 26,834,000 records (10062/sec)
✅ Imported 26,836,000 records (10063/sec)
✅ Imported 26,838,000 records (10063/sec)
✅ Imported 26,840,000 records (10063/sec)
✅ Imported 26,842,000 records (10063/sec)
✅ Imported 26,844,000 records (10064/sec)
✅ Imported 26,846,000 records (10064/sec)
✅ Imported 26,848,000 records (10064/sec)
✅ Imported 26,850,000 records (10065/sec)
✅ Imported 26,852,000 records (10065/sec)
✅ Imported 26,854,000 records (10066/sec)
✅ Imported 26,856,000 records (10066/sec)
✅ Imported 26,858,000 records (10066/sec)
✅ Imported 26,860,000 records (10066/sec)
✅ Imported 26,862,000 records (10065/sec)
✅ Imported 26,864,000 records (10065/sec)
✅ Imported 26,866,000 records (10065/sec)
✅ Imported 26,868,000 records (10061/sec)
✅ Imported 26,870,000 records (10060/sec)
✅ Imported 26,872,000 records (10058/sec)
✅ Imported 26,874,000 records (10058/sec)
✅ Imported 26,876,000 records (10057/sec)
✅ Imported 26,878,000 records (10057/sec)
✅ Imported 26,880,000 records (10057/sec)
✅ Imported 26,882,000 records (10057/sec)
✅ Imported 26,884,000 records (10058/sec)
✅ Imported 26,886,000 records (10058/sec)
✅ Imported 26,888,000 records (10058/sec)
✅ Imported 26,890,000 records (10058/sec)
✅ Imported 26,892,000 records (10058/sec)
✅ Imported 26,894,000 records (10059/sec)
✅ Imported 26,896,000 records (10059/sec)
✅ Imported 26,898,000 records (10059/sec)
✅ Imported 26,900,000 records (10059/sec)
✅ Imported 26,902,000 records (10058/sec)
✅ Imported 26,904,000 records (10058/sec)
✅ Imported 26,906,000 records (10058/sec)
✅ Imported 26,908,000 records (10058/sec)
✅ Imported 26,910,000 records (10058/sec)
✅ Imported 26,912,000 records (10058/sec)
✅ Imported 26,914,000 records (10058/sec)
✅ Imported 26,916,000 records (10058/sec)
✅ Imported 26,918,000 records (10059/sec)
✅ Imported 26,920,000 records (10059/sec)
✅ Imported 26,922,000 records (10059/sec)
✅ Imported 26,924,000 records (10059/sec)
✅ Imported 26,926,000 records (10059/sec)
✅ Imported 26,928,000 records (10060/sec)
✅ Imported 26,930,000 records (10060/sec)
✅ Imported 26,932,000 records (10061/sec)
✅ Imported 26,934,000 records (10061/sec)
✅ Imported 26,936,000 records (10061/sec)
✅ Imported 26,938,000 records (10062/sec)
✅ Imported 26,940,000 records (10062/sec)
✅ Imported 26,942,000 records (10062/sec)
✅ Imported 26,944,000 records (10063/sec)
✅ Imported 26,946,000 records (10063/sec)
✅ Imported 26,948,000 records (10063/sec)
✅ Imported 26,950,000 records (10064/sec)
✅ Imported 26,952,000 records (10064/sec)
✅ Imported 26,954,000 records (10064/sec)
✅ Imported 26,956,000 records (10064/sec)
✅ Imported 26,958,000 records (10065/sec)
✅ Imported 26,960,000 records (10065/sec)
✅ Imported 26,962,000 records (10065/sec)
✅ Imported 26,964,000 records (10065/sec)
✅ Imported 26,966,000 records (10066/sec)
✅ Imported 26,968,000 records (10066/sec)
✅ Imported 26,970,000 records (10066/sec)
✅ Imported 26,972,000 records (10066/sec)
✅ Imported 26,974,000 records (10066/sec)
✅ Imported 26,976,000 records (10066/sec)
✅ Imported 26,978,000 records (10067/sec)
✅ Imported 26,980,000 records (10067/sec)
✅ Imported 26,982,000 records (10067/sec)
✅ Imported 26,984,000 records (10067/sec)
✅ Imported 26,986,000 records (10067/sec)
✅ Imported 26,988,000 records (10068/sec)
✅ Imported 26,990,000 records (10068/sec)
✅ Imported 26,992,000 records (10068/sec)
✅ Imported 26,994,000 records (10069/sec)
✅ Imported 26,996,000 records (10069/sec)
✅ Imported 26,998,000 records (10069/sec)
✅ Imported 27,000,000 records (10069/sec)
✅ Imported 27,002,000 records (10069/sec)
✅ Imported 27,004,000 records (10069/sec)
✅ Imported 27,006,000 records (10069/sec)
✅ Imported 27,008,000 records (10069/sec)
✅ Imported 27,010,000 records (10069/sec)
✅ Imported 27,012,000 records (10069/sec)
✅ Imported 27,014,000 records (10069/sec)
✅ Imported 27,016,000 records (10070/sec)
✅ Imported 27,018,000 records (10070/sec)
✅ Imported 27,020,000 records (10070/sec)
✅ Imported 27,022,000 records (10070/sec)
✅ Imported 27,024,000 records (10070/sec)
✅ Imported 27,026,000 records (10071/sec)
✅ Imported 27,028,000 records (10071/sec)
✅ Imported 27,030,000 records (10072/sec)
✅ Imported 27,032,000 records (10072/sec)
✅ Imported 27,034,000 records (10072/sec)
✅ Imported 27,036,000 records (10072/sec)
✅ Imported 27,038,000 records (10073/sec)
✅ Imported 27,040,000 records (10073/sec)
✅ Imported 27,042,000 records (10073/sec)
✅ Imported 27,044,000 records (10073/sec)
✅ Imported 27,046,000 records (10073/sec)
✅ Imported 27,048,000 records (10073/sec)
✅ Imported 27,050,000 records (10073/sec)
✅ Imported 27,052,000 records (10073/sec)
✅ Imported 27,054,000 records (10073/sec)
✅ Imported 27,056,000 records (10074/sec)
✅ Imported 27,058,000 records (10074/sec)
✅ Imported 27,060,000 records (10074/sec)
✅ Imported 27,062,000 records (10074/sec)
✅ Imported 27,064,000 records (10073/sec)
✅ Imported 27,066,000 records (10074/sec)
✅ Imported 27,068,000 records (10074/sec)
✅ Imported 27,070,000 records (10074/sec)
✅ Imported 27,072,000 records (10074/sec)
✅ Imported 27,074,000 records (10075/sec)
✅ Imported 27,076,000 records (10075/sec)
✅ Imported 27,078,000 records (10075/sec)
✅ Imported 27,080,000 records (10076/sec)
✅ Imported 27,082,000 records (10076/sec)
✅ Imported 27,084,000 records (10076/sec)
✅ Imported 27,086,000 records (10077/sec)
✅ Imported 27,088,000 records (10077/sec)
✅ Imported 27,090,000 records (10077/sec)
✅ Imported 27,092,000 records (10078/sec)
✅ Imported 27,094,000 records (10078/sec)
✅ Imported 27,096,000 records (10078/sec)
✅ Imported 27,098,000 records (10078/sec)
✅ Imported 27,100,000 records (10079/sec)
✅ Imported 27,102,000 records (10079/sec)
✅ Imported 27,104,000 records (10079/sec)
✅ Imported 27,106,000 records (10079/sec)
✅ Imported 27,108,000 records (10080/sec)
✅ Imported 27,110,000 records (10080/sec)
✅ Imported 27,112,000 records (10080/sec)
✅ Imported 27,114,000 records (10080/sec)
✅ Imported 27,116,000 records (10080/sec)
✅ Imported 27,118,000 records (10080/sec)
✅ Imported 27,120,000 records (10080/sec)
✅ Imported 27,122,000 records (10081/sec)
✅ Imported 27,124,000 records (10081/sec)
✅ Imported 27,126,000 records (10081/sec)
✅ Imported 27,128,000 records (10081/sec)
✅ Imported 27,130,000 records (10082/sec)
✅ Imported 27,132,000 records (10082/sec)
✅ Imported 27,134,000 records (10082/sec)
✅ Imported 27,136,000 records (10082/sec)
✅ Imported 27,138,000 records (10082/sec)
✅ Imported 27,140,000 records (10083/sec)
✅ Imported 27,142,000 records (10083/sec)
✅ Imported 27,144,000 records (10083/sec)
✅ Imported 27,146,000 records (10084/sec)
✅ Imported 27,148,000 records (10084/sec)
✅ Imported 27,150,000 records (10084/sec)
✅ Imported 27,152,000 records (10085/sec)
✅ Imported 27,154,000 records (10085/sec)
✅ Imported 27,156,000 records (10085/sec)
✅ Imported 27,158,000 records (10086/sec)
✅ Imported 27,160,000 records (10086/sec)
✅ Imported 27,162,000 records (10086/sec)
✅ Imported 27,164,000 records (10086/sec)
✅ Imported 27,166,000 records (10086/sec)
✅ Imported 27,168,000 records (10087/sec)
✅ Imported 27,170,000 records (10087/sec)
✅ Imported 27,172,000 records (10087/sec)
✅ Imported 27,174,000 records (10087/sec)
✅ Imported 27,176,000 records (10087/sec)
✅ Imported 27,178,000 records (10088/sec)
✅ Imported 27,180,000 records (10088/sec)
✅ Imported 27,182,000 records (10088/sec)
✅ Imported 27,184,000 records (10088/sec)
✅ Imported 27,186,000 records (10088/sec)
✅ Imported 27,188,000 records (10089/sec)
✅ Imported 27,190,000 records (10089/sec)
✅ Imported 27,192,000 records (10088/sec)
✅ Imported 27,194,000 records (10087/sec)
✅ Imported 27,196,000 records (10087/sec)
✅ Imported 27,198,000 records (10087/sec)
✅ Imported 27,200,000 records (10087/sec)
✅ Imported 27,202,000 records (10087/sec)
✅ Imported 27,204,000 records (10087/sec)
✅ Imported 27,206,000 records (10087/sec)
✅ Imported 27,208,000 records (10087/sec)
✅ Imported 27,210,000 records (10088/sec)
✅ Imported 27,212,000 records (10088/sec)
✅ Imported 27,214,000 records (10088/sec)
✅ Imported 27,216,000 records (10089/sec)
✅ Imported 27,218,000 records (10088/sec)
✅ Imported 27,220,000 records (10089/sec)
✅ Imported 27,222,000 records (10089/sec)
✅ Imported 27,224,000 records (10089/sec)
✅ Imported 27,226,000 records (10089/sec)
✅ Imported 27,228,000 records (10089/sec)
✅ Imported 27,230,000 records (10089/sec)
✅ Imported 27,232,000 records (10089/sec)
✅ Imported 27,234,000 records (10090/sec)
✅ Imported 27,236,000 records (10090/sec)
✅ Imported 27,238,000 records (10090/sec)
✅ Imported 27,240,000 records (10090/sec)
✅ Imported 27,242,000 records (10090/sec)
✅ Imported 27,244,000 records (10089/sec)
✅ Imported 27,246,000 records (10089/sec)
✅ Imported 27,248,000 records (10089/sec)
✅ Imported 27,250,000 records (10089/sec)
✅ Imported 27,252,000 records (10089/sec)
✅ Imported 27,254,000 records (10089/sec)
✅ Imported 27,256,000 records (10089/sec)
✅ Imported 27,258,000 records (10090/sec)
✅ Imported 27,260,000 records (10090/sec)
✅ Imported 27,262,000 records (10091/sec)
✅ Imported 27,264,000 records (10091/sec)
✅ Imported 27,266,000 records (10091/sec)
✅ Imported 27,268,000 records (10091/sec)
✅ Imported 27,270,000 records (10091/sec)
✅ Imported 27,272,000 records (10091/sec)
✅ Imported 27,274,000 records (10092/sec)
✅ Imported 27,276,000 records (10092/sec)
✅ Imported 27,278,000 records (10093/sec)
✅ Imported 27,280,000 records (10093/sec)
✅ Imported 27,282,000 records (10093/sec)
✅ Imported 27,284,000 records (10094/sec)
✅ Imported 27,286,000 records (10094/sec)
✅ Imported 27,288,000 records (10094/sec)
✅ Imported 27,290,000 records (10095/sec)
✅ Imported 27,292,000 records (10095/sec)
✅ Imported 27,294,000 records (10095/sec)
✅ Imported 27,296,000 records (10096/sec)
✅ Imported 27,298,000 records (10096/sec)
✅ Imported 27,300,000 records (10096/sec)
✅ Imported 27,302,000 records (10097/sec)
✅ Imported 27,304,000 records (10097/sec)
✅ Imported 27,306,000 records (10097/sec)
✅ Imported 27,308,000 records (10097/sec)
✅ Imported 27,310,000 records (10097/sec)
✅ Imported 27,312,000 records (10098/sec)
✅ Imported 27,314,000 records (10098/sec)
✅ Imported 27,316,000 records (10098/sec)
✅ Imported 27,318,000 records (10098/sec)
✅ Imported 27,320,000 records (10099/sec)
✅ Imported 27,322,000 records (10099/sec)
✅ Imported 27,324,000 records (10099/sec)
✅ Imported 27,326,000 records (10100/sec)
✅ Imported 27,328,000 records (10100/sec)
✅ Imported 27,330,000 records (10100/sec)
✅ Imported 27,332,000 records (10100/sec)
✅ Imported 27,334,000 records (10101/sec)
✅ Imported 27,336,000 records (10101/sec)
✅ Imported 27,338,000 records (10101/sec)
✅ Imported 27,340,000 records (10102/sec)
✅ Imported 27,342,000 records (10102/sec)
✅ Imported 27,344,000 records (10102/sec)
✅ Imported 27,346,000 records (10103/sec)
✅ Imported 27,348,000 records (10103/sec)
✅ Imported 27,350,000 records (10104/sec)
✅ Imported 27,352,000 records (10104/sec)
✅ Imported 27,354,000 records (10104/sec)
✅ Imported 27,356,000 records (10105/sec)
✅ Imported 27,358,000 records (10105/sec)
✅ Imported 27,360,000 records (10106/sec)
✅ Imported 27,362,000 records (10106/sec)
✅ Imported 27,364,000 records (10106/sec)
✅ Imported 27,366,000 records (10107/sec)
✅ Imported 27,368,000 records (10107/sec)
✅ Imported 27,370,000 records (10108/sec)
✅ Imported 27,372,000 records (10108/sec)
✅ Imported 27,374,000 records (10108/sec)
✅ Imported 27,376,000 records (10108/sec)
✅ Imported 27,378,000 records (10109/sec)
✅ Imported 27,380,000 records (10109/sec)
✅ Imported 27,382,000 records (10110/sec)
✅ Imported 27,384,000 records (10109/sec)
✅ Imported 27,386,000 records (10110/sec)
✅ Imported 27,388,000 records (10110/sec)
✅ Imported 27,390,000 records (10110/sec)
✅ Imported 27,392,000 records (10111/sec)
✅ Imported 27,394,000 records (10111/sec)
✅ Imported 27,396,000 records (10111/sec)
✅ Imported 27,398,000 records (10112/sec)
✅ Imported 27,400,000 records (10112/sec)
✅ Imported 27,402,000 records (10112/sec)
✅ Imported 27,404,000 records (10113/sec)
✅ Imported 27,406,000 records (10113/sec)
✅ Imported 27,408,000 records (10113/sec)
✅ Imported 27,410,000 records (10113/sec)
✅ Imported 27,412,000 records (10114/sec)
✅ Imported 27,414,000 records (10114/sec)
✅ Imported 27,416,000 records (10115/sec)
✅ Imported 27,418,000 records (10115/sec)
✅ Imported 27,420,000 records (10115/sec)
✅ Imported 27,422,000 records (10116/sec)
✅ Imported 27,424,000 records (10116/sec)
✅ Imported 27,426,000 records (10117/sec)
✅ Imported 27,428,000 records (10117/sec)
✅ Imported 27,430,000 records (10117/sec)
✅ Imported 27,432,000 records (10117/sec)
✅ Imported 27,434,000 records (10118/sec)
✅ Imported 27,436,000 records (10118/sec)
✅ Imported 27,438,000 records (10118/sec)
✅ Imported 27,440,000 records (10119/sec)
✅ Imported 27,442,000 records (10119/sec)
✅ Imported 27,444,000 records (10120/sec)
✅ Imported 27,446,000 records (10120/sec)
✅ Imported 27,448,000 records (10120/sec)
✅ Imported 27,450,000 records (10121/sec)
✅ Imported 27,452,000 records (10121/sec)
✅ Imported 27,454,000 records (10121/sec)
✅ Imported 27,456,000 records (10122/sec)
✅ Imported 27,458,000 records (10122/sec)
✅ Imported 27,460,000 records (10122/sec)
✅ Imported 27,462,000 records (10122/sec)
✅ Imported 27,464,000 records (10123/sec)
✅ Imported 27,466,000 records (10123/sec)
✅ Imported 27,468,000 records (10124/sec)
✅ Imported 27,470,000 records (10124/sec)
✅ Imported 27,472,000 records (10125/sec)
✅ Imported 27,474,000 records (10125/sec)
✅ Imported 27,476,000 records (10125/sec)
✅ Imported 27,478,000 records (10126/sec)
✅ Imported 27,480,000 records (10126/sec)
✅ Imported 27,482,000 records (10126/sec)
✅ Imported 27,484,000 records (10126/sec)
✅ Imported 27,486,000 records (10127/sec)
✅ Imported 27,488,000 records (10127/sec)
✅ Imported 27,490,000 records (10126/sec)
✅ Imported 27,492,000 records (10126/sec)
✅ Imported 27,494,000 records (10127/sec)
✅ Imported 27,496,000 records (10127/sec)
✅ Imported 27,498,000 records (10127/sec)
✅ Imported 27,500,000 records (10127/sec)
✅ Imported 27,502,000 records (10127/sec)
✅ Imported 27,504,000 records (10128/sec)
✅ Imported 27,506,000 records (10128/sec)
✅ Imported 27,508,000 records (10128/sec)
✅ Imported 27,510,000 records (10129/sec)
✅ Imported 27,512,000 records (10129/sec)
✅ Imported 27,514,000 records (10129/sec)
✅ Imported 27,516,000 records (10129/sec)
✅ Imported 27,518,000 records (10130/sec)
✅ Imported 27,520,000 records (10130/sec)
✅ Imported 27,522,000 records (10130/sec)
✅ Imported 27,524,000 records (10130/sec)
✅ Imported 27,526,000 records (10131/sec)
✅ Imported 27,528,000 records (10131/sec)
✅ Imported 27,530,000 records (10131/sec)
✅ Imported 27,532,000 records (10132/sec)
✅ Imported 27,534,000 records (10132/sec)
✅ Imported 27,536,000 records (10132/sec)
✅ Imported 27,538,000 records (10133/sec)
✅ Imported 27,540,000 records (10133/sec)
✅ Imported 27,542,000 records (10133/sec)
✅ Imported 27,544,000 records (10134/sec)
✅ Imported 27,546,000 records (10134/sec)
✅ Imported 27,548,000 records (10134/sec)
✅ Imported 27,550,000 records (10134/sec)
✅ Imported 27,552,000 records (10135/sec)
✅ Imported 27,554,000 records (10135/sec)
✅ Imported 27,556,000 records (10135/sec)
✅ Imported 27,558,000 records (10135/sec)
✅ Imported 27,560,000 records (10136/sec)
✅ Imported 27,562,000 records (10136/sec)
✅ Imported 27,564,000 records (10136/sec)
✅ Imported 27,566,000 records (10136/sec)
✅ Imported 27,568,000 records (10137/sec)
✅ Imported 27,570,000 records (10137/sec)
✅ Imported 27,572,000 records (10137/sec)
✅ Imported 27,574,000 records (10137/sec)
✅ Imported 27,576,000 records (10138/sec)
✅ Imported 27,578,000 records (10138/sec)
✅ Imported 27,580,000 records (10138/sec)
✅ Imported 27,582,000 records (10139/sec)
✅ Imported 27,584,000 records (10139/sec)
✅ Imported 27,586,000 records (10139/sec)
✅ Imported 27,588,000 records (10139/sec)
✅ Imported 27,590,000 records (10136/sec)
✅ Imported 27,592,000 records (10136/sec)
✅ Imported 27,594,000 records (10137/sec)
✅ Imported 27,596,000 records (10137/sec)
✅ Imported 27,598,000 records (10137/sec)
✅ Imported 27,600,000 records (10137/sec)
✅ Imported 27,602,000 records (10138/sec)
✅ Imported 27,604,000 records (10138/sec)
✅ Imported 27,606,000 records (10138/sec)
✅ Imported 27,608,000 records (10139/sec)
✅ Imported 27,610,000 records (10139/sec)
✅ Imported 27,612,000 records (10139/sec)
✅ Imported 27,614,000 records (10140/sec)
✅ Imported 27,616,000 records (10140/sec)
✅ Imported 27,618,000 records (10140/sec)
✅ Imported 27,620,000 records (10140/sec)
✅ Imported 27,622,000 records (10141/sec)
✅ Imported 27,624,000 records (10141/sec)
✅ Imported 27,626,000 records (10141/sec)
✅ Imported 27,628,000 records (10142/sec)
✅ Imported 27,630,000 records (10142/sec)
✅ Imported 27,632,000 records (10142/sec)
✅ Imported 27,634,000 records (10142/sec)
✅ Imported 27,636,000 records (10143/sec)
✅ Imported 27,638,000 records (10143/sec)
✅ Imported 27,640,000 records (10143/sec)
✅ Imported 27,642,000 records (10144/sec)
✅ Imported 27,644,000 records (10144/sec)
✅ Imported 27,646,000 records (10144/sec)
✅ Imported 27,648,000 records (10144/sec)
✅ Imported 27,650,000 records (10145/sec)
✅ Imported 27,652,000 records (10145/sec)
✅ Imported 27,654,000 records (10145/sec)
✅ Imported 27,656,000 records (10146/sec)
✅ Imported 27,658,000 records (10146/sec)
✅ Imported 27,660,000 records (10146/sec)
✅ Imported 27,662,000 records (10147/sec)
✅ Imported 27,664,000 records (10147/sec)
✅ Imported 27,666,000 records (10147/sec)
✅ Imported 27,668,000 records (10148/sec)
✅ Imported 27,670,000 records (10148/sec)
✅ Imported 27,672,000 records (10148/sec)
✅ Imported 27,674,000 records (10148/sec)
✅ Imported 27,676,000 records (10149/sec)
✅ Imported 27,678,000 records (10149/sec)
✅ Imported 27,680,000 records (10150/sec)
✅ Imported 27,682,000 records (10150/sec)
✅ Imported 27,684,000 records (10150/sec)
✅ Imported 27,686,000 records (10151/sec)
✅ Imported 27,688,000 records (10151/sec)
✅ Imported 27,690,000 records (10151/sec)
✅ Imported 27,692,000 records (10152/sec)
✅ Imported 27,694,000 records (10152/sec)
✅ Imported 27,696,000 records (10152/sec)
✅ Imported 27,698,000 records (10153/sec)
✅ Imported 27,700,000 records (10153/sec)
✅ Imported 27,702,000 records (10153/sec)
✅ Imported 27,704,000 records (10154/sec)
✅ Imported 27,706,000 records (10154/sec)
✅ Imported 27,708,000 records (10154/sec)
✅ Imported 27,710,000 records (10155/sec)
✅ Imported 27,712,000 records (10155/sec)
✅ Imported 27,714,000 records (10155/sec)
✅ Imported 27,716,000 records (10156/sec)
✅ Imported 27,718,000 records (10155/sec)
✅ Imported 27,720,000 records (10155/sec)
✅ Imported 27,722,000 records (10155/sec)
✅ Imported 27,724,000 records (10156/sec)
✅ Imported 27,726,000 records (10155/sec)
✅ Imported 27,728,000 records (10155/sec)
✅ Imported 27,730,000 records (10156/sec)
✅ Imported 27,732,000 records (10156/sec)
✅ Imported 27,734,000 records (10156/sec)
✅ Imported 27,736,000 records (10156/sec)
✅ Imported 27,738,000 records (10156/sec)
✅ Imported 27,740,000 records (10155/sec)
✅ Imported 27,742,000 records (10152/sec)
✅ Imported 27,744,000 records (10151/sec)
✅ Imported 27,746,000 records (10152/sec)
✅ Imported 27,748,000 records (10152/sec)
✅ Imported 27,750,000 records (10152/sec)
✅ Imported 27,752,000 records (10152/sec)
✅ Imported 27,754,000 records (10152/sec)
✅ Imported 27,756,000 records (10153/sec)
✅ Imported 27,758,000 records (10153/sec)
✅ Imported 27,760,000 records (10153/sec)
✅ Imported 27,762,000 records (10153/sec)
✅ Imported 27,764,000 records (10154/sec)
✅ Imported 27,766,000 records (10154/sec)
✅ Imported 27,768,000 records (10154/sec)
✅ Imported 27,770,000 records (10154/sec)
✅ Imported 27,772,000 records (10154/sec)
✅ Imported 27,774,000 records (10155/sec)
✅ Imported 27,776,000 records (10155/sec)
✅ Imported 27,778,000 records (10154/sec)
✅ Imported 27,780,000 records (10155/sec)
✅ Imported 27,782,000 records (10155/sec)
✅ Imported 27,784,000 records (10155/sec)
✅ Imported 27,786,000 records (10156/sec)
✅ Imported 27,788,000 records (10156/sec)
✅ Imported 27,790,000 records (10156/sec)
✅ Imported 27,792,000 records (10156/sec)
✅ Imported 27,794,000 records (10156/sec)
✅ Imported 27,796,000 records (10157/sec)
✅ Imported 27,798,000 records (10157/sec)
✅ Imported 27,800,000 records (10157/sec)
✅ Imported 27,802,000 records (10158/sec)
✅ Imported 27,804,000 records (10157/sec)
✅ Imported 27,806,000 records (10158/sec)
✅ Imported 27,808,000 records (10158/sec)
✅ Imported 27,810,000 records (10158/sec)
✅ Imported 27,812,000 records (10158/sec)
✅ Imported 27,814,000 records (10159/sec)
✅ Imported 27,816,000 records (10159/sec)
✅ Imported 27,818,000 records (10159/sec)
✅ Imported 27,820,000 records (10160/sec)
✅ Imported 27,822,000 records (10160/sec)
✅ Imported 27,824,000 records (10160/sec)
✅ Imported 27,826,000 records (10161/sec)
✅ Imported 27,828,000 records (10161/sec)
✅ Imported 27,830,000 records (10161/sec)
✅ Imported 27,832,000 records (10162/sec)
✅ Imported 27,834,000 records (10162/sec)
✅ Imported 27,836,000 records (10162/sec)
✅ Imported 27,838,000 records (10162/sec)
✅ Imported 27,840,000 records (10162/sec)
✅ Imported 27,842,000 records (10163/sec)
✅ Imported 27,844,000 records (10163/sec)
✅ Imported 27,846,000 records (10163/sec)
✅ Imported 27,848,000 records (10163/sec)
✅ Imported 27,850,000 records (10163/sec)
✅ Imported 27,852,000 records (10163/sec)
✅ Imported 27,854,000 records (10163/sec)
✅ Imported 27,856,000 records (10164/sec)
✅ Imported 27,858,000 records (10164/sec)
✅ Imported 27,860,000 records (10164/sec)
✅ Imported 27,862,000 records (10164/sec)
✅ Imported 27,864,000 records (10164/sec)
✅ Imported 27,866,000 records (10165/sec)
✅ Imported 27,868,000 records (10165/sec)
✅ Imported 27,870,000 records (10165/sec)
✅ Imported 27,872,000 records (10165/sec)
✅ Imported 27,874,000 records (10165/sec)
✅ Imported 27,876,000 records (10166/sec)
✅ Imported 27,878,000 records (10166/sec)
✅ Imported 27,880,000 records (10166/sec)
✅ Imported 27,882,000 records (10167/sec)
✅ Imported 27,884,000 records (10167/sec)
✅ Imported 27,886,000 records (10167/sec)
✅ Imported 27,888,000 records (10167/sec)
✅ Imported 27,890,000 records (10168/sec)
✅ Imported 27,892,000 records (10168/sec)
✅ Imported 27,894,000 records (10168/sec)
✅ Imported 27,896,000 records (10168/sec)
✅ Imported 27,898,000 records (10169/sec)
✅ Imported 27,900,000 records (10169/sec)
✅ Imported 27,902,000 records (10169/sec)
✅ Imported 27,904,000 records (10169/sec)
✅ Imported 27,906,000 records (10170/sec)
✅ Imported 27,908,000 records (10170/sec)
✅ Imported 27,910,000 records (10170/sec)
✅ Imported 27,912,000 records (10170/sec)
✅ Imported 27,914,000 records (10170/sec)
✅ Imported 27,916,000 records (10170/sec)
✅ Imported 27,918,000 records (10170/sec)
✅ Imported 27,920,000 records (10169/sec)
✅ Imported 27,922,000 records (10169/sec)
✅ Imported 27,924,000 records (10169/sec)
✅ Imported 27,926,000 records (10169/sec)
✅ Imported 27,928,000 records (10169/sec)
✅ Imported 27,930,000 records (10169/sec)
✅ Imported 27,932,000 records (10169/sec)
✅ Imported 27,934,000 records (10170/sec)
✅ Imported 27,936,000 records (10170/sec)
✅ Imported 27,938,000 records (10170/sec)
✅ Imported 27,940,000 records (10170/sec)
✅ Imported 27,942,000 records (10171/sec)
✅ Imported 27,944,000 records (10171/sec)
✅ Imported 27,946,000 records (10171/sec)
✅ Imported 27,948,000 records (10172/sec)
✅ Imported 27,950,000 records (10172/sec)
✅ Imported 27,952,000 records (10172/sec)
✅ Imported 27,954,000 records (10172/sec)
✅ Imported 27,956,000 records (10173/sec)
✅ Imported 27,958,000 records (10173/sec)
✅ Imported 27,960,000 records (10173/sec)
✅ Imported 27,962,000 records (10173/sec)
✅ Imported 27,964,000 records (10174/sec)
✅ Imported 27,966,000 records (10174/sec)
✅ Imported 27,968,000 records (10174/sec)
✅ Imported 27,970,000 records (10174/sec)
✅ Imported 27,972,000 records (10175/sec)
✅ Imported 27,974,000 records (10175/sec)
✅ Imported 27,976,000 records (10175/sec)
✅ Imported 27,978,000 records (10175/sec)
✅ Imported 27,980,000 records (10175/sec)
✅ Imported 27,982,000 records (10175/sec)
✅ Imported 27,984,000 records (10176/sec)
✅ Imported 27,986,000 records (10176/sec)
✅ Imported 27,988,000 records (10176/sec)
✅ Imported 27,990,000 records (10176/sec)
✅ Imported 27,992,000 records (10177/sec)
✅ Imported 27,994,000 records (10177/sec)
✅ Imported 27,996,000 records (10177/sec)
✅ Imported 27,998,000 records (10177/sec)
✅ Imported 28,000,000 records (10178/sec)
✅ Imported 28,002,000 records (10178/sec)
✅ Imported 28,004,000 records (10178/sec)
✅ Imported 28,006,000 records (10178/sec)
✅ Imported 28,008,000 records (10179/sec)
✅ Imported 28,010,000 records (10179/sec)
✅ Imported 28,012,000 records (10179/sec)
✅ Imported 28,014,000 records (10180/sec)
✅ Imported 28,016,000 records (10180/sec)
✅ Imported 28,018,000 records (10180/sec)
✅ Imported 28,020,000 records (10181/sec)
✅ Imported 28,022,000 records (10181/sec)
✅ Imported 28,024,000 records (10181/sec)
✅ Imported 28,026,000 records (10182/sec)
✅ Imported 28,028,000 records (10182/sec)
✅ Imported 28,030,000 records (10182/sec)
✅ Imported 28,032,000 records (10183/sec)
✅ Imported 28,034,000 records (10183/sec)
✅ Imported 28,036,000 records (10183/sec)
✅ Imported 28,038,000 records (10184/sec)
✅ Imported 28,040,000 records (10184/sec)
✅ Imported 28,042,000 records (10184/sec)
✅ Imported 28,044,000 records (10184/sec)
✅ Imported 28,046,000 records (10184/sec)
✅ Imported 28,048,000 records (10185/sec)
✅ Imported 28,050,000 records (10185/sec)
✅ Imported 28,052,000 records (10185/sec)
✅ Imported 28,054,000 records (10185/sec)
✅ Imported 28,056,000 records (10186/sec)
✅ Imported 28,058,000 records (10186/sec)
✅ Imported 28,060,000 records (10186/sec)
✅ Imported 28,062,000 records (10186/sec)
✅ Imported 28,064,000 records (10187/sec)
✅ Imported 28,066,000 records (10187/sec)
✅ Imported 28,068,000 records (10186/sec)
✅ Imported 28,070,000 records (10186/sec)
✅ Imported 28,072,000 records (10186/sec)
✅ Imported 28,074,000 records (10186/sec)
✅ Imported 28,076,000 records (10186/sec)
✅ Imported 28,078,000 records (10186/sec)
✅ Imported 28,080,000 records (10186/sec)
✅ Imported 28,082,000 records (10186/sec)
✅ Imported 28,084,000 records (10186/sec)
✅ Imported 28,086,000 records (10186/sec)
✅ Imported 28,088,000 records (10186/sec)
✅ Imported 28,090,000 records (10186/sec)
✅ Imported 28,092,000 records (10187/sec)
✅ Imported 28,094,000 records (10187/sec)
✅ Imported 28,096,000 records (10187/sec)
✅ Imported 28,098,000 records (10187/sec)
✅ Imported 28,100,000 records (10187/sec)
✅ Imported 28,102,000 records (10187/sec)
✅ Imported 28,104,000 records (10187/sec)
✅ Imported 28,106,000 records (10187/sec)
✅ Imported 28,108,000 records (10188/sec)
✅ Imported 28,110,000 records (10188/sec)
✅ Imported 28,112,000 records (10188/sec)
✅ Imported 28,114,000 records (10188/sec)
✅ Imported 28,116,000 records (10188/sec)
✅ Imported 28,118,000 records (10188/sec)
✅ Imported 28,120,000 records (10188/sec)
✅ Imported 28,122,000 records (10188/sec)
✅ Imported 28,124,000 records (10187/sec)
✅ Imported 28,126,000 records (10187/sec)
✅ Imported 28,128,000 records (10187/sec)
✅ Imported 28,130,000 records (10187/sec)
✅ Imported 28,132,000 records (10186/sec)
✅ Imported 28,134,000 records (10186/sec)
✅ Imported 28,136,000 records (10185/sec)
✅ Imported 28,138,000 records (10185/sec)
✅ Imported 28,140,000 records (10184/sec)
✅ Imported 28,142,000 records (10184/sec)
✅ Imported 28,144,000 records (10183/sec)
✅ Imported 28,146,000 records (10183/sec)
✅ Imported 28,148,000 records (10182/sec)
✅ Imported 28,150,000 records (10182/sec)
✅ Imported 28,152,000 records (10182/sec)
✅ Imported 28,154,000 records (10182/sec)
✅ Imported 28,156,000 records (10181/sec)
✅ Imported 28,158,000 records (10180/sec)
✅ Imported 28,160,000 records (10178/sec)
✅ Imported 28,162,000 records (10176/sec)
✅ Imported 28,164,000 records (10176/sec)
✅ Imported 28,166,000 records (10176/sec)
✅ Imported 28,168,000 records (10175/sec)
✅ Imported 28,170,000 records (10175/sec)
✅ Imported 28,172,000 records (10174/sec)
✅ Imported 28,174,000 records (10172/sec)
✅ Imported 28,176,000 records (10171/sec)
✅ Imported 28,178,000 records (10170/sec)
✅ Imported 28,180,000 records (10169/sec)
✅ Imported 28,182,000 records (10167/sec)
✅ Imported 28,184,000 records (10167/sec)
✅ Imported 28,186,000 records (10166/sec)
✅ Imported 28,188,000 records (10166/sec)
✅ Imported 28,190,000 records (10165/sec)
✅ Imported 28,192,000 records (10165/sec)
✅ Imported 28,194,000 records (10165/sec)
✅ Imported 28,196,000 records (10164/sec)
✅ Imported 28,198,000 records (10164/sec)
✅ Imported 28,200,000 records (10164/sec)
✅ Imported 28,202,000 records (10163/sec)
✅ Imported 28,204,000 records (10162/sec)
✅ Imported 28,206,000 records (10162/sec)
✅ Imported 28,208,000 records (10162/sec)
✅ Imported 28,210,000 records (10162/sec)
✅ Imported 28,212,000 records (10162/sec)
✅ Imported 28,214,000 records (10163/sec)
✅ Imported 28,216,000 records (10163/sec)
✅ Imported 28,218,000 records (10163/sec)
✅ Imported 28,220,000 records (10163/sec)
✅ Imported 28,222,000 records (10163/sec)
✅ Imported 28,224,000 records (10164/sec)
✅ Imported 28,226,000 records (10164/sec)
✅ Imported 28,228,000 records (10164/sec)
✅ Imported 28,230,000 records (10164/sec)
✅ Imported 28,232,000 records (10165/sec)
✅ Imported 28,234,000 records (10165/sec)
✅ Imported 28,236,000 records (10165/sec)
✅ Imported 28,238,000 records (10166/sec)
✅ Imported 28,240,000 records (10166/sec)
✅ Imported 28,242,000 records (10166/sec)
✅ Imported 28,244,000 records (10167/sec)
✅ Imported 28,246,000 records (10167/sec)
✅ Imported 28,248,000 records (10167/sec)
✅ Imported 28,250,000 records (10167/sec)
✅ Imported 28,252,000 records (10167/sec)
✅ Imported 28,254,000 records (10167/sec)
✅ Imported 28,256,000 records (10168/sec)
✅ Imported 28,258,000 records (10168/sec)
✅ Imported 28,260,000 records (10168/sec)
✅ Imported 28,262,000 records (10168/sec)
✅ Imported 28,264,000 records (10168/sec)
✅ Imported 28,266,000 records (10168/sec)
✅ Imported 28,268,000 records (10169/sec)
✅ Imported 28,270,000 records (10169/sec)
✅ Imported 28,272,000 records (10169/sec)
✅ Imported 28,274,000 records (10169/sec)
✅ Imported 28,276,000 records (10170/sec)
✅ Imported 28,278,000 records (10170/sec)
✅ Imported 28,280,000 records (10170/sec)
✅ Imported 28,282,000 records (10170/sec)
✅ Imported 28,284,000 records (10171/sec)
✅ Imported 28,286,000 records (10171/sec)
✅ Imported 28,288,000 records (10171/sec)
✅ Imported 28,290,000 records (10171/sec)
✅ Imported 28,292,000 records (10170/sec)
✅ Imported 28,294,000 records (10170/sec)
✅ Imported 28,296,000 records (10170/sec)
✅ Imported 28,298,000 records (10170/sec)
✅ Imported 28,300,000 records (10171/sec)
✅ Imported 28,302,000 records (10171/sec)
✅ Imported 28,304,000 records (10171/sec)
✅ Imported 28,306,000 records (10172/sec)
✅ Imported 28,308,000 records (10172/sec)
✅ Imported 28,310,000 records (10172/sec)
✅ Imported 28,312,000 records (10172/sec)
✅ Imported 28,314,000 records (10172/sec)
✅ Imported 28,316,000 records (10172/sec)
✅ Imported 28,318,000 records (10172/sec)
✅ Imported 28,320,000 records (10172/sec)
✅ Imported 28,322,000 records (10172/sec)
✅ Imported 28,324,000 records (10173/sec)
✅ Imported 28,326,000 records (10173/sec)
✅ Imported 28,328,000 records (10173/sec)
✅ Imported 28,330,000 records (10173/sec)
✅ Imported 28,332,000 records (10174/sec)
✅ Imported 28,334,000 records (10174/sec)
✅ Imported 28,336,000 records (10174/sec)
✅ Imported 28,338,000 records (10174/sec)
✅ Imported 28,340,000 records (10175/sec)
✅ Imported 28,342,000 records (10175/sec)
✅ Imported 28,344,000 records (10175/sec)
✅ Imported 28,346,000 records (10176/sec)
✅ Imported 28,348,000 records (10176/sec)
✅ Imported 28,350,000 records (10176/sec)
✅ Imported 28,352,000 records (10177/sec)
✅ Imported 28,354,000 records (10177/sec)
✅ Imported 28,356,000 records (10177/sec)
✅ Imported 28,358,000 records (10178/sec)
✅ Imported 28,360,000 records (10178/sec)
✅ Imported 28,362,000 records (10178/sec)
✅ Imported 28,364,000 records (10179/sec)
✅ Imported 28,366,000 records (10179/sec)
✅ Imported 28,368,000 records (10179/sec)
✅ Imported 28,370,000 records (10180/sec)
✅ Imported 28,372,000 records (10180/sec)
✅ Imported 28,374,000 records (10181/sec)
✅ Imported 28,376,000 records (10181/sec)
✅ Imported 28,378,000 records (10181/sec)
✅ Imported 28,380,000 records (10182/sec)
✅ Imported 28,382,000 records (10181/sec)
✅ Imported 28,384,000 records (10181/sec)
✅ Imported 28,386,000 records (10181/sec)
✅ Imported 28,388,000 records (10181/sec)
✅ Imported 28,390,000 records (10181/sec)
✅ Imported 28,392,000 records (10181/sec)
✅ Imported 28,394,000 records (10181/sec)
✅ Imported 28,396,000 records (10182/sec)
✅ Imported 28,398,000 records (10182/sec)
✅ Imported 28,400,000 records (10182/sec)
✅ Imported 28,402,000 records (10182/sec)
✅ Imported 28,404,000 records (10182/sec)
✅ Imported 28,406,000 records (10182/sec)
✅ Imported 28,408,000 records (10182/sec)
✅ Imported 28,410,000 records (10183/sec)
✅ Imported 28,412,000 records (10183/sec)
✅ Imported 28,414,000 records (10183/sec)
✅ Imported 28,416,000 records (10182/sec)
✅ Imported 28,418,000 records (10181/sec)
✅ Imported 28,420,000 records (10181/sec)
✅ Imported 28,422,000 records (10181/sec)
✅ Imported 28,424,000 records (10181/sec)
✅ Imported 28,426,000 records (10180/sec)
✅ Imported 28,428,000 records (10179/sec)
✅ Imported 28,430,000 records (10177/sec)
✅ Imported 28,432,000 records (10172/sec)
✅ Imported 28,434,000 records (10169/sec)
✅ Imported 28,436,000 records (10168/sec)
✅ Imported 28,438,000 records (10167/sec)
✅ Imported 28,440,000 records (10167/sec)
✅ Imported 28,442,000 records (10166/sec)
✅ Imported 28,444,000 records (10165/sec)
✅ Imported 28,446,000 records (10165/sec)
✅ Imported 28,448,000 records (10165/sec)
✅ Imported 28,450,000 records (10164/sec)
✅ Imported 28,452,000 records (10165/sec)
✅ Imported 28,454,000 records (10164/sec)
✅ Imported 28,456,000 records (10164/sec)
✅ Imported 28,458,000 records (10163/sec)
✅ Imported 28,460,000 records (10163/sec)
✅ Imported 28,462,000 records (10163/sec)
✅ Imported 28,464,000 records (10163/sec)
✅ Imported 28,466,000 records (10163/sec)
✅ Imported 28,468,000 records (10163/sec)
✅ Imported 28,470,000 records (10162/sec)
✅ Imported 28,472,000 records (10162/sec)
✅ Imported 28,474,000 records (10162/sec)
✅ Imported 28,476,000 records (10162/sec)
✅ Imported 28,478,000 records (10162/sec)
✅ Imported 28,480,000 records (10161/sec)
✅ Imported 28,482,000 records (10161/sec)
✅ Imported 28,484,000 records (10161/sec)
✅ Imported 28,486,000 records (10161/sec)
✅ Imported 28,488,000 records (10161/sec)
✅ Imported 28,490,000 records (10160/sec)
✅ Imported 28,492,000 records (10160/sec)
✅ Imported 28,494,000 records (10161/sec)
✅ Imported 28,496,000 records (10161/sec)
✅ Imported 28,498,000 records (10161/sec)
✅ Imported 28,500,000 records (10161/sec)
✅ Imported 28,502,000 records (10161/sec)
✅ Imported 28,504,000 records (10160/sec)
✅ Imported 28,506,000 records (10160/sec)
✅ Imported 28,508,000 records (10159/sec)
✅ Imported 28,510,000 records (10159/sec)
✅ Imported 28,512,000 records (10159/sec)
✅ Imported 28,514,000 records (10159/sec)
✅ Imported 28,516,000 records (10158/sec)
✅ Imported 28,518,000 records (10158/sec)
✅ Imported 28,520,000 records (10158/sec)
✅ Imported 28,522,000 records (10158/sec)
✅ Imported 28,524,000 records (10158/sec)
✅ Imported 28,526,000 records (10157/sec)
✅ Imported 28,528,000 records (10157/sec)
✅ Imported 28,530,000 records (10157/sec)
✅ Imported 28,532,000 records (10156/sec)
✅ Imported 28,534,000 records (10156/sec)
✅ Imported 28,536,000 records (10156/sec)
✅ Imported 28,538,000 records (10156/sec)
✅ Imported 28,540,000 records (10156/sec)
✅ Imported 28,542,000 records (10156/sec)
✅ Imported 28,544,000 records (10156/sec)
✅ Imported 28,546,000 records (10156/sec)
✅ Imported 28,548,000 records (10156/sec)
✅ Imported 28,550,000 records (10154/sec)
✅ Imported 28,552,000 records (10154/sec)
✅ Imported 28,554,000 records (10154/sec)
✅ Imported 28,556,000 records (10154/sec)
✅ Imported 28,558,000 records (10154/sec)
✅ Imported 28,560,000 records (10154/sec)
✅ Imported 28,562,000 records (10154/sec)
✅ Imported 28,564,000 records (10154/sec)
✅ Imported 28,566,000 records (10154/sec)
✅ Imported 28,568,000 records (10153/sec)
✅ Imported 28,570,000 records (10153/sec)
✅ Imported 28,572,000 records (10153/sec)
✅ Imported 28,574,000 records (10153/sec)
✅ Imported 28,576,000 records (10153/sec)
✅ Imported 28,578,000 records (10152/sec)
✅ Imported 28,580,000 records (10152/sec)
✅ Imported 28,582,000 records (10152/sec)
✅ Imported 28,584,000 records (10151/sec)
✅ Imported 28,586,000 records (10150/sec)
✅ Imported 28,588,000 records (10149/sec)
✅ Imported 28,590,000 records (10149/sec)
✅ Imported 28,592,000 records (10149/sec)
✅ Imported 28,594,000 records (10149/sec)
✅ Imported 28,596,000 records (10150/sec)
✅ Imported 28,598,000 records (10150/sec)
✅ Imported 28,600,000 records (10150/sec)
✅ Imported 28,602,000 records (10149/sec)
✅ Imported 28,604,000 records (10149/sec)
✅ Imported 28,606,000 records (10149/sec)
✅ Imported 28,608,000 records (10148/sec)
✅ Imported 28,610,000 records (10148/sec)
✅ Imported 28,612,000 records (10147/sec)
✅ Imported 28,614,000 records (10147/sec)
✅ Imported 28,616,000 records (10147/sec)
✅ Imported 28,618,000 records (10146/sec)
✅ Imported 28,620,000 records (10146/sec)
✅ Imported 28,622,000 records (10146/sec)
✅ Imported 28,624,000 records (10146/sec)
✅ Imported 28,626,000 records (10146/sec)
✅ Imported 28,628,000 records (10146/sec)
✅ Imported 28,630,000 records (10146/sec)
✅ Imported 28,632,000 records (10146/sec)
✅ Imported 28,634,000 records (10147/sec)
✅ Imported 28,636,000 records (10147/sec)
✅ Imported 28,638,000 records (10147/sec)
✅ Imported 28,640,000 records (10148/sec)
✅ Imported 28,642,000 records (10148/sec)
✅ Imported 28,644,000 records (10148/sec)
✅ Imported 28,646,000 records (10148/sec)
✅ Imported 28,648,000 records (10149/sec)
✅ Imported 28,650,000 records (10149/sec)
✅ Imported 28,652,000 records (10149/sec)
✅ Imported 28,654,000 records (10149/sec)
✅ Imported 28,656,000 records (10149/sec)
✅ Imported 28,658,000 records (10149/sec)
✅ Imported 28,660,000 records (10149/sec)
✅ Imported 28,662,000 records (10149/sec)
✅ Imported 28,664,000 records (10149/sec)
✅ Imported 28,666,000 records (10148/sec)
✅ Imported 28,668,000 records (10148/sec)
✅ Imported 28,670,000 records (10147/sec)
✅ Imported 28,672,000 records (10147/sec)
✅ Imported 28,674,000 records (10147/sec)
✅ Imported 28,676,000 records (10147/sec)
✅ Imported 28,678,000 records (10147/sec)
✅ Imported 28,680,000 records (10147/sec)
✅ Imported 28,682,000 records (10148/sec)
✅ Imported 28,684,000 records (10148/sec)
✅ Imported 28,686,000 records (10148/sec)
✅ Imported 28,688,000 records (10148/sec)
✅ Imported 28,690,000 records (10148/sec)
✅ Imported 28,692,000 records (10148/sec)
✅ Imported 28,694,000 records (10148/sec)
✅ Imported 28,696,000 records (10148/sec)
✅ Imported 28,698,000 records (10148/sec)
✅ Imported 28,700,000 records (10148/sec)
✅ Imported 28,702,000 records (10148/sec)
✅ Imported 28,704,000 records (10148/sec)
✅ Imported 28,706,000 records (10148/sec)
✅ Imported 28,708,000 records (10148/sec)
✅ Imported 28,710,000 records (10148/sec)
✅ Imported 28,712,000 records (10148/sec)
✅ Imported 28,714,000 records (10148/sec)
✅ Imported 28,716,000 records (10148/sec)
✅ Imported 28,718,000 records (10147/sec)
✅ Imported 28,720,000 records (10147/sec)
✅ Imported 28,722,000 records (10146/sec)
✅ Imported 28,724,000 records (10146/sec)
✅ Imported 28,726,000 records (10146/sec)
✅ Imported 28,728,000 records (10146/sec)
✅ Imported 28,730,000 records (10145/sec)
✅ Imported 28,732,000 records (10145/sec)
✅ Imported 28,734,000 records (10145/sec)
✅ Imported 28,736,000 records (10145/sec)
✅ Imported 28,738,000 records (10145/sec)
✅ Imported 28,740,000 records (10145/sec)
✅ Imported 28,742,000 records (10145/sec)
✅ Imported 28,744,000 records (10146/sec)
✅ Imported 28,746,000 records (10146/sec)
✅ Imported 28,748,000 records (10145/sec)
✅ Imported 28,750,000 records (10146/sec)
✅ Imported 28,752,000 records (10146/sec)
✅ Imported 28,754,000 records (10146/sec)
✅ Imported 28,756,000 records (10146/sec)
✅ Imported 28,758,000 records (10146/sec)
✅ Imported 28,760,000 records (10146/sec)
✅ Imported 28,762,000 records (10144/sec)
✅ Imported 28,764,000 records (10144/sec)
✅ Imported 28,766,000 records (10144/sec)
✅ Imported 28,768,000 records (10144/sec)
✅ Imported 28,770,000 records (10144/sec)
✅ Imported 28,772,000 records (10144/sec)
✅ Imported 28,774,000 records (10144/sec)
✅ Imported 28,776,000 records (10145/sec)
✅ Imported 28,778,000 records (10145/sec)
✅ Imported 28,780,000 records (10145/sec)
✅ Imported 28,782,000 records (10145/sec)
✅ Imported 28,784,000 records (10145/sec)
✅ Imported 28,786,000 records (10145/sec)
✅ Imported 28,788,000 records (10145/sec)
✅ Imported 28,790,000 records (10145/sec)
✅ Imported 28,792,000 records (10145/sec)
✅ Imported 28,794,000 records (10145/sec)
✅ Imported 28,796,000 records (10145/sec)
✅ Imported 28,798,000 records (10145/sec)
✅ Imported 28,800,000 records (10145/sec)
✅ Imported 28,802,000 records (10145/sec)
✅ Imported 28,804,000 records (10145/sec)
✅ Imported 28,806,000 records (10146/sec)
✅ Imported 28,808,000 records (10146/sec)
✅ Imported 28,810,000 records (10146/sec)
✅ Imported 28,812,000 records (10146/sec)
✅ Imported 28,814,000 records (10146/sec)
✅ Imported 28,816,000 records (10146/sec)
✅ Imported 28,818,000 records (10147/sec)
✅ Imported 28,820,000 records (10147/sec)
✅ Imported 28,822,000 records (10147/sec)
✅ Imported 28,824,000 records (10147/sec)
✅ Imported 28,826,000 records (10147/sec)
✅ Imported 28,828,000 records (10148/sec)
✅ Imported 28,830,000 records (10148/sec)
✅ Imported 28,832,000 records (10148/sec)
✅ Imported 28,834,000 records (10148/sec)
✅ Imported 28,836,000 records (10149/sec)
✅ Imported 28,838,000 records (10149/sec)
✅ Imported 28,840,000 records (10149/sec)
✅ Imported 28,842,000 records (10150/sec)
✅ Imported 28,844,000 records (10150/sec)
✅ Imported 28,846,000 records (10150/sec)
✅ Imported 28,848,000 records (10150/sec)
✅ Imported 28,850,000 records (10150/sec)
✅ Imported 28,852,000 records (10151/sec)
✅ Imported 28,854,000 records (10151/sec)
✅ Imported 28,856,000 records (10151/sec)
✅ Imported 28,858,000 records (10151/sec)
✅ Imported 28,860,000 records (10151/sec)
✅ Imported 28,862,000 records (10151/sec)
✅ Imported 28,864,000 records (10151/sec)
✅ Imported 28,866,000 records (10151/sec)
✅ Imported 28,868,000 records (10151/sec)
✅ Imported 28,870,000 records (10151/sec)
✅ Imported 28,872,000 records (10151/sec)
✅ Imported 28,874,000 records (10151/sec)
✅ Imported 28,876,000 records (10151/sec)
✅ Imported 28,878,000 records (10151/sec)
✅ Imported 28,880,000 records (10150/sec)
✅ Imported 28,882,000 records (10151/sec)
✅ Imported 28,884,000 records (10150/sec)
✅ Imported 28,886,000 records (10151/sec)
✅ Imported 28,888,000 records (10151/sec)
✅ Imported 28,890,000 records (10151/sec)
✅ Imported 28,892,000 records (10151/sec)
✅ Imported 28,894,000 records (10152/sec)
✅ Imported 28,896,000 records (10152/sec)
✅ Imported 28,898,000 records (10152/sec)
✅ Imported 28,900,000 records (10152/sec)
✅ Imported 28,902,000 records (10152/sec)
✅ Imported 28,904,000 records (10153/sec)
✅ Imported 28,906,000 records (10153/sec)
✅ Imported 28,908,000 records (10153/sec)
✅ Imported 28,910,000 records (10153/sec)
✅ Imported 28,912,000 records (10154/sec)
✅ Imported 28,914,000 records (10154/sec)
✅ Imported 28,916,000 records (10154/sec)
✅ Imported 28,918,000 records (10154/sec)
✅ Imported 28,920,000 records (10154/sec)
✅ Imported 28,922,000 records (10155/sec)
✅ Imported 28,924,000 records (10155/sec)
✅ Imported 28,926,000 records (10155/sec)
✅ Imported 28,928,000 records (10155/sec)
✅ Imported 28,930,000 records (10156/sec)
✅ Imported 28,932,000 records (10156/sec)
✅ Imported 28,934,000 records (10156/sec)
✅ Imported 28,936,000 records (10156/sec)
✅ Imported 28,938,000 records (10155/sec)
✅ Imported 28,940,000 records (10155/sec)
✅ Imported 28,942,000 records (10155/sec)
✅ Imported 28,944,000 records (10155/sec)
✅ Imported 28,946,000 records (10155/sec)
✅ Imported 28,948,000 records (10155/sec)
✅ Imported 28,950,000 records (10155/sec)
✅ Imported 28,952,000 records (10155/sec)
✅ Imported 28,954,000 records (10154/sec)
✅ Imported 28,956,000 records (10154/sec)
✅ Imported 28,958,000 records (10154/sec)
✅ Imported 28,960,000 records (10154/sec)
✅ Imported 28,962,000 records (10154/sec)
✅ Imported 28,964,000 records (10154/sec)
✅ Imported 28,966,000 records (10155/sec)
✅ Imported 28,968,000 records (10155/sec)
✅ Imported 28,970,000 records (10155/sec)
✅ Imported 28,972,000 records (10155/sec)
✅ Imported 28,974,000 records (10156/sec)
✅ Imported 28,976,000 records (10156/sec)
✅ Imported 28,978,000 records (10156/sec)
✅ Imported 28,980,000 records (10156/sec)
✅ Imported 28,982,000 records (10156/sec)
✅ Imported 28,984,000 records (10156/sec)
✅ Imported 28,986,000 records (10156/sec)
✅ Imported 28,988,000 records (10156/sec)
✅ Imported 28,990,000 records (10156/sec)
✅ Imported 28,992,000 records (10156/sec)
✅ Imported 28,994,000 records (10156/sec)
✅ Imported 28,996,000 records (10155/sec)
✅ Imported 28,998,000 records (10155/sec)
✅ Imported 29,000,000 records (10154/sec)
✅ Imported 29,002,000 records (10149/sec)
✅ Imported 29,004,000 records (10148/sec)
✅ Imported 29,006,000 records (10145/sec)
✅ Imported 29,008,000 records (10144/sec)
✅ Imported 29,010,000 records (10143/sec)
✅ Imported 29,012,000 records (10142/sec)
✅ Imported 29,014,000 records (10142/sec)
✅ Imported 29,016,000 records (10142/sec)
✅ Imported 29,018,000 records (10138/sec)
✅ Imported 29,020,000 records (10138/sec)
✅ Imported 29,022,000 records (10138/sec)
✅ Imported 29,024,000 records (10138/sec)
✅ Imported 29,026,000 records (10138/sec)
✅ Imported 29,028,000 records (10138/sec)
✅ Imported 29,030,000 records (10138/sec)
✅ Imported 29,032,000 records (10138/sec)
✅ Imported 29,034,000 records (10138/sec)
✅ Imported 29,036,000 records (10138/sec)
✅ Imported 29,038,000 records (10138/sec)
✅ Imported 29,040,000 records (10139/sec)
✅ Imported 29,042,000 records (10138/sec)
✅ Imported 29,044,000 records (10138/sec)
✅ Imported 29,046,000 records (10138/sec)
✅ Imported 29,048,000 records (10137/sec)
✅ Imported 29,050,000 records (10137/sec)
✅ Imported 29,052,000 records (10137/sec)
✅ Imported 29,054,000 records (10137/sec)
✅ Imported 29,056,000 records (10136/sec)
✅ Imported 29,058,000 records (10136/sec)
✅ Imported 29,060,000 records (10137/sec)
✅ Imported 29,062,000 records (10137/sec)
✅ Imported 29,064,000 records (10137/sec)
✅ Imported 29,066,000 records (10137/sec)
✅ Imported 29,068,000 records (10137/sec)
✅ Imported 29,070,000 records (10137/sec)
✅ Imported 29,072,000 records (10137/sec)
✅ Imported 29,074,000 records (10137/sec)
✅ Imported 29,076,000 records (10138/sec)
✅ Imported 29,078,000 records (10138/sec)
✅ Imported 29,080,000 records (10138/sec)
✅ Imported 29,082,000 records (10138/sec)
✅ Imported 29,084,000 records (10138/sec)
✅ Imported 29,086,000 records (10138/sec)
✅ Imported 29,088,000 records (10138/sec)
✅ Imported 29,090,000 records (10137/sec)
✅ Imported 29,092,000 records (10137/sec)
✅ Imported 29,094,000 records (10137/sec)
✅ Imported 29,096,000 records (10137/sec)
✅ Imported 29,098,000 records (10137/sec)
✅ Imported 29,100,000 records (10137/sec)
✅ Imported 29,102,000 records (10137/sec)
✅ Imported 29,104,000 records (10138/sec)
✅ Imported 29,106,000 records (10137/sec)
✅ Imported 29,108,000 records (10136/sec)
✅ Imported 29,110,000 records (10136/sec)
✅ Imported 29,112,000 records (10136/sec)
✅ Imported 29,114,000 records (10136/sec)
✅ Imported 29,116,000 records (10137/sec)
✅ Imported 29,118,000 records (10137/sec)
✅ Imported 29,120,000 records (10137/sec)
✅ Imported 29,122,000 records (10137/sec)
✅ Imported 29,124,000 records (10137/sec)
✅ Imported 29,126,000 records (10138/sec)
✅ Imported 29,128,000 records (10138/sec)
✅ Imported 29,130,000 records (10137/sec)
✅ Imported 29,132,000 records (10137/sec)
✅ Imported 29,134,000 records (10137/sec)
✅ Imported 29,136,000 records (10137/sec)
✅ Imported 29,138,000 records (10137/sec)
✅ Imported 29,140,000 records (10137/sec)
✅ Imported 29,142,000 records (10137/sec)
✅ Imported 29,144,000 records (10136/sec)
✅ Imported 29,146,000 records (10136/sec)
✅ Imported 29,148,000 records (10136/sec)
✅ Imported 29,150,000 records (10135/sec)
✅ Imported 29,152,000 records (10134/sec)
✅ Imported 29,154,000 records (10134/sec)
✅ Imported 29,156,000 records (10133/sec)
✅ Imported 29,158,000 records (10133/sec)
✅ Imported 29,160,000 records (10133/sec)
✅ Imported 29,162,000 records (10134/sec)
✅ Imported 29,164,000 records (10134/sec)
✅ Imported 29,166,000 records (10133/sec)
✅ Imported 29,168,000 records (10133/sec)
✅ Imported 29,170,000 records (10133/sec)
✅ Imported 29,172,000 records (10133/sec)
✅ Imported 29,174,000 records (10133/sec)
✅ Imported 29,176,000 records (10133/sec)
✅ Imported 29,178,000 records (10132/sec)
✅ Imported 29,180,000 records (10132/sec)
✅ Imported 29,182,000 records (10132/sec)
✅ Imported 29,184,000 records (10131/sec)
✅ Imported 29,186,000 records (10131/sec)
✅ Imported 29,188,000 records (10130/sec)
✅ Imported 29,190,000 records (10130/sec)
✅ Imported 29,192,000 records (10130/sec)
✅ Imported 29,194,000 records (10129/sec)
✅ Imported 29,196,000 records (10129/sec)
✅ Imported 29,198,000 records (10130/sec)
✅ Imported 29,200,000 records (10130/sec)
✅ Imported 29,202,000 records (10130/sec)
✅ Imported 29,204,000 records (10130/sec)
✅ Imported 29,206,000 records (10130/sec)
✅ Imported 29,208,000 records (10130/sec)
✅ Imported 29,210,000 records (10130/sec)
✅ Imported 29,212,000 records (10130/sec)
✅ Imported 29,214,000 records (10129/sec)
✅ Imported 29,216,000 records (10129/sec)
✅ Imported 29,218,000 records (10128/sec)
✅ Imported 29,220,000 records (10128/sec)
✅ Imported 29,222,000 records (10127/sec)
✅ Imported 29,224,000 records (10127/sec)
✅ Imported 29,226,000 records (10128/sec)
✅ Imported 29,228,000 records (10127/sec)
✅ Imported 29,230,000 records (10126/sec)
✅ Imported 29,232,000 records (10126/sec)
✅ Imported 29,234,000 records (10125/sec)
✅ Imported 29,236,000 records (10125/sec)
✅ Imported 29,238,000 records (10125/sec)
✅ Imported 29,240,000 records (10126/sec)
✅ Imported 29,242,000 records (10126/sec)
✅ Imported 29,244,000 records (10126/sec)
✅ Imported 29,246,000 records (10127/sec)
✅ Imported 29,248,000 records (10127/sec)
✅ Imported 29,250,000 records (10127/sec)
✅ Imported 29,252,000 records (10128/sec)
✅ Imported 29,254,000 records (10128/sec)
✅ Imported 29,256,000 records (10128/sec)
✅ Imported 29,258,000 records (10129/sec)
✅ Imported 29,260,000 records (10129/sec)
✅ Imported 29,262,000 records (10129/sec)
✅ Imported 29,264,000 records (10129/sec)
✅ Imported 29,266,000 records (10130/sec)
✅ Imported 29,268,000 records (10130/sec)
✅ Imported 29,270,000 records (10130/sec)
✅ Imported 29,272,000 records (10130/sec)
✅ Imported 29,274,000 records (10130/sec)
✅ Imported 29,276,000 records (10131/sec)
✅ Imported 29,278,000 records (10131/sec)
✅ Imported 29,280,000 records (10131/sec)
✅ Imported 29,282,000 records (10131/sec)
✅ Imported 29,284,000 records (10132/sec)
✅ Imported 29,286,000 records (10132/sec)
✅ Imported 29,288,000 records (10132/sec)
✅ Imported 29,290,000 records (10133/sec)
✅ Imported 29,292,000 records (10133/sec)
✅ Imported 29,294,000 records (10133/sec)
✅ Imported 29,296,000 records (10134/sec)
✅ Imported 29,298,000 records (10134/sec)
✅ Imported 29,300,000 records (10134/sec)
✅ Imported 29,302,000 records (10133/sec)
✅ Imported 29,304,000 records (10134/sec)
✅ Imported 29,306,000 records (10134/sec)
✅ Imported 29,308,000 records (10134/sec)
✅ Imported 29,310,000 records (10134/sec)
✅ Imported 29,312,000 records (10134/sec)
✅ Imported 29,314,000 records (10135/sec)
✅ Imported 29,316,000 records (10135/sec)
✅ Imported 29,318,000 records (10135/sec)
✅ Imported 29,320,000 records (10135/sec)
✅ Imported 29,322,000 records (10132/sec)
✅ Imported 29,324,000 records (10125/sec)
✅ Imported 29,326,000 records (10124/sec)
✅ Imported 29,328,000 records (10124/sec)
✅ Imported 29,330,000 records (10123/sec)
✅ Imported 29,332,000 records (10114/sec)
✅ Imported 29,334,000 records (10098/sec)
✅ Imported 29,336,000 records (10063/sec)
✅ Imported 29,338,000 records (10047/sec)
✅ Imported 29,340,000 records (10009/sec)
✅ Imported 29,342,000 records (10003/sec)
✅ Imported 29,344,000 records (10001/sec)
✅ Imported 29,346,000 records (10000/sec)
✅ Imported 29,348,000 records (9992/sec)
✅ Imported 29,350,000 records (9988/sec)
✅ Imported 29,352,000 records (9987/sec)
✅ Imported 29,354,000 records (9985/sec)
✅ Imported 29,356,000 records (9985/sec)
✅ Imported 29,358,000 records (9985/sec)
✅ Imported 29,360,000 records (9985/sec)
✅ Imported 29,362,000 records (9985/sec)
✅ Imported 29,364,000 records (9985/sec)
✅ Imported 29,366,000 records (9985/sec)
✅ Imported 29,368,000 records (9985/sec)
✅ Imported 29,370,000 records (9983/sec)
✅ Imported 29,372,000 records (9984/sec)
✅ Imported 29,374,000 records (9983/sec)
✅ Imported 29,376,000 records (9983/sec)
✅ Imported 29,378,000 records (9983/sec)
✅ Imported 29,380,000 records (9983/sec)
✅ Imported 29,382,000 records (9984/sec)
✅ Imported 29,384,000 records (9984/sec)
✅ Imported 29,386,000 records (9984/sec)
✅ Imported 29,388,000 records (9984/sec)
✅ Imported 29,390,000 records (9984/sec)
✅ Imported 29,392,000 records (9984/sec)
✅ Imported 29,394,000 records (9985/sec)
✅ Imported 29,396,000 records (9985/sec)
✅ Imported 29,398,000 records (9985/sec)
✅ Imported 29,400,000 records (9986/sec)
✅ Imported 29,402,000 records (9986/sec)
✅ Imported 29,404,000 records (9985/sec)
✅ Imported 29,406,000 records (9985/sec)
✅ Imported 29,408,000 records (9983/sec)
✅ Imported 29,410,000 records (9983/sec)
✅ Imported 29,412,000 records (9983/sec)
✅ Imported 29,414,000 records (9982/sec)
✅ Imported 29,416,000 records (9983/sec)
✅ Imported 29,418,000 records (9983/sec)
✅ Imported 29,420,000 records (9983/sec)
✅ Imported 29,422,000 records (9983/sec)
✅ Imported 29,424,000 records (9983/sec)
✅ Imported 29,426,000 records (9984/sec)
✅ Imported 29,428,000 records (9984/sec)
✅ Imported 29,430,000 records (9984/sec)
✅ Imported 29,432,000 records (9984/sec)
✅ Imported 29,434,000 records (9984/sec)
✅ Imported 29,436,000 records (9984/sec)
✅ Imported 29,438,000 records (9983/sec)
✅ Imported 29,440,000 records (9983/sec)
✅ Imported 29,442,000 records (9983/sec)
✅ Imported 29,444,000 records (9983/sec)
✅ Imported 29,446,000 records (9984/sec)
✅ Imported 29,448,000 records (9984/sec)
✅ Imported 29,450,000 records (9984/sec)
✅ Imported 29,452,000 records (9985/sec)
✅ Imported 29,454,000 records (9985/sec)
✅ Imported 29,456,000 records (9985/sec)
✅ Imported 29,458,000 records (9986/sec)
✅ Imported 29,460,000 records (9986/sec)
✅ Imported 29,462,000 records (9987/sec)
✅ Imported 29,464,000 records (9987/sec)
✅ Imported 29,466,000 records (9987/sec)
✅ Imported 29,468,000 records (9988/sec)
✅ Imported 29,470,000 records (9988/sec)
✅ Imported 29,472,000 records (9988/sec)
✅ Imported 29,474,000 records (9989/sec)
✅ Imported 29,476,000 records (9989/sec)
✅ Imported 29,478,000 records (9989/sec)
✅ Imported 29,480,000 records (9989/sec)
✅ Imported 29,482,000 records (9989/sec)
✅ Imported 29,484,000 records (9989/sec)
✅ Imported 29,486,000 records (9990/sec)
✅ Imported 29,488,000 records (9990/sec)
✅ Imported 29,490,000 records (9990/sec)
✅ Imported 29,492,000 records (9990/sec)
✅ Imported 29,494,000 records (9991/sec)
✅ Imported 29,496,000 records (9991/sec)
✅ Imported 29,498,000 records (9991/sec)
✅ Imported 29,500,000 records (9992/sec)
✅ Imported 29,502,000 records (9992/sec)
✅ Imported 29,504,000 records (9992/sec)
✅ Imported 29,506,000 records (9992/sec)
✅ Imported 29,508,000 records (9993/sec)
✅ Imported 29,510,000 records (9993/sec)
✅ Imported 29,512,000 records (9993/sec)
✅ Imported 29,514,000 records (9993/sec)
✅ Imported 29,516,000 records (9994/sec)
✅ Imported 29,518,000 records (9994/sec)
✅ Imported 29,520,000 records (9994/sec)
✅ Imported 29,522,000 records (9995/sec)
✅ Imported 29,524,000 records (9995/sec)
✅ Imported 29,526,000 records (9995/sec)
✅ Imported 29,528,000 records (9996/sec)
✅ Imported 29,530,000 records (9996/sec)
✅ Imported 29,532,000 records (9996/sec)
✅ Imported 29,534,000 records (9997/sec)
✅ Imported 29,536,000 records (9997/sec)
✅ Imported 29,538,000 records (9997/sec)
✅ Imported 29,540,000 records (9997/sec)
✅ Imported 29,542,000 records (9998/sec)
✅ Imported 29,544,000 records (9998/sec)
✅ Imported 29,546,000 records (9998/sec)
✅ Imported 29,548,000 records (9997/sec)
✅ Imported 29,550,000 records (9997/sec)
✅ Imported 29,552,000 records (9997/sec)
✅ Imported 29,554,000 records (9997/sec)
✅ Imported 29,556,000 records (9997/sec)
✅ Imported 29,558,000 records (9994/sec)
✅ Imported 29,560,000 records (9993/sec)
✅ Imported 29,562,000 records (9993/sec)
✅ Imported 29,564,000 records (9993/sec)
✅ Imported 29,566,000 records (9994/sec)
✅ Imported 29,568,000 records (9994/sec)
✅ Imported 29,570,000 records (9994/sec)
✅ Imported 29,572,000 records (9994/sec)
✅ Imported 29,574,000 records (9993/sec)
✅ Imported 29,576,000 records (9993/sec)
✅ Imported 29,578,000 records (9993/sec)
✅ Imported 29,580,000 records (9993/sec)
✅ Imported 29,582,000 records (9993/sec)
✅ Imported 29,584,000 records (9993/sec)
✅ Imported 29,586,000 records (9993/sec)
✅ Imported 29,588,000 records (9994/sec)
✅ Imported 29,590,000 records (9993/sec)
✅ Imported 29,592,000 records (9993/sec)
✅ Imported 29,594,000 records (9993/sec)
✅ Imported 29,596,000 records (9993/sec)
✅ Imported 29,598,000 records (9993/sec)
✅ Imported 29,600,000 records (9990/sec)
✅ Imported 29,602,000 records (9990/sec)
✅ Imported 29,604,000 records (9990/sec)
✅ Imported 29,606,000 records (9989/sec)
✅ Imported 29,608,000 records (9989/sec)
✅ Imported 29,610,000 records (9989/sec)
✅ Imported 29,612,000 records (9989/sec)
✅ Imported 29,614,000 records (9990/sec)
✅ Imported 29,616,000 records (9990/sec)
✅ Imported 29,618,000 records (9990/sec)
✅ Imported 29,620,000 records (9990/sec)
✅ Imported 29,622,000 records (9989/sec)
✅ Imported 29,624,000 records (9989/sec)
✅ Imported 29,626,000 records (9989/sec)
✅ Imported 29,628,000 records (9989/sec)
✅ Imported 29,630,000 records (9989/sec)
✅ Imported 29,632,000 records (9989/sec)
✅ Imported 29,634,000 records (9989/sec)
✅ Imported 29,636,000 records (9987/sec)
✅ Imported 29,638,000 records (9987/sec)
✅ Imported 29,640,000 records (9987/sec)
✅ Imported 29,642,000 records (9985/sec)
✅ Imported 29,644,000 records (9984/sec)
✅ Imported 29,646,000 records (9984/sec)
✅ Imported 29,648,000 records (9984/sec)
✅ Imported 29,650,000 records (9984/sec)
✅ Imported 29,652,000 records (9984/sec)
✅ Imported 29,654,000 records (9984/sec)
✅ Imported 29,656,000 records (9984/sec)
✅ Imported 29,658,000 records (9984/sec)
✅ Imported 29,660,000 records (9984/sec)
✅ Imported 29,662,000 records (9984/sec)
✅ Imported 29,664,000 records (9984/sec)
✅ Imported 29,666,000 records (9984/sec)
✅ Imported 29,668,000 records (9984/sec)
✅ Imported 29,670,000 records (9985/sec)
✅ Imported 29,672,000 records (9985/sec)
✅ Imported 29,674,000 records (9985/sec)
✅ Imported 29,676,000 records (9985/sec)
✅ Imported 29,678,000 records (9985/sec)
✅ Imported 29,680,000 records (9980/sec)
✅ Imported 29,682,000 records (9980/sec)
✅ Imported 29,684,000 records (9980/sec)
✅ Imported 29,686,000 records (9980/sec)
✅ Imported 29,688,000 records (9980/sec)
✅ Imported 29,690,000 records (9980/sec)
✅ Imported 29,692,000 records (9978/sec)
✅ Imported 29,694,000 records (9978/sec)
✅ Imported 29,696,000 records (9978/sec)
✅ Imported 29,698,000 records (9978/sec)
✅ Imported 29,700,000 records (9977/sec)
✅ Imported 29,702,000 records (9977/sec)
✅ Imported 29,704,000 records (9977/sec)
✅ Imported 29,706,000 records (9977/sec)
✅ Imported 29,708,000 records (9977/sec)
✅ Imported 29,710,000 records (9977/sec)
✅ Imported 29,712,000 records (9977/sec)
✅ Imported 29,714,000 records (9977/sec)
✅ Imported 29,716,000 records (9977/sec)
✅ Imported 29,718,000 records (9976/sec)
✅ Imported 29,720,000 records (9975/sec)
✅ Imported 29,722,000 records (9972/sec)
✅ Imported 29,724,000 records (9972/sec)
✅ Imported 29,726,000 records (9971/sec)
✅ Imported 29,728,000 records (9971/sec)
✅ Imported 29,730,000 records (9971/sec)
✅ Imported 29,732,000 records (9971/sec)
✅ Imported 29,734,000 records (9971/sec)
✅ Imported 29,736,000 records (9971/sec)
✅ Imported 29,738,000 records (9970/sec)
✅ Imported 29,740,000 records (9970/sec)
✅ Imported 29,742,000 records (9970/sec)
✅ Imported 29,744,000 records (9970/sec)
✅ Imported 29,746,000 records (9970/sec)
✅ Imported 29,748,000 records (9969/sec)
✅ Imported 29,750,000 records (9970/sec)
✅ Imported 29,752,000 records (9969/sec)
✅ Imported 29,754,000 records (9969/sec)
✅ Imported 29,756,000 records (9969/sec)
✅ Imported 29,758,000 records (9968/sec)
✅ Imported 29,760,000 records (9966/sec)
✅ Imported 29,762,000 records (9964/sec)
✅ Imported 29,764,000 records (9963/sec)
✅ Imported 29,766,000 records (9961/sec)
✅ Imported 29,768,000 records (9961/sec)
✅ Imported 29,770,000 records (9961/sec)
✅ Imported 29,772,000 records (9961/sec)
✅ Imported 29,774,000 records (9959/sec)
✅ Imported 29,776,000 records (9957/sec)
✅ Imported 29,778,000 records (9952/sec)
✅ Imported 29,780,000 records (9950/sec)
✅ Imported 29,782,000 records (9948/sec)
✅ Imported 29,784,000 records (9946/sec)
✅ Imported 29,786,000 records (9945/sec)
✅ Imported 29,788,000 records (9940/sec)
✅ Imported 29,790,000 records (9939/sec)
✅ Imported 29,792,000 records (9937/sec)
✅ Imported 29,794,000 records (9936/sec)
✅ Imported 29,796,000 records (9936/sec)
✅ Imported 29,798,000 records (9934/sec)
✅ Imported 29,800,000 records (9934/sec)
✅ Imported 29,802,000 records (9934/sec)
✅ Imported 29,804,000 records (9930/sec)
✅ Imported 29,806,000 records (9930/sec)
✅ Imported 29,808,000 records (9930/sec)
✅ Imported 29,810,000 records (9928/sec)
✅ Imported 29,812,000 records (9927/sec)
✅ Imported 29,814,000 records (9926/sec)
✅ Imported 29,816,000 records (9925/sec)
✅ Imported 29,818,000 records (9924/sec)
✅ Imported 29,820,000 records (9923/sec)
✅ Imported 29,822,000 records (9922/sec)
✅ Imported 29,824,000 records (9922/sec)
✅ Imported 29,826,000 records (9920/sec)
✅ Imported 29,828,000 records (9920/sec)
✅ Imported 29,830,000 records (9919/sec)
✅ Imported 29,832,000 records (9917/sec)
✅ Imported 29,834,000 records (9917/sec)
✅ Imported 29,836,000 records (9916/sec)
✅ Imported 29,838,000 records (9916/sec)
✅ Imported 29,840,000 records (9914/sec)
✅ Imported 29,842,000 records (9914/sec)
✅ Imported 29,844,000 records (9913/sec)
✅ Imported 29,846,000 records (9912/sec)
✅ Imported 29,848,000 records (9910/sec)
✅ Imported 29,850,000 records (9910/sec)
✅ Imported 29,852,000 records (9910/sec)
✅ Imported 29,854,000 records (9909/sec)
✅ Imported 29,856,000 records (9909/sec)
✅ Imported 29,858,000 records (9908/sec)
✅ Imported 29,860,000 records (9907/sec)
✅ Imported 29,862,000 records (9907/sec)
✅ Imported 29,864,000 records (9908/sec)
✅ Imported 29,866,000 records (9908/sec)
✅ Imported 29,868,000 records (9908/sec)
✅ Imported 29,870,000 records (9908/sec)
✅ Imported 29,872,000 records (9908/sec)
✅ Imported 29,874,000 records (9909/sec)
✅ Imported 29,876,000 records (9908/sec)
✅ Imported 29,878,000 records (9908/sec)
✅ Imported 29,880,000 records (9908/sec)
✅ Imported 29,882,000 records (9908/sec)
✅ Imported 29,884,000 records (9908/sec)
✅ Imported 29,886,000 records (9908/sec)
✅ Imported 29,888,000 records (9908/sec)
✅ Imported 29,890,000 records (9908/sec)
✅ Imported 29,892,000 records (9909/sec)
✅ Imported 29,894,000 records (9909/sec)
✅ Imported 29,896,000 records (9909/sec)
✅ Imported 29,898,000 records (9909/sec)
✅ Imported 29,900,000 records (9910/sec)
✅ Imported 29,902,000 records (9910/sec)
✅ Imported 29,904,000 records (9910/sec)
✅ Imported 29,906,000 records (9910/sec)
✅ Imported 29,908,000 records (9910/sec)
✅ Imported 29,910,000 records (9910/sec)
✅ Imported 29,912,000 records (9910/sec)
✅ Imported 29,914,000 records (9910/sec)
✅ Imported 29,916,000 records (9910/sec)
✅ Imported 29,918,000 records (9910/sec)
✅ Imported 29,920,000 records (9910/sec)
✅ Imported 29,922,000 records (9908/sec)
✅ Imported 29,924,000 records (9906/sec)
✅ Imported 29,926,000 records (9907/sec)
✅ Imported 29,928,000 records (9907/sec)
✅ Imported 29,930,000 records (9906/sec)
✅ Imported 29,932,000 records (9906/sec)
✅ Imported 29,934,000 records (9906/sec)
✅ Imported 29,936,000 records (9906/sec)
✅ Imported 29,938,000 records (9906/sec)
✅ Imported 29,940,000 records (9905/sec)
✅ Imported 29,942,000 records (9905/sec)
✅ Imported 29,944,000 records (9904/sec)
✅ Imported 29,946,000 records (9904/sec)
✅ Imported 29,948,000 records (9904/sec)
✅ Imported 29,950,000 records (9905/sec)
✅ Imported 29,952,000 records (9905/sec)
✅ Imported 29,954,000 records (9905/sec)
✅ Imported 29,956,000 records (9905/sec)
✅ Imported 29,958,000 records (9905/sec)
✅ Imported 29,960,000 records (9906/sec)
✅ Imported 29,962,000 records (9906/sec)
✅ Imported 29,964,000 records (9906/sec)
✅ Imported 29,966,000 records (9905/sec)
✅ Imported 29,968,000 records (9905/sec)
✅ Imported 29,970,000 records (9905/sec)
✅ Imported 29,972,000 records (9906/sec)
✅ Imported 29,974,000 records (9906/sec)
✅ Imported 29,976,000 records (9905/sec)
✅ Imported 29,978,000 records (9906/sec)
✅ Imported 29,980,000 records (9906/sec)
✅ Imported 29,982,000 records (9905/sec)
✅ Imported 29,984,000 records (9905/sec)
✅ Imported 29,986,000 records (9906/sec)
✅ Imported 29,988,000 records (9906/sec)
✅ Imported 29,990,000 records (9906/sec)
✅ Imported 29,992,000 records (9906/sec)
✅ Imported 29,994,000 records (9906/sec)
✅ Imported 29,996,000 records (9906/sec)
✅ Imported 29,998,000 records (9907/sec)
✅ Imported 30,000,000 records (9905/sec)
✅ Imported 30,002,000 records (9905/sec)
✅ Imported 30,004,000 records (9904/sec)
✅ Imported 30,006,000 records (9904/sec)
✅ Imported 30,008,000 records (9903/sec)
✅ Imported 30,010,000 records (9903/sec)
✅ Imported 30,012,000 records (9902/sec)
✅ Imported 30,014,000 records (9902/sec)
✅ Imported 30,016,000 records (9902/sec)
✅ Imported 30,018,000 records (9902/sec)
✅ Imported 30,020,000 records (9902/sec)
✅ Imported 30,022,000 records (9901/sec)
✅ Imported 30,024,000 records (9900/sec)
✅ Imported 30,026,000 records (9899/sec)
✅ Imported 30,028,000 records (9898/sec)
✅ Imported 30,030,000 records (9897/sec)
✅ Imported 30,032,000 records (9896/sec)
✅ Imported 30,034,000 records (9894/sec)
✅ Imported 30,036,000 records (9892/sec)
✅ Imported 30,038,000 records (9892/sec)
✅ Imported 30,040,000 records (9892/sec)
✅ Imported 30,042,000 records (9890/sec)
✅ Imported 30,044,000 records (9889/sec)
✅ Imported 30,046,000 records (9889/sec)
✅ Imported 30,048,000 records (9889/sec)
✅ Imported 30,050,000 records (9889/sec)
✅ Imported 30,052,000 records (9889/sec)
✅ Imported 30,054,000 records (9889/sec)
✅ Imported 30,056,000 records (9889/sec)
✅ Imported 30,058,000 records (9889/sec)
✅ Imported 30,060,000 records (9888/sec)
✅ Imported 30,062,000 records (9888/sec)
✅ Imported 30,064,000 records (9888/sec)
✅ Imported 30,066,000 records (9888/sec)
✅ Imported 30,068,000 records (9887/sec)
✅ Imported 30,070,000 records (9883/sec)
✅ Imported 30,072,000 records (9882/sec)
✅ Imported 30,074,000 records (9879/sec)
✅ Imported 30,076,000 records (9878/sec)
✅ Imported 30,078,000 records (9877/sec)
✅ Imported 30,080,000 records (9876/sec)
✅ Imported 30,082,000 records (9876/sec)
✅ Imported 30,084,000 records (9876/sec)
✅ Imported 30,086,000 records (9875/sec)
✅ Imported 30,088,000 records (9874/sec)
✅ Imported 30,090,000 records (9874/sec)
✅ Imported 30,092,000 records (9871/sec)
✅ Imported 30,094,000 records (9869/sec)
✅ Imported 30,096,000 records (9868/sec)
✅ Imported 30,098,000 records (9862/sec)
✅ Imported 30,100,000 records (9861/sec)
✅ Imported 30,102,000 records (9856/sec)
✅ Imported 30,104,000 records (9806/sec)
✅ Imported 30,106,000 records (9805/sec)
✅ Imported 30,108,000 records (9804/sec)
✅ Imported 30,110,000 records (9804/sec)
✅ Imported 30,112,000 records (9803/sec)
✅ Imported 30,114,000 records (9801/sec)
✅ Imported 30,116,000 records (9800/sec)
✅ Imported 30,118,000 records (9800/sec)
✅ Imported 30,120,000 records (9792/sec)
✅ Imported 30,122,000 records (9788/sec)
✅ Imported 30,124,000 records (9785/sec)
✅ Imported 30,126,000 records (9782/sec)
✅ Imported 30,128,000 records (9774/sec)
✅ Imported 30,130,000 records (9771/sec)
✅ Imported 30,132,000 records (9756/sec)
✅ Imported 30,134,000 records (9746/sec)
✅ Imported 30,136,000 records (9742/sec)
✅ Imported 30,138,000 records (9739/sec)
✅ Imported 30,140,000 records (9737/sec)
✅ Imported 30,142,000 records (9734/sec)
✅ Imported 30,144,000 records (9729/sec)
✅ Imported 30,146,000 records (9729/sec)
✅ Imported 30,148,000 records (9727/sec)
✅ Imported 30,150,000 records (9727/sec)
✅ Imported 30,152,000 records (9726/sec)
✅ Imported 30,154,000 records (9725/sec)
✅ Imported 30,156,000 records (9725/sec)
✅ Imported 30,158,000 records (9725/sec)
✅ Imported 30,160,000 records (9724/sec)
✅ Imported 30,162,000 records (9724/sec)
✅ Imported 30,164,000 records (9724/sec)
✅ Imported 30,166,000 records (9724/sec)
✅ Imported 30,168,000 records (9724/sec)
✅ Imported 30,170,000 records (9724/sec)
✅ Imported 30,172,000 records (9724/sec)
✅ Imported 30,174,000 records (9724/sec)
✅ Imported 30,176,000 records (9724/sec)
✅ Imported 30,178,000 records (9724/sec)
✅ Imported 30,180,000 records (9724/sec)
✅ Imported 30,182,000 records (9725/sec)
✅ Imported 30,184,000 records (9725/sec)
✅ Imported 30,186,000 records (9725/sec)
✅ Imported 30,188,000 records (9725/sec)
✅ Imported 30,190,000 records (9726/sec)
✅ Imported 30,192,000 records (9726/sec)
✅ Imported 30,194,000 records (9726/sec)
✅ Imported 30,196,000 records (9726/sec)
✅ Imported 30,198,000 records (9727/sec)
✅ Imported 30,200,000 records (9726/sec)
✅ Imported 30,202,000 records (9724/sec)
✅ Imported 30,204,000 records (9723/sec)
✅ Imported 30,206,000 records (9723/sec)
✅ Imported 30,208,000 records (9722/sec)
✅ Imported 30,210,000 records (9722/sec)
✅ Imported 30,212,000 records (9722/sec)
✅ Imported 30,214,000 records (9722/sec)
✅ Imported 30,216,000 records (9722/sec)
✅ Imported 30,218,000 records (9722/sec)
✅ Imported 30,220,000 records (9723/sec)
✅ Imported 30,222,000 records (9722/sec)
✅ Imported 30,224,000 records (9722/sec)
✅ Imported 30,226,000 records (9723/sec)
✅ Imported 30,228,000 records (9723/sec)
✅ Imported 30,230,000 records (9723/sec)
✅ Imported 30,232,000 records (9723/sec)
✅ Imported 30,234,000 records (9723/sec)
✅ Imported 30,236,000 records (9723/sec)
✅ Imported 30,238,000 records (9724/sec)
✅ Imported 30,240,000 records (9724/sec)
✅ Imported 30,242,000 records (9724/sec)
✅ Imported 30,244,000 records (9724/sec)
✅ Imported 30,246,000 records (9725/sec)
✅ Imported 30,248,000 records (9725/sec)
✅ Imported 30,250,000 records (9725/sec)
✅ Imported 30,252,000 records (9726/sec)
✅ Imported 30,254,000 records (9726/sec)
✅ Imported 30,256,000 records (9726/sec)
✅ Imported 30,258,000 records (9719/sec)
✅ Imported 30,260,000 records (9717/sec)
✅ Imported 30,262,000 records (9709/sec)
✅ Imported 30,264,000 records (9709/sec)
✅ Imported 30,266,000 records (9709/sec)
✅ Imported 30,268,000 records (9709/sec)
✅ Imported 30,270,000 records (9709/sec)
✅ Imported 30,272,000 records (9709/sec)
✅ Imported 30,274,000 records (9709/sec)
✅ Imported 30,276,000 records (9709/sec)
✅ Imported 30,278,000 records (9709/sec)
✅ Imported 30,280,000 records (9709/sec)
✅ Imported 30,282,000 records (9708/sec)
✅ Imported 30,284,000 records (9708/sec)
✅ Imported 30,286,000 records (9704/sec)
✅ Imported 30,288,000 records (9703/sec)
✅ Imported final 1,104 records
🎉 Import complete!
📊 Total records: 30,289,104
⏱️  Total time: 3127s
🚀 Average rate: 9686 records/sec
