Starting download from year 0, month 1...
Downloading https://landregistry.data.gov.uk/data/ppd/monthly/file-0-01.csv ...
  Error downloading https://landregistry.data.gov.uk/data/ppd/monthly/file-0-01.csv: Request failed with status code 406
Downloading https://landregistry.data.gov.uk/data/ppd/monthly/file-0-02.csv ...
  Error downloading https://landregistry.data.gov.uk/data/ppd/monthly/file-0-02.csv: Request failed with status code 406
Downloading https://landregistry.data.gov.uk/data/ppd/monthly/file-0-03.csv ...
  Error downloading https://landregistry.data.gov.uk/data/ppd/monthly/file-0-03.csv: Request failed with status code 406
Downloading https://landregistry.data.gov.uk/data/ppd/monthly/file-0-04.csv ...
  Error downloading https://landregistry.data.gov.uk/data/ppd/monthly/file-0-04.csv: Request failed with status code 406
Downloading https://landregistry.data.gov.uk/data/ppd/monthly/file-0-05.csv ...
  Error downloading https://landregistry.data.gov.uk/data/ppd/monthly/file-0-05.csv: Request failed with status code 406
Downloading https://landregistry.data.gov.uk/data/ppd/monthly/file-0-06.csv ...
  Error downloading https://landregistry.data.gov.uk/data/ppd/monthly/file-0-06.csv: Request failed with status code 406
Downloading https://landregistry.data.gov.uk/data/ppd/monthly/file-0-07.csv ...
  Error downloading https://landregistry.data.gov.uk/data/ppd/monthly/file-0-07.csv: Request failed with status code 406
Downloading https://landregistry.data.gov.uk/data/ppd/monthly/file-0-08.csv ...
  Error downloading https://landregistry.data.gov.uk/data/ppd/monthly/file-0-08.csv: Request failed with status code 406
Downloading https://landregistry.data.gov.uk/data/ppd/monthly/file-0-09.csv ...
  Error downloading https://landregistry.data.gov.uk/data/ppd/monthly/file-0-09.csv: Request failed with status code 406
Downloading https://landregistry.data.gov.uk/data/ppd/monthly/file-0-10.csv ...
  Error downloading https://landregistry.data.gov.uk/data/ppd/monthly/file-0-10.csv: Request failed with status code 406
Downloading https://landregistry.data.gov.uk/data/ppd/monthly/file-0-11.csv ...
  Error downloading https://landregistry.data.gov.uk/data/ppd/monthly/file-0-11.csv: Request failed with status code 406
Downloading https://landregistry.data.gov.uk/data/ppd/monthly/file-0-12.csv ...
  Error downloading https://landregistry.data.gov.uk/data/ppd/monthly/file-0-12.csv: Request failed with status code 406
Downloading https://landregistry.data.gov.uk/data/ppd/monthly/file-1-01.csv ...
  Error downloading https://landregistry.data.gov.uk/data/ppd/monthly/file-1-01.csv: Request failed with status code 406
Downloading https://landregistry.data.gov.uk/data/ppd/monthly/file-1-02.csv ...
  Error downloading https://landregistry.data.gov.uk/data/ppd/monthly/file-1-02.csv: Request failed with status code 406
Downloading https://landregistry.data.gov.uk/data/ppd/monthly/file-1-03.csv ...
  Error downloading https://landregistry.data.gov.uk/data/ppd/monthly/file-1-03.csv: Request failed with status code 406
Downloading https://landregistry.data.gov.uk/data/ppd/monthly/file-1-04.csv ...
  Error downloading https://landregistry.data.gov.uk/data/ppd/monthly/file-1-04.csv: Request failed with status code 406
Downloading https://landregistry.data.gov.uk/data/ppd/monthly/file-1-05.csv ...
  Error downloading https://landregistry.data.gov.uk/data/ppd/monthly/file-1-05.csv: Request failed with status code 406
Downloading https://landregistry.data.gov.uk/data/ppd/monthly/file-1-06.csv ...
  Error downloading https://landregistry.data.gov.uk/data/ppd/monthly/file-1-06.csv: Request failed with status code 406
Downloading https://landregistry.data.gov.uk/data/ppd/monthly/file-1-07.csv ...
  Error downloading https://landregistry.data.gov.uk/data/ppd/monthly/file-1-07.csv: Request failed with status code 406
Downloading https://landregistry.data.gov.uk/data/ppd/monthly/file-1-08.csv ...
  Error downloading https://landregistry.data.gov.uk/data/ppd/monthly/file-1-08.csv: Request failed with status code 406
Downloading https://landregistry.data.gov.uk/data/ppd/monthly/file-1-09.csv ...
  Error downloading https://landregistry.data.gov.uk/data/ppd/monthly/file-1-09.csv: Request failed with status code 406
Downloading https://landregistry.data.gov.uk/data/ppd/monthly/file-1-10.csv ...
  Error downloading https://landregistry.data.gov.uk/data/ppd/monthly/file-1-10.csv: Request failed with status code 406
Downloading https://landregistry.data.gov.uk/data/ppd/monthly/file-1-11.csv ...
  Error downloading https://landregistry.data.gov.uk/data/ppd/monthly/file-1-11.csv: Request failed with status code 406
Downloading https://landregistry.data.gov.uk/data/ppd/monthly/file-1-12.csv ...
  Error downloading https://landregistry.data.gov.uk/data/ppd/monthly/file-1-12.csv: Request failed with status code 406
[dotenv@17.2.0] injecting env (4) from .env.local (tip: ⚙️  write to custom object with { processEnv: myObject })
[dotenv@17.2.0] injecting env (20) from .env (tip: ⚙️  write to custom object with { processEnv: myObject })
🚀 Starting data update process...

🔄 Combining CSV files...
📁 Found 0 new CSV files to combine
⚠️  No new CSV files found. Using existing data only.
🔄 Updating properties index...
❌ Combined CSV not found: pp-complete-updated.csv
❌ Failed to update properties index
Downloading https://landregistry.data.gov.uk/data/ppd/monthly/file-2-01.csv ...
  Error downloading https://landregistry.data.gov.uk/data/ppd/monthly/file-2-01.csv: Request failed with status code 406
Downloading https://landregistry.data.gov.uk/data/ppd/monthly/file-2-02.csv ...
  Error downloading https://landregistry.data.gov.uk/data/ppd/monthly/file-2-02.csv: Request failed with status code 406
Downloading https://landregistry.data.gov.uk/data/ppd/monthly/file-2-03.csv ...
  Error downloading https://landregistry.data.gov.uk/data/ppd/monthly/file-2-03.csv: Request failed with status code 406
Downloading https://landregistry.data.gov.uk/data/ppd/monthly/file-2-04.csv ...
  Error downloading https://landregistry.data.gov.uk/data/ppd/monthly/file-2-04.csv: Request failed with status code 406
Downloading https://landregistry.data.gov.uk/data/ppd/monthly/file-2-05.csv ...
  Error downloading https://landregistry.data.gov.uk/data/ppd/monthly/file-2-05.csv: Request failed with status code 406
Downloading https://landregistry.data.gov.uk/data/ppd/monthly/file-2-06.csv ...
  Error downloading https://landregistry.data.gov.uk/data/ppd/monthly/file-2-06.csv: Request failed with status code 406
Downloading https://landregistry.data.gov.uk/data/ppd/monthly/file-2-07.csv ...
  Error downloading https://landregistry.data.gov.uk/data/ppd/monthly/file-2-07.csv: Request failed with status code 406
Downloading https://landregistry.data.gov.uk/data/ppd/monthly/file-2-08.csv ...
  Error downloading https://landregistry.data.gov.uk/data/ppd/monthly/file-2-08.csv: Request failed with status code 406
Downloading https://landregistry.data.gov.uk/data/ppd/monthly/file-2-09.csv ...
  Error downloading https://landregistry.data.gov.uk/data/ppd/monthly/file-2-09.csv: Request failed with status code 406
Downloading https://landregistry.data.gov.uk/data/ppd/monthly/file-2-10.csv ...
  Error downloading https://landregistry.data.gov.uk/data/ppd/monthly/file-2-10.csv: Request failed with status code 406
Downloading https://landregistry.data.gov.uk/data/ppd/monthly/file-2-11.csv ...
  Error downloading https://landregistry.data.gov.uk/data/ppd/monthly/file-2-11.csv: Request failed with status code 406
Downloading https://landregistry.data.gov.uk/data/ppd/monthly/file-2-12.csv ...
  Error downloading https://landregistry.data.gov.uk/data/ppd/monthly/file-2-12.csv: Request failed with status code 406
Downloading https://landregistry.data.gov.uk/data/ppd/monthly/file-3-01.csv ...
  Error downloading https://landregistry.data.gov.uk/data/ppd/monthly/file-3-01.csv: Request failed with status code 406
Downloading https://landregistry.data.gov.uk/data/ppd/monthly/file-3-02.csv ...
  Error downloading https://landregistry.data.gov.uk/data/ppd/monthly/file-3-02.csv: Request failed with status code 406
Downloading https://landregistry.data.gov.uk/data/ppd/monthly/file-3-03.csv ...
  Error downloading https://landregistry.data.gov.uk/data/ppd/monthly/file-3-03.csv: Request failed with status code 406
Downloading https://landregistry.data.gov.uk/data/ppd/monthly/file-3-04.csv ...
  Error downloading https://landregistry.data.gov.uk/data/ppd/monthly/file-3-04.csv: Request failed with status code 406
Downloading https://landregistry.data.gov.uk/data/ppd/monthly/file-3-05.csv ...
  Error downloading https://landregistry.data.gov.uk/data/ppd/monthly/file-3-05.csv: Request failed with status code 406
Downloading https://landregistry.data.gov.uk/data/ppd/monthly/file-3-06.csv ...
  Error downloading https://landregistry.data.gov.uk/data/ppd/monthly/file-3-06.csv: Request failed with status code 406
Downloading https://landregistry.data.gov.uk/data/ppd/monthly/file-3-07.csv ...
  Error downloading https://landregistry.data.gov.uk/data/ppd/monthly/file-3-07.csv: Request failed with status code 406
Downloading https://landregistry.data.gov.uk/data/ppd/monthly/file-3-08.csv ...
  Error downloading https://landregistry.data.gov.uk/data/ppd/monthly/file-3-08.csv: Request failed with status code 406
Downloading https://landregistry.data.gov.uk/data/ppd/monthly/file-3-09.csv ...
  Error downloading https://landregistry.data.gov.uk/data/ppd/monthly/file-3-09.csv: Request failed with status code 406
Downloading https://landregistry.data.gov.uk/data/ppd/monthly/file-3-10.csv ...
  Error downloading https://landregistry.data.gov.uk/data/ppd/monthly/file-3-10.csv: Request failed with status code 406
Downloading https://landregistry.data.gov.uk/data/ppd/monthly/file-3-11.csv ...
  Error downloading https://landregistry.data.gov.uk/data/ppd/monthly/file-3-11.csv: Request failed with status code 406
Downloading https://landregistry.data.gov.uk/data/ppd/monthly/file-3-12.csv ...
  Error downloading https://landregistry.data.gov.uk/data/ppd/monthly/file-3-12.csv: Request failed with status code 406
Downloading https://landregistry.data.gov.uk/data/ppd/monthly/file-4-01.csv ...
  Error downloading https://landregistry.data.gov.uk/data/ppd/monthly/file-4-01.csv: Request failed with status code 406
Downloading https://landregistry.data.gov.uk/data/ppd/monthly/file-4-02.csv ...
  Error downloading https://landregistry.data.gov.uk/data/ppd/monthly/file-4-02.csv: Request failed with status code 406
Downloading https://landregistry.data.gov.uk/data/ppd/monthly/file-4-03.csv ...
  Error downloading https://landregistry.data.gov.uk/data/ppd/monthly/file-4-03.csv: Request failed with status code 406
Downloading https://landregistry.data.gov.uk/data/ppd/monthly/file-4-04.csv ...
  Error downloading https://landregistry.data.gov.uk/data/ppd/monthly/file-4-04.csv: Request failed with status code 406
Downloading https://landregistry.data.gov.uk/data/ppd/monthly/file-4-05.csv ...
  Error downloading https://landregistry.data.gov.uk/data/ppd/monthly/file-4-05.csv: Request failed with status code 406
Downloading https://landregistry.data.gov.uk/data/ppd/monthly/file-4-06.csv ...
  Error downloading https://landregistry.data.gov.uk/data/ppd/monthly/file-4-06.csv: Request failed with status code 406
Downloading https://landregistry.data.gov.uk/data/ppd/monthly/file-4-07.csv ...
  Error downloading https://landregistry.data.gov.uk/data/ppd/monthly/file-4-07.csv: Request failed with status code 406
Downloading https://landregistry.data.gov.uk/data/ppd/monthly/file-4-08.csv ...
  Error downloading https://landregistry.data.gov.uk/data/ppd/monthly/file-4-08.csv: Request failed with status code 406
Downloading https://landregistry.data.gov.uk/data/ppd/monthly/file-4-09.csv ...
  Error downloading https://landregistry.data.gov.uk/data/ppd/monthly/file-4-09.csv: Request failed with status code 406
Downloading https://landregistry.data.gov.uk/data/ppd/monthly/file-4-10.csv ...
  Error downloading https://landregistry.data.gov.uk/data/ppd/monthly/file-4-10.csv: Request failed with status code 406
Downloading https://landregistry.data.gov.uk/data/ppd/monthly/file-4-11.csv ...
  Error downloading https://landregistry.data.gov.uk/data/ppd/monthly/file-4-11.csv: Request failed with status code 406
Downloading https://landregistry.data.gov.uk/data/ppd/monthly/file-4-12.csv ...
  Error downloading https://landregistry.data.gov.uk/data/ppd/monthly/file-4-12.csv: Request failed with status code 406
Downloading https://landregistry.data.gov.uk/data/ppd/monthly/file-5-01.csv ...
  Error downloading https://landregistry.data.gov.uk/data/ppd/monthly/file-5-01.csv: Request failed with status code 406
Downloading https://landregistry.data.gov.uk/data/ppd/monthly/file-5-02.csv ...
  Error downloading https://landregistry.data.gov.uk/data/ppd/monthly/file-5-02.csv: Request failed with status code 406
Downloading https://landregistry.data.gov.uk/data/ppd/monthly/file-5-03.csv ...
  Error downloading https://landregistry.data.gov.uk/data/ppd/monthly/file-5-03.csv: Request failed with status code 406
Downloading https://landregistry.data.gov.uk/data/ppd/monthly/file-5-04.csv ...
  Error downloading https://landregistry.data.gov.uk/data/ppd/monthly/file-5-04.csv: Request failed with status code 406
Downloading https://landregistry.data.gov.uk/data/ppd/monthly/file-5-05.csv ...
  Error downloading https://landregistry.data.gov.uk/data/ppd/monthly/file-5-05.csv: Request failed with status code 406
Downloading https://landregistry.data.gov.uk/data/ppd/monthly/file-5-06.csv ...
  Error downloading https://landregistry.data.gov.uk/data/ppd/monthly/file-5-06.csv: Request failed with status code 406
Downloading https://landregistry.data.gov.uk/data/ppd/monthly/file-5-07.csv ...
  Error downloading https://landregistry.data.gov.uk/data/ppd/monthly/file-5-07.csv: Request failed with status code 406
Downloading https://landregistry.data.gov.uk/data/ppd/monthly/file-5-08.csv ...
  Error downloading https://landregistry.data.gov.uk/data/ppd/monthly/file-5-08.csv: Request failed with status code 406
Downloading https://landregistry.data.gov.uk/data/ppd/monthly/file-5-09.csv ...
  Error downloading https://landregistry.data.gov.uk/data/ppd/monthly/file-5-09.csv: Request failed with status code 406
Downloading https://landregistry.data.gov.uk/data/ppd/monthly/file-5-10.csv ...
  Error downloading https://landregistry.data.gov.uk/data/ppd/monthly/file-5-10.csv: Request failed with status code 406
Downloading https://landregistry.data.gov.uk/data/ppd/monthly/file-5-11.csv ...
  Error downloading https://landregistry.data.gov.uk/data/ppd/monthly/file-5-11.csv: Request failed with status code 406
Downloading https://landregistry.data.gov.uk/data/ppd/monthly/file-5-12.csv ...
  Error downloading https://landregistry.data.gov.uk/data/ppd/monthly/file-5-12.csv: Request failed with status code 406
Downloading https://landregistry.data.gov.uk/data/ppd/monthly/file-6-01.csv ...
  Error downloading https://landregistry.data.gov.uk/data/ppd/monthly/file-6-01.csv: Request failed with status code 406
Downloading https://landregistry.data.gov.uk/data/ppd/monthly/file-6-02.csv ...
  Error downloading https://landregistry.data.gov.uk/data/ppd/monthly/file-6-02.csv: Request failed with status code 406
Downloading https://landregistry.data.gov.uk/data/ppd/monthly/file-6-03.csv ...
  Error downloading https://landregistry.data.gov.uk/data/ppd/monthly/file-6-03.csv: Request failed with status code 406
Downloading https://landregistry.data.gov.uk/data/ppd/monthly/file-6-04.csv ...
  Error downloading https://landregistry.data.gov.uk/data/ppd/monthly/file-6-04.csv: Request failed with status code 406
Downloading https://landregistry.data.gov.uk/data/ppd/monthly/file-6-05.csv ...
  Error downloading https://landregistry.data.gov.uk/data/ppd/monthly/file-6-05.csv: Request failed with status code 406
Downloading https://landregistry.data.gov.uk/data/ppd/monthly/file-6-06.csv ...
  Error downloading https://landregistry.data.gov.uk/data/ppd/monthly/file-6-06.csv: Request failed with status code 406
Downloading https://landregistry.data.gov.uk/data/ppd/monthly/file-6-07.csv ...
  Error downloading https://landregistry.data.gov.uk/data/ppd/monthly/file-6-07.csv: Request failed with status code 406
Downloading https://landregistry.data.gov.uk/data/ppd/monthly/file-6-08.csv ...
  Error downloading https://landregistry.data.gov.uk/data/ppd/monthly/file-6-08.csv: Request failed with status code 406
Downloading https://landregistry.data.gov.uk/data/ppd/monthly/file-6-09.csv ...
  Error downloading https://landregistry.data.gov.uk/data/ppd/monthly/file-6-09.csv: Request failed with status code 406
Downloading https://landregistry.data.gov.uk/data/ppd/monthly/file-6-10.csv ...
  Error downloading https://landregistry.data.gov.uk/data/ppd/monthly/file-6-10.csv: Request failed with status code 406
Downloading https://landregistry.data.gov.uk/data/ppd/monthly/file-6-11.csv ...
  Error downloading https://landregistry.data.gov.uk/data/ppd/monthly/file-6-11.csv: Request failed with status code 406
Downloading https://landregistry.data.gov.uk/data/ppd/monthly/file-6-12.csv ...
  Error downloading https://landregistry.data.gov.uk/data/ppd/monthly/file-6-12.csv: Request failed with status code 406
Downloading https://landregistry.data.gov.uk/data/ppd/monthly/file-7-01.csv ...
  Error downloading https://landregistry.data.gov.uk/data/ppd/monthly/file-7-01.csv: Request failed with status code 406
Downloading https://landregistry.data.gov.uk/data/ppd/monthly/file-7-02.csv ...
  Error downloading https://landregistry.data.gov.uk/data/ppd/monthly/file-7-02.csv: Request failed with status code 406
Downloading https://landregistry.data.gov.uk/data/ppd/monthly/file-7-03.csv ...
  Error downloading https://landregistry.data.gov.uk/data/ppd/monthly/file-7-03.csv: Request failed with status code 406
Downloading https://landregistry.data.gov.uk/data/ppd/monthly/file-7-04.csv ...
  Error downloading https://landregistry.data.gov.uk/data/ppd/monthly/file-7-04.csv: Request failed with status code 406
Downloading https://landregistry.data.gov.uk/data/ppd/monthly/file-7-05.csv ...
  Error downloading https://landregistry.data.gov.uk/data/ppd/monthly/file-7-05.csv: Request failed with status code 406
Downloading https://landregistry.data.gov.uk/data/ppd/monthly/file-7-06.csv ...
  Error downloading https://landregistry.data.gov.uk/data/ppd/monthly/file-7-06.csv: Request failed with status code 406
Downloading https://landregistry.data.gov.uk/data/ppd/monthly/file-7-07.csv ...
  Error downloading https://landregistry.data.gov.uk/data/ppd/monthly/file-7-07.csv: Request failed with status code 406
Downloading https://landregistry.data.gov.uk/data/ppd/monthly/file-7-08.csv ...
  Error downloading https://landregistry.data.gov.uk/data/ppd/monthly/file-7-08.csv: Request failed with status code 406
Downloading https://landregistry.data.gov.uk/data/ppd/monthly/file-7-09.csv ...
  Error downloading https://landregistry.data.gov.uk/data/ppd/monthly/file-7-09.csv: Request failed with status code 406
Downloading https://landregistry.data.gov.uk/data/ppd/monthly/file-7-10.csv ...
  Error downloading https://landregistry.data.gov.uk/data/ppd/monthly/file-7-10.csv: Request failed with status code 406
Downloading https://landregistry.data.gov.uk/data/ppd/monthly/file-7-11.csv ...
  Error downloading https://landregistry.data.gov.uk/data/ppd/monthly/file-7-11.csv: Request failed with status code 406
Downloading https://landregistry.data.gov.uk/data/ppd/monthly/file-7-12.csv ...
  Error downloading https://landregistry.data.gov.uk/data/ppd/monthly/file-7-12.csv: Request failed with status code 406
Downloading https://landregistry.data.gov.uk/data/ppd/monthly/file-8-01.csv ...
  Error downloading https://landregistry.data.gov.uk/data/ppd/monthly/file-8-01.csv: Request failed with status code 406
Downloading https://landregistry.data.gov.uk/data/ppd/monthly/file-8-02.csv ...
  Error downloading https://landregistry.data.gov.uk/data/ppd/monthly/file-8-02.csv: Request failed with status code 406
Downloading https://landregistry.data.gov.uk/data/ppd/monthly/file-8-03.csv ...
  Error downloading https://landregistry.data.gov.uk/data/ppd/monthly/file-8-03.csv: Request failed with status code 406
Downloading https://landregistry.data.gov.uk/data/ppd/monthly/file-8-04.csv ...
  Error downloading https://landregistry.data.gov.uk/data/ppd/monthly/file-8-04.csv: Request failed with status code 406
Downloading https://landregistry.data.gov.uk/data/ppd/monthly/file-8-05.csv ...
  Error downloading https://landregistry.data.gov.uk/data/ppd/monthly/file-8-05.csv: Request failed with status code 406
Downloading https://landregistry.data.gov.uk/data/ppd/monthly/file-8-06.csv ...
  Error downloading https://landregistry.data.gov.uk/data/ppd/monthly/file-8-06.csv: Request failed with status code 406
Downloading https://landregistry.data.gov.uk/data/ppd/monthly/file-8-07.csv ...
  Error downloading https://landregistry.data.gov.uk/data/ppd/monthly/file-8-07.csv: Request failed with status code 406
Downloading https://landregistry.data.gov.uk/data/ppd/monthly/file-8-08.csv ...
  Error downloading https://landregistry.data.gov.uk/data/ppd/monthly/file-8-08.csv: Request failed with status code 406
Downloading https://landregistry.data.gov.uk/data/ppd/monthly/file-8-09.csv ...
  Error downloading https://landregistry.data.gov.uk/data/ppd/monthly/file-8-09.csv: Request failed with status code 406
Downloading https://landregistry.data.gov.uk/data/ppd/monthly/file-8-10.csv ...
  Error downloading https://landregistry.data.gov.uk/data/ppd/monthly/file-8-10.csv: Request failed with status code 406
Downloading https://landregistry.data.gov.uk/data/ppd/monthly/file-8-11.csv ...
  Error downloading https://landregistry.data.gov.uk/data/ppd/monthly/file-8-11.csv: Request failed with status code 406
Downloading https://landregistry.data.gov.uk/data/ppd/monthly/file-8-12.csv ...
  Error downloading https://landregistry.data.gov.uk/data/ppd/monthly/file-8-12.csv: Request failed with status code 406
Downloading https://landregistry.data.gov.uk/data/ppd/monthly/file-9-01.csv ...
  Error downloading https://landregistry.data.gov.uk/data/ppd/monthly/file-9-01.csv: Request failed with status code 406
Downloading https://landregistry.data.gov.uk/data/ppd/monthly/file-9-02.csv ...
  Error downloading https://landregistry.data.gov.uk/data/ppd/monthly/file-9-02.csv: Request failed with status code 406
Downloading https://landregistry.data.gov.uk/data/ppd/monthly/file-9-03.csv ...
  Error downloading https://landregistry.data.gov.uk/data/ppd/monthly/file-9-03.csv: Request failed with status code 406
Downloading https://landregistry.data.gov.uk/data/ppd/monthly/file-9-04.csv ...
  Error downloading https://landregistry.data.gov.uk/data/ppd/monthly/file-9-04.csv: Request failed with status code 406
Downloading https://landregistry.data.gov.uk/data/ppd/monthly/file-9-05.csv ...
  Error downloading https://landregistry.data.gov.uk/data/ppd/monthly/file-9-05.csv: Request failed with status code 406
Downloading https://landregistry.data.gov.uk/data/ppd/monthly/file-9-06.csv ...
  Error downloading https://landregistry.data.gov.uk/data/ppd/monthly/file-9-06.csv: Request failed with status code 406
Downloading https://landregistry.data.gov.uk/data/ppd/monthly/file-9-07.csv ...
  Error downloading https://landregistry.data.gov.uk/data/ppd/monthly/file-9-07.csv: Request failed with status code 406
Downloading https://landregistry.data.gov.uk/data/ppd/monthly/file-9-08.csv ...
  Error downloading https://landregistry.data.gov.uk/data/ppd/monthly/file-9-08.csv: Request failed with status code 406
Downloading https://landregistry.data.gov.uk/data/ppd/monthly/file-9-09.csv ...
  Error downloading https://landregistry.data.gov.uk/data/ppd/monthly/file-9-09.csv: Request failed with status code 406
Downloading https://landregistry.data.gov.uk/data/ppd/monthly/file-9-10.csv ...
  Error downloading https://landregistry.data.gov.uk/data/ppd/monthly/file-9-10.csv: Request failed with status code 406
Downloading https://landregistry.data.gov.uk/data/ppd/monthly/file-9-11.csv ...
  Error downloading https://landregistry.data.gov.uk/data/ppd/monthly/file-9-11.csv: Request failed with status code 406
Downloading https://landregistry.data.gov.uk/data/ppd/monthly/file-9-12.csv ...
  Error downloading https://landregistry.data.gov.uk/data/ppd/monthly/file-9-12.csv: Request failed with status code 406
Downloading https://landregistry.data.gov.uk/data/ppd/monthly/file-10-01.csv ...
  Error downloading https://landregistry.data.gov.uk/data/ppd/monthly/file-10-01.csv: Request failed with status code 406
Downloading https://landregistry.data.gov.uk/data/ppd/monthly/file-10-02.csv ...
  Error downloading https://landregistry.data.gov.uk/data/ppd/monthly/file-10-02.csv: Request failed with status code 406
Downloading https://landregistry.data.gov.uk/data/ppd/monthly/file-10-03.csv ...
  Error downloading https://landregistry.data.gov.uk/data/ppd/monthly/file-10-03.csv: Request failed with status code 406
Downloading https://landregistry.data.gov.uk/data/ppd/monthly/file-10-04.csv ...
  Error downloading https://landregistry.data.gov.uk/data/ppd/monthly/file-10-04.csv: Request failed with status code 406
Downloading https://landregistry.data.gov.uk/data/ppd/monthly/file-10-05.csv ...
  Error downloading https://landregistry.data.gov.uk/data/ppd/monthly/file-10-05.csv: Request failed with status code 406
Downloading https://landregistry.data.gov.uk/data/ppd/monthly/file-10-06.csv ...
  Error downloading https://landregistry.data.gov.uk/data/ppd/monthly/file-10-06.csv: Request failed with status code 406
Downloading https://landregistry.data.gov.uk/data/ppd/monthly/file-10-07.csv ...
  Error downloading https://landregistry.data.gov.uk/data/ppd/monthly/file-10-07.csv: Request failed with status code 406
Downloading https://landregistry.data.gov.uk/data/ppd/monthly/file-10-08.csv ...
  Error downloading https://landregistry.data.gov.uk/data/ppd/monthly/file-10-08.csv: Request failed with status code 406
Downloading https://landregistry.data.gov.uk/data/ppd/monthly/file-10-09.csv ...
  Error downloading https://landregistry.data.gov.uk/data/ppd/monthly/file-10-09.csv: Request failed with status code 406
Downloading https://landregistry.data.gov.uk/data/ppd/monthly/file-10-10.csv ...
  Error downloading https://landregistry.data.gov.uk/data/ppd/monthly/file-10-10.csv: Request failed with status code 406
Downloading https://landregistry.data.gov.uk/data/ppd/monthly/file-10-11.csv ...
  Error downloading https://landregistry.data.gov.uk/data/ppd/monthly/file-10-11.csv: Request failed with status code 406
Downloading https://landregistry.data.gov.uk/data/ppd/monthly/file-10-12.csv ...
  Error downloading https://landregistry.data.gov.uk/data/ppd/monthly/file-10-12.csv: Request failed with status code 406
Downloading https://landregistry.data.gov.uk/data/ppd/monthly/file-11-01.csv ...
  Error downloading https://landregistry.data.gov.uk/data/ppd/monthly/file-11-01.csv: Request failed with status code 406
Downloading https://landregistry.data.gov.uk/data/ppd/monthly/file-11-02.csv ...
  Error downloading https://landregistry.data.gov.uk/data/ppd/monthly/file-11-02.csv: Request failed with status code 406
Downloading https://landregistry.data.gov.uk/data/ppd/monthly/file-11-03.csv ...
  Error downloading https://landregistry.data.gov.uk/data/ppd/monthly/file-11-03.csv: Request failed with status code 406
Downloading https://landregistry.data.gov.uk/data/ppd/monthly/file-11-04.csv ...
  Error downloading https://landregistry.data.gov.uk/data/ppd/monthly/file-11-04.csv: Request failed with status code 406
Downloading https://landregistry.data.gov.uk/data/ppd/monthly/file-11-05.csv ...
  Error downloading https://landregistry.data.gov.uk/data/ppd/monthly/file-11-05.csv: Request failed with status code 406
Downloading https://landregistry.data.gov.uk/data/ppd/monthly/file-11-06.csv ...
  Error downloading https://landregistry.data.gov.uk/data/ppd/monthly/file-11-06.csv: Request failed with status code 406
Downloading https://landregistry.data.gov.uk/data/ppd/monthly/file-11-07.csv ...
  Error downloading https://landregistry.data.gov.uk/data/ppd/monthly/file-11-07.csv: Request failed with status code 406
Downloading https://landregistry.data.gov.uk/data/ppd/monthly/file-11-08.csv ...
  Error downloading https://landregistry.data.gov.uk/data/ppd/monthly/file-11-08.csv: Request failed with status code 406
Downloading https://landregistry.data.gov.uk/data/ppd/monthly/file-11-09.csv ...
  Error downloading https://landregistry.data.gov.uk/data/ppd/monthly/file-11-09.csv: Request failed with status code 406
Downloading https://landregistry.data.gov.uk/data/ppd/monthly/file-11-10.csv ...
  Error downloading https://landregistry.data.gov.uk/data/ppd/monthly/file-11-10.csv: Request failed with status code 406
Downloading https://landregistry.data.gov.uk/data/ppd/monthly/file-11-11.csv ...
  Error downloading https://landregistry.data.gov.uk/data/ppd/monthly/file-11-11.csv: Request failed with status code 406
Downloading https://landregistry.data.gov.uk/data/ppd/monthly/file-11-12.csv ...
  Error downloading https://landregistry.data.gov.uk/data/ppd/monthly/file-11-12.csv: Request failed with status code 406
Downloading https://landregistry.data.gov.uk/data/ppd/monthly/file-12-01.csv ...
  Error downloading https://landregistry.data.gov.uk/data/ppd/monthly/file-12-01.csv: Request failed with status code 406
Downloading https://landregistry.data.gov.uk/data/ppd/monthly/file-12-02.csv ...
  Error downloading https://landregistry.data.gov.uk/data/ppd/monthly/file-12-02.csv: Request failed with status code 406
Downloading https://landregistry.data.gov.uk/data/ppd/monthly/file-12-03.csv ...
  Error downloading https://landregistry.data.gov.uk/data/ppd/monthly/file-12-03.csv: Request failed with status code 406
Downloading https://landregistry.data.gov.uk/data/ppd/monthly/file-12-04.csv ...
  Error downloading https://landregistry.data.gov.uk/data/ppd/monthly/file-12-04.csv: Request failed with status code 406
Downloading https://landregistry.data.gov.uk/data/ppd/monthly/file-12-05.csv ...
  Error downloading https://landregistry.data.gov.uk/data/ppd/monthly/file-12-05.csv: Request failed with status code 406
Downloading https://landregistry.data.gov.uk/data/ppd/monthly/file-12-06.csv ...
  Error downloading https://landregistry.data.gov.uk/data/ppd/monthly/file-12-06.csv: Request failed with status code 406
Downloading https://landregistry.data.gov.uk/data/ppd/monthly/file-12-07.csv ...
  Error downloading https://landregistry.data.gov.uk/data/ppd/monthly/file-12-07.csv: Request failed with status code 406
Downloading https://landregistry.data.gov.uk/data/ppd/monthly/file-12-08.csv ...
  Error downloading https://landregistry.data.gov.uk/data/ppd/monthly/file-12-08.csv: Request failed with status code 406
Downloading https://landregistry.data.gov.uk/data/ppd/monthly/file-12-09.csv ...
  Error downloading https://landregistry.data.gov.uk/data/ppd/monthly/file-12-09.csv: Request failed with status code 406
Downloading https://landregistry.data.gov.uk/data/ppd/monthly/file-12-10.csv ...
  Error downloading https://landregistry.data.gov.uk/data/ppd/monthly/file-12-10.csv: Request failed with status code 406
Downloading https://landregistry.data.gov.uk/data/ppd/monthly/file-12-11.csv ...
  Error downloading https://landregistry.data.gov.uk/data/ppd/monthly/file-12-11.csv: Request failed with status code 406
Downloading https://landregistry.data.gov.uk/data/ppd/monthly/file-12-12.csv ...
  Error downloading https://landregistry.data.gov.uk/data/ppd/monthly/file-12-12.csv: Request failed with status code 406
Downloading https://landregistry.data.gov.uk/data/ppd/monthly/file-13-01.csv ...
  Error downloading https://landregistry.data.gov.uk/data/ppd/monthly/file-13-01.csv: Request failed with status code 406
Downloading https://landregistry.data.gov.uk/data/ppd/monthly/file-13-02.csv ...
  Error downloading https://landregistry.data.gov.uk/data/ppd/monthly/file-13-02.csv: Request failed with status code 406
Downloading https://landregistry.data.gov.uk/data/ppd/monthly/file-13-03.csv ...
  Error downloading https://landregistry.data.gov.uk/data/ppd/monthly/file-13-03.csv: Request failed with status code 406
Downloading https://landregistry.data.gov.uk/data/ppd/monthly/file-13-04.csv ...
  Error downloading https://landregistry.data.gov.uk/data/ppd/monthly/file-13-04.csv: Request failed with status code 406
Downloading https://landregistry.data.gov.uk/data/ppd/monthly/file-13-05.csv ...
  Error downloading https://landregistry.data.gov.uk/data/ppd/monthly/file-13-05.csv: Request failed with status code 406
Downloading https://landregistry.data.gov.uk/data/ppd/monthly/file-13-06.csv ...
  Error downloading https://landregistry.data.gov.uk/data/ppd/monthly/file-13-06.csv: Request failed with status code 406
Downloading https://landregistry.data.gov.uk/data/ppd/monthly/file-13-07.csv ...
  Error downloading https://landregistry.data.gov.uk/data/ppd/monthly/file-13-07.csv: Request failed with status code 406
Downloading https://landregistry.data.gov.uk/data/ppd/monthly/file-13-08.csv ...
  Error downloading https://landregistry.data.gov.uk/data/ppd/monthly/file-13-08.csv: Request failed with status code 406
Downloading https://landregistry.data.gov.uk/data/ppd/monthly/file-13-09.csv ...
  Error downloading https://landregistry.data.gov.uk/data/ppd/monthly/file-13-09.csv: Request failed with status code 406
Downloading https://landregistry.data.gov.uk/data/ppd/monthly/file-13-10.csv ...
  Error downloading https://landregistry.data.gov.uk/data/ppd/monthly/file-13-10.csv: Request failed with status code 406
Downloading https://landregistry.data.gov.uk/data/ppd/monthly/file-13-11.csv ...
  Error downloading https://landregistry.data.gov.uk/data/ppd/monthly/file-13-11.csv: Request failed with status code 406
Downloading https://landregistry.data.gov.uk/data/ppd/monthly/file-13-12.csv ...
  Error downloading https://landregistry.data.gov.uk/data/ppd/monthly/file-13-12.csv: Request failed with status code 406
Downloading https://landregistry.data.gov.uk/data/ppd/monthly/file-14-01.csv ...
  Error downloading https://landregistry.data.gov.uk/data/ppd/monthly/file-14-01.csv: Request failed with status code 406
Downloading https://landregistry.data.gov.uk/data/ppd/monthly/file-14-02.csv ...
  Error downloading https://landregistry.data.gov.uk/data/ppd/monthly/file-14-02.csv: Request failed with status code 406
Downloading https://landregistry.data.gov.uk/data/ppd/monthly/file-14-03.csv ...
  Error downloading https://landregistry.data.gov.uk/data/ppd/monthly/file-14-03.csv: Request failed with status code 406
Downloading https://landregistry.data.gov.uk/data/ppd/monthly/file-14-04.csv ...
  Error downloading https://landregistry.data.gov.uk/data/ppd/monthly/file-14-04.csv: Request failed with status code 406
Downloading https://landregistry.data.gov.uk/data/ppd/monthly/file-14-05.csv ...
  Error downloading https://landregistry.data.gov.uk/data/ppd/monthly/file-14-05.csv: Request failed with status code 406
Downloading https://landregistry.data.gov.uk/data/ppd/monthly/file-14-06.csv ...
  Error downloading https://landregistry.data.gov.uk/data/ppd/monthly/file-14-06.csv: Request failed with status code 406
Downloading https://landregistry.data.gov.uk/data/ppd/monthly/file-14-07.csv ...
  Error downloading https://landregistry.data.gov.uk/data/ppd/monthly/file-14-07.csv: Request failed with status code 406
Downloading https://landregistry.data.gov.uk/data/ppd/monthly/file-14-08.csv ...
  Error downloading https://landregistry.data.gov.uk/data/ppd/monthly/file-14-08.csv: Request failed with status code 406
Downloading https://landregistry.data.gov.uk/data/ppd/monthly/file-14-09.csv ...
  Error downloading https://landregistry.data.gov.uk/data/ppd/monthly/file-14-09.csv: Request failed with status code 406
Downloading https://landregistry.data.gov.uk/data/ppd/monthly/file-14-10.csv ...
  Error downloading https://landregistry.data.gov.uk/data/ppd/monthly/file-14-10.csv: Request failed with status code 406
Downloading https://landregistry.data.gov.uk/data/ppd/monthly/file-14-11.csv ...
  Error downloading https://landregistry.data.gov.uk/data/ppd/monthly/file-14-11.csv: Request failed with status code 406
Downloading https://landregistry.data.gov.uk/data/ppd/monthly/file-14-12.csv ...
  Error downloading https://landregistry.data.gov.uk/data/ppd/monthly/file-14-12.csv: Request failed with status code 406
Downloading https://landregistry.data.gov.uk/data/ppd/monthly/file-15-01.csv ...
  Error downloading https://landregistry.data.gov.uk/data/ppd/monthly/file-15-01.csv: Request failed with status code 406
Downloading https://landregistry.data.gov.uk/data/ppd/monthly/file-15-02.csv ...
  Error downloading https://landregistry.data.gov.uk/data/ppd/monthly/file-15-02.csv: Request failed with status code 406
Downloading https://landregistry.data.gov.uk/data/ppd/monthly/file-15-03.csv ...
  Error downloading https://landregistry.data.gov.uk/data/ppd/monthly/file-15-03.csv: Request failed with status code 406
Downloading https://landregistry.data.gov.uk/data/ppd/monthly/file-15-04.csv ...
  Error downloading https://landregistry.data.gov.uk/data/ppd/monthly/file-15-04.csv: Request failed with status code 406
Downloading https://landregistry.data.gov.uk/data/ppd/monthly/file-15-05.csv ...
  Error downloading https://landregistry.data.gov.uk/data/ppd/monthly/file-15-05.csv: Request failed with status code 406
Downloading https://landregistry.data.gov.uk/data/ppd/monthly/file-15-06.csv ...
  Error downloading https://landregistry.data.gov.uk/data/ppd/monthly/file-15-06.csv: Request failed with status code 406
Downloading https://landregistry.data.gov.uk/data/ppd/monthly/file-15-07.csv ...
  Error downloading https://landregistry.data.gov.uk/data/ppd/monthly/file-15-07.csv: Request failed with status code 406
Downloading https://landregistry.data.gov.uk/data/ppd/monthly/file-15-08.csv ...
  Error downloading https://landregistry.data.gov.uk/data/ppd/monthly/file-15-08.csv: Request failed with status code 406
Downloading https://landregistry.data.gov.uk/data/ppd/monthly/file-15-09.csv ...
  Error downloading https://landregistry.data.gov.uk/data/ppd/monthly/file-15-09.csv: Request failed with status code 406
Downloading https://landregistry.data.gov.uk/data/ppd/monthly/file-15-10.csv ...
  Error downloading https://landregistry.data.gov.uk/data/ppd/monthly/file-15-10.csv: Request failed with status code 406
Downloading https://landregistry.data.gov.uk/data/ppd/monthly/file-15-11.csv ...
  Error downloading https://landregistry.data.gov.uk/data/ppd/monthly/file-15-11.csv: Request failed with status code 406
Downloading https://landregistry.data.gov.uk/data/ppd/monthly/file-15-12.csv ...
  Error downloading https://landregistry.data.gov.uk/data/ppd/monthly/file-15-12.csv: Request failed with status code 406
Downloading https://landregistry.data.gov.uk/data/ppd/monthly/file-16-01.csv ...
  Error downloading https://landregistry.data.gov.uk/data/ppd/monthly/file-16-01.csv: Request failed with status code 406
Downloading https://landregistry.data.gov.uk/data/ppd/monthly/file-16-02.csv ...
  Error downloading https://landregistry.data.gov.uk/data/ppd/monthly/file-16-02.csv: Request failed with status code 406
Downloading https://landregistry.data.gov.uk/data/ppd/monthly/file-16-03.csv ...
  Error downloading https://landregistry.data.gov.uk/data/ppd/monthly/file-16-03.csv: Request failed with status code 406
Downloading https://landregistry.data.gov.uk/data/ppd/monthly/file-16-04.csv ...
  Error downloading https://landregistry.data.gov.uk/data/ppd/monthly/file-16-04.csv: Request failed with status code 406
Downloading https://landregistry.data.gov.uk/data/ppd/monthly/file-16-05.csv ...
  Error downloading https://landregistry.data.gov.uk/data/ppd/monthly/file-16-05.csv: Request failed with status code 406
Downloading https://landregistry.data.gov.uk/data/ppd/monthly/file-16-06.csv ...
  Error downloading https://landregistry.data.gov.uk/data/ppd/monthly/file-16-06.csv: Request failed with status code 406
Downloading https://landregistry.data.gov.uk/data/ppd/monthly/file-16-07.csv ...
  Error downloading https://landregistry.data.gov.uk/data/ppd/monthly/file-16-07.csv: Request failed with status code 406
Downloading https://landregistry.data.gov.uk/data/ppd/monthly/file-16-08.csv ...
  Error downloading https://landregistry.data.gov.uk/data/ppd/monthly/file-16-08.csv: Request failed with status code 406
Downloading https://landregistry.data.gov.uk/data/ppd/monthly/file-16-09.csv ...
  Error downloading https://landregistry.data.gov.uk/data/ppd/monthly/file-16-09.csv: Request failed with status code 406
Downloading https://landregistry.data.gov.uk/data/ppd/monthly/file-16-10.csv ...
  Error downloading https://landregistry.data.gov.uk/data/ppd/monthly/file-16-10.csv: Request failed with status code 406
Downloading https://landregistry.data.gov.uk/data/ppd/monthly/file-16-11.csv ...
  Error downloading https://landregistry.data.gov.uk/data/ppd/monthly/file-16-11.csv: Request failed with status code 406
Downloading https://landregistry.data.gov.uk/data/ppd/monthly/file-16-12.csv ...
  Error downloading https://landregistry.data.gov.uk/data/ppd/monthly/file-16-12.csv: Request failed with status code 406
Downloading https://landregistry.data.gov.uk/data/ppd/monthly/file-17-01.csv ...
  Error downloading https://landregistry.data.gov.uk/data/ppd/monthly/file-17-01.csv: Request failed with status code 406
Downloading https://landregistry.data.gov.uk/data/ppd/monthly/file-17-02.csv ...
  Error downloading https://landregistry.data.gov.uk/data/ppd/monthly/file-17-02.csv: Request failed with status code 406
Downloading https://landregistry.data.gov.uk/data/ppd/monthly/file-17-03.csv ...
  Error downloading https://landregistry.data.gov.uk/data/ppd/monthly/file-17-03.csv: Request failed with status code 406
Downloading https://landregistry.data.gov.uk/data/ppd/monthly/file-17-04.csv ...
  Error downloading https://landregistry.data.gov.uk/data/ppd/monthly/file-17-04.csv: Request failed with status code 406
Downloading https://landregistry.data.gov.uk/data/ppd/monthly/file-17-05.csv ...
  Error downloading https://landregistry.data.gov.uk/data/ppd/monthly/file-17-05.csv: Request failed with status code 406
Downloading https://landregistry.data.gov.uk/data/ppd/monthly/file-17-06.csv ...
  Error downloading https://landregistry.data.gov.uk/data/ppd/monthly/file-17-06.csv: Request failed with status code 406
Downloading https://landregistry.data.gov.uk/data/ppd/monthly/file-17-07.csv ...
  Error downloading https://landregistry.data.gov.uk/data/ppd/monthly/file-17-07.csv: Request failed with status code 406
Downloading https://landregistry.data.gov.uk/data/ppd/monthly/file-17-08.csv ...
  Error downloading https://landregistry.data.gov.uk/data/ppd/monthly/file-17-08.csv: Request failed with status code 406
Downloading https://landregistry.data.gov.uk/data/ppd/monthly/file-17-09.csv ...
  Error downloading https://landregistry.data.gov.uk/data/ppd/monthly/file-17-09.csv: Request failed with status code 406
Downloading https://landregistry.data.gov.uk/data/ppd/monthly/file-17-10.csv ...
  Error downloading https://landregistry.data.gov.uk/data/ppd/monthly/file-17-10.csv: Request failed with status code 406
Downloading https://landregistry.data.gov.uk/data/ppd/monthly/file-17-11.csv ...
  Error downloading https://landregistry.data.gov.uk/data/ppd/monthly/file-17-11.csv: Request failed with status code 406
Downloading https://landregistry.data.gov.uk/data/ppd/monthly/file-17-12.csv ...
  Error downloading https://landregistry.data.gov.uk/data/ppd/monthly/file-17-12.csv: Request failed with status code 406
Downloading https://landregistry.data.gov.uk/data/ppd/monthly/file-18-01.csv ...
  Error downloading https://landregistry.data.gov.uk/data/ppd/monthly/file-18-01.csv: Request failed with status code 406
Downloading https://landregistry.data.gov.uk/data/ppd/monthly/file-18-02.csv ...
  Error downloading https://landregistry.data.gov.uk/data/ppd/monthly/file-18-02.csv: Request failed with status code 406
Downloading https://landregistry.data.gov.uk/data/ppd/monthly/file-18-03.csv ...
  Error downloading https://landregistry.data.gov.uk/data/ppd/monthly/file-18-03.csv: Request failed with status code 406
Downloading https://landregistry.data.gov.uk/data/ppd/monthly/file-18-04.csv ...
  Error downloading https://landregistry.data.gov.uk/data/ppd/monthly/file-18-04.csv: Request failed with status code 406
Downloading https://landregistry.data.gov.uk/data/ppd/monthly/file-18-05.csv ...
  Error downloading https://landregistry.data.gov.uk/data/ppd/monthly/file-18-05.csv: Request failed with status code 406
Downloading https://landregistry.data.gov.uk/data/ppd/monthly/file-18-06.csv ...
  Error downloading https://landregistry.data.gov.uk/data/ppd/monthly/file-18-06.csv: Request failed with status code 406
Downloading https://landregistry.data.gov.uk/data/ppd/monthly/file-18-07.csv ...
  Error downloading https://landregistry.data.gov.uk/data/ppd/monthly/file-18-07.csv: Request failed with status code 406
Downloading https://landregistry.data.gov.uk/data/ppd/monthly/file-18-08.csv ...
  Error downloading https://landregistry.data.gov.uk/data/ppd/monthly/file-18-08.csv: Request failed with status code 406
Downloading https://landregistry.data.gov.uk/data/ppd/monthly/file-18-09.csv ...
  Error downloading https://landregistry.data.gov.uk/data/ppd/monthly/file-18-09.csv: Request failed with status code 406
Downloading https://landregistry.data.gov.uk/data/ppd/monthly/file-18-10.csv ...
  Error downloading https://landregistry.data.gov.uk/data/ppd/monthly/file-18-10.csv: Request failed with status code 406
Downloading https://landregistry.data.gov.uk/data/ppd/monthly/file-18-11.csv ...
  Error downloading https://landregistry.data.gov.uk/data/ppd/monthly/file-18-11.csv: Request failed with status code 406
Downloading https://landregistry.data.gov.uk/data/ppd/monthly/file-18-12.csv ...
  Error downloading https://landregistry.data.gov.uk/data/ppd/monthly/file-18-12.csv: Request failed with status code 406
Downloading https://landregistry.data.gov.uk/data/ppd/monthly/file-19-01.csv ...
  Error downloading https://landregistry.data.gov.uk/data/ppd/monthly/file-19-01.csv: Request failed with status code 406
Downloading https://landregistry.data.gov.uk/data/ppd/monthly/file-19-02.csv ...
  Error downloading https://landregistry.data.gov.uk/data/ppd/monthly/file-19-02.csv: Request failed with status code 406
Downloading https://landregistry.data.gov.uk/data/ppd/monthly/file-19-03.csv ...
  Error downloading https://landregistry.data.gov.uk/data/ppd/monthly/file-19-03.csv: Request failed with status code 406
Downloading https://landregistry.data.gov.uk/data/ppd/monthly/file-19-04.csv ...
  Error downloading https://landregistry.data.gov.uk/data/ppd/monthly/file-19-04.csv: Request failed with status code 406
Downloading https://landregistry.data.gov.uk/data/ppd/monthly/file-19-05.csv ...
  Error downloading https://landregistry.data.gov.uk/data/ppd/monthly/file-19-05.csv: Request failed with status code 406
Downloading https://landregistry.data.gov.uk/data/ppd/monthly/file-19-06.csv ...
  Error downloading https://landregistry.data.gov.uk/data/ppd/monthly/file-19-06.csv: Request failed with status code 406
Downloading https://landregistry.data.gov.uk/data/ppd/monthly/file-19-07.csv ...
  Error downloading https://landregistry.data.gov.uk/data/ppd/monthly/file-19-07.csv: Request failed with status code 406
Downloading https://landregistry.data.gov.uk/data/ppd/monthly/file-19-08.csv ...
  Error downloading https://landregistry.data.gov.uk/data/ppd/monthly/file-19-08.csv: Request failed with status code 406
Downloading https://landregistry.data.gov.uk/data/ppd/monthly/file-19-09.csv ...
  Error downloading https://landregistry.data.gov.uk/data/ppd/monthly/file-19-09.csv: Request failed with status code 406
Downloading https://landregistry.data.gov.uk/data/ppd/monthly/file-19-10.csv ...
  Error downloading https://landregistry.data.gov.uk/data/ppd/monthly/file-19-10.csv: Request failed with status code 406
Downloading https://landregistry.data.gov.uk/data/ppd/monthly/file-19-11.csv ...
  Error downloading https://landregistry.data.gov.uk/data/ppd/monthly/file-19-11.csv: Request failed with status code 406
Downloading https://landregistry.data.gov.uk/data/ppd/monthly/file-19-12.csv ...
  Error downloading https://landregistry.data.gov.uk/data/ppd/monthly/file-19-12.csv: Request failed with status code 406
Downloading https://landregistry.data.gov.uk/data/ppd/monthly/file-20-01.csv ...
  Error downloading https://landregistry.data.gov.uk/data/ppd/monthly/file-20-01.csv: Request failed with status code 406
Downloading https://landregistry.data.gov.uk/data/ppd/monthly/file-20-02.csv ...
  Error downloading https://landregistry.data.gov.uk/data/ppd/monthly/file-20-02.csv: Request failed with status code 406
Downloading https://landregistry.data.gov.uk/data/ppd/monthly/file-20-03.csv ...
  Error downloading https://landregistry.data.gov.uk/data/ppd/monthly/file-20-03.csv: Request failed with status code 406
Downloading https://landregistry.data.gov.uk/data/ppd/monthly/file-20-04.csv ...
  Error downloading https://landregistry.data.gov.uk/data/ppd/monthly/file-20-04.csv: Request failed with status code 406
Downloading https://landregistry.data.gov.uk/data/ppd/monthly/file-20-05.csv ...
  Error downloading https://landregistry.data.gov.uk/data/ppd/monthly/file-20-05.csv: Request failed with status code 406
Downloading https://landregistry.data.gov.uk/data/ppd/monthly/file-20-06.csv ...
  Error downloading https://landregistry.data.gov.uk/data/ppd/monthly/file-20-06.csv: Request failed with status code 406
Downloading https://landregistry.data.gov.uk/data/ppd/monthly/file-20-07.csv ...
  Error downloading https://landregistry.data.gov.uk/data/ppd/monthly/file-20-07.csv: Request failed with status code 406
Downloading https://landregistry.data.gov.uk/data/ppd/monthly/file-20-08.csv ...
  Error downloading https://landregistry.data.gov.uk/data/ppd/monthly/file-20-08.csv: Request failed with status code 406
Downloading https://landregistry.data.gov.uk/data/ppd/monthly/file-20-09.csv ...
  Error downloading https://landregistry.data.gov.uk/data/ppd/monthly/file-20-09.csv: Request failed with status code 406
Downloading https://landregistry.data.gov.uk/data/ppd/monthly/file-20-10.csv ...
  Error downloading https://landregistry.data.gov.uk/data/ppd/monthly/file-20-10.csv: Request failed with status code 406
Downloading https://landregistry.data.gov.uk/data/ppd/monthly/file-20-11.csv ...
  Error downloading https://landregistry.data.gov.uk/data/ppd/monthly/file-20-11.csv: Request failed with status code 406
Downloading https://landregistry.data.gov.uk/data/ppd/monthly/file-20-12.csv ...
  Error downloading https://landregistry.data.gov.uk/data/ppd/monthly/file-20-12.csv: Request failed with status code 406
Downloading https://landregistry.data.gov.uk/data/ppd/monthly/file-21-01.csv ...
  Error downloading https://landregistry.data.gov.uk/data/ppd/monthly/file-21-01.csv: Request failed with status code 406
Downloading https://landregistry.data.gov.uk/data/ppd/monthly/file-21-02.csv ...
  Error downloading https://landregistry.data.gov.uk/data/ppd/monthly/file-21-02.csv: Request failed with status code 406
Downloading https://landregistry.data.gov.uk/data/ppd/monthly/file-21-03.csv ...
  Error downloading https://landregistry.data.gov.uk/data/ppd/monthly/file-21-03.csv: Request failed with status code 406
Downloading https://landregistry.data.gov.uk/data/ppd/monthly/file-21-04.csv ...
  Error downloading https://landregistry.data.gov.uk/data/ppd/monthly/file-21-04.csv: Request failed with status code 406
Downloading https://landregistry.data.gov.uk/data/ppd/monthly/file-21-05.csv ...
  Error downloading https://landregistry.data.gov.uk/data/ppd/monthly/file-21-05.csv: Request failed with status code 406
Downloading https://landregistry.data.gov.uk/data/ppd/monthly/file-21-06.csv ...
  Error downloading https://landregistry.data.gov.uk/data/ppd/monthly/file-21-06.csv: Request failed with status code 406
Downloading https://landregistry.data.gov.uk/data/ppd/monthly/file-21-07.csv ...
  Error downloading https://landregistry.data.gov.uk/data/ppd/monthly/file-21-07.csv: Request failed with status code 406
Downloading https://landregistry.data.gov.uk/data/ppd/monthly/file-21-08.csv ...
  Error downloading https://landregistry.data.gov.uk/data/ppd/monthly/file-21-08.csv: Request failed with status code 406
Downloading https://landregistry.data.gov.uk/data/ppd/monthly/file-21-09.csv ...
  Error downloading https://landregistry.data.gov.uk/data/ppd/monthly/file-21-09.csv: Request failed with status code 406
Downloading https://landregistry.data.gov.uk/data/ppd/monthly/file-21-10.csv ...
  Error downloading https://landregistry.data.gov.uk/data/ppd/monthly/file-21-10.csv: Request failed with status code 406
Downloading https://landregistry.data.gov.uk/data/ppd/monthly/file-21-11.csv ...
  Error downloading https://landregistry.data.gov.uk/data/ppd/monthly/file-21-11.csv: Request failed with status code 406
Downloading https://landregistry.data.gov.uk/data/ppd/monthly/file-21-12.csv ...
  Error downloading https://landregistry.data.gov.uk/data/ppd/monthly/file-21-12.csv: Request failed with status code 406
Downloading https://landregistry.data.gov.uk/data/ppd/monthly/file-22-01.csv ...
  Error downloading https://landregistry.data.gov.uk/data/ppd/monthly/file-22-01.csv: Request failed with status code 406
Downloading https://landregistry.data.gov.uk/data/ppd/monthly/file-22-02.csv ...
  Error downloading https://landregistry.data.gov.uk/data/ppd/monthly/file-22-02.csv: Request failed with status code 406
Downloading https://landregistry.data.gov.uk/data/ppd/monthly/file-22-03.csv ...
  Error downloading https://landregistry.data.gov.uk/data/ppd/monthly/file-22-03.csv: Request failed with status code 406
Downloading https://landregistry.data.gov.uk/data/ppd/monthly/file-22-04.csv ...
  Error downloading https://landregistry.data.gov.uk/data/ppd/monthly/file-22-04.csv: Request failed with status code 406
Downloading https://landregistry.data.gov.uk/data/ppd/monthly/file-22-05.csv ...
  Error downloading https://landregistry.data.gov.uk/data/ppd/monthly/file-22-05.csv: Request failed with status code 406
Downloading https://landregistry.data.gov.uk/data/ppd/monthly/file-22-06.csv ...
  Error downloading https://landregistry.data.gov.uk/data/ppd/monthly/file-22-06.csv: Request failed with status code 406
Downloading https://landregistry.data.gov.uk/data/ppd/monthly/file-22-07.csv ...
  Error downloading https://landregistry.data.gov.uk/data/ppd/monthly/file-22-07.csv: Request failed with status code 406
Downloading https://landregistry.data.gov.uk/data/ppd/monthly/file-22-08.csv ...
  Error downloading https://landregistry.data.gov.uk/data/ppd/monthly/file-22-08.csv: Request failed with status code 406
Downloading https://landregistry.data.gov.uk/data/ppd/monthly/file-22-09.csv ...
  Error downloading https://landregistry.data.gov.uk/data/ppd/monthly/file-22-09.csv: Request failed with status code 406
Downloading https://landregistry.data.gov.uk/data/ppd/monthly/file-22-10.csv ...
  Error downloading https://landregistry.data.gov.uk/data/ppd/monthly/file-22-10.csv: Request failed with status code 406
Downloading https://landregistry.data.gov.uk/data/ppd/monthly/file-22-11.csv ...
  Error downloading https://landregistry.data.gov.uk/data/ppd/monthly/file-22-11.csv: Request failed with status code 406
Downloading https://landregistry.data.gov.uk/data/ppd/monthly/file-22-12.csv ...
  Error downloading https://landregistry.data.gov.uk/data/ppd/monthly/file-22-12.csv: Request failed with status code 406
Downloading https://landregistry.data.gov.uk/data/ppd/monthly/file-23-01.csv ...
  Error downloading https://landregistry.data.gov.uk/data/ppd/monthly/file-23-01.csv: Request failed with status code 406
Downloading https://landregistry.data.gov.uk/data/ppd/monthly/file-23-02.csv ...
  Error downloading https://landregistry.data.gov.uk/data/ppd/monthly/file-23-02.csv: Request failed with status code 406
Downloading https://landregistry.data.gov.uk/data/ppd/monthly/file-23-03.csv ...
  Error downloading https://landregistry.data.gov.uk/data/ppd/monthly/file-23-03.csv: Request failed with status code 406
Downloading https://landregistry.data.gov.uk/data/ppd/monthly/file-23-04.csv ...
  Error downloading https://landregistry.data.gov.uk/data/ppd/monthly/file-23-04.csv: Request failed with status code 406
Downloading https://landregistry.data.gov.uk/data/ppd/monthly/file-23-05.csv ...
  Error downloading https://landregistry.data.gov.uk/data/ppd/monthly/file-23-05.csv: Request failed with status code 406
Downloading https://landregistry.data.gov.uk/data/ppd/monthly/file-23-06.csv ...
  Error downloading https://landregistry.data.gov.uk/data/ppd/monthly/file-23-06.csv: Request failed with status code 406
Downloading https://landregistry.data.gov.uk/data/ppd/monthly/file-23-07.csv ...
  Error downloading https://landregistry.data.gov.uk/data/ppd/monthly/file-23-07.csv: Request failed with status code 406
Downloading https://landregistry.data.gov.uk/data/ppd/monthly/file-23-08.csv ...
  Error downloading https://landregistry.data.gov.uk/data/ppd/monthly/file-23-08.csv: Request failed with status code 406
Downloading https://landregistry.data.gov.uk/data/ppd/monthly/file-23-09.csv ...
  Error downloading https://landregistry.data.gov.uk/data/ppd/monthly/file-23-09.csv: Request failed with status code 406
Downloading https://landregistry.data.gov.uk/data/ppd/monthly/file-23-10.csv ...
  Error downloading https://landregistry.data.gov.uk/data/ppd/monthly/file-23-10.csv: Request failed with status code 406
Downloading https://landregistry.data.gov.uk/data/ppd/monthly/file-23-11.csv ...
  Error downloading https://landregistry.data.gov.uk/data/ppd/monthly/file-23-11.csv: Request failed with status code 406
Downloading https://landregistry.data.gov.uk/data/ppd/monthly/file-23-12.csv ...
  Error downloading https://landregistry.data.gov.uk/data/ppd/monthly/file-23-12.csv: Request failed with status code 406
Downloading https://landregistry.data.gov.uk/data/ppd/monthly/file-24-01.csv ...
  Error downloading https://landregistry.data.gov.uk/data/ppd/monthly/file-24-01.csv: Request failed with status code 406
Downloading https://landregistry.data.gov.uk/data/ppd/monthly/file-24-02.csv ...
  Error downloading https://landregistry.data.gov.uk/data/ppd/monthly/file-24-02.csv: Request failed with status code 406
Downloading https://landregistry.data.gov.uk/data/ppd/monthly/file-24-03.csv ...
  Error downloading https://landregistry.data.gov.uk/data/ppd/monthly/file-24-03.csv: Request failed with status code 406
Downloading https://landregistry.data.gov.uk/data/ppd/monthly/file-24-04.csv ...
  Error downloading https://landregistry.data.gov.uk/data/ppd/monthly/file-24-04.csv: Request failed with status code 406
Downloading https://landregistry.data.gov.uk/data/ppd/monthly/file-24-05.csv ...
  Error downloading https://landregistry.data.gov.uk/data/ppd/monthly/file-24-05.csv: Request failed with status code 406
Downloading https://landregistry.data.gov.uk/data/ppd/monthly/file-24-06.csv ...
  Error downloading https://landregistry.data.gov.uk/data/ppd/monthly/file-24-06.csv: Request failed with status code 406
Downloading https://landregistry.data.gov.uk/data/ppd/monthly/file-24-07.csv ...
  Error downloading https://landregistry.data.gov.uk/data/ppd/monthly/file-24-07.csv: Request failed with status code 406
Downloading https://landregistry.data.gov.uk/data/ppd/monthly/file-24-08.csv ...
  Error downloading https://landregistry.data.gov.uk/data/ppd/monthly/file-24-08.csv: Request failed with status code 406
Downloading https://landregistry.data.gov.uk/data/ppd/monthly/file-24-09.csv ...
  Error downloading https://landregistry.data.gov.uk/data/ppd/monthly/file-24-09.csv: Request failed with status code 406
Downloading https://landregistry.data.gov.uk/data/ppd/monthly/file-24-10.csv ...
  Error downloading https://landregistry.data.gov.uk/data/ppd/monthly/file-24-10.csv: Request failed with status code 406
Downloading https://landregistry.data.gov.uk/data/ppd/monthly/file-24-11.csv ...
  Error downloading https://landregistry.data.gov.uk/data/ppd/monthly/file-24-11.csv: Request failed with status code 406
Downloading https://landregistry.data.gov.uk/data/ppd/monthly/file-24-12.csv ...
  Error downloading https://landregistry.data.gov.uk/data/ppd/monthly/file-24-12.csv: Request failed with status code 406
Downloading https://landregistry.data.gov.uk/data/ppd/monthly/file-25-01.csv ...
  Error downloading https://landregistry.data.gov.uk/data/ppd/monthly/file-25-01.csv: Request failed with status code 406
Downloading https://landregistry.data.gov.uk/data/ppd/monthly/file-25-02.csv ...
  Error downloading https://landregistry.data.gov.uk/data/ppd/monthly/file-25-02.csv: Request failed with status code 406
Downloading https://landregistry.data.gov.uk/data/ppd/monthly/file-25-03.csv ...
  Error downloading https://landregistry.data.gov.uk/data/ppd/monthly/file-25-03.csv: Request failed with status code 406
Downloading https://landregistry.data.gov.uk/data/ppd/monthly/file-25-04.csv ...
  Error downloading https://landregistry.data.gov.uk/data/ppd/monthly/file-25-04.csv: Request failed with status code 406
Downloading https://landregistry.data.gov.uk/data/ppd/monthly/file-25-05.csv ...
  Error downloading https://landregistry.data.gov.uk/data/ppd/monthly/file-25-05.csv: Request failed with status code 406
Downloading https://landregistry.data.gov.uk/data/ppd/monthly/file-25-06.csv ...
  Error downloading https://landregistry.data.gov.uk/data/ppd/monthly/file-25-06.csv: Request failed with status code 406
Downloading https://landregistry.data.gov.uk/data/ppd/monthly/file-25-07.csv ...
  Error downloading https://landregistry.data.gov.uk/data/ppd/monthly/file-25-07.csv: Request failed with status code 406
Downloading https://landregistry.data.gov.uk/data/ppd/monthly/file-25-08.csv ...
  Error downloading https://landregistry.data.gov.uk/data/ppd/monthly/file-25-08.csv: Request failed with status code 406
Downloading https://landregistry.data.gov.uk/data/ppd/monthly/file-25-09.csv ...
  Error downloading https://landregistry.data.gov.uk/data/ppd/monthly/file-25-09.csv: Request failed with status code 406
Downloading https://landregistry.data.gov.uk/data/ppd/monthly/file-25-10.csv ...
  Error downloading https://landregistry.data.gov.uk/data/ppd/monthly/file-25-10.csv: Request failed with status code 406
Downloading https://landregistry.data.gov.uk/data/ppd/monthly/file-25-11.csv ...
  Error downloading https://landregistry.data.gov.uk/data/ppd/monthly/file-25-11.csv: Request failed with status code 406
Downloading https://landregistry.data.gov.uk/data/ppd/monthly/file-25-12.csv ...
  Error downloading https://landregistry.data.gov.uk/data/ppd/monthly/file-25-12.csv: Request failed with status code 406
Downloading https://landregistry.data.gov.uk/data/ppd/monthly/file-26-01.csv ...
  Error downloading https://landregistry.data.gov.uk/data/ppd/monthly/file-26-01.csv: Request failed with status code 406
Downloading https://landregistry.data.gov.uk/data/ppd/monthly/file-26-02.csv ...
  Error downloading https://landregistry.data.gov.uk/data/ppd/monthly/file-26-02.csv: Request failed with status code 406
Downloading https://landregistry.data.gov.uk/data/ppd/monthly/file-26-03.csv ...
  Error downloading https://landregistry.data.gov.uk/data/ppd/monthly/file-26-03.csv: Request failed with status code 406
Downloading https://landregistry.data.gov.uk/data/ppd/monthly/file-26-04.csv ...
  Error downloading https://landregistry.data.gov.uk/data/ppd/monthly/file-26-04.csv: Request failed with status code 406
Downloading https://landregistry.data.gov.uk/data/ppd/monthly/file-26-05.csv ...
  Error downloading https://landregistry.data.gov.uk/data/ppd/monthly/file-26-05.csv: Request failed with status code 406
Downloading https://landregistry.data.gov.uk/data/ppd/monthly/file-26-06.csv ...
  Error downloading https://landregistry.data.gov.uk/data/ppd/monthly/file-26-06.csv: Request failed with status code 406
Downloading https://landregistry.data.gov.uk/data/ppd/monthly/file-26-07.csv ...
  Error downloading https://landregistry.data.gov.uk/data/ppd/monthly/file-26-07.csv: Request failed with status code 406
Downloading https://landregistry.data.gov.uk/data/ppd/monthly/file-26-08.csv ...
  Error downloading https://landregistry.data.gov.uk/data/ppd/monthly/file-26-08.csv: Request failed with status code 406
Downloading https://landregistry.data.gov.uk/data/ppd/monthly/file-26-09.csv ...
  Error downloading https://landregistry.data.gov.uk/data/ppd/monthly/file-26-09.csv: Request failed with status code 406
Downloading https://landregistry.data.gov.uk/data/ppd/monthly/file-26-10.csv ...
  Error downloading https://landregistry.data.gov.uk/data/ppd/monthly/file-26-10.csv: Request failed with status code 406
Downloading https://landregistry.data.gov.uk/data/ppd/monthly/file-26-11.csv ...
  Error downloading https://landregistry.data.gov.uk/data/ppd/monthly/file-26-11.csv: Request failed with status code 406
Downloading https://landregistry.data.gov.uk/data/ppd/monthly/file-26-12.csv ...
  Error downloading https://landregistry.data.gov.uk/data/ppd/monthly/file-26-12.csv: Request failed with status code 406
Downloading https://landregistry.data.gov.uk/data/ppd/monthly/file-27-01.csv ...
  Error downloading https://landregistry.data.gov.uk/data/ppd/monthly/file-27-01.csv: Request failed with status code 406
Downloading https://landregistry.data.gov.uk/data/ppd/monthly/file-27-02.csv ...
  Error downloading https://landregistry.data.gov.uk/data/ppd/monthly/file-27-02.csv: Request failed with status code 406
Downloading https://landregistry.data.gov.uk/data/ppd/monthly/file-27-03.csv ...
  Error downloading https://landregistry.data.gov.uk/data/ppd/monthly/file-27-03.csv: Request failed with status code 406
Downloading https://landregistry.data.gov.uk/data/ppd/monthly/file-27-04.csv ...
  Error downloading https://landregistry.data.gov.uk/data/ppd/monthly/file-27-04.csv: Request failed with status code 406
Downloading https://landregistry.data.gov.uk/data/ppd/monthly/file-27-05.csv ...
  Error downloading https://landregistry.data.gov.uk/data/ppd/monthly/file-27-05.csv: Request failed with status code 406
Downloading https://landregistry.data.gov.uk/data/ppd/monthly/file-27-06.csv ...
  Error downloading https://landregistry.data.gov.uk/data/ppd/monthly/file-27-06.csv: Request failed with status code 406
Downloading https://landregistry.data.gov.uk/data/ppd/monthly/file-27-07.csv ...
  Error downloading https://landregistry.data.gov.uk/data/ppd/monthly/file-27-07.csv: Request failed with status code 406
Downloading https://landregistry.data.gov.uk/data/ppd/monthly/file-27-08.csv ...
  Error downloading https://landregistry.data.gov.uk/data/ppd/monthly/file-27-08.csv: Request failed with status code 406
Downloading https://landregistry.data.gov.uk/data/ppd/monthly/file-27-09.csv ...
  Error downloading https://landregistry.data.gov.uk/data/ppd/monthly/file-27-09.csv: Request failed with status code 406
Downloading https://landregistry.data.gov.uk/data/ppd/monthly/file-27-10.csv ...
  Error downloading https://landregistry.data.gov.uk/data/ppd/monthly/file-27-10.csv: Request failed with status code 406
Downloading https://landregistry.data.gov.uk/data/ppd/monthly/file-27-11.csv ...
  Error downloading https://landregistry.data.gov.uk/data/ppd/monthly/file-27-11.csv: Request failed with status code 406
Downloading https://landregistry.data.gov.uk/data/ppd/monthly/file-27-12.csv ...
  Error downloading https://landregistry.data.gov.uk/data/ppd/monthly/file-27-12.csv: Request failed with status code 406
Downloading https://landregistry.data.gov.uk/data/ppd/monthly/file-28-01.csv ...
  Error downloading https://landregistry.data.gov.uk/data/ppd/monthly/file-28-01.csv: Request failed with status code 406
Downloading https://landregistry.data.gov.uk/data/ppd/monthly/file-28-02.csv ...
  Error downloading https://landregistry.data.gov.uk/data/ppd/monthly/file-28-02.csv: Request failed with status code 406
Downloading https://landregistry.data.gov.uk/data/ppd/monthly/file-28-03.csv ...
  Error downloading https://landregistry.data.gov.uk/data/ppd/monthly/file-28-03.csv: Request failed with status code 406
Downloading https://landregistry.data.gov.uk/data/ppd/monthly/file-28-04.csv ...
  Error downloading https://landregistry.data.gov.uk/data/ppd/monthly/file-28-04.csv: Request failed with status code 406
Downloading https://landregistry.data.gov.uk/data/ppd/monthly/file-28-05.csv ...
  Error downloading https://landregistry.data.gov.uk/data/ppd/monthly/file-28-05.csv: Request failed with status code 406
Downloading https://landregistry.data.gov.uk/data/ppd/monthly/file-28-06.csv ...
  Error downloading https://landregistry.data.gov.uk/data/ppd/monthly/file-28-06.csv: Request failed with status code 406
Downloading https://landregistry.data.gov.uk/data/ppd/monthly/file-28-07.csv ...
  Error downloading https://landregistry.data.gov.uk/data/ppd/monthly/file-28-07.csv: Request failed with status code 406
Downloading https://landregistry.data.gov.uk/data/ppd/monthly/file-28-08.csv ...
  Error downloading https://landregistry.data.gov.uk/data/ppd/monthly/file-28-08.csv: Request failed with status code 406
Downloading https://landregistry.data.gov.uk/data/ppd/monthly/file-28-09.csv ...
  Error downloading https://landregistry.data.gov.uk/data/ppd/monthly/file-28-09.csv: Request failed with status code 406
Downloading https://landregistry.data.gov.uk/data/ppd/monthly/file-28-10.csv ...
  Error downloading https://landregistry.data.gov.uk/data/ppd/monthly/file-28-10.csv: Request failed with status code 406
Downloading https://landregistry.data.gov.uk/data/ppd/monthly/file-28-11.csv ...
  Error downloading https://landregistry.data.gov.uk/data/ppd/monthly/file-28-11.csv: Request failed with status code 406
Downloading https://landregistry.data.gov.uk/data/ppd/monthly/file-28-12.csv ...
  Error downloading https://landregistry.data.gov.uk/data/ppd/monthly/file-28-12.csv: Request failed with status code 406
Downloading https://landregistry.data.gov.uk/data/ppd/monthly/file-29-01.csv ...
  Error downloading https://landregistry.data.gov.uk/data/ppd/monthly/file-29-01.csv: Request failed with status code 406
Downloading https://landregistry.data.gov.uk/data/ppd/monthly/file-29-02.csv ...
  Error downloading https://landregistry.data.gov.uk/data/ppd/monthly/file-29-02.csv: Request failed with status code 406
Downloading https://landregistry.data.gov.uk/data/ppd/monthly/file-29-03.csv ...
  Error downloading https://landregistry.data.gov.uk/data/ppd/monthly/file-29-03.csv: Request failed with status code 406
Downloading https://landregistry.data.gov.uk/data/ppd/monthly/file-29-04.csv ...
  Error downloading https://landregistry.data.gov.uk/data/ppd/monthly/file-29-04.csv: Request failed with status code 406
Downloading https://landregistry.data.gov.uk/data/ppd/monthly/file-29-05.csv ...
  Error downloading https://landregistry.data.gov.uk/data/ppd/monthly/file-29-05.csv: Request failed with status code 406
Downloading https://landregistry.data.gov.uk/data/ppd/monthly/file-29-06.csv ...
  Error downloading https://landregistry.data.gov.uk/data/ppd/monthly/file-29-06.csv: Request failed with status code 406
Downloading https://landregistry.data.gov.uk/data/ppd/monthly/file-29-07.csv ...
  Error downloading https://landregistry.data.gov.uk/data/ppd/monthly/file-29-07.csv: Request failed with status code 406
Downloading https://landregistry.data.gov.uk/data/ppd/monthly/file-29-08.csv ...
  Error downloading https://landregistry.data.gov.uk/data/ppd/monthly/file-29-08.csv: Request failed with status code 406
Downloading https://landregistry.data.gov.uk/data/ppd/monthly/file-29-09.csv ...
  Error downloading https://landregistry.data.gov.uk/data/ppd/monthly/file-29-09.csv: Request failed with status code 406
Downloading https://landregistry.data.gov.uk/data/ppd/monthly/file-29-10.csv ...
  Error downloading https://landregistry.data.gov.uk/data/ppd/monthly/file-29-10.csv: Request failed with status code 406
Downloading https://landregistry.data.gov.uk/data/ppd/monthly/file-29-11.csv ...
  Error downloading https://landregistry.data.gov.uk/data/ppd/monthly/file-29-11.csv: Request failed with status code 406
Downloading https://landregistry.data.gov.uk/data/ppd/monthly/file-29-12.csv ...
  Error downloading https://landregistry.data.gov.uk/data/ppd/monthly/file-29-12.csv: Request failed with status code 406
Downloading https://landregistry.data.gov.uk/data/ppd/monthly/file-30-01.csv ...
  Error downloading https://landregistry.data.gov.uk/data/ppd/monthly/file-30-01.csv: Request failed with status code 406
Downloading https://landregistry.data.gov.uk/data/ppd/monthly/file-30-02.csv ...
  Error downloading https://landregistry.data.gov.uk/data/ppd/monthly/file-30-02.csv: Request failed with status code 406
Downloading https://landregistry.data.gov.uk/data/ppd/monthly/file-30-03.csv ...
  Error downloading https://landregistry.data.gov.uk/data/ppd/monthly/file-30-03.csv: Request failed with status code 406
Downloading https://landregistry.data.gov.uk/data/ppd/monthly/file-30-04.csv ...
  Error downloading https://landregistry.data.gov.uk/data/ppd/monthly/file-30-04.csv: Request failed with status code 406
Downloading https://landregistry.data.gov.uk/data/ppd/monthly/file-30-05.csv ...
  Error downloading https://landregistry.data.gov.uk/data/ppd/monthly/file-30-05.csv: Request failed with status code 406
Downloading https://landregistry.data.gov.uk/data/ppd/monthly/file-30-06.csv ...
  Error downloading https://landregistry.data.gov.uk/data/ppd/monthly/file-30-06.csv: Request failed with status code 406
Downloading https://landregistry.data.gov.uk/data/ppd/monthly/file-30-07.csv ...
  Error downloading https://landregistry.data.gov.uk/data/ppd/monthly/file-30-07.csv: Request failed with status code 406
Downloading https://landregistry.data.gov.uk/data/ppd/monthly/file-30-08.csv ...
  Error downloading https://landregistry.data.gov.uk/data/ppd/monthly/file-30-08.csv: Request failed with status code 406
Downloading https://landregistry.data.gov.uk/data/ppd/monthly/file-30-09.csv ...
  Error downloading https://landregistry.data.gov.uk/data/ppd/monthly/file-30-09.csv: Request failed with status code 406
Downloading https://landregistry.data.gov.uk/data/ppd/monthly/file-30-10.csv ...
  Error downloading https://landregistry.data.gov.uk/data/ppd/monthly/file-30-10.csv: Request failed with status code 406
Downloading https://landregistry.data.gov.uk/data/ppd/monthly/file-30-11.csv ...
  Error downloading https://landregistry.data.gov.uk/data/ppd/monthly/file-30-11.csv: Request failed with status code 406
Downloading https://landregistry.data.gov.uk/data/ppd/monthly/file-30-12.csv ...
  Error downloading https://landregistry.data.gov.uk/data/ppd/monthly/file-30-12.csv: Request failed with status code 406
Downloading https://landregistry.data.gov.uk/data/ppd/monthly/file-31-01.csv ...
  Error downloading https://landregistry.data.gov.uk/data/ppd/monthly/file-31-01.csv: Request failed with status code 406
Downloading https://landregistry.data.gov.uk/data/ppd/monthly/file-31-02.csv ...
  Error downloading https://landregistry.data.gov.uk/data/ppd/monthly/file-31-02.csv: Request failed with status code 406
Downloading https://landregistry.data.gov.uk/data/ppd/monthly/file-31-03.csv ...
  Error downloading https://landregistry.data.gov.uk/data/ppd/monthly/file-31-03.csv: Request failed with status code 406
Downloading https://landregistry.data.gov.uk/data/ppd/monthly/file-31-04.csv ...
  Error downloading https://landregistry.data.gov.uk/data/ppd/monthly/file-31-04.csv: Request failed with status code 406
Downloading https://landregistry.data.gov.uk/data/ppd/monthly/file-31-05.csv ...
  Error downloading https://landregistry.data.gov.uk/data/ppd/monthly/file-31-05.csv: Request failed with status code 406
Downloading https://landregistry.data.gov.uk/data/ppd/monthly/file-31-06.csv ...
  Error downloading https://landregistry.data.gov.uk/data/ppd/monthly/file-31-06.csv: Request failed with status code 406
Downloading https://landregistry.data.gov.uk/data/ppd/monthly/file-31-07.csv ...
  Error downloading https://landregistry.data.gov.uk/data/ppd/monthly/file-31-07.csv: Request failed with status code 406
Downloading https://landregistry.data.gov.uk/data/ppd/monthly/file-31-08.csv ...
  Error downloading https://landregistry.data.gov.uk/data/ppd/monthly/file-31-08.csv: Request failed with status code 406
Downloading https://landregistry.data.gov.uk/data/ppd/monthly/file-31-09.csv ...
  Error downloading https://landregistry.data.gov.uk/data/ppd/monthly/file-31-09.csv: Request failed with status code 406
Downloading https://landregistry.data.gov.uk/data/ppd/monthly/file-31-10.csv ...
  Error downloading https://landregistry.data.gov.uk/data/ppd/monthly/file-31-10.csv: Request failed with status code 406
Downloading https://landregistry.data.gov.uk/data/ppd/monthly/file-31-11.csv ...
  Error downloading https://landregistry.data.gov.uk/data/ppd/monthly/file-31-11.csv: Request failed with status code 406
Downloading https://landregistry.data.gov.uk/data/ppd/monthly/file-31-12.csv ...
  Error downloading https://landregistry.data.gov.uk/data/ppd/monthly/file-31-12.csv: Request failed with status code 406
Downloading https://landregistry.data.gov.uk/data/ppd/monthly/file-32-01.csv ...
  Error downloading https://landregistry.data.gov.uk/data/ppd/monthly/file-32-01.csv: Request failed with status code 406
Downloading https://landregistry.data.gov.uk/data/ppd/monthly/file-32-02.csv ...
  Error downloading https://landregistry.data.gov.uk/data/ppd/monthly/file-32-02.csv: Request failed with status code 406
Downloading https://landregistry.data.gov.uk/data/ppd/monthly/file-32-03.csv ...
  Error downloading https://landregistry.data.gov.uk/data/ppd/monthly/file-32-03.csv: Request failed with status code 406
Downloading https://landregistry.data.gov.uk/data/ppd/monthly/file-32-04.csv ...
  Error downloading https://landregistry.data.gov.uk/data/ppd/monthly/file-32-04.csv: Request failed with status code 406
Downloading https://landregistry.data.gov.uk/data/ppd/monthly/file-32-05.csv ...
  Error downloading https://landregistry.data.gov.uk/data/ppd/monthly/file-32-05.csv: Request failed with status code 406
Downloading https://landregistry.data.gov.uk/data/ppd/monthly/file-32-06.csv ...
  Error downloading https://landregistry.data.gov.uk/data/ppd/monthly/file-32-06.csv: Request failed with status code 406
Downloading https://landregistry.data.gov.uk/data/ppd/monthly/file-32-07.csv ...
  Error downloading https://landregistry.data.gov.uk/data/ppd/monthly/file-32-07.csv: Request failed with status code 406
Downloading https://landregistry.data.gov.uk/data/ppd/monthly/file-32-08.csv ...
  Error downloading https://landregistry.data.gov.uk/data/ppd/monthly/file-32-08.csv: Request failed with status code 406
Downloading https://landregistry.data.gov.uk/data/ppd/monthly/file-32-09.csv ...
  Error downloading https://landregistry.data.gov.uk/data/ppd/monthly/file-32-09.csv: Request failed with status code 406
Downloading https://landregistry.data.gov.uk/data/ppd/monthly/file-32-10.csv ...
  Error downloading https://landregistry.data.gov.uk/data/ppd/monthly/file-32-10.csv: Request failed with status code 406
Downloading https://landregistry.data.gov.uk/data/ppd/monthly/file-32-11.csv ...
  Error downloading https://landregistry.data.gov.uk/data/ppd/monthly/file-32-11.csv: Request failed with status code 406
Downloading https://landregistry.data.gov.uk/data/ppd/monthly/file-32-12.csv ...
  Error downloading https://landregistry.data.gov.uk/data/ppd/monthly/file-32-12.csv: Request failed with status code 406
Downloading https://landregistry.data.gov.uk/data/ppd/monthly/file-33-01.csv ...
  Error downloading https://landregistry.data.gov.uk/data/ppd/monthly/file-33-01.csv: Request failed with status code 406
Downloading https://landregistry.data.gov.uk/data/ppd/monthly/file-33-02.csv ...
  Error downloading https://landregistry.data.gov.uk/data/ppd/monthly/file-33-02.csv: Request failed with status code 406
Downloading https://landregistry.data.gov.uk/data/ppd/monthly/file-33-03.csv ...
  Error downloading https://landregistry.data.gov.uk/data/ppd/monthly/file-33-03.csv: Request failed with status code 406
Downloading https://landregistry.data.gov.uk/data/ppd/monthly/file-33-04.csv ...
  Error downloading https://landregistry.data.gov.uk/data/ppd/monthly/file-33-04.csv: Request failed with status code 406
Downloading https://landregistry.data.gov.uk/data/ppd/monthly/file-33-05.csv ...
  Error downloading https://landregistry.data.gov.uk/data/ppd/monthly/file-33-05.csv: Request failed with status code 406
Downloading https://landregistry.data.gov.uk/data/ppd/monthly/file-33-06.csv ...
  Error downloading https://landregistry.data.gov.uk/data/ppd/monthly/file-33-06.csv: Request failed with status code 406
Downloading https://landregistry.data.gov.uk/data/ppd/monthly/file-33-07.csv ...
  Error downloading https://landregistry.data.gov.uk/data/ppd/monthly/file-33-07.csv: Request failed with status code 406
Downloading https://landregistry.data.gov.uk/data/ppd/monthly/file-33-08.csv ...
  Error downloading https://landregistry.data.gov.uk/data/ppd/monthly/file-33-08.csv: Request failed with status code 406
Downloading https://landregistry.data.gov.uk/data/ppd/monthly/file-33-09.csv ...
  Error downloading https://landregistry.data.gov.uk/data/ppd/monthly/file-33-09.csv: Request failed with status code 406
Downloading https://landregistry.data.gov.uk/data/ppd/monthly/file-33-10.csv ...
  Error downloading https://landregistry.data.gov.uk/data/ppd/monthly/file-33-10.csv: Request failed with status code 406
Downloading https://landregistry.data.gov.uk/data/ppd/monthly/file-33-11.csv ...
  Error downloading https://landregistry.data.gov.uk/data/ppd/monthly/file-33-11.csv: Request failed with status code 406
Downloading https://landregistry.data.gov.uk/data/ppd/monthly/file-33-12.csv ...
  Error downloading https://landregistry.data.gov.uk/data/ppd/monthly/file-33-12.csv: Request failed with status code 406
Downloading https://landregistry.data.gov.uk/data/ppd/monthly/file-34-01.csv ...
  Error downloading https://landregistry.data.gov.uk/data/ppd/monthly/file-34-01.csv: Request failed with status code 406
Downloading https://landregistry.data.gov.uk/data/ppd/monthly/file-34-02.csv ...
  Error downloading https://landregistry.data.gov.uk/data/ppd/monthly/file-34-02.csv: Request failed with status code 406
Downloading https://landregistry.data.gov.uk/data/ppd/monthly/file-34-03.csv ...
  Error downloading https://landregistry.data.gov.uk/data/ppd/monthly/file-34-03.csv: Request failed with status code 406
Downloading https://landregistry.data.gov.uk/data/ppd/monthly/file-34-04.csv ...
  Error downloading https://landregistry.data.gov.uk/data/ppd/monthly/file-34-04.csv: Request failed with status code 406
Downloading https://landregistry.data.gov.uk/data/ppd/monthly/file-34-05.csv ...
  Error downloading https://landregistry.data.gov.uk/data/ppd/monthly/file-34-05.csv: Request failed with status code 406
Downloading https://landregistry.data.gov.uk/data/ppd/monthly/file-34-06.csv ...
  Error downloading https://landregistry.data.gov.uk/data/ppd/monthly/file-34-06.csv: Request failed with status code 406
Downloading https://landregistry.data.gov.uk/data/ppd/monthly/file-34-07.csv ...
  Error downloading https://landregistry.data.gov.uk/data/ppd/monthly/file-34-07.csv: Request failed with status code 406
Downloading https://landregistry.data.gov.uk/data/ppd/monthly/file-34-08.csv ...
  Error downloading https://landregistry.data.gov.uk/data/ppd/monthly/file-34-08.csv: Request failed with status code 406
Downloading https://landregistry.data.gov.uk/data/ppd/monthly/file-34-09.csv ...
  Error downloading https://landregistry.data.gov.uk/data/ppd/monthly/file-34-09.csv: Request failed with status code 406
Downloading https://landregistry.data.gov.uk/data/ppd/monthly/file-34-10.csv ...
  Error downloading https://landregistry.data.gov.uk/data/ppd/monthly/file-34-10.csv: Request failed with status code 406
Downloading https://landregistry.data.gov.uk/data/ppd/monthly/file-34-11.csv ...
  Error downloading https://landregistry.data.gov.uk/data/ppd/monthly/file-34-11.csv: Request failed with status code 406
Downloading https://landregistry.data.gov.uk/data/ppd/monthly/file-34-12.csv ...
  Error downloading https://landregistry.data.gov.uk/data/ppd/monthly/file-34-12.csv: Request failed with status code 406
Downloading https://landregistry.data.gov.uk/data/ppd/monthly/file-35-01.csv ...
  Error downloading https://landregistry.data.gov.uk/data/ppd/monthly/file-35-01.csv: Request failed with status code 406
Downloading https://landregistry.data.gov.uk/data/ppd/monthly/file-35-02.csv ...
  Error downloading https://landregistry.data.gov.uk/data/ppd/monthly/file-35-02.csv: Request failed with status code 406
Downloading https://landregistry.data.gov.uk/data/ppd/monthly/file-35-03.csv ...
  Error downloading https://landregistry.data.gov.uk/data/ppd/monthly/file-35-03.csv: Request failed with status code 406
Downloading https://landregistry.data.gov.uk/data/ppd/monthly/file-35-04.csv ...
  Error downloading https://landregistry.data.gov.uk/data/ppd/monthly/file-35-04.csv: Request failed with status code 406
Downloading https://landregistry.data.gov.uk/data/ppd/monthly/file-35-05.csv ...
  Error downloading https://landregistry.data.gov.uk/data/ppd/monthly/file-35-05.csv: Request failed with status code 406
Downloading https://landregistry.data.gov.uk/data/ppd/monthly/file-35-06.csv ...
  Error downloading https://landregistry.data.gov.uk/data/ppd/monthly/file-35-06.csv: Request failed with status code 406
Downloading https://landregistry.data.gov.uk/data/ppd/monthly/file-35-07.csv ...
  Error downloading https://landregistry.data.gov.uk/data/ppd/monthly/file-35-07.csv: Request failed with status code 406
Downloading https://landregistry.data.gov.uk/data/ppd/monthly/file-35-08.csv ...
  Error downloading https://landregistry.data.gov.uk/data/ppd/monthly/file-35-08.csv: Request failed with status code 406
Downloading https://landregistry.data.gov.uk/data/ppd/monthly/file-35-09.csv ...
  Error downloading https://landregistry.data.gov.uk/data/ppd/monthly/file-35-09.csv: Request failed with status code 406
Downloading https://landregistry.data.gov.uk/data/ppd/monthly/file-35-10.csv ...
  Error downloading https://landregistry.data.gov.uk/data/ppd/monthly/file-35-10.csv: Request failed with status code 406
Downloading https://landregistry.data.gov.uk/data/ppd/monthly/file-35-11.csv ...
  Error downloading https://landregistry.data.gov.uk/data/ppd/monthly/file-35-11.csv: Request failed with status code 406
Downloading https://landregistry.data.gov.uk/data/ppd/monthly/file-35-12.csv ...
  Error downloading https://landregistry.data.gov.uk/data/ppd/monthly/file-35-12.csv: Request failed with status code 406
Downloading https://landregistry.data.gov.uk/data/ppd/monthly/file-36-01.csv ...
  Error downloading https://landregistry.data.gov.uk/data/ppd/monthly/file-36-01.csv: Request failed with status code 406
Downloading https://landregistry.data.gov.uk/data/ppd/monthly/file-36-02.csv ...
  Error downloading https://landregistry.data.gov.uk/data/ppd/monthly/file-36-02.csv: Request failed with status code 406
Downloading https://landregistry.data.gov.uk/data/ppd/monthly/file-36-03.csv ...
  Error downloading https://landregistry.data.gov.uk/data/ppd/monthly/file-36-03.csv: Request failed with status code 406
Downloading https://landregistry.data.gov.uk/data/ppd/monthly/file-36-04.csv ...
  Error downloading https://landregistry.data.gov.uk/data/ppd/monthly/file-36-04.csv: Request failed with status code 406
Downloading https://landregistry.data.gov.uk/data/ppd/monthly/file-36-05.csv ...
  Error downloading https://landregistry.data.gov.uk/data/ppd/monthly/file-36-05.csv: Request failed with status code 406
Downloading https://landregistry.data.gov.uk/data/ppd/monthly/file-36-06.csv ...
  Error downloading https://landregistry.data.gov.uk/data/ppd/monthly/file-36-06.csv: Request failed with status code 406
Downloading https://landregistry.data.gov.uk/data/ppd/monthly/file-36-07.csv ...
  Error downloading https://landregistry.data.gov.uk/data/ppd/monthly/file-36-07.csv: Request failed with status code 406
Downloading https://landregistry.data.gov.uk/data/ppd/monthly/file-36-08.csv ...
  Error downloading https://landregistry.data.gov.uk/data/ppd/monthly/file-36-08.csv: Request failed with status code 406
Downloading https://landregistry.data.gov.uk/data/ppd/monthly/file-36-09.csv ...
  Error downloading https://landregistry.data.gov.uk/data/ppd/monthly/file-36-09.csv: Request failed with status code 406
Downloading https://landregistry.data.gov.uk/data/ppd/monthly/file-36-10.csv ...
  Error downloading https://landregistry.data.gov.uk/data/ppd/monthly/file-36-10.csv: Request failed with status code 406
Downloading https://landregistry.data.gov.uk/data/ppd/monthly/file-36-11.csv ...
  Error downloading https://landregistry.data.gov.uk/data/ppd/monthly/file-36-11.csv: Request failed with status code 406
Downloading https://landregistry.data.gov.uk/data/ppd/monthly/file-36-12.csv ...
  Error downloading https://landregistry.data.gov.uk/data/ppd/monthly/file-36-12.csv: Request failed with status code 406
Downloading https://landregistry.data.gov.uk/data/ppd/monthly/file-37-01.csv ...
  Error downloading https://landregistry.data.gov.uk/data/ppd/monthly/file-37-01.csv: Request failed with status code 406
Downloading https://landregistry.data.gov.uk/data/ppd/monthly/file-37-02.csv ...
  Error downloading https://landregistry.data.gov.uk/data/ppd/monthly/file-37-02.csv: Request failed with status code 406
Downloading https://landregistry.data.gov.uk/data/ppd/monthly/file-37-03.csv ...
  Error downloading https://landregistry.data.gov.uk/data/ppd/monthly/file-37-03.csv: Request failed with status code 406
Downloading https://landregistry.data.gov.uk/data/ppd/monthly/file-37-04.csv ...
  Error downloading https://landregistry.data.gov.uk/data/ppd/monthly/file-37-04.csv: Request failed with status code 406
Downloading https://landregistry.data.gov.uk/data/ppd/monthly/file-37-05.csv ...
  Error downloading https://landregistry.data.gov.uk/data/ppd/monthly/file-37-05.csv: Request failed with status code 406
Downloading https://landregistry.data.gov.uk/data/ppd/monthly/file-37-06.csv ...
  Error downloading https://landregistry.data.gov.uk/data/ppd/monthly/file-37-06.csv: Request failed with status code 406
Downloading https://landregistry.data.gov.uk/data/ppd/monthly/file-37-07.csv ...
  Error downloading https://landregistry.data.gov.uk/data/ppd/monthly/file-37-07.csv: Request failed with status code 406
Downloading https://landregistry.data.gov.uk/data/ppd/monthly/file-37-08.csv ...
  Error downloading https://landregistry.data.gov.uk/data/ppd/monthly/file-37-08.csv: Request failed with status code 406
Downloading https://landregistry.data.gov.uk/data/ppd/monthly/file-37-09.csv ...
  Error downloading https://landregistry.data.gov.uk/data/ppd/monthly/file-37-09.csv: Request failed with status code 406
Downloading https://landregistry.data.gov.uk/data/ppd/monthly/file-37-10.csv ...
  Error downloading https://landregistry.data.gov.uk/data/ppd/monthly/file-37-10.csv: Request failed with status code 406
Downloading https://landregistry.data.gov.uk/data/ppd/monthly/file-37-11.csv ...
  Error downloading https://landregistry.data.gov.uk/data/ppd/monthly/file-37-11.csv: Request failed with status code 406
Downloading https://landregistry.data.gov.uk/data/ppd/monthly/file-37-12.csv ...
  Error downloading https://landregistry.data.gov.uk/data/ppd/monthly/file-37-12.csv: Request failed with status code 406
Downloading https://landregistry.data.gov.uk/data/ppd/monthly/file-38-01.csv ...
  Error downloading https://landregistry.data.gov.uk/data/ppd/monthly/file-38-01.csv: Request failed with status code 406
Downloading https://landregistry.data.gov.uk/data/ppd/monthly/file-38-02.csv ...
  Error downloading https://landregistry.data.gov.uk/data/ppd/monthly/file-38-02.csv: Request failed with status code 406
Downloading https://landregistry.data.gov.uk/data/ppd/monthly/file-38-03.csv ...
  Error downloading https://landregistry.data.gov.uk/data/ppd/monthly/file-38-03.csv: Request failed with status code 406
Downloading https://landregistry.data.gov.uk/data/ppd/monthly/file-38-04.csv ...
  Error downloading https://landregistry.data.gov.uk/data/ppd/monthly/file-38-04.csv: Request failed with status code 406
Downloading https://landregistry.data.gov.uk/data/ppd/monthly/file-38-05.csv ...
  Error downloading https://landregistry.data.gov.uk/data/ppd/monthly/file-38-05.csv: Request failed with status code 406
Downloading https://landregistry.data.gov.uk/data/ppd/monthly/file-38-06.csv ...
  Error downloading https://landregistry.data.gov.uk/data/ppd/monthly/file-38-06.csv: Request failed with status code 406
Downloading https://landregistry.data.gov.uk/data/ppd/monthly/file-38-07.csv ...
  Error downloading https://landregistry.data.gov.uk/data/ppd/monthly/file-38-07.csv: Request failed with status code 406
Downloading https://landregistry.data.gov.uk/data/ppd/monthly/file-38-08.csv ...
  Error downloading https://landregistry.data.gov.uk/data/ppd/monthly/file-38-08.csv: Request failed with status code 406
Downloading https://landregistry.data.gov.uk/data/ppd/monthly/file-38-09.csv ...
  Error downloading https://landregistry.data.gov.uk/data/ppd/monthly/file-38-09.csv: Request failed with status code 406
Downloading https://landregistry.data.gov.uk/data/ppd/monthly/file-38-10.csv ...
  Error downloading https://landregistry.data.gov.uk/data/ppd/monthly/file-38-10.csv: Request failed with status code 406
Downloading https://landregistry.data.gov.uk/data/ppd/monthly/file-38-11.csv ...
  Error downloading https://landregistry.data.gov.uk/data/ppd/monthly/file-38-11.csv: Request failed with status code 406
Downloading https://landregistry.data.gov.uk/data/ppd/monthly/file-38-12.csv ...
  Error downloading https://landregistry.data.gov.uk/data/ppd/monthly/file-38-12.csv: Request failed with status code 406
Downloading https://landregistry.data.gov.uk/data/ppd/monthly/file-39-01.csv ...
  Error downloading https://landregistry.data.gov.uk/data/ppd/monthly/file-39-01.csv: Request failed with status code 406
Downloading https://landregistry.data.gov.uk/data/ppd/monthly/file-39-02.csv ...
  Error downloading https://landregistry.data.gov.uk/data/ppd/monthly/file-39-02.csv: Request failed with status code 406
Downloading https://landregistry.data.gov.uk/data/ppd/monthly/file-39-03.csv ...
  Error downloading https://landregistry.data.gov.uk/data/ppd/monthly/file-39-03.csv: Request failed with status code 406
Downloading https://landregistry.data.gov.uk/data/ppd/monthly/file-39-04.csv ...
  Error downloading https://landregistry.data.gov.uk/data/ppd/monthly/file-39-04.csv: Request failed with status code 406
Downloading https://landregistry.data.gov.uk/data/ppd/monthly/file-39-05.csv ...
  Error downloading https://landregistry.data.gov.uk/data/ppd/monthly/file-39-05.csv: Request failed with status code 406
Downloading https://landregistry.data.gov.uk/data/ppd/monthly/file-39-06.csv ...
  Error downloading https://landregistry.data.gov.uk/data/ppd/monthly/file-39-06.csv: Request failed with status code 406
Downloading https://landregistry.data.gov.uk/data/ppd/monthly/file-39-07.csv ...
  Error downloading https://landregistry.data.gov.uk/data/ppd/monthly/file-39-07.csv: Request failed with status code 406
Downloading https://landregistry.data.gov.uk/data/ppd/monthly/file-39-08.csv ...
  Error downloading https://landregistry.data.gov.uk/data/ppd/monthly/file-39-08.csv: Request failed with status code 406
Downloading https://landregistry.data.gov.uk/data/ppd/monthly/file-39-09.csv ...
  Error downloading https://landregistry.data.gov.uk/data/ppd/monthly/file-39-09.csv: Request failed with status code 406
Downloading https://landregistry.data.gov.uk/data/ppd/monthly/file-39-10.csv ...
  Error downloading https://landregistry.data.gov.uk/data/ppd/monthly/file-39-10.csv: Request failed with status code 406
Downloading https://landregistry.data.gov.uk/data/ppd/monthly/file-39-11.csv ...
  Error downloading https://landregistry.data.gov.uk/data/ppd/monthly/file-39-11.csv: Request failed with status code 406
Downloading https://landregistry.data.gov.uk/data/ppd/monthly/file-39-12.csv ...
  Error downloading https://landregistry.data.gov.uk/data/ppd/monthly/file-39-12.csv: Request failed with status code 406
Downloading https://landregistry.data.gov.uk/data/ppd/monthly/file-40-01.csv ...
  Error downloading https://landregistry.data.gov.uk/data/ppd/monthly/file-40-01.csv: Request failed with status code 406
Downloading https://landregistry.data.gov.uk/data/ppd/monthly/file-40-02.csv ...
  Error downloading https://landregistry.data.gov.uk/data/ppd/monthly/file-40-02.csv: Request failed with status code 406
Downloading https://landregistry.data.gov.uk/data/ppd/monthly/file-40-03.csv ...
  Error downloading https://landregistry.data.gov.uk/data/ppd/monthly/file-40-03.csv: Request failed with status code 406
Downloading https://landregistry.data.gov.uk/data/ppd/monthly/file-40-04.csv ...
  Error downloading https://landregistry.data.gov.uk/data/ppd/monthly/file-40-04.csv: Request failed with status code 406
Downloading https://landregistry.data.gov.uk/data/ppd/monthly/file-40-05.csv ...
  Error downloading https://landregistry.data.gov.uk/data/ppd/monthly/file-40-05.csv: Request failed with status code 406
Downloading https://landregistry.data.gov.uk/data/ppd/monthly/file-40-06.csv ...
  Error downloading https://landregistry.data.gov.uk/data/ppd/monthly/file-40-06.csv: Request failed with status code 406
Downloading https://landregistry.data.gov.uk/data/ppd/monthly/file-40-07.csv ...
  Error downloading https://landregistry.data.gov.uk/data/ppd/monthly/file-40-07.csv: Request failed with status code 406
Downloading https://landregistry.data.gov.uk/data/ppd/monthly/file-40-08.csv ...
  Error downloading https://landregistry.data.gov.uk/data/ppd/monthly/file-40-08.csv: Request failed with status code 406
Downloading https://landregistry.data.gov.uk/data/ppd/monthly/file-40-09.csv ...
  Error downloading https://landregistry.data.gov.uk/data/ppd/monthly/file-40-09.csv: Request failed with status code 406
Downloading https://landregistry.data.gov.uk/data/ppd/monthly/file-40-10.csv ...
  Error downloading https://landregistry.data.gov.uk/data/ppd/monthly/file-40-10.csv: Request failed with status code 406
Downloading https://landregistry.data.gov.uk/data/ppd/monthly/file-40-11.csv ...
  Error downloading https://landregistry.data.gov.uk/data/ppd/monthly/file-40-11.csv: Request failed with status code 406
Downloading https://landregistry.data.gov.uk/data/ppd/monthly/file-40-12.csv ...
  Error downloading https://landregistry.data.gov.uk/data/ppd/monthly/file-40-12.csv: Request failed with status code 406
Downloading https://landregistry.data.gov.uk/data/ppd/monthly/file-41-01.csv ...
  Error downloading https://landregistry.data.gov.uk/data/ppd/monthly/file-41-01.csv: Request failed with status code 406
Downloading https://landregistry.data.gov.uk/data/ppd/monthly/file-41-02.csv ...
  Error downloading https://landregistry.data.gov.uk/data/ppd/monthly/file-41-02.csv: Request failed with status code 406
Downloading https://landregistry.data.gov.uk/data/ppd/monthly/file-41-03.csv ...
  Error downloading https://landregistry.data.gov.uk/data/ppd/monthly/file-41-03.csv: Request failed with status code 406
Downloading https://landregistry.data.gov.uk/data/ppd/monthly/file-41-04.csv ...
  Error downloading https://landregistry.data.gov.uk/data/ppd/monthly/file-41-04.csv: Request failed with status code 406
Downloading https://landregistry.data.gov.uk/data/ppd/monthly/file-41-05.csv ...
  Error downloading https://landregistry.data.gov.uk/data/ppd/monthly/file-41-05.csv: Request failed with status code 406
Downloading https://landregistry.data.gov.uk/data/ppd/monthly/file-41-06.csv ...
  Error downloading https://landregistry.data.gov.uk/data/ppd/monthly/file-41-06.csv: Request failed with status code 406
Downloading https://landregistry.data.gov.uk/data/ppd/monthly/file-41-07.csv ...
  Error downloading https://landregistry.data.gov.uk/data/ppd/monthly/file-41-07.csv: Request failed with status code 406
Downloading https://landregistry.data.gov.uk/data/ppd/monthly/file-41-08.csv ...
  Error downloading https://landregistry.data.gov.uk/data/ppd/monthly/file-41-08.csv: Request failed with status code 406
Downloading https://landregistry.data.gov.uk/data/ppd/monthly/file-41-09.csv ...
  Error downloading https://landregistry.data.gov.uk/data/ppd/monthly/file-41-09.csv: Request failed with status code 406
Downloading https://landregistry.data.gov.uk/data/ppd/monthly/file-41-10.csv ...
  Error downloading https://landregistry.data.gov.uk/data/ppd/monthly/file-41-10.csv: Request failed with status code 406
Downloading https://landregistry.data.gov.uk/data/ppd/monthly/file-41-11.csv ...
  Error downloading https://landregistry.data.gov.uk/data/ppd/monthly/file-41-11.csv: Request failed with status code 406
Downloading https://landregistry.data.gov.uk/data/ppd/monthly/file-41-12.csv ...
  Error downloading https://landregistry.data.gov.uk/data/ppd/monthly/file-41-12.csv: Request failed with status code 406
Downloading https://landregistry.data.gov.uk/data/ppd/monthly/file-42-01.csv ...
  Error downloading https://landregistry.data.gov.uk/data/ppd/monthly/file-42-01.csv: Request failed with status code 406
Downloading https://landregistry.data.gov.uk/data/ppd/monthly/file-42-02.csv ...
  Error downloading https://landregistry.data.gov.uk/data/ppd/monthly/file-42-02.csv: Request failed with status code 406
Downloading https://landregistry.data.gov.uk/data/ppd/monthly/file-42-03.csv ...
  Error downloading https://landregistry.data.gov.uk/data/ppd/monthly/file-42-03.csv: Request failed with status code 406
Downloading https://landregistry.data.gov.uk/data/ppd/monthly/file-42-04.csv ...
  Error downloading https://landregistry.data.gov.uk/data/ppd/monthly/file-42-04.csv: Request failed with status code 406
Downloading https://landregistry.data.gov.uk/data/ppd/monthly/file-42-05.csv ...
  Error downloading https://landregistry.data.gov.uk/data/ppd/monthly/file-42-05.csv: Request failed with status code 406
Downloading https://landregistry.data.gov.uk/data/ppd/monthly/file-42-06.csv ...
  Error downloading https://landregistry.data.gov.uk/data/ppd/monthly/file-42-06.csv: Request failed with status code 406
Downloading https://landregistry.data.gov.uk/data/ppd/monthly/file-42-07.csv ...
  Error downloading https://landregistry.data.gov.uk/data/ppd/monthly/file-42-07.csv: Request failed with status code 406
Downloading https://landregistry.data.gov.uk/data/ppd/monthly/file-42-08.csv ...
  Error downloading https://landregistry.data.gov.uk/data/ppd/monthly/file-42-08.csv: Request failed with status code 406
Downloading https://landregistry.data.gov.uk/data/ppd/monthly/file-42-09.csv ...
  Error downloading https://landregistry.data.gov.uk/data/ppd/monthly/file-42-09.csv: Request failed with status code 406
Downloading https://landregistry.data.gov.uk/data/ppd/monthly/file-42-10.csv ...
  Error downloading https://landregistry.data.gov.uk/data/ppd/monthly/file-42-10.csv: Request failed with status code 406
Downloading https://landregistry.data.gov.uk/data/ppd/monthly/file-42-11.csv ...
  Error downloading https://landregistry.data.gov.uk/data/ppd/monthly/file-42-11.csv: Request failed with status code 406
Downloading https://landregistry.data.gov.uk/data/ppd/monthly/file-42-12.csv ...
  Error downloading https://landregistry.data.gov.uk/data/ppd/monthly/file-42-12.csv: Request failed with status code 406
Downloading https://landregistry.data.gov.uk/data/ppd/monthly/file-43-01.csv ...
  Error downloading https://landregistry.data.gov.uk/data/ppd/monthly/file-43-01.csv: Request failed with status code 406
Downloading https://landregistry.data.gov.uk/data/ppd/monthly/file-43-02.csv ...
  Error downloading https://landregistry.data.gov.uk/data/ppd/monthly/file-43-02.csv: Request failed with status code 406
Downloading https://landregistry.data.gov.uk/data/ppd/monthly/file-43-03.csv ...
  Error downloading https://landregistry.data.gov.uk/data/ppd/monthly/file-43-03.csv: Request failed with status code 406
Downloading https://landregistry.data.gov.uk/data/ppd/monthly/file-43-04.csv ...
  Error downloading https://landregistry.data.gov.uk/data/ppd/monthly/file-43-04.csv: Request failed with status code 406
Downloading https://landregistry.data.gov.uk/data/ppd/monthly/file-43-05.csv ...
  Error downloading https://landregistry.data.gov.uk/data/ppd/monthly/file-43-05.csv: Request failed with status code 406
Downloading https://landregistry.data.gov.uk/data/ppd/monthly/file-43-06.csv ...
  Error downloading https://landregistry.data.gov.uk/data/ppd/monthly/file-43-06.csv: Request failed with status code 406
Downloading https://landregistry.data.gov.uk/data/ppd/monthly/file-43-07.csv ...
  Error downloading https://landregistry.data.gov.uk/data/ppd/monthly/file-43-07.csv: Request failed with status code 406
Downloading https://landregistry.data.gov.uk/data/ppd/monthly/file-43-08.csv ...
  Error downloading https://landregistry.data.gov.uk/data/ppd/monthly/file-43-08.csv: Request failed with status code 406
Downloading https://landregistry.data.gov.uk/data/ppd/monthly/file-43-09.csv ...
  Error downloading https://landregistry.data.gov.uk/data/ppd/monthly/file-43-09.csv: Request failed with status code 406
Downloading https://landregistry.data.gov.uk/data/ppd/monthly/file-43-10.csv ...
  Error downloading https://landregistry.data.gov.uk/data/ppd/monthly/file-43-10.csv: Request failed with status code 406
Downloading https://landregistry.data.gov.uk/data/ppd/monthly/file-43-11.csv ...
  Error downloading https://landregistry.data.gov.uk/data/ppd/monthly/file-43-11.csv: Request failed with status code 406
Downloading https://landregistry.data.gov.uk/data/ppd/monthly/file-43-12.csv ...
  Error downloading https://landregistry.data.gov.uk/data/ppd/monthly/file-43-12.csv: Request failed with status code 406
Downloading https://landregistry.data.gov.uk/data/ppd/monthly/file-44-01.csv ...
  Error downloading https://landregistry.data.gov.uk/data/ppd/monthly/file-44-01.csv: Request failed with status code 406
Downloading https://landregistry.data.gov.uk/data/ppd/monthly/file-44-02.csv ...
  Error downloading https://landregistry.data.gov.uk/data/ppd/monthly/file-44-02.csv: Request failed with status code 406
Downloading https://landregistry.data.gov.uk/data/ppd/monthly/file-44-03.csv ...
  Error downloading https://landregistry.data.gov.uk/data/ppd/monthly/file-44-03.csv: Request failed with status code 406
Downloading https://landregistry.data.gov.uk/data/ppd/monthly/file-44-04.csv ...
  Error downloading https://landregistry.data.gov.uk/data/ppd/monthly/file-44-04.csv: Request failed with status code 406
Downloading https://landregistry.data.gov.uk/data/ppd/monthly/file-44-05.csv ...
  Error downloading https://landregistry.data.gov.uk/data/ppd/monthly/file-44-05.csv: Request failed with status code 406
Downloading https://landregistry.data.gov.uk/data/ppd/monthly/file-44-06.csv ...
  Error downloading https://landregistry.data.gov.uk/data/ppd/monthly/file-44-06.csv: Request failed with status code 406
Downloading https://landregistry.data.gov.uk/data/ppd/monthly/file-44-07.csv ...
  Error downloading https://landregistry.data.gov.uk/data/ppd/monthly/file-44-07.csv: Request failed with status code 406
Downloading https://landregistry.data.gov.uk/data/ppd/monthly/file-44-08.csv ...
  Error downloading https://landregistry.data.gov.uk/data/ppd/monthly/file-44-08.csv: Request failed with status code 406
Downloading https://landregistry.data.gov.uk/data/ppd/monthly/file-44-09.csv ...
  Error downloading https://landregistry.data.gov.uk/data/ppd/monthly/file-44-09.csv: Request failed with status code 406
Downloading https://landregistry.data.gov.uk/data/ppd/monthly/file-44-10.csv ...
  Error downloading https://landregistry.data.gov.uk/data/ppd/monthly/file-44-10.csv: Request failed with status code 406
Downloading https://landregistry.data.gov.uk/data/ppd/monthly/file-44-11.csv ...
  Error downloading https://landregistry.data.gov.uk/data/ppd/monthly/file-44-11.csv: Request failed with status code 406
Downloading https://landregistry.data.gov.uk/data/ppd/monthly/file-44-12.csv ...
  Error downloading https://landregistry.data.gov.uk/data/ppd/monthly/file-44-12.csv: Request failed with status code 406
Downloading https://landregistry.data.gov.uk/data/ppd/monthly/file-45-01.csv ...
  Error downloading https://landregistry.data.gov.uk/data/ppd/monthly/file-45-01.csv: Request failed with status code 406
Downloading https://landregistry.data.gov.uk/data/ppd/monthly/file-45-02.csv ...
  Error downloading https://landregistry.data.gov.uk/data/ppd/monthly/file-45-02.csv: Request failed with status code 406
Downloading https://landregistry.data.gov.uk/data/ppd/monthly/file-45-03.csv ...
  Error downloading https://landregistry.data.gov.uk/data/ppd/monthly/file-45-03.csv: Request failed with status code 406
Downloading https://landregistry.data.gov.uk/data/ppd/monthly/file-45-04.csv ...
  Error downloading https://landregistry.data.gov.uk/data/ppd/monthly/file-45-04.csv: Request failed with status code 406
Downloading https://landregistry.data.gov.uk/data/ppd/monthly/file-45-05.csv ...
  Error downloading https://landregistry.data.gov.uk/data/ppd/monthly/file-45-05.csv: Request failed with status code 406
Downloading https://landregistry.data.gov.uk/data/ppd/monthly/file-45-06.csv ...
  Error downloading https://landregistry.data.gov.uk/data/ppd/monthly/file-45-06.csv: Request failed with status code 406
Downloading https://landregistry.data.gov.uk/data/ppd/monthly/file-45-07.csv ...
  Error downloading https://landregistry.data.gov.uk/data/ppd/monthly/file-45-07.csv: Request failed with status code 406
Downloading https://landregistry.data.gov.uk/data/ppd/monthly/file-45-08.csv ...
  Error downloading https://landregistry.data.gov.uk/data/ppd/monthly/file-45-08.csv: Request failed with status code 406
Downloading https://landregistry.data.gov.uk/data/ppd/monthly/file-45-09.csv ...
  Error downloading https://landregistry.data.gov.uk/data/ppd/monthly/file-45-09.csv: Request failed with status code 406
Downloading https://landregistry.data.gov.uk/data/ppd/monthly/file-45-10.csv ...
  Error downloading https://landregistry.data.gov.uk/data/ppd/monthly/file-45-10.csv: Request failed with status code 406
Downloading https://landregistry.data.gov.uk/data/ppd/monthly/file-45-11.csv ...
  Error downloading https://landregistry.data.gov.uk/data/ppd/monthly/file-45-11.csv: Request failed with status code 406
Downloading https://landregistry.data.gov.uk/data/ppd/monthly/file-45-12.csv ...
  Error downloading https://landregistry.data.gov.uk/data/ppd/monthly/file-45-12.csv: Request failed with status code 406
Downloading https://landregistry.data.gov.uk/data/ppd/monthly/file-46-01.csv ...
  Error downloading https://landregistry.data.gov.uk/data/ppd/monthly/file-46-01.csv: Request failed with status code 406
Downloading https://landregistry.data.gov.uk/data/ppd/monthly/file-46-02.csv ...
  Error downloading https://landregistry.data.gov.uk/data/ppd/monthly/file-46-02.csv: Request failed with status code 406
Downloading https://landregistry.data.gov.uk/data/ppd/monthly/file-46-03.csv ...
  Error downloading https://landregistry.data.gov.uk/data/ppd/monthly/file-46-03.csv: Request failed with status code 406
Downloading https://landregistry.data.gov.uk/data/ppd/monthly/file-46-04.csv ...
  Error downloading https://landregistry.data.gov.uk/data/ppd/monthly/file-46-04.csv: Request failed with status code 406
Downloading https://landregistry.data.gov.uk/data/ppd/monthly/file-46-05.csv ...
  Error downloading https://landregistry.data.gov.uk/data/ppd/monthly/file-46-05.csv: Request failed with status code 406
Downloading https://landregistry.data.gov.uk/data/ppd/monthly/file-46-06.csv ...
  Error downloading https://landregistry.data.gov.uk/data/ppd/monthly/file-46-06.csv: Request failed with status code 406
Downloading https://landregistry.data.gov.uk/data/ppd/monthly/file-46-07.csv ...
  Error downloading https://landregistry.data.gov.uk/data/ppd/monthly/file-46-07.csv: Request failed with status code 406
Downloading https://landregistry.data.gov.uk/data/ppd/monthly/file-46-08.csv ...
  Error downloading https://landregistry.data.gov.uk/data/ppd/monthly/file-46-08.csv: Request failed with status code 406
Downloading https://landregistry.data.gov.uk/data/ppd/monthly/file-46-09.csv ...
  Error downloading https://landregistry.data.gov.uk/data/ppd/monthly/file-46-09.csv: Request failed with status code 406
Downloading https://landregistry.data.gov.uk/data/ppd/monthly/file-46-10.csv ...
  Error downloading https://landregistry.data.gov.uk/data/ppd/monthly/file-46-10.csv: Request failed with status code 406
Downloading https://landregistry.data.gov.uk/data/ppd/monthly/file-46-11.csv ...
  Error downloading https://landregistry.data.gov.uk/data/ppd/monthly/file-46-11.csv: Request failed with status code 406
Downloading https://landregistry.data.gov.uk/data/ppd/monthly/file-46-12.csv ...
  Error downloading https://landregistry.data.gov.uk/data/ppd/monthly/file-46-12.csv: Request failed with status code 406
Downloading https://landregistry.data.gov.uk/data/ppd/monthly/file-47-01.csv ...
  Error downloading https://landregistry.data.gov.uk/data/ppd/monthly/file-47-01.csv: Request failed with status code 406
Downloading https://landregistry.data.gov.uk/data/ppd/monthly/file-47-02.csv ...
  Error downloading https://landregistry.data.gov.uk/data/ppd/monthly/file-47-02.csv: Request failed with status code 406
Downloading https://landregistry.data.gov.uk/data/ppd/monthly/file-47-03.csv ...
  Error downloading https://landregistry.data.gov.uk/data/ppd/monthly/file-47-03.csv: Request failed with status code 406
Downloading https://landregistry.data.gov.uk/data/ppd/monthly/file-47-04.csv ...
  Error downloading https://landregistry.data.gov.uk/data/ppd/monthly/file-47-04.csv: Request failed with status code 406
Downloading https://landregistry.data.gov.uk/data/ppd/monthly/file-47-05.csv ...
  Error downloading https://landregistry.data.gov.uk/data/ppd/monthly/file-47-05.csv: Request failed with status code 406
Downloading https://landregistry.data.gov.uk/data/ppd/monthly/file-47-06.csv ...
  Error downloading https://landregistry.data.gov.uk/data/ppd/monthly/file-47-06.csv: Request failed with status code 406
Downloading https://landregistry.data.gov.uk/data/ppd/monthly/file-47-07.csv ...
  Error downloading https://landregistry.data.gov.uk/data/ppd/monthly/file-47-07.csv: Request failed with status code 406
Downloading https://landregistry.data.gov.uk/data/ppd/monthly/file-47-08.csv ...
  Error downloading https://landregistry.data.gov.uk/data/ppd/monthly/file-47-08.csv: Request failed with status code 406
Downloading https://landregistry.data.gov.uk/data/ppd/monthly/file-47-09.csv ...
  Error downloading https://landregistry.data.gov.uk/data/ppd/monthly/file-47-09.csv: Request failed with status code 406
Downloading https://landregistry.data.gov.uk/data/ppd/monthly/file-47-10.csv ...
  Error downloading https://landregistry.data.gov.uk/data/ppd/monthly/file-47-10.csv: Request failed with status code 406
Downloading https://landregistry.data.gov.uk/data/ppd/monthly/file-47-11.csv ...
  Error downloading https://landregistry.data.gov.uk/data/ppd/monthly/file-47-11.csv: Request failed with status code 406
Downloading https://landregistry.data.gov.uk/data/ppd/monthly/file-47-12.csv ...
  Error downloading https://landregistry.data.gov.uk/data/ppd/monthly/file-47-12.csv: Request failed with status code 406
Downloading https://landregistry.data.gov.uk/data/ppd/monthly/file-48-01.csv ...
  Error downloading https://landregistry.data.gov.uk/data/ppd/monthly/file-48-01.csv: Request failed with status code 406
Downloading https://landregistry.data.gov.uk/data/ppd/monthly/file-48-02.csv ...
  Error downloading https://landregistry.data.gov.uk/data/ppd/monthly/file-48-02.csv: Request failed with status code 406
Downloading https://landregistry.data.gov.uk/data/ppd/monthly/file-48-03.csv ...
  Error downloading https://landregistry.data.gov.uk/data/ppd/monthly/file-48-03.csv: Request failed with status code 406
Downloading https://landregistry.data.gov.uk/data/ppd/monthly/file-48-04.csv ...
  Error downloading https://landregistry.data.gov.uk/data/ppd/monthly/file-48-04.csv: Request failed with status code 406
Downloading https://landregistry.data.gov.uk/data/ppd/monthly/file-48-05.csv ...
  Error downloading https://landregistry.data.gov.uk/data/ppd/monthly/file-48-05.csv: Request failed with status code 406
Downloading https://landregistry.data.gov.uk/data/ppd/monthly/file-48-06.csv ...
  Error downloading https://landregistry.data.gov.uk/data/ppd/monthly/file-48-06.csv: Request failed with status code 406
Downloading https://landregistry.data.gov.uk/data/ppd/monthly/file-48-07.csv ...
  Error downloading https://landregistry.data.gov.uk/data/ppd/monthly/file-48-07.csv: Request failed with status code 406
Downloading https://landregistry.data.gov.uk/data/ppd/monthly/file-48-08.csv ...
  Error downloading https://landregistry.data.gov.uk/data/ppd/monthly/file-48-08.csv: Request failed with status code 406
Downloading https://landregistry.data.gov.uk/data/ppd/monthly/file-48-09.csv ...
  Error downloading https://landregistry.data.gov.uk/data/ppd/monthly/file-48-09.csv: Request failed with status code 406
Downloading https://landregistry.data.gov.uk/data/ppd/monthly/file-48-10.csv ...
  Error downloading https://landregistry.data.gov.uk/data/ppd/monthly/file-48-10.csv: Request failed with status code 406
Downloading https://landregistry.data.gov.uk/data/ppd/monthly/file-48-11.csv ...
  Error downloading https://landregistry.data.gov.uk/data/ppd/monthly/file-48-11.csv: Request failed with status code 406
Downloading https://landregistry.data.gov.uk/data/ppd/monthly/file-48-12.csv ...
  Error downloading https://landregistry.data.gov.uk/data/ppd/monthly/file-48-12.csv: Request failed with status code 406
Downloading https://landregistry.data.gov.uk/data/ppd/monthly/file-49-01.csv ...
  Error downloading https://landregistry.data.gov.uk/data/ppd/monthly/file-49-01.csv: Request failed with status code 406
Downloading https://landregistry.data.gov.uk/data/ppd/monthly/file-49-02.csv ...
  Error downloading https://landregistry.data.gov.uk/data/ppd/monthly/file-49-02.csv: Request failed with status code 406
Downloading https://landregistry.data.gov.uk/data/ppd/monthly/file-49-03.csv ...
  Error downloading https://landregistry.data.gov.uk/data/ppd/monthly/file-49-03.csv: Request failed with status code 406
Downloading https://landregistry.data.gov.uk/data/ppd/monthly/file-49-04.csv ...
  Error downloading https://landregistry.data.gov.uk/data/ppd/monthly/file-49-04.csv: Request failed with status code 406
Downloading https://landregistry.data.gov.uk/data/ppd/monthly/file-49-05.csv ...
  Error downloading https://landregistry.data.gov.uk/data/ppd/monthly/file-49-05.csv: Request failed with status code 406
Downloading https://landregistry.data.gov.uk/data/ppd/monthly/file-49-06.csv ...
  Error downloading https://landregistry.data.gov.uk/data/ppd/monthly/file-49-06.csv: Request failed with status code 406
Downloading https://landregistry.data.gov.uk/data/ppd/monthly/file-49-07.csv ...
  Error downloading https://landregistry.data.gov.uk/data/ppd/monthly/file-49-07.csv: Request failed with status code 406
Downloading https://landregistry.data.gov.uk/data/ppd/monthly/file-49-08.csv ...
  Error downloading https://landregistry.data.gov.uk/data/ppd/monthly/file-49-08.csv: Request failed with status code 406
Downloading https://landregistry.data.gov.uk/data/ppd/monthly/file-49-09.csv ...
  Error downloading https://landregistry.data.gov.uk/data/ppd/monthly/file-49-09.csv: Request failed with status code 406
Downloading https://landregistry.data.gov.uk/data/ppd/monthly/file-49-10.csv ...
  Error downloading https://landregistry.data.gov.uk/data/ppd/monthly/file-49-10.csv: Request failed with status code 406
Downloading https://landregistry.data.gov.uk/data/ppd/monthly/file-49-11.csv ...
  Error downloading https://landregistry.data.gov.uk/data/ppd/monthly/file-49-11.csv: Request failed with status code 406
Downloading https://landregistry.data.gov.uk/data/ppd/monthly/file-49-12.csv ...
  Error downloading https://landregistry.data.gov.uk/data/ppd/monthly/file-49-12.csv: Request failed with status code 406
Downloading https://landregistry.data.gov.uk/data/ppd/monthly/file-50-01.csv ...
  Error downloading https://landregistry.data.gov.uk/data/ppd/monthly/file-50-01.csv: Request failed with status code 406
Downloading https://landregistry.data.gov.uk/data/ppd/monthly/file-50-02.csv ...
  Error downloading https://landregistry.data.gov.uk/data/ppd/monthly/file-50-02.csv: Request failed with status code 406
Downloading https://landregistry.data.gov.uk/data/ppd/monthly/file-50-03.csv ...
  Error downloading https://landregistry.data.gov.uk/data/ppd/monthly/file-50-03.csv: Request failed with status code 406
Downloading https://landregistry.data.gov.uk/data/ppd/monthly/file-50-04.csv ...
  Error downloading https://landregistry.data.gov.uk/data/ppd/monthly/file-50-04.csv: Request failed with status code 406
Downloading https://landregistry.data.gov.uk/data/ppd/monthly/file-50-05.csv ...
  Error downloading https://landregistry.data.gov.uk/data/ppd/monthly/file-50-05.csv: Request failed with status code 406
Downloading https://landregistry.data.gov.uk/data/ppd/monthly/file-50-06.csv ...
  Error downloading https://landregistry.data.gov.uk/data/ppd/monthly/file-50-06.csv: Request failed with status code 406
Downloading https://landregistry.data.gov.uk/data/ppd/monthly/file-50-07.csv ...
  Error downloading https://landregistry.data.gov.uk/data/ppd/monthly/file-50-07.csv: Request failed with status code 406
Downloading https://landregistry.data.gov.uk/data/ppd/monthly/file-50-08.csv ...
  Error downloading https://landregistry.data.gov.uk/data/ppd/monthly/file-50-08.csv: Request failed with status code 406
Downloading https://landregistry.data.gov.uk/data/ppd/monthly/file-50-09.csv ...
  Error downloading https://landregistry.data.gov.uk/data/ppd/monthly/file-50-09.csv: Request failed with status code 406
Downloading https://landregistry.data.gov.uk/data/ppd/monthly/file-50-10.csv ...
  Error downloading https://landregistry.data.gov.uk/data/ppd/monthly/file-50-10.csv: Request failed with status code 406
Downloading https://landregistry.data.gov.uk/data/ppd/monthly/file-50-11.csv ...
  Error downloading https://landregistry.data.gov.uk/data/ppd/monthly/file-50-11.csv: Request failed with status code 406
Downloading https://landregistry.data.gov.uk/data/ppd/monthly/file-50-12.csv ...
  Error downloading https://landregistry.data.gov.uk/data/ppd/monthly/file-50-12.csv: Request failed with status code 406
Downloading https://landregistry.data.gov.uk/data/ppd/monthly/file-51-01.csv ...
  Error downloading https://landregistry.data.gov.uk/data/ppd/monthly/file-51-01.csv: Request failed with status code 406
Downloading https://landregistry.data.gov.uk/data/ppd/monthly/file-51-02.csv ...
  Error downloading https://landregistry.data.gov.uk/data/ppd/monthly/file-51-02.csv: Request failed with status code 406
Downloading https://landregistry.data.gov.uk/data/ppd/monthly/file-51-03.csv ...
  Error downloading https://landregistry.data.gov.uk/data/ppd/monthly/file-51-03.csv: Request failed with status code 406
Downloading https://landregistry.data.gov.uk/data/ppd/monthly/file-51-04.csv ...
  Error downloading https://landregistry.data.gov.uk/data/ppd/monthly/file-51-04.csv: Request failed with status code 406
Downloading https://landregistry.data.gov.uk/data/ppd/monthly/file-51-05.csv ...
  Error downloading https://landregistry.data.gov.uk/data/ppd/monthly/file-51-05.csv: Request failed with status code 406
Downloading https://landregistry.data.gov.uk/data/ppd/monthly/file-51-06.csv ...
  Error downloading https://landregistry.data.gov.uk/data/ppd/monthly/file-51-06.csv: Request failed with status code 406
Downloading https://landregistry.data.gov.uk/data/ppd/monthly/file-51-07.csv ...
  Error downloading https://landregistry.data.gov.uk/data/ppd/monthly/file-51-07.csv: Request failed with status code 406
Downloading https://landregistry.data.gov.uk/data/ppd/monthly/file-51-08.csv ...
  Error downloading https://landregistry.data.gov.uk/data/ppd/monthly/file-51-08.csv: Request failed with status code 406
Downloading https://landregistry.data.gov.uk/data/ppd/monthly/file-51-09.csv ...
  Error downloading https://landregistry.data.gov.uk/data/ppd/monthly/file-51-09.csv: Request failed with status code 406
Downloading https://landregistry.data.gov.uk/data/ppd/monthly/file-51-10.csv ...
  Error downloading https://landregistry.data.gov.uk/data/ppd/monthly/file-51-10.csv: Request failed with status code 406
Downloading https://landregistry.data.gov.uk/data/ppd/monthly/file-51-11.csv ...
  Error downloading https://landregistry.data.gov.uk/data/ppd/monthly/file-51-11.csv: Request failed with status code 406
Downloading https://landregistry.data.gov.uk/data/ppd/monthly/file-51-12.csv ...
  Error downloading https://landregistry.data.gov.uk/data/ppd/monthly/file-51-12.csv: Request failed with status code 406
Downloading https://landregistry.data.gov.uk/data/ppd/monthly/file-52-01.csv ...
  Error downloading https://landregistry.data.gov.uk/data/ppd/monthly/file-52-01.csv: Request failed with status code 406
Downloading https://landregistry.data.gov.uk/data/ppd/monthly/file-52-02.csv ...
  Error downloading https://landregistry.data.gov.uk/data/ppd/monthly/file-52-02.csv: Request failed with status code 406
Downloading https://landregistry.data.gov.uk/data/ppd/monthly/file-52-03.csv ...
  Error downloading https://landregistry.data.gov.uk/data/ppd/monthly/file-52-03.csv: Request failed with status code 406
Downloading https://landregistry.data.gov.uk/data/ppd/monthly/file-52-04.csv ...
  Error downloading https://landregistry.data.gov.uk/data/ppd/monthly/file-52-04.csv: Request failed with status code 406
Downloading https://landregistry.data.gov.uk/data/ppd/monthly/file-52-05.csv ...
  Error downloading https://landregistry.data.gov.uk/data/ppd/monthly/file-52-05.csv: Request failed with status code 406
Downloading https://landregistry.data.gov.uk/data/ppd/monthly/file-52-06.csv ...
  Error downloading https://landregistry.data.gov.uk/data/ppd/monthly/file-52-06.csv: Request failed with status code 406
Downloading https://landregistry.data.gov.uk/data/ppd/monthly/file-52-07.csv ...
  Error downloading https://landregistry.data.gov.uk/data/ppd/monthly/file-52-07.csv: Request failed with status code 406
Downloading https://landregistry.data.gov.uk/data/ppd/monthly/file-52-08.csv ...
  Error downloading https://landregistry.data.gov.uk/data/ppd/monthly/file-52-08.csv: Request failed with status code 406
Downloading https://landregistry.data.gov.uk/data/ppd/monthly/file-52-09.csv ...
  Error downloading https://landregistry.data.gov.uk/data/ppd/monthly/file-52-09.csv: Request failed with status code 406
Downloading https://landregistry.data.gov.uk/data/ppd/monthly/file-52-10.csv ...
  Error downloading https://landregistry.data.gov.uk/data/ppd/monthly/file-52-10.csv: Request failed with status code 406
Downloading https://landregistry.data.gov.uk/data/ppd/monthly/file-52-11.csv ...
  Error downloading https://landregistry.data.gov.uk/data/ppd/monthly/file-52-11.csv: Request failed with status code 406
Downloading https://landregistry.data.gov.uk/data/ppd/monthly/file-52-12.csv ...
  Error downloading https://landregistry.data.gov.uk/data/ppd/monthly/file-52-12.csv: Request failed with status code 406
Downloading https://landregistry.data.gov.uk/data/ppd/monthly/file-53-01.csv ...
  Error downloading https://landregistry.data.gov.uk/data/ppd/monthly/file-53-01.csv: Request failed with status code 406
Downloading https://landregistry.data.gov.uk/data/ppd/monthly/file-53-02.csv ...
  Error downloading https://landregistry.data.gov.uk/data/ppd/monthly/file-53-02.csv: Request failed with status code 406
Downloading https://landregistry.data.gov.uk/data/ppd/monthly/file-53-03.csv ...
  Error downloading https://landregistry.data.gov.uk/data/ppd/monthly/file-53-03.csv: Request failed with status code 406
Downloading https://landregistry.data.gov.uk/data/ppd/monthly/file-53-04.csv ...
  Error downloading https://landregistry.data.gov.uk/data/ppd/monthly/file-53-04.csv: Request failed with status code 406
Downloading https://landregistry.data.gov.uk/data/ppd/monthly/file-53-05.csv ...
  Error downloading https://landregistry.data.gov.uk/data/ppd/monthly/file-53-05.csv: Request failed with status code 406
Downloading https://landregistry.data.gov.uk/data/ppd/monthly/file-53-06.csv ...
  Error downloading https://landregistry.data.gov.uk/data/ppd/monthly/file-53-06.csv: Request failed with status code 406
Downloading https://landregistry.data.gov.uk/data/ppd/monthly/file-53-07.csv ...
  Error downloading https://landregistry.data.gov.uk/data/ppd/monthly/file-53-07.csv: Request failed with status code 406
Downloading https://landregistry.data.gov.uk/data/ppd/monthly/file-53-08.csv ...
  Error downloading https://landregistry.data.gov.uk/data/ppd/monthly/file-53-08.csv: Request failed with status code 406
Downloading https://landregistry.data.gov.uk/data/ppd/monthly/file-53-09.csv ...
  Error downloading https://landregistry.data.gov.uk/data/ppd/monthly/file-53-09.csv: Request failed with status code 406
Downloading https://landregistry.data.gov.uk/data/ppd/monthly/file-53-10.csv ...
  Error downloading https://landregistry.data.gov.uk/data/ppd/monthly/file-53-10.csv: Request failed with status code 406
Downloading https://landregistry.data.gov.uk/data/ppd/monthly/file-53-11.csv ...
  Error downloading https://landregistry.data.gov.uk/data/ppd/monthly/file-53-11.csv: Request failed with status code 406
Downloading https://landregistry.data.gov.uk/data/ppd/monthly/file-53-12.csv ...
  Error downloading https://landregistry.data.gov.uk/data/ppd/monthly/file-53-12.csv: Request failed with status code 406
Downloading https://landregistry.data.gov.uk/data/ppd/monthly/file-54-01.csv ...
  Error downloading https://landregistry.data.gov.uk/data/ppd/monthly/file-54-01.csv: Request failed with status code 406
Downloading https://landregistry.data.gov.uk/data/ppd/monthly/file-54-02.csv ...
  Error downloading https://landregistry.data.gov.uk/data/ppd/monthly/file-54-02.csv: Request failed with status code 406
Downloading https://landregistry.data.gov.uk/data/ppd/monthly/file-54-03.csv ...
  Error downloading https://landregistry.data.gov.uk/data/ppd/monthly/file-54-03.csv: Request failed with status code 406
Downloading https://landregistry.data.gov.uk/data/ppd/monthly/file-54-04.csv ...
  Error downloading https://landregistry.data.gov.uk/data/ppd/monthly/file-54-04.csv: Request failed with status code 406
Downloading https://landregistry.data.gov.uk/data/ppd/monthly/file-54-05.csv ...
  Error downloading https://landregistry.data.gov.uk/data/ppd/monthly/file-54-05.csv: Request failed with status code 406
Downloading https://landregistry.data.gov.uk/data/ppd/monthly/file-54-06.csv ...
  Error downloading https://landregistry.data.gov.uk/data/ppd/monthly/file-54-06.csv: Request failed with status code 406
Downloading https://landregistry.data.gov.uk/data/ppd/monthly/file-54-07.csv ...
  Error downloading https://landregistry.data.gov.uk/data/ppd/monthly/file-54-07.csv: Request failed with status code 406
Downloading https://landregistry.data.gov.uk/data/ppd/monthly/file-54-08.csv ...
  Error downloading https://landregistry.data.gov.uk/data/ppd/monthly/file-54-08.csv: Request failed with status code 406
Downloading https://landregistry.data.gov.uk/data/ppd/monthly/file-54-09.csv ...
  Error downloading https://landregistry.data.gov.uk/data/ppd/monthly/file-54-09.csv: Request failed with status code 406
Downloading https://landregistry.data.gov.uk/data/ppd/monthly/file-54-10.csv ...
  Error downloading https://landregistry.data.gov.uk/data/ppd/monthly/file-54-10.csv: Request failed with status code 406
Downloading https://landregistry.data.gov.uk/data/ppd/monthly/file-54-11.csv ...
  Error downloading https://landregistry.data.gov.uk/data/ppd/monthly/file-54-11.csv: Request failed with status code 406
Downloading https://landregistry.data.gov.uk/data/ppd/monthly/file-54-12.csv ...
  Error downloading https://landregistry.data.gov.uk/data/ppd/monthly/file-54-12.csv: Request failed with status code 406
Downloading https://landregistry.data.gov.uk/data/ppd/monthly/file-55-01.csv ...
  Error downloading https://landregistry.data.gov.uk/data/ppd/monthly/file-55-01.csv: Request failed with status code 406
Downloading https://landregistry.data.gov.uk/data/ppd/monthly/file-55-02.csv ...
  Error downloading https://landregistry.data.gov.uk/data/ppd/monthly/file-55-02.csv: Request failed with status code 406
Downloading https://landregistry.data.gov.uk/data/ppd/monthly/file-55-03.csv ...
  Error downloading https://landregistry.data.gov.uk/data/ppd/monthly/file-55-03.csv: Request failed with status code 406
Downloading https://landregistry.data.gov.uk/data/ppd/monthly/file-55-04.csv ...
  Error downloading https://landregistry.data.gov.uk/data/ppd/monthly/file-55-04.csv: Request failed with status code 406
Downloading https://landregistry.data.gov.uk/data/ppd/monthly/file-55-05.csv ...
  Error downloading https://landregistry.data.gov.uk/data/ppd/monthly/file-55-05.csv: Request failed with status code 406
Downloading https://landregistry.data.gov.uk/data/ppd/monthly/file-55-06.csv ...
  Error downloading https://landregistry.data.gov.uk/data/ppd/monthly/file-55-06.csv: Request failed with status code 406
Downloading https://landregistry.data.gov.uk/data/ppd/monthly/file-55-07.csv ...
  Error downloading https://landregistry.data.gov.uk/data/ppd/monthly/file-55-07.csv: Request failed with status code 406
Downloading https://landregistry.data.gov.uk/data/ppd/monthly/file-55-08.csv ...
  Error downloading https://landregistry.data.gov.uk/data/ppd/monthly/file-55-08.csv: Request failed with status code 406
Downloading https://landregistry.data.gov.uk/data/ppd/monthly/file-55-09.csv ...
  Error downloading https://landregistry.data.gov.uk/data/ppd/monthly/file-55-09.csv: Request failed with status code 406
Downloading https://landregistry.data.gov.uk/data/ppd/monthly/file-55-10.csv ...
  Error downloading https://landregistry.data.gov.uk/data/ppd/monthly/file-55-10.csv: Request failed with status code 406
Downloading https://landregistry.data.gov.uk/data/ppd/monthly/file-55-11.csv ...
  Error downloading https://landregistry.data.gov.uk/data/ppd/monthly/file-55-11.csv: Request failed with status code 406
Downloading https://landregistry.data.gov.uk/data/ppd/monthly/file-55-12.csv ...
  Error downloading https://landregistry.data.gov.uk/data/ppd/monthly/file-55-12.csv: Request failed with status code 406
Downloading https://landregistry.data.gov.uk/data/ppd/monthly/file-56-01.csv ...
  Error downloading https://landregistry.data.gov.uk/data/ppd/monthly/file-56-01.csv: Request failed with status code 406
Downloading https://landregistry.data.gov.uk/data/ppd/monthly/file-56-02.csv ...
  Error downloading https://landregistry.data.gov.uk/data/ppd/monthly/file-56-02.csv: Request failed with status code 406
Downloading https://landregistry.data.gov.uk/data/ppd/monthly/file-56-03.csv ...
  Error downloading https://landregistry.data.gov.uk/data/ppd/monthly/file-56-03.csv: Request failed with status code 406
Downloading https://landregistry.data.gov.uk/data/ppd/monthly/file-56-04.csv ...
  Error downloading https://landregistry.data.gov.uk/data/ppd/monthly/file-56-04.csv: Request failed with status code 406
Downloading https://landregistry.data.gov.uk/data/ppd/monthly/file-56-05.csv ...
  Error downloading https://landregistry.data.gov.uk/data/ppd/monthly/file-56-05.csv: Request failed with status code 406
Downloading https://landregistry.data.gov.uk/data/ppd/monthly/file-56-06.csv ...
  Error downloading https://landregistry.data.gov.uk/data/ppd/monthly/file-56-06.csv: Request failed with status code 406
Downloading https://landregistry.data.gov.uk/data/ppd/monthly/file-56-07.csv ...
  Error downloading https://landregistry.data.gov.uk/data/ppd/monthly/file-56-07.csv: Request failed with status code 406
Downloading https://landregistry.data.gov.uk/data/ppd/monthly/file-56-08.csv ...
  Error downloading https://landregistry.data.gov.uk/data/ppd/monthly/file-56-08.csv: Request failed with status code 406
Downloading https://landregistry.data.gov.uk/data/ppd/monthly/file-56-09.csv ...
  Error downloading https://landregistry.data.gov.uk/data/ppd/monthly/file-56-09.csv: Request failed with status code 406
Downloading https://landregistry.data.gov.uk/data/ppd/monthly/file-56-10.csv ...
  Error downloading https://landregistry.data.gov.uk/data/ppd/monthly/file-56-10.csv: Request failed with status code 406
Downloading https://landregistry.data.gov.uk/data/ppd/monthly/file-56-11.csv ...
  Error downloading https://landregistry.data.gov.uk/data/ppd/monthly/file-56-11.csv: Request failed with status code 406
Downloading https://landregistry.data.gov.uk/data/ppd/monthly/file-56-12.csv ...
  Error downloading https://landregistry.data.gov.uk/data/ppd/monthly/file-56-12.csv: Request failed with status code 406
Downloading https://landregistry.data.gov.uk/data/ppd/monthly/file-57-01.csv ...
  Error downloading https://landregistry.data.gov.uk/data/ppd/monthly/file-57-01.csv: Request failed with status code 406
Downloading https://landregistry.data.gov.uk/data/ppd/monthly/file-57-02.csv ...
  Error downloading https://landregistry.data.gov.uk/data/ppd/monthly/file-57-02.csv: Request failed with status code 406
Downloading https://landregistry.data.gov.uk/data/ppd/monthly/file-57-03.csv ...
  Error downloading https://landregistry.data.gov.uk/data/ppd/monthly/file-57-03.csv: Request failed with status code 406
Downloading https://landregistry.data.gov.uk/data/ppd/monthly/file-57-04.csv ...
  Error downloading https://landregistry.data.gov.uk/data/ppd/monthly/file-57-04.csv: Request failed with status code 406
Downloading https://landregistry.data.gov.uk/data/ppd/monthly/file-57-05.csv ...
  Error downloading https://landregistry.data.gov.uk/data/ppd/monthly/file-57-05.csv: Request failed with status code 406
Downloading https://landregistry.data.gov.uk/data/ppd/monthly/file-57-06.csv ...
  Error downloading https://landregistry.data.gov.uk/data/ppd/monthly/file-57-06.csv: Request failed with status code 406
Downloading https://landregistry.data.gov.uk/data/ppd/monthly/file-57-07.csv ...
  Error downloading https://landregistry.data.gov.uk/data/ppd/monthly/file-57-07.csv: Request failed with status code 406
Downloading https://landregistry.data.gov.uk/data/ppd/monthly/file-57-08.csv ...
  Error downloading https://landregistry.data.gov.uk/data/ppd/monthly/file-57-08.csv: Request failed with status code 406
Downloading https://landregistry.data.gov.uk/data/ppd/monthly/file-57-09.csv ...
  Error downloading https://landregistry.data.gov.uk/data/ppd/monthly/file-57-09.csv: Request failed with status code 406
Downloading https://landregistry.data.gov.uk/data/ppd/monthly/file-57-10.csv ...
  Error downloading https://landregistry.data.gov.uk/data/ppd/monthly/file-57-10.csv: Request failed with status code 406
Downloading https://landregistry.data.gov.uk/data/ppd/monthly/file-57-11.csv ...
  Error downloading https://landregistry.data.gov.uk/data/ppd/monthly/file-57-11.csv: Request failed with status code 406
Downloading https://landregistry.data.gov.uk/data/ppd/monthly/file-57-12.csv ...
  Error downloading https://landregistry.data.gov.uk/data/ppd/monthly/file-57-12.csv: Request failed with status code 406
Downloading https://landregistry.data.gov.uk/data/ppd/monthly/file-58-01.csv ...
  Error downloading https://landregistry.data.gov.uk/data/ppd/monthly/file-58-01.csv: Request failed with status code 406
Downloading https://landregistry.data.gov.uk/data/ppd/monthly/file-58-02.csv ...
  Error downloading https://landregistry.data.gov.uk/data/ppd/monthly/file-58-02.csv: Request failed with status code 406
Downloading https://landregistry.data.gov.uk/data/ppd/monthly/file-58-03.csv ...
  Error downloading https://landregistry.data.gov.uk/data/ppd/monthly/file-58-03.csv: Request failed with status code 406
Downloading https://landregistry.data.gov.uk/data/ppd/monthly/file-58-04.csv ...
  Error downloading https://landregistry.data.gov.uk/data/ppd/monthly/file-58-04.csv: Request failed with status code 406
Downloading https://landregistry.data.gov.uk/data/ppd/monthly/file-58-05.csv ...
  Error downloading https://landregistry.data.gov.uk/data/ppd/monthly/file-58-05.csv: Request failed with status code 406
Downloading https://landregistry.data.gov.uk/data/ppd/monthly/file-58-06.csv ...
  Error downloading https://landregistry.data.gov.uk/data/ppd/monthly/file-58-06.csv: Request failed with status code 406
Downloading https://landregistry.data.gov.uk/data/ppd/monthly/file-58-07.csv ...
  Error downloading https://landregistry.data.gov.uk/data/ppd/monthly/file-58-07.csv: Request failed with status code 406
Downloading https://landregistry.data.gov.uk/data/ppd/monthly/file-58-08.csv ...
  Error downloading https://landregistry.data.gov.uk/data/ppd/monthly/file-58-08.csv: Request failed with status code 406
Downloading https://landregistry.data.gov.uk/data/ppd/monthly/file-58-09.csv ...
  Error downloading https://landregistry.data.gov.uk/data/ppd/monthly/file-58-09.csv: Request failed with status code 406
Downloading https://landregistry.data.gov.uk/data/ppd/monthly/file-58-10.csv ...
  Error downloading https://landregistry.data.gov.uk/data/ppd/monthly/file-58-10.csv: Request failed with status code 406
Downloading https://landregistry.data.gov.uk/data/ppd/monthly/file-58-11.csv ...
  Error downloading https://landregistry.data.gov.uk/data/ppd/monthly/file-58-11.csv: Request failed with status code 406
Downloading https://landregistry.data.gov.uk/data/ppd/monthly/file-58-12.csv ...
  Error downloading https://landregistry.data.gov.uk/data/ppd/monthly/file-58-12.csv: Request failed with status code 406
Downloading https://landregistry.data.gov.uk/data/ppd/monthly/file-59-01.csv ...
  Error downloading https://landregistry.data.gov.uk/data/ppd/monthly/file-59-01.csv: Request failed with status code 406
Downloading https://landregistry.data.gov.uk/data/ppd/monthly/file-59-02.csv ...
  Error downloading https://landregistry.data.gov.uk/data/ppd/monthly/file-59-02.csv: Request failed with status code 406
Downloading https://landregistry.data.gov.uk/data/ppd/monthly/file-59-03.csv ...
  Error downloading https://landregistry.data.gov.uk/data/ppd/monthly/file-59-03.csv: Request failed with status code 406
Downloading https://landregistry.data.gov.uk/data/ppd/monthly/file-59-04.csv ...
  Error downloading https://landregistry.data.gov.uk/data/ppd/monthly/file-59-04.csv: Request failed with status code 406
Downloading https://landregistry.data.gov.uk/data/ppd/monthly/file-59-05.csv ...
  Error downloading https://landregistry.data.gov.uk/data/ppd/monthly/file-59-05.csv: Request failed with status code 406
Downloading https://landregistry.data.gov.uk/data/ppd/monthly/file-59-06.csv ...
  Error downloading https://landregistry.data.gov.uk/data/ppd/monthly/file-59-06.csv: Request failed with status code 406
Downloading https://landregistry.data.gov.uk/data/ppd/monthly/file-59-07.csv ...
  Error downloading https://landregistry.data.gov.uk/data/ppd/monthly/file-59-07.csv: Request failed with status code 406
Downloading https://landregistry.data.gov.uk/data/ppd/monthly/file-59-08.csv ...
  Error downloading https://landregistry.data.gov.uk/data/ppd/monthly/file-59-08.csv: Request failed with status code 406
Downloading https://landregistry.data.gov.uk/data/ppd/monthly/file-59-09.csv ...
  Error downloading https://landregistry.data.gov.uk/data/ppd/monthly/file-59-09.csv: Request failed with status code 406
Downloading https://landregistry.data.gov.uk/data/ppd/monthly/file-59-10.csv ...
  Error downloading https://landregistry.data.gov.uk/data/ppd/monthly/file-59-10.csv: Request failed with status code 406
Downloading https://landregistry.data.gov.uk/data/ppd/monthly/file-59-11.csv ...
  Error downloading https://landregistry.data.gov.uk/data/ppd/monthly/file-59-11.csv: Request failed with status code 406
Downloading https://landregistry.data.gov.uk/data/ppd/monthly/file-59-12.csv ...
  Error downloading https://landregistry.data.gov.uk/data/ppd/monthly/file-59-12.csv: Request failed with status code 406
Downloading https://landregistry.data.gov.uk/data/ppd/monthly/file-60-01.csv ...
  Error downloading https://landregistry.data.gov.uk/data/ppd/monthly/file-60-01.csv: Request failed with status code 406
Downloading https://landregistry.data.gov.uk/data/ppd/monthly/file-60-02.csv ...
  Error downloading https://landregistry.data.gov.uk/data/ppd/monthly/file-60-02.csv: Request failed with status code 406
Downloading https://landregistry.data.gov.uk/data/ppd/monthly/file-60-03.csv ...
  Error downloading https://landregistry.data.gov.uk/data/ppd/monthly/file-60-03.csv: Request failed with status code 406
Downloading https://landregistry.data.gov.uk/data/ppd/monthly/file-60-04.csv ...
  Error downloading https://landregistry.data.gov.uk/data/ppd/monthly/file-60-04.csv: Request failed with status code 406
Downloading https://landregistry.data.gov.uk/data/ppd/monthly/file-60-05.csv ...
  Error downloading https://landregistry.data.gov.uk/data/ppd/monthly/file-60-05.csv: Request failed with status code 406
Downloading https://landregistry.data.gov.uk/data/ppd/monthly/file-60-06.csv ...
  Error downloading https://landregistry.data.gov.uk/data/ppd/monthly/file-60-06.csv: Request failed with status code 406
Downloading https://landregistry.data.gov.uk/data/ppd/monthly/file-60-07.csv ...
  Error downloading https://landregistry.data.gov.uk/data/ppd/monthly/file-60-07.csv: Request failed with status code 406
Downloading https://landregistry.data.gov.uk/data/ppd/monthly/file-60-08.csv ...
  Error downloading https://landregistry.data.gov.uk/data/ppd/monthly/file-60-08.csv: Request failed with status code 406
Downloading https://landregistry.data.gov.uk/data/ppd/monthly/file-60-09.csv ...
  Error downloading https://landregistry.data.gov.uk/data/ppd/monthly/file-60-09.csv: Request failed with status code 406
Downloading https://landregistry.data.gov.uk/data/ppd/monthly/file-60-10.csv ...
  Error downloading https://landregistry.data.gov.uk/data/ppd/monthly/file-60-10.csv: Request failed with status code 406
Downloading https://landregistry.data.gov.uk/data/ppd/monthly/file-60-11.csv ...
  Error downloading https://landregistry.data.gov.uk/data/ppd/monthly/file-60-11.csv: Request failed with status code 406
Downloading https://landregistry.data.gov.uk/data/ppd/monthly/file-60-12.csv ...
  Error downloading https://landregistry.data.gov.uk/data/ppd/monthly/file-60-12.csv: Request failed with status code 406
Downloading https://landregistry.data.gov.uk/data/ppd/monthly/file-61-01.csv ...
  Error downloading https://landregistry.data.gov.uk/data/ppd/monthly/file-61-01.csv: Request failed with status code 406
Downloading https://landregistry.data.gov.uk/data/ppd/monthly/file-61-02.csv ...
  Error downloading https://landregistry.data.gov.uk/data/ppd/monthly/file-61-02.csv: Request failed with status code 406
Downloading https://landregistry.data.gov.uk/data/ppd/monthly/file-61-03.csv ...
  Error downloading https://landregistry.data.gov.uk/data/ppd/monthly/file-61-03.csv: Request failed with status code 406
Downloading https://landregistry.data.gov.uk/data/ppd/monthly/file-61-04.csv ...
  Error downloading https://landregistry.data.gov.uk/data/ppd/monthly/file-61-04.csv: Request failed with status code 406
Downloading https://landregistry.data.gov.uk/data/ppd/monthly/file-61-05.csv ...
  Error downloading https://landregistry.data.gov.uk/data/ppd/monthly/file-61-05.csv: Request failed with status code 406
Downloading https://landregistry.data.gov.uk/data/ppd/monthly/file-61-06.csv ...
  Error downloading https://landregistry.data.gov.uk/data/ppd/monthly/file-61-06.csv: Request failed with status code 406
Downloading https://landregistry.data.gov.uk/data/ppd/monthly/file-61-07.csv ...
  Error downloading https://landregistry.data.gov.uk/data/ppd/monthly/file-61-07.csv: Request failed with status code 406
Downloading https://landregistry.data.gov.uk/data/ppd/monthly/file-61-08.csv ...
  Error downloading https://landregistry.data.gov.uk/data/ppd/monthly/file-61-08.csv: Request failed with status code 406
Downloading https://landregistry.data.gov.uk/data/ppd/monthly/file-61-09.csv ...
  Error downloading https://landregistry.data.gov.uk/data/ppd/monthly/file-61-09.csv: Request failed with status code 406
Downloading https://landregistry.data.gov.uk/data/ppd/monthly/file-61-10.csv ...
  Error downloading https://landregistry.data.gov.uk/data/ppd/monthly/file-61-10.csv: Request failed with status code 406
Downloading https://landregistry.data.gov.uk/data/ppd/monthly/file-61-11.csv ...
  Error downloading https://landregistry.data.gov.uk/data/ppd/monthly/file-61-11.csv: Request failed with status code 406
Downloading https://landregistry.data.gov.uk/data/ppd/monthly/file-61-12.csv ...
  Error downloading https://landregistry.data.gov.uk/data/ppd/monthly/file-61-12.csv: Request failed with status code 406
Downloading https://landregistry.data.gov.uk/data/ppd/monthly/file-62-01.csv ...
  Error downloading https://landregistry.data.gov.uk/data/ppd/monthly/file-62-01.csv: Request failed with status code 406
Downloading https://landregistry.data.gov.uk/data/ppd/monthly/file-62-02.csv ...
  Error downloading https://landregistry.data.gov.uk/data/ppd/monthly/file-62-02.csv: Request failed with status code 406
Downloading https://landregistry.data.gov.uk/data/ppd/monthly/file-62-03.csv ...
  Error downloading https://landregistry.data.gov.uk/data/ppd/monthly/file-62-03.csv: Request failed with status code 406
Downloading https://landregistry.data.gov.uk/data/ppd/monthly/file-62-04.csv ...
  Error downloading https://landregistry.data.gov.uk/data/ppd/monthly/file-62-04.csv: Request failed with status code 406
Downloading https://landregistry.data.gov.uk/data/ppd/monthly/file-62-05.csv ...
  Error downloading https://landregistry.data.gov.uk/data/ppd/monthly/file-62-05.csv: Request failed with status code 406
Downloading https://landregistry.data.gov.uk/data/ppd/monthly/file-62-06.csv ...
  Error downloading https://landregistry.data.gov.uk/data/ppd/monthly/file-62-06.csv: Request failed with status code 406
Downloading https://landregistry.data.gov.uk/data/ppd/monthly/file-62-07.csv ...
  Error downloading https://landregistry.data.gov.uk/data/ppd/monthly/file-62-07.csv: Request failed with status code 406
Downloading https://landregistry.data.gov.uk/data/ppd/monthly/file-62-08.csv ...
  Error downloading https://landregistry.data.gov.uk/data/ppd/monthly/file-62-08.csv: Request failed with status code 406
Downloading https://landregistry.data.gov.uk/data/ppd/monthly/file-62-09.csv ...
  Error downloading https://landregistry.data.gov.uk/data/ppd/monthly/file-62-09.csv: Request failed with status code 406
Downloading https://landregistry.data.gov.uk/data/ppd/monthly/file-62-10.csv ...
  Error downloading https://landregistry.data.gov.uk/data/ppd/monthly/file-62-10.csv: Request failed with status code 406
Downloading https://landregistry.data.gov.uk/data/ppd/monthly/file-62-11.csv ...
  Error downloading https://landregistry.data.gov.uk/data/ppd/monthly/file-62-11.csv: Request failed with status code 406
Downloading https://landregistry.data.gov.uk/data/ppd/monthly/file-62-12.csv ...
  Error downloading https://landregistry.data.gov.uk/data/ppd/monthly/file-62-12.csv: Request failed with status code 406
Downloading https://landregistry.data.gov.uk/data/ppd/monthly/file-63-01.csv ...
  Error downloading https://landregistry.data.gov.uk/data/ppd/monthly/file-63-01.csv: Request failed with status code 406
Downloading https://landregistry.data.gov.uk/data/ppd/monthly/file-63-02.csv ...
  Error downloading https://landregistry.data.gov.uk/data/ppd/monthly/file-63-02.csv: Request failed with status code 406
Downloading https://landregistry.data.gov.uk/data/ppd/monthly/file-63-03.csv ...
  Error downloading https://landregistry.data.gov.uk/data/ppd/monthly/file-63-03.csv: Request failed with status code 406
Downloading https://landregistry.data.gov.uk/data/ppd/monthly/file-63-04.csv ...
  Error downloading https://landregistry.data.gov.uk/data/ppd/monthly/file-63-04.csv: Request failed with status code 406
Downloading https://landregistry.data.gov.uk/data/ppd/monthly/file-63-05.csv ...
  Error downloading https://landregistry.data.gov.uk/data/ppd/monthly/file-63-05.csv: Request failed with status code 406
Downloading https://landregistry.data.gov.uk/data/ppd/monthly/file-63-06.csv ...
  Error downloading https://landregistry.data.gov.uk/data/ppd/monthly/file-63-06.csv: Request failed with status code 406
Downloading https://landregistry.data.gov.uk/data/ppd/monthly/file-63-07.csv ...
  Error downloading https://landregistry.data.gov.uk/data/ppd/monthly/file-63-07.csv: Request failed with status code 406
Downloading https://landregistry.data.gov.uk/data/ppd/monthly/file-63-08.csv ...
  Error downloading https://landregistry.data.gov.uk/data/ppd/monthly/file-63-08.csv: Request failed with status code 406
Downloading https://landregistry.data.gov.uk/data/ppd/monthly/file-63-09.csv ...
  Error downloading https://landregistry.data.gov.uk/data/ppd/monthly/file-63-09.csv: Request failed with status code 406
Downloading https://landregistry.data.gov.uk/data/ppd/monthly/file-63-10.csv ...
  Error downloading https://landregistry.data.gov.uk/data/ppd/monthly/file-63-10.csv: Request failed with status code 406
Downloading https://landregistry.data.gov.uk/data/ppd/monthly/file-63-11.csv ...
  Error downloading https://landregistry.data.gov.uk/data/ppd/monthly/file-63-11.csv: Request failed with status code 406
Downloading https://landregistry.data.gov.uk/data/ppd/monthly/file-63-12.csv ...
  Error downloading https://landregistry.data.gov.uk/data/ppd/monthly/file-63-12.csv: Request failed with status code 406
Downloading https://landregistry.data.gov.uk/data/ppd/monthly/file-64-01.csv ...
  Error downloading https://landregistry.data.gov.uk/data/ppd/monthly/file-64-01.csv: Request failed with status code 406
Downloading https://landregistry.data.gov.uk/data/ppd/monthly/file-64-02.csv ...
  Error downloading https://landregistry.data.gov.uk/data/ppd/monthly/file-64-02.csv: Request failed with status code 406
Downloading https://landregistry.data.gov.uk/data/ppd/monthly/file-64-03.csv ...
  Error downloading https://landregistry.data.gov.uk/data/ppd/monthly/file-64-03.csv: Request failed with status code 406
Downloading https://landregistry.data.gov.uk/data/ppd/monthly/file-64-04.csv ...
  Error downloading https://landregistry.data.gov.uk/data/ppd/monthly/file-64-04.csv: Request failed with status code 406
Downloading https://landregistry.data.gov.uk/data/ppd/monthly/file-64-05.csv ...
  Error downloading https://landregistry.data.gov.uk/data/ppd/monthly/file-64-05.csv: Request failed with status code 406
Downloading https://landregistry.data.gov.uk/data/ppd/monthly/file-64-06.csv ...
  Error downloading https://landregistry.data.gov.uk/data/ppd/monthly/file-64-06.csv: Request failed with status code 406
Downloading https://landregistry.data.gov.uk/data/ppd/monthly/file-64-07.csv ...
  Error downloading https://landregistry.data.gov.uk/data/ppd/monthly/file-64-07.csv: Request failed with status code 406
Downloading https://landregistry.data.gov.uk/data/ppd/monthly/file-64-08.csv ...
  Error downloading https://landregistry.data.gov.uk/data/ppd/monthly/file-64-08.csv: Request failed with status code 406
Downloading https://landregistry.data.gov.uk/data/ppd/monthly/file-64-09.csv ...
  Error downloading https://landregistry.data.gov.uk/data/ppd/monthly/file-64-09.csv: Request failed with status code 406
Downloading https://landregistry.data.gov.uk/data/ppd/monthly/file-64-10.csv ...
  Error downloading https://landregistry.data.gov.uk/data/ppd/monthly/file-64-10.csv: Request failed with status code 406
Downloading https://landregistry.data.gov.uk/data/ppd/monthly/file-64-11.csv ...
  Error downloading https://landregistry.data.gov.uk/data/ppd/monthly/file-64-11.csv: Request failed with status code 406
Downloading https://landregistry.data.gov.uk/data/ppd/monthly/file-64-12.csv ...
  Error downloading https://landregistry.data.gov.uk/data/ppd/monthly/file-64-12.csv: Request failed with status code 406
Downloading https://landregistry.data.gov.uk/data/ppd/monthly/file-65-01.csv ...
  Error downloading https://landregistry.data.gov.uk/data/ppd/monthly/file-65-01.csv: Request failed with status code 406
Downloading https://landregistry.data.gov.uk/data/ppd/monthly/file-65-02.csv ...
  Error downloading https://landregistry.data.gov.uk/data/ppd/monthly/file-65-02.csv: Request failed with status code 406
Downloading https://landregistry.data.gov.uk/data/ppd/monthly/file-65-03.csv ...
  Error downloading https://landregistry.data.gov.uk/data/ppd/monthly/file-65-03.csv: Request failed with status code 406
Downloading https://landregistry.data.gov.uk/data/ppd/monthly/file-65-04.csv ...
  Error downloading https://landregistry.data.gov.uk/data/ppd/monthly/file-65-04.csv: Request failed with status code 406
Downloading https://landregistry.data.gov.uk/data/ppd/monthly/file-65-05.csv ...
  Error downloading https://landregistry.data.gov.uk/data/ppd/monthly/file-65-05.csv: Request failed with status code 406
Downloading https://landregistry.data.gov.uk/data/ppd/monthly/file-65-06.csv ...
  Error downloading https://landregistry.data.gov.uk/data/ppd/monthly/file-65-06.csv: Request failed with status code 406
Downloading https://landregistry.data.gov.uk/data/ppd/monthly/file-65-07.csv ...
  Error downloading https://landregistry.data.gov.uk/data/ppd/monthly/file-65-07.csv: Request failed with status code 406
Downloading https://landregistry.data.gov.uk/data/ppd/monthly/file-65-08.csv ...
  Error downloading https://landregistry.data.gov.uk/data/ppd/monthly/file-65-08.csv: Request failed with status code 406
Downloading https://landregistry.data.gov.uk/data/ppd/monthly/file-65-09.csv ...
  Error downloading https://landregistry.data.gov.uk/data/ppd/monthly/file-65-09.csv: Request failed with status code 406
Downloading https://landregistry.data.gov.uk/data/ppd/monthly/file-65-10.csv ...
  Error downloading https://landregistry.data.gov.uk/data/ppd/monthly/file-65-10.csv: Request failed with status code 406
Downloading https://landregistry.data.gov.uk/data/ppd/monthly/file-65-11.csv ...
  Error downloading https://landregistry.data.gov.uk/data/ppd/monthly/file-65-11.csv: Request failed with status code 406
Downloading https://landregistry.data.gov.uk/data/ppd/monthly/file-65-12.csv ...
  Error downloading https://landregistry.data.gov.uk/data/ppd/monthly/file-65-12.csv: Request failed with status code 406
Downloading https://landregistry.data.gov.uk/data/ppd/monthly/file-66-01.csv ...
  Error downloading https://landregistry.data.gov.uk/data/ppd/monthly/file-66-01.csv: Request failed with status code 406
Downloading https://landregistry.data.gov.uk/data/ppd/monthly/file-66-02.csv ...
  Error downloading https://landregistry.data.gov.uk/data/ppd/monthly/file-66-02.csv: Request failed with status code 406
Downloading https://landregistry.data.gov.uk/data/ppd/monthly/file-66-03.csv ...
  Error downloading https://landregistry.data.gov.uk/data/ppd/monthly/file-66-03.csv: Request failed with status code 406
Downloading https://landregistry.data.gov.uk/data/ppd/monthly/file-66-04.csv ...
  Error downloading https://landregistry.data.gov.uk/data/ppd/monthly/file-66-04.csv: Request failed with status code 406
Downloading https://landregistry.data.gov.uk/data/ppd/monthly/file-66-05.csv ...
  Error downloading https://landregistry.data.gov.uk/data/ppd/monthly/file-66-05.csv: Request failed with status code 406
Downloading https://landregistry.data.gov.uk/data/ppd/monthly/file-66-06.csv ...
  Error downloading https://landregistry.data.gov.uk/data/ppd/monthly/file-66-06.csv: Request failed with status code 406
Downloading https://landregistry.data.gov.uk/data/ppd/monthly/file-66-07.csv ...
  Error downloading https://landregistry.data.gov.uk/data/ppd/monthly/file-66-07.csv: Request failed with status code 406
Downloading https://landregistry.data.gov.uk/data/ppd/monthly/file-66-08.csv ...
  Error downloading https://landregistry.data.gov.uk/data/ppd/monthly/file-66-08.csv: Request failed with status code 406
Downloading https://landregistry.data.gov.uk/data/ppd/monthly/file-66-09.csv ...
  Error downloading https://landregistry.data.gov.uk/data/ppd/monthly/file-66-09.csv: Request failed with status code 406
Downloading https://landregistry.data.gov.uk/data/ppd/monthly/file-66-10.csv ...
  Error downloading https://landregistry.data.gov.uk/data/ppd/monthly/file-66-10.csv: Request failed with status code 406
Downloading https://landregistry.data.gov.uk/data/ppd/monthly/file-66-11.csv ...
  Error downloading https://landregistry.data.gov.uk/data/ppd/monthly/file-66-11.csv: Request failed with status code 406
Downloading https://landregistry.data.gov.uk/data/ppd/monthly/file-66-12.csv ...
  Error downloading https://landregistry.data.gov.uk/data/ppd/monthly/file-66-12.csv: Request failed with status code 406
Downloading https://landregistry.data.gov.uk/data/ppd/monthly/file-67-01.csv ...
  Error downloading https://landregistry.data.gov.uk/data/ppd/monthly/file-67-01.csv: Request failed with status code 406
Downloading https://landregistry.data.gov.uk/data/ppd/monthly/file-67-02.csv ...
  Error downloading https://landregistry.data.gov.uk/data/ppd/monthly/file-67-02.csv: Request failed with status code 406
Downloading https://landregistry.data.gov.uk/data/ppd/monthly/file-67-03.csv ...
  Error downloading https://landregistry.data.gov.uk/data/ppd/monthly/file-67-03.csv: Request failed with status code 406
Downloading https://landregistry.data.gov.uk/data/ppd/monthly/file-67-04.csv ...
  Error downloading https://landregistry.data.gov.uk/data/ppd/monthly/file-67-04.csv: Request failed with status code 406
Downloading https://landregistry.data.gov.uk/data/ppd/monthly/file-67-05.csv ...
  Error downloading https://landregistry.data.gov.uk/data/ppd/monthly/file-67-05.csv: Request failed with status code 406
Downloading https://landregistry.data.gov.uk/data/ppd/monthly/file-67-06.csv ...
  Error downloading https://landregistry.data.gov.uk/data/ppd/monthly/file-67-06.csv: Request failed with status code 406
Downloading https://landregistry.data.gov.uk/data/ppd/monthly/file-67-07.csv ...
  Error downloading https://landregistry.data.gov.uk/data/ppd/monthly/file-67-07.csv: Request failed with status code 406
Downloading https://landregistry.data.gov.uk/data/ppd/monthly/file-67-08.csv ...
  Error downloading https://landregistry.data.gov.uk/data/ppd/monthly/file-67-08.csv: Request failed with status code 406
Downloading https://landregistry.data.gov.uk/data/ppd/monthly/file-67-09.csv ...
  Error downloading https://landregistry.data.gov.uk/data/ppd/monthly/file-67-09.csv: Request failed with status code 406
Downloading https://landregistry.data.gov.uk/data/ppd/monthly/file-67-10.csv ...
  Error downloading https://landregistry.data.gov.uk/data/ppd/monthly/file-67-10.csv: Request failed with status code 406
Downloading https://landregistry.data.gov.uk/data/ppd/monthly/file-67-11.csv ...
  Error downloading https://landregistry.data.gov.uk/data/ppd/monthly/file-67-11.csv: Request failed with status code 406
Downloading https://landregistry.data.gov.uk/data/ppd/monthly/file-67-12.csv ...
  Error downloading https://landregistry.data.gov.uk/data/ppd/monthly/file-67-12.csv: Request failed with status code 406
Downloading https://landregistry.data.gov.uk/data/ppd/monthly/file-68-01.csv ...
  Error downloading https://landregistry.data.gov.uk/data/ppd/monthly/file-68-01.csv: Request failed with status code 406
Downloading https://landregistry.data.gov.uk/data/ppd/monthly/file-68-02.csv ...
  Error downloading https://landregistry.data.gov.uk/data/ppd/monthly/file-68-02.csv: Request failed with status code 406
Downloading https://landregistry.data.gov.uk/data/ppd/monthly/file-68-03.csv ...
  Error downloading https://landregistry.data.gov.uk/data/ppd/monthly/file-68-03.csv: Request failed with status code 406
Downloading https://landregistry.data.gov.uk/data/ppd/monthly/file-68-04.csv ...
  Error downloading https://landregistry.data.gov.uk/data/ppd/monthly/file-68-04.csv: Request failed with status code 406
Downloading https://landregistry.data.gov.uk/data/ppd/monthly/file-68-05.csv ...
  Error downloading https://landregistry.data.gov.uk/data/ppd/monthly/file-68-05.csv: Request failed with status code 406
Downloading https://landregistry.data.gov.uk/data/ppd/monthly/file-68-06.csv ...
  Error downloading https://landregistry.data.gov.uk/data/ppd/monthly/file-68-06.csv: Request failed with status code 406
Downloading https://landregistry.data.gov.uk/data/ppd/monthly/file-68-07.csv ...
  Error downloading https://landregistry.data.gov.uk/data/ppd/monthly/file-68-07.csv: Request failed with status code 406
Downloading https://landregistry.data.gov.uk/data/ppd/monthly/file-68-08.csv ...
  Error downloading https://landregistry.data.gov.uk/data/ppd/monthly/file-68-08.csv: Request failed with status code 406
Downloading https://landregistry.data.gov.uk/data/ppd/monthly/file-68-09.csv ...
  Error downloading https://landregistry.data.gov.uk/data/ppd/monthly/file-68-09.csv: Request failed with status code 406
Downloading https://landregistry.data.gov.uk/data/ppd/monthly/file-68-10.csv ...
  Error downloading https://landregistry.data.gov.uk/data/ppd/monthly/file-68-10.csv: Request failed with status code 406
Downloading https://landregistry.data.gov.uk/data/ppd/monthly/file-68-11.csv ...
  Error downloading https://landregistry.data.gov.uk/data/ppd/monthly/file-68-11.csv: Request failed with status code 406
Downloading https://landregistry.data.gov.uk/data/ppd/monthly/file-68-12.csv ...
  Error downloading https://landregistry.data.gov.uk/data/ppd/monthly/file-68-12.csv: Request failed with status code 406
Downloading https://landregistry.data.gov.uk/data/ppd/monthly/file-69-01.csv ...
  Error downloading https://landregistry.data.gov.uk/data/ppd/monthly/file-69-01.csv: Request failed with status code 406
Downloading https://landregistry.data.gov.uk/data/ppd/monthly/file-69-02.csv ...
  Error downloading https://landregistry.data.gov.uk/data/ppd/monthly/file-69-02.csv: Request failed with status code 406
Downloading https://landregistry.data.gov.uk/data/ppd/monthly/file-69-03.csv ...
  Error downloading https://landregistry.data.gov.uk/data/ppd/monthly/file-69-03.csv: Request failed with status code 406
Downloading https://landregistry.data.gov.uk/data/ppd/monthly/file-69-04.csv ...
  Error downloading https://landregistry.data.gov.uk/data/ppd/monthly/file-69-04.csv: Request failed with status code 406
Downloading https://landregistry.data.gov.uk/data/ppd/monthly/file-69-05.csv ...
  Error downloading https://landregistry.data.gov.uk/data/ppd/monthly/file-69-05.csv: Request failed with status code 406
Downloading https://landregistry.data.gov.uk/data/ppd/monthly/file-69-06.csv ...
  Error downloading https://landregistry.data.gov.uk/data/ppd/monthly/file-69-06.csv: Request failed with status code 406
Downloading https://landregistry.data.gov.uk/data/ppd/monthly/file-69-07.csv ...
  Error downloading https://landregistry.data.gov.uk/data/ppd/monthly/file-69-07.csv: Request failed with status code 406
Downloading https://landregistry.data.gov.uk/data/ppd/monthly/file-69-08.csv ...
  Error downloading https://landregistry.data.gov.uk/data/ppd/monthly/file-69-08.csv: Request failed with status code 406
Downloading https://landregistry.data.gov.uk/data/ppd/monthly/file-69-09.csv ...
  Error downloading https://landregistry.data.gov.uk/data/ppd/monthly/file-69-09.csv: Request failed with status code 406
Downloading https://landregistry.data.gov.uk/data/ppd/monthly/file-69-10.csv ...
  Error downloading https://landregistry.data.gov.uk/data/ppd/monthly/file-69-10.csv: Request failed with status code 406
Downloading https://landregistry.data.gov.uk/data/ppd/monthly/file-69-11.csv ...
  Error downloading https://landregistry.data.gov.uk/data/ppd/monthly/file-69-11.csv: Request failed with status code 406
Downloading https://landregistry.data.gov.uk/data/ppd/monthly/file-69-12.csv ...
  Error downloading https://landregistry.data.gov.uk/data/ppd/monthly/file-69-12.csv: Request failed with status code 406
Downloading https://landregistry.data.gov.uk/data/ppd/monthly/file-70-01.csv ...
  Error downloading https://landregistry.data.gov.uk/data/ppd/monthly/file-70-01.csv: Request failed with status code 406
Downloading https://landregistry.data.gov.uk/data/ppd/monthly/file-70-02.csv ...
  Error downloading https://landregistry.data.gov.uk/data/ppd/monthly/file-70-02.csv: Request failed with status code 406
Downloading https://landregistry.data.gov.uk/data/ppd/monthly/file-70-03.csv ...
  Error downloading https://landregistry.data.gov.uk/data/ppd/monthly/file-70-03.csv: Request failed with status code 406
Downloading https://landregistry.data.gov.uk/data/ppd/monthly/file-70-04.csv ...
  Error downloading https://landregistry.data.gov.uk/data/ppd/monthly/file-70-04.csv: Request failed with status code 406
Downloading https://landregistry.data.gov.uk/data/ppd/monthly/file-70-05.csv ...
  Error downloading https://landregistry.data.gov.uk/data/ppd/monthly/file-70-05.csv: Request failed with status code 406
Downloading https://landregistry.data.gov.uk/data/ppd/monthly/file-70-06.csv ...
  Error downloading https://landregistry.data.gov.uk/data/ppd/monthly/file-70-06.csv: Request failed with status code 406
Downloading https://landregistry.data.gov.uk/data/ppd/monthly/file-70-07.csv ...
  Error downloading https://landregistry.data.gov.uk/data/ppd/monthly/file-70-07.csv: Request failed with status code 406
Downloading https://landregistry.data.gov.uk/data/ppd/monthly/file-70-08.csv ...
  Error downloading https://landregistry.data.gov.uk/data/ppd/monthly/file-70-08.csv: Request failed with status code 406
Downloading https://landregistry.data.gov.uk/data/ppd/monthly/file-70-09.csv ...
  Error downloading https://landregistry.data.gov.uk/data/ppd/monthly/file-70-09.csv: Request failed with status code 406
Downloading https://landregistry.data.gov.uk/data/ppd/monthly/file-70-10.csv ...
  Error downloading https://landregistry.data.gov.uk/data/ppd/monthly/file-70-10.csv: Request failed with status code 406
Downloading https://landregistry.data.gov.uk/data/ppd/monthly/file-70-11.csv ...
  Error downloading https://landregistry.data.gov.uk/data/ppd/monthly/file-70-11.csv: Request failed with status code 406
Downloading https://landregistry.data.gov.uk/data/ppd/monthly/file-70-12.csv ...
  Error downloading https://landregistry.data.gov.uk/data/ppd/monthly/file-70-12.csv: Request failed with status code 406
Downloading https://landregistry.data.gov.uk/data/ppd/monthly/file-71-01.csv ...
  Error downloading https://landregistry.data.gov.uk/data/ppd/monthly/file-71-01.csv: Request failed with status code 406
Downloading https://landregistry.data.gov.uk/data/ppd/monthly/file-71-02.csv ...
  Error downloading https://landregistry.data.gov.uk/data/ppd/monthly/file-71-02.csv: Request failed with status code 406
Downloading https://landregistry.data.gov.uk/data/ppd/monthly/file-71-03.csv ...
  Error downloading https://landregistry.data.gov.uk/data/ppd/monthly/file-71-03.csv: Request failed with status code 406
Downloading https://landregistry.data.gov.uk/data/ppd/monthly/file-71-04.csv ...
  Error downloading https://landregistry.data.gov.uk/data/ppd/monthly/file-71-04.csv: Request failed with status code 406
Downloading https://landregistry.data.gov.uk/data/ppd/monthly/file-71-05.csv ...
  Error downloading https://landregistry.data.gov.uk/data/ppd/monthly/file-71-05.csv: Request failed with status code 406
Downloading https://landregistry.data.gov.uk/data/ppd/monthly/file-71-06.csv ...
  Error downloading https://landregistry.data.gov.uk/data/ppd/monthly/file-71-06.csv: Request failed with status code 406
Downloading https://landregistry.data.gov.uk/data/ppd/monthly/file-71-07.csv ...
  Error downloading https://landregistry.data.gov.uk/data/ppd/monthly/file-71-07.csv: Request failed with status code 406
Downloading https://landregistry.data.gov.uk/data/ppd/monthly/file-71-08.csv ...
  Error downloading https://landregistry.data.gov.uk/data/ppd/monthly/file-71-08.csv: Request failed with status code 406
Downloading https://landregistry.data.gov.uk/data/ppd/monthly/file-71-09.csv ...
  Error downloading https://landregistry.data.gov.uk/data/ppd/monthly/file-71-09.csv: Request failed with status code 406
Downloading https://landregistry.data.gov.uk/data/ppd/monthly/file-71-10.csv ...
  Error downloading https://landregistry.data.gov.uk/data/ppd/monthly/file-71-10.csv: Request failed with status code 406
Downloading https://landregistry.data.gov.uk/data/ppd/monthly/file-71-11.csv ...
  Error downloading https://landregistry.data.gov.uk/data/ppd/monthly/file-71-11.csv: Request failed with status code 406
Downloading https://landregistry.data.gov.uk/data/ppd/monthly/file-71-12.csv ...
  Error downloading https://landregistry.data.gov.uk/data/ppd/monthly/file-71-12.csv: Request failed with status code 406
Downloading https://landregistry.data.gov.uk/data/ppd/monthly/file-72-01.csv ...
  Error downloading https://landregistry.data.gov.uk/data/ppd/monthly/file-72-01.csv: Request failed with status code 406
Downloading https://landregistry.data.gov.uk/data/ppd/monthly/file-72-02.csv ...
  Error downloading https://landregistry.data.gov.uk/data/ppd/monthly/file-72-02.csv: Request failed with status code 406
Downloading https://landregistry.data.gov.uk/data/ppd/monthly/file-72-03.csv ...
  Error downloading https://landregistry.data.gov.uk/data/ppd/monthly/file-72-03.csv: Request failed with status code 406
Downloading https://landregistry.data.gov.uk/data/ppd/monthly/file-72-04.csv ...
  Error downloading https://landregistry.data.gov.uk/data/ppd/monthly/file-72-04.csv: Request failed with status code 406
Downloading https://landregistry.data.gov.uk/data/ppd/monthly/file-72-05.csv ...
  Error downloading https://landregistry.data.gov.uk/data/ppd/monthly/file-72-05.csv: Request failed with status code 406
Downloading https://landregistry.data.gov.uk/data/ppd/monthly/file-72-06.csv ...
  Error downloading https://landregistry.data.gov.uk/data/ppd/monthly/file-72-06.csv: Request failed with status code 406
Downloading https://landregistry.data.gov.uk/data/ppd/monthly/file-72-07.csv ...
  Error downloading https://landregistry.data.gov.uk/data/ppd/monthly/file-72-07.csv: Request failed with status code 406
Downloading https://landregistry.data.gov.uk/data/ppd/monthly/file-72-08.csv ...
  Error downloading https://landregistry.data.gov.uk/data/ppd/monthly/file-72-08.csv: Request failed with status code 406
Downloading https://landregistry.data.gov.uk/data/ppd/monthly/file-72-09.csv ...
  Error downloading https://landregistry.data.gov.uk/data/ppd/monthly/file-72-09.csv: Request failed with status code 406
Downloading https://landregistry.data.gov.uk/data/ppd/monthly/file-72-10.csv ...
  Error downloading https://landregistry.data.gov.uk/data/ppd/monthly/file-72-10.csv: Request failed with status code 406
Downloading https://landregistry.data.gov.uk/data/ppd/monthly/file-72-11.csv ...
  Error downloading https://landregistry.data.gov.uk/data/ppd/monthly/file-72-11.csv: Request failed with status code 406
Downloading https://landregistry.data.gov.uk/data/ppd/monthly/file-72-12.csv ...
  Error downloading https://landregistry.data.gov.uk/data/ppd/monthly/file-72-12.csv: Request failed with status code 406
Downloading https://landregistry.data.gov.uk/data/ppd/monthly/file-73-01.csv ...
  Error downloading https://landregistry.data.gov.uk/data/ppd/monthly/file-73-01.csv: Request failed with status code 406
Downloading https://landregistry.data.gov.uk/data/ppd/monthly/file-73-02.csv ...
  Error downloading https://landregistry.data.gov.uk/data/ppd/monthly/file-73-02.csv: Request failed with status code 406
Downloading https://landregistry.data.gov.uk/data/ppd/monthly/file-73-03.csv ...
  Error downloading https://landregistry.data.gov.uk/data/ppd/monthly/file-73-03.csv: Request failed with status code 406
Downloading https://landregistry.data.gov.uk/data/ppd/monthly/file-73-04.csv ...
  Error downloading https://landregistry.data.gov.uk/data/ppd/monthly/file-73-04.csv: Request failed with status code 406
Downloading https://landregistry.data.gov.uk/data/ppd/monthly/file-73-05.csv ...
  Error downloading https://landregistry.data.gov.uk/data/ppd/monthly/file-73-05.csv: Request failed with status code 406
Downloading https://landregistry.data.gov.uk/data/ppd/monthly/file-73-06.csv ...
  Error downloading https://landregistry.data.gov.uk/data/ppd/monthly/file-73-06.csv: Request failed with status code 406
Downloading https://landregistry.data.gov.uk/data/ppd/monthly/file-73-07.csv ...
  Error downloading https://landregistry.data.gov.uk/data/ppd/monthly/file-73-07.csv: Request failed with status code 406
Downloading https://landregistry.data.gov.uk/data/ppd/monthly/file-73-08.csv ...
  Error downloading https://landregistry.data.gov.uk/data/ppd/monthly/file-73-08.csv: Request failed with status code 406
Downloading https://landregistry.data.gov.uk/data/ppd/monthly/file-73-09.csv ...
  Error downloading https://landregistry.data.gov.uk/data/ppd/monthly/file-73-09.csv: Request failed with status code 406
Downloading https://landregistry.data.gov.uk/data/ppd/monthly/file-73-10.csv ...
  Error downloading https://landregistry.data.gov.uk/data/ppd/monthly/file-73-10.csv: Request failed with status code 406
Downloading https://landregistry.data.gov.uk/data/ppd/monthly/file-73-11.csv ...
  Error downloading https://landregistry.data.gov.uk/data/ppd/monthly/file-73-11.csv: Request failed with status code 406
Downloading https://landregistry.data.gov.uk/data/ppd/monthly/file-73-12.csv ...
  Error downloading https://landregistry.data.gov.uk/data/ppd/monthly/file-73-12.csv: Request failed with status code 406
Downloading https://landregistry.data.gov.uk/data/ppd/monthly/file-74-01.csv ...
  Error downloading https://landregistry.data.gov.uk/data/ppd/monthly/file-74-01.csv: Request failed with status code 406
Downloading https://landregistry.data.gov.uk/data/ppd/monthly/file-74-02.csv ...
  Error downloading https://landregistry.data.gov.uk/data/ppd/monthly/file-74-02.csv: Request failed with status code 406
Downloading https://landregistry.data.gov.uk/data/ppd/monthly/file-74-03.csv ...
  Error downloading https://landregistry.data.gov.uk/data/ppd/monthly/file-74-03.csv: Request failed with status code 406
Downloading https://landregistry.data.gov.uk/data/ppd/monthly/file-74-04.csv ...
  Error downloading https://landregistry.data.gov.uk/data/ppd/monthly/file-74-04.csv: Request failed with status code 406
Downloading https://landregistry.data.gov.uk/data/ppd/monthly/file-74-05.csv ...
  Error downloading https://landregistry.data.gov.uk/data/ppd/monthly/file-74-05.csv: Request failed with status code 406
Downloading https://landregistry.data.gov.uk/data/ppd/monthly/file-74-06.csv ...
  Error downloading https://landregistry.data.gov.uk/data/ppd/monthly/file-74-06.csv: Request failed with status code 406
Downloading https://landregistry.data.gov.uk/data/ppd/monthly/file-74-07.csv ...
  Error downloading https://landregistry.data.gov.uk/data/ppd/monthly/file-74-07.csv: Request failed with status code 406
Downloading https://landregistry.data.gov.uk/data/ppd/monthly/file-74-08.csv ...
  Error downloading https://landregistry.data.gov.uk/data/ppd/monthly/file-74-08.csv: Request failed with status code 406
Downloading https://landregistry.data.gov.uk/data/ppd/monthly/file-74-09.csv ...
  Error downloading https://landregistry.data.gov.uk/data/ppd/monthly/file-74-09.csv: Request failed with status code 406
Downloading https://landregistry.data.gov.uk/data/ppd/monthly/file-74-10.csv ...
  Error downloading https://landregistry.data.gov.uk/data/ppd/monthly/file-74-10.csv: Request failed with status code 406
Downloading https://landregistry.data.gov.uk/data/ppd/monthly/file-74-11.csv ...
  Error downloading https://landregistry.data.gov.uk/data/ppd/monthly/file-74-11.csv: Request failed with status code 406
Downloading https://landregistry.data.gov.uk/data/ppd/monthly/file-74-12.csv ...
  Error downloading https://landregistry.data.gov.uk/data/ppd/monthly/file-74-12.csv: Request failed with status code 406
Downloading https://landregistry.data.gov.uk/data/ppd/monthly/file-75-01.csv ...
  Error downloading https://landregistry.data.gov.uk/data/ppd/monthly/file-75-01.csv: Request failed with status code 406
Downloading https://landregistry.data.gov.uk/data/ppd/monthly/file-75-02.csv ...
  Error downloading https://landregistry.data.gov.uk/data/ppd/monthly/file-75-02.csv: Request failed with status code 406
Downloading https://landregistry.data.gov.uk/data/ppd/monthly/file-75-03.csv ...
  Error downloading https://landregistry.data.gov.uk/data/ppd/monthly/file-75-03.csv: Request failed with status code 406
Downloading https://landregistry.data.gov.uk/data/ppd/monthly/file-75-04.csv ...
  Error downloading https://landregistry.data.gov.uk/data/ppd/monthly/file-75-04.csv: Request failed with status code 406
Downloading https://landregistry.data.gov.uk/data/ppd/monthly/file-75-05.csv ...
  Error downloading https://landregistry.data.gov.uk/data/ppd/monthly/file-75-05.csv: Request failed with status code 406
Downloading https://landregistry.data.gov.uk/data/ppd/monthly/file-75-06.csv ...
  Error downloading https://landregistry.data.gov.uk/data/ppd/monthly/file-75-06.csv: Request failed with status code 406
Downloading https://landregistry.data.gov.uk/data/ppd/monthly/file-75-07.csv ...
  Error downloading https://landregistry.data.gov.uk/data/ppd/monthly/file-75-07.csv: Request failed with status code 406
Downloading https://landregistry.data.gov.uk/data/ppd/monthly/file-75-08.csv ...
  Error downloading https://landregistry.data.gov.uk/data/ppd/monthly/file-75-08.csv: Request failed with status code 406
Downloading https://landregistry.data.gov.uk/data/ppd/monthly/file-75-09.csv ...
  Error downloading https://landregistry.data.gov.uk/data/ppd/monthly/file-75-09.csv: Request failed with status code 406
Downloading https://landregistry.data.gov.uk/data/ppd/monthly/file-75-10.csv ...
  Error downloading https://landregistry.data.gov.uk/data/ppd/monthly/file-75-10.csv: Request failed with status code 406
Downloading https://landregistry.data.gov.uk/data/ppd/monthly/file-75-11.csv ...
  Error downloading https://landregistry.data.gov.uk/data/ppd/monthly/file-75-11.csv: Request failed with status code 406
Downloading https://landregistry.data.gov.uk/data/ppd/monthly/file-75-12.csv ...
  Error downloading https://landregistry.data.gov.uk/data/ppd/monthly/file-75-12.csv: Request failed with status code 406
Downloading https://landregistry.data.gov.uk/data/ppd/monthly/file-76-01.csv ...
  Error downloading https://landregistry.data.gov.uk/data/ppd/monthly/file-76-01.csv: Request failed with status code 406
Downloading https://landregistry.data.gov.uk/data/ppd/monthly/file-76-02.csv ...
  Error downloading https://landregistry.data.gov.uk/data/ppd/monthly/file-76-02.csv: Request failed with status code 406
Downloading https://landregistry.data.gov.uk/data/ppd/monthly/file-76-03.csv ...
  Error downloading https://landregistry.data.gov.uk/data/ppd/monthly/file-76-03.csv: Request failed with status code 406
Downloading https://landregistry.data.gov.uk/data/ppd/monthly/file-76-04.csv ...
  Error downloading https://landregistry.data.gov.uk/data/ppd/monthly/file-76-04.csv: Request failed with status code 406
Downloading https://landregistry.data.gov.uk/data/ppd/monthly/file-76-05.csv ...
  Error downloading https://landregistry.data.gov.uk/data/ppd/monthly/file-76-05.csv: Request failed with status code 406
Downloading https://landregistry.data.gov.uk/data/ppd/monthly/file-76-06.csv ...
  Error downloading https://landregistry.data.gov.uk/data/ppd/monthly/file-76-06.csv: Request failed with status code 406
Downloading https://landregistry.data.gov.uk/data/ppd/monthly/file-76-07.csv ...
  Error downloading https://landregistry.data.gov.uk/data/ppd/monthly/file-76-07.csv: Request failed with status code 406
Downloading https://landregistry.data.gov.uk/data/ppd/monthly/file-76-08.csv ...
  Error downloading https://landregistry.data.gov.uk/data/ppd/monthly/file-76-08.csv: Request failed with status code 406
Downloading https://landregistry.data.gov.uk/data/ppd/monthly/file-76-09.csv ...
  Error downloading https://landregistry.data.gov.uk/data/ppd/monthly/file-76-09.csv: Request failed with status code 406
Downloading https://landregistry.data.gov.uk/data/ppd/monthly/file-76-10.csv ...
  Error downloading https://landregistry.data.gov.uk/data/ppd/monthly/file-76-10.csv: Request failed with status code 406
Downloading https://landregistry.data.gov.uk/data/ppd/monthly/file-76-11.csv ...
  Error downloading https://landregistry.data.gov.uk/data/ppd/monthly/file-76-11.csv: Request failed with status code 406
Downloading https://landregistry.data.gov.uk/data/ppd/monthly/file-76-12.csv ...
  Error downloading https://landregistry.data.gov.uk/data/ppd/monthly/file-76-12.csv: Request failed with status code 406
Downloading https://landregistry.data.gov.uk/data/ppd/monthly/file-77-01.csv ...
  Error downloading https://landregistry.data.gov.uk/data/ppd/monthly/file-77-01.csv: Request failed with status code 406
Downloading https://landregistry.data.gov.uk/data/ppd/monthly/file-77-02.csv ...
  Error downloading https://landregistry.data.gov.uk/data/ppd/monthly/file-77-02.csv: Request failed with status code 406
Downloading https://landregistry.data.gov.uk/data/ppd/monthly/file-77-03.csv ...
  Error downloading https://landregistry.data.gov.uk/data/ppd/monthly/file-77-03.csv: Request failed with status code 406
Downloading https://landregistry.data.gov.uk/data/ppd/monthly/file-77-04.csv ...
  Error downloading https://landregistry.data.gov.uk/data/ppd/monthly/file-77-04.csv: Request failed with status code 406
Downloading https://landregistry.data.gov.uk/data/ppd/monthly/file-77-05.csv ...
  Error downloading https://landregistry.data.gov.uk/data/ppd/monthly/file-77-05.csv: Request failed with status code 406
Downloading https://landregistry.data.gov.uk/data/ppd/monthly/file-77-06.csv ...
  Error downloading https://landregistry.data.gov.uk/data/ppd/monthly/file-77-06.csv: Request failed with status code 406
Downloading https://landregistry.data.gov.uk/data/ppd/monthly/file-77-07.csv ...
  Error downloading https://landregistry.data.gov.uk/data/ppd/monthly/file-77-07.csv: Request failed with status code 406
Downloading https://landregistry.data.gov.uk/data/ppd/monthly/file-77-08.csv ...
  Error downloading https://landregistry.data.gov.uk/data/ppd/monthly/file-77-08.csv: Request failed with status code 406
Downloading https://landregistry.data.gov.uk/data/ppd/monthly/file-77-09.csv ...
  Error downloading https://landregistry.data.gov.uk/data/ppd/monthly/file-77-09.csv: Request failed with status code 406
Downloading https://landregistry.data.gov.uk/data/ppd/monthly/file-77-10.csv ...
  Error downloading https://landregistry.data.gov.uk/data/ppd/monthly/file-77-10.csv: Request failed with status code 406
Downloading https://landregistry.data.gov.uk/data/ppd/monthly/file-77-11.csv ...
  Error downloading https://landregistry.data.gov.uk/data/ppd/monthly/file-77-11.csv: Request failed with status code 406
Downloading https://landregistry.data.gov.uk/data/ppd/monthly/file-77-12.csv ...
  Error downloading https://landregistry.data.gov.uk/data/ppd/monthly/file-77-12.csv: Request failed with status code 406
Downloading https://landregistry.data.gov.uk/data/ppd/monthly/file-78-01.csv ...
  Error downloading https://landregistry.data.gov.uk/data/ppd/monthly/file-78-01.csv: Request failed with status code 406
Downloading https://landregistry.data.gov.uk/data/ppd/monthly/file-78-02.csv ...
  Error downloading https://landregistry.data.gov.uk/data/ppd/monthly/file-78-02.csv: Request failed with status code 406
Downloading https://landregistry.data.gov.uk/data/ppd/monthly/file-78-03.csv ...
  Error downloading https://landregistry.data.gov.uk/data/ppd/monthly/file-78-03.csv: Request failed with status code 406
Downloading https://landregistry.data.gov.uk/data/ppd/monthly/file-78-04.csv ...
  Error downloading https://landregistry.data.gov.uk/data/ppd/monthly/file-78-04.csv: Request failed with status code 406
Downloading https://landregistry.data.gov.uk/data/ppd/monthly/file-78-05.csv ...
  Error downloading https://landregistry.data.gov.uk/data/ppd/monthly/file-78-05.csv: Request failed with status code 406
Downloading https://landregistry.data.gov.uk/data/ppd/monthly/file-78-06.csv ...
  Error downloading https://landregistry.data.gov.uk/data/ppd/monthly/file-78-06.csv: Request failed with status code 406
Downloading https://landregistry.data.gov.uk/data/ppd/monthly/file-78-07.csv ...
  Error downloading https://landregistry.data.gov.uk/data/ppd/monthly/file-78-07.csv: Request failed with status code 406
Downloading https://landregistry.data.gov.uk/data/ppd/monthly/file-78-08.csv ...
  Error downloading https://landregistry.data.gov.uk/data/ppd/monthly/file-78-08.csv: Request failed with status code 406
Downloading https://landregistry.data.gov.uk/data/ppd/monthly/file-78-09.csv ...
  Error downloading https://landregistry.data.gov.uk/data/ppd/monthly/file-78-09.csv: Request failed with status code 406
Downloading https://landregistry.data.gov.uk/data/ppd/monthly/file-78-10.csv ...
  Error downloading https://landregistry.data.gov.uk/data/ppd/monthly/file-78-10.csv: Request failed with status code 406
Downloading https://landregistry.data.gov.uk/data/ppd/monthly/file-78-11.csv ...
  Error downloading https://landregistry.data.gov.uk/data/ppd/monthly/file-78-11.csv: Request failed with status code 406
Downloading https://landregistry.data.gov.uk/data/ppd/monthly/file-78-12.csv ...
  Error downloading https://landregistry.data.gov.uk/data/ppd/monthly/file-78-12.csv: Request failed with status code 406
Downloading https://landregistry.data.gov.uk/data/ppd/monthly/file-79-01.csv ...
  Error downloading https://landregistry.data.gov.uk/data/ppd/monthly/file-79-01.csv: Request failed with status code 406
Downloading https://landregistry.data.gov.uk/data/ppd/monthly/file-79-02.csv ...
  Error downloading https://landregistry.data.gov.uk/data/ppd/monthly/file-79-02.csv: Request failed with status code 406
Downloading https://landregistry.data.gov.uk/data/ppd/monthly/file-79-03.csv ...
  Error downloading https://landregistry.data.gov.uk/data/ppd/monthly/file-79-03.csv: Request failed with status code 406
Downloading https://landregistry.data.gov.uk/data/ppd/monthly/file-79-04.csv ...
  Error downloading https://landregistry.data.gov.uk/data/ppd/monthly/file-79-04.csv: Request failed with status code 406
Downloading https://landregistry.data.gov.uk/data/ppd/monthly/file-79-05.csv ...
  Error downloading https://landregistry.data.gov.uk/data/ppd/monthly/file-79-05.csv: Request failed with status code 406
Downloading https://landregistry.data.gov.uk/data/ppd/monthly/file-79-06.csv ...
  Error downloading https://landregistry.data.gov.uk/data/ppd/monthly/file-79-06.csv: Request failed with status code 406
Downloading https://landregistry.data.gov.uk/data/ppd/monthly/file-79-07.csv ...
  Error downloading https://landregistry.data.gov.uk/data/ppd/monthly/file-79-07.csv: Request failed with status code 406
Downloading https://landregistry.data.gov.uk/data/ppd/monthly/file-79-08.csv ...
  Error downloading https://landregistry.data.gov.uk/data/ppd/monthly/file-79-08.csv: Request failed with status code 406
Downloading https://landregistry.data.gov.uk/data/ppd/monthly/file-79-09.csv ...
  Error downloading https://landregistry.data.gov.uk/data/ppd/monthly/file-79-09.csv: Request failed with status code 406
Downloading https://landregistry.data.gov.uk/data/ppd/monthly/file-79-10.csv ...
  Error downloading https://landregistry.data.gov.uk/data/ppd/monthly/file-79-10.csv: Request failed with status code 406
Downloading https://landregistry.data.gov.uk/data/ppd/monthly/file-79-11.csv ...
  Error downloading https://landregistry.data.gov.uk/data/ppd/monthly/file-79-11.csv: Request failed with status code 406
Downloading https://landregistry.data.gov.uk/data/ppd/monthly/file-79-12.csv ...
  Error downloading https://landregistry.data.gov.uk/data/ppd/monthly/file-79-12.csv: Request failed with status code 406
Downloading https://landregistry.data.gov.uk/data/ppd/monthly/file-80-01.csv ...
  Error downloading https://landregistry.data.gov.uk/data/ppd/monthly/file-80-01.csv: Request failed with status code 406
Downloading https://landregistry.data.gov.uk/data/ppd/monthly/file-80-02.csv ...
  Error downloading https://landregistry.data.gov.uk/data/ppd/monthly/file-80-02.csv: Request failed with status code 406
Downloading https://landregistry.data.gov.uk/data/ppd/monthly/file-80-03.csv ...
  Error downloading https://landregistry.data.gov.uk/data/ppd/monthly/file-80-03.csv: Request failed with status code 406
Downloading https://landregistry.data.gov.uk/data/ppd/monthly/file-80-04.csv ...
  Error downloading https://landregistry.data.gov.uk/data/ppd/monthly/file-80-04.csv: Request failed with status code 406
Downloading https://landregistry.data.gov.uk/data/ppd/monthly/file-80-05.csv ...
  Error downloading https://landregistry.data.gov.uk/data/ppd/monthly/file-80-05.csv: Request failed with status code 406
Downloading https://landregistry.data.gov.uk/data/ppd/monthly/file-80-06.csv ...
  Error downloading https://landregistry.data.gov.uk/data/ppd/monthly/file-80-06.csv: Request failed with status code 406
Downloading https://landregistry.data.gov.uk/data/ppd/monthly/file-80-07.csv ...
  Error downloading https://landregistry.data.gov.uk/data/ppd/monthly/file-80-07.csv: Request failed with status code 406
Downloading https://landregistry.data.gov.uk/data/ppd/monthly/file-80-08.csv ...
  Error downloading https://landregistry.data.gov.uk/data/ppd/monthly/file-80-08.csv: Request failed with status code 406
Downloading https://landregistry.data.gov.uk/data/ppd/monthly/file-80-09.csv ...
  Error downloading https://landregistry.data.gov.uk/data/ppd/monthly/file-80-09.csv: Request failed with status code 406
Downloading https://landregistry.data.gov.uk/data/ppd/monthly/file-80-10.csv ...
  Error downloading https://landregistry.data.gov.uk/data/ppd/monthly/file-80-10.csv: Request failed with status code 406
Downloading https://landregistry.data.gov.uk/data/ppd/monthly/file-80-11.csv ...
  Error downloading https://landregistry.data.gov.uk/data/ppd/monthly/file-80-11.csv: Request failed with status code 406
Downloading https://landregistry.data.gov.uk/data/ppd/monthly/file-80-12.csv ...
  Error downloading https://landregistry.data.gov.uk/data/ppd/monthly/file-80-12.csv: Request failed with status code 406
Downloading https://landregistry.data.gov.uk/data/ppd/monthly/file-81-01.csv ...
  Error downloading https://landregistry.data.gov.uk/data/ppd/monthly/file-81-01.csv: Request failed with status code 406
Downloading https://landregistry.data.gov.uk/data/ppd/monthly/file-81-02.csv ...
  Error downloading https://landregistry.data.gov.uk/data/ppd/monthly/file-81-02.csv: Request failed with status code 406
Downloading https://landregistry.data.gov.uk/data/ppd/monthly/file-81-03.csv ...
  Error downloading https://landregistry.data.gov.uk/data/ppd/monthly/file-81-03.csv: Request failed with status code 406
Downloading https://landregistry.data.gov.uk/data/ppd/monthly/file-81-04.csv ...
  Error downloading https://landregistry.data.gov.uk/data/ppd/monthly/file-81-04.csv: Request failed with status code 406
Downloading https://landregistry.data.gov.uk/data/ppd/monthly/file-81-05.csv ...
  Error downloading https://landregistry.data.gov.uk/data/ppd/monthly/file-81-05.csv: Request failed with status code 406
Downloading https://landregistry.data.gov.uk/data/ppd/monthly/file-81-06.csv ...
  Error downloading https://landregistry.data.gov.uk/data/ppd/monthly/file-81-06.csv: Request failed with status code 406
Downloading https://landregistry.data.gov.uk/data/ppd/monthly/file-81-07.csv ...
  Error downloading https://landregistry.data.gov.uk/data/ppd/monthly/file-81-07.csv: Request failed with status code 406
Downloading https://landregistry.data.gov.uk/data/ppd/monthly/file-81-08.csv ...
  Error downloading https://landregistry.data.gov.uk/data/ppd/monthly/file-81-08.csv: Request failed with status code 406
Downloading https://landregistry.data.gov.uk/data/ppd/monthly/file-81-09.csv ...
  Error downloading https://landregistry.data.gov.uk/data/ppd/monthly/file-81-09.csv: Request failed with status code 406
Downloading https://landregistry.data.gov.uk/data/ppd/monthly/file-81-10.csv ...
  Error downloading https://landregistry.data.gov.uk/data/ppd/monthly/file-81-10.csv: Request failed with status code 406
Downloading https://landregistry.data.gov.uk/data/ppd/monthly/file-81-11.csv ...
  Error downloading https://landregistry.data.gov.uk/data/ppd/monthly/file-81-11.csv: Request failed with status code 406
Downloading https://landregistry.data.gov.uk/data/ppd/monthly/file-81-12.csv ...
  Error downloading https://landregistry.data.gov.uk/data/ppd/monthly/file-81-12.csv: Request failed with status code 406
Downloading https://landregistry.data.gov.uk/data/ppd/monthly/file-82-01.csv ...
  Error downloading https://landregistry.data.gov.uk/data/ppd/monthly/file-82-01.csv: Request failed with status code 406
Downloading https://landregistry.data.gov.uk/data/ppd/monthly/file-82-02.csv ...
  Error downloading https://landregistry.data.gov.uk/data/ppd/monthly/file-82-02.csv: Request failed with status code 406
Downloading https://landregistry.data.gov.uk/data/ppd/monthly/file-82-03.csv ...
  Error downloading https://landregistry.data.gov.uk/data/ppd/monthly/file-82-03.csv: Request failed with status code 406
Downloading https://landregistry.data.gov.uk/data/ppd/monthly/file-82-04.csv ...
  Error downloading https://landregistry.data.gov.uk/data/ppd/monthly/file-82-04.csv: Request failed with status code 406
Downloading https://landregistry.data.gov.uk/data/ppd/monthly/file-82-05.csv ...
  Error downloading https://landregistry.data.gov.uk/data/ppd/monthly/file-82-05.csv: Request failed with status code 406
Downloading https://landregistry.data.gov.uk/data/ppd/monthly/file-82-06.csv ...
  Error downloading https://landregistry.data.gov.uk/data/ppd/monthly/file-82-06.csv: Request failed with status code 406
Downloading https://landregistry.data.gov.uk/data/ppd/monthly/file-82-07.csv ...
  Error downloading https://landregistry.data.gov.uk/data/ppd/monthly/file-82-07.csv: Request failed with status code 406
Downloading https://landregistry.data.gov.uk/data/ppd/monthly/file-82-08.csv ...
  Error downloading https://landregistry.data.gov.uk/data/ppd/monthly/file-82-08.csv: Request failed with status code 406
Downloading https://landregistry.data.gov.uk/data/ppd/monthly/file-82-09.csv ...
  Error downloading https://landregistry.data.gov.uk/data/ppd/monthly/file-82-09.csv: Request failed with status code 406
Downloading https://landregistry.data.gov.uk/data/ppd/monthly/file-82-10.csv ...
  Error downloading https://landregistry.data.gov.uk/data/ppd/monthly/file-82-10.csv: Request failed with status code 406
Downloading https://landregistry.data.gov.uk/data/ppd/monthly/file-82-11.csv ...
  Error downloading https://landregistry.data.gov.uk/data/ppd/monthly/file-82-11.csv: Request failed with status code 406
Downloading https://landregistry.data.gov.uk/data/ppd/monthly/file-82-12.csv ...
  Error downloading https://landregistry.data.gov.uk/data/ppd/monthly/file-82-12.csv: Request failed with status code 406
Downloading https://landregistry.data.gov.uk/data/ppd/monthly/file-83-01.csv ...
  Error downloading https://landregistry.data.gov.uk/data/ppd/monthly/file-83-01.csv: Request failed with status code 406
Downloading https://landregistry.data.gov.uk/data/ppd/monthly/file-83-02.csv ...
  Error downloading https://landregistry.data.gov.uk/data/ppd/monthly/file-83-02.csv: Request failed with status code 406
Downloading https://landregistry.data.gov.uk/data/ppd/monthly/file-83-03.csv ...
  Error downloading https://landregistry.data.gov.uk/data/ppd/monthly/file-83-03.csv: Request failed with status code 406
Downloading https://landregistry.data.gov.uk/data/ppd/monthly/file-83-04.csv ...
  Error downloading https://landregistry.data.gov.uk/data/ppd/monthly/file-83-04.csv: Request failed with status code 406
Downloading https://landregistry.data.gov.uk/data/ppd/monthly/file-83-05.csv ...
  Error downloading https://landregistry.data.gov.uk/data/ppd/monthly/file-83-05.csv: Request failed with status code 406
Downloading https://landregistry.data.gov.uk/data/ppd/monthly/file-83-06.csv ...
  Error downloading https://landregistry.data.gov.uk/data/ppd/monthly/file-83-06.csv: Request failed with status code 406
Downloading https://landregistry.data.gov.uk/data/ppd/monthly/file-83-07.csv ...
  Error downloading https://landregistry.data.gov.uk/data/ppd/monthly/file-83-07.csv: Request failed with status code 406
Downloading https://landregistry.data.gov.uk/data/ppd/monthly/file-83-08.csv ...
  Error downloading https://landregistry.data.gov.uk/data/ppd/monthly/file-83-08.csv: Request failed with status code 406
Downloading https://landregistry.data.gov.uk/data/ppd/monthly/file-83-09.csv ...
  Error downloading https://landregistry.data.gov.uk/data/ppd/monthly/file-83-09.csv: Request failed with status code 406
Downloading https://landregistry.data.gov.uk/data/ppd/monthly/file-83-10.csv ...
  Error downloading https://landregistry.data.gov.uk/data/ppd/monthly/file-83-10.csv: Request failed with status code 406
Downloading https://landregistry.data.gov.uk/data/ppd/monthly/file-83-11.csv ...
  Error downloading https://landregistry.data.gov.uk/data/ppd/monthly/file-83-11.csv: Request failed with status code 406
Downloading https://landregistry.data.gov.uk/data/ppd/monthly/file-83-12.csv ...
  Error downloading https://landregistry.data.gov.uk/data/ppd/monthly/file-83-12.csv: Request failed with status code 406
Downloading https://landregistry.data.gov.uk/data/ppd/monthly/file-84-01.csv ...
  Error downloading https://landregistry.data.gov.uk/data/ppd/monthly/file-84-01.csv: Request failed with status code 406
Downloading https://landregistry.data.gov.uk/data/ppd/monthly/file-84-02.csv ...
  Error downloading https://landregistry.data.gov.uk/data/ppd/monthly/file-84-02.csv: Request failed with status code 406
Downloading https://landregistry.data.gov.uk/data/ppd/monthly/file-84-03.csv ...
  Error downloading https://landregistry.data.gov.uk/data/ppd/monthly/file-84-03.csv: Request failed with status code 406
Downloading https://landregistry.data.gov.uk/data/ppd/monthly/file-84-04.csv ...
  Error downloading https://landregistry.data.gov.uk/data/ppd/monthly/file-84-04.csv: Request failed with status code 406
Downloading https://landregistry.data.gov.uk/data/ppd/monthly/file-84-05.csv ...
  Error downloading https://landregistry.data.gov.uk/data/ppd/monthly/file-84-05.csv: Request failed with status code 406
Downloading https://landregistry.data.gov.uk/data/ppd/monthly/file-84-06.csv ...
  Error downloading https://landregistry.data.gov.uk/data/ppd/monthly/file-84-06.csv: Request failed with status code 406
Downloading https://landregistry.data.gov.uk/data/ppd/monthly/file-84-07.csv ...
  Error downloading https://landregistry.data.gov.uk/data/ppd/monthly/file-84-07.csv: Request failed with status code 406
Downloading https://landregistry.data.gov.uk/data/ppd/monthly/file-84-08.csv ...
  Error downloading https://landregistry.data.gov.uk/data/ppd/monthly/file-84-08.csv: Request failed with status code 406
Downloading https://landregistry.data.gov.uk/data/ppd/monthly/file-84-09.csv ...
  Error downloading https://landregistry.data.gov.uk/data/ppd/monthly/file-84-09.csv: Request failed with status code 406
Downloading https://landregistry.data.gov.uk/data/ppd/monthly/file-84-10.csv ...
  Error downloading https://landregistry.data.gov.uk/data/ppd/monthly/file-84-10.csv: Request failed with status code 406
Downloading https://landregistry.data.gov.uk/data/ppd/monthly/file-84-11.csv ...
  Error downloading https://landregistry.data.gov.uk/data/ppd/monthly/file-84-11.csv: Request failed with status code 406
Downloading https://landregistry.data.gov.uk/data/ppd/monthly/file-84-12.csv ...
  Error downloading https://landregistry.data.gov.uk/data/ppd/monthly/file-84-12.csv: Request failed with status code 406
Downloading https://landregistry.data.gov.uk/data/ppd/monthly/file-85-01.csv ...
  Error downloading https://landregistry.data.gov.uk/data/ppd/monthly/file-85-01.csv: Request failed with status code 406
Downloading https://landregistry.data.gov.uk/data/ppd/monthly/file-85-02.csv ...
  Error downloading https://landregistry.data.gov.uk/data/ppd/monthly/file-85-02.csv: Request failed with status code 406
Downloading https://landregistry.data.gov.uk/data/ppd/monthly/file-85-03.csv ...
  Error downloading https://landregistry.data.gov.uk/data/ppd/monthly/file-85-03.csv: Request failed with status code 406
Downloading https://landregistry.data.gov.uk/data/ppd/monthly/file-85-04.csv ...
  Error downloading https://landregistry.data.gov.uk/data/ppd/monthly/file-85-04.csv: Request failed with status code 406
Downloading https://landregistry.data.gov.uk/data/ppd/monthly/file-85-05.csv ...
  Error downloading https://landregistry.data.gov.uk/data/ppd/monthly/file-85-05.csv: Request failed with status code 406
Downloading https://landregistry.data.gov.uk/data/ppd/monthly/file-85-06.csv ...
  Error downloading https://landregistry.data.gov.uk/data/ppd/monthly/file-85-06.csv: Request failed with status code 406
Downloading https://landregistry.data.gov.uk/data/ppd/monthly/file-85-07.csv ...
  Error downloading https://landregistry.data.gov.uk/data/ppd/monthly/file-85-07.csv: Request failed with status code 406
Downloading https://landregistry.data.gov.uk/data/ppd/monthly/file-85-08.csv ...
  Error downloading https://landregistry.data.gov.uk/data/ppd/monthly/file-85-08.csv: Request failed with status code 406
Downloading https://landregistry.data.gov.uk/data/ppd/monthly/file-85-09.csv ...
  Error downloading https://landregistry.data.gov.uk/data/ppd/monthly/file-85-09.csv: Request failed with status code 406
Downloading https://landregistry.data.gov.uk/data/ppd/monthly/file-85-10.csv ...
  Error downloading https://landregistry.data.gov.uk/data/ppd/monthly/file-85-10.csv: Request failed with status code 406
Downloading https://landregistry.data.gov.uk/data/ppd/monthly/file-85-11.csv ...
  Error downloading https://landregistry.data.gov.uk/data/ppd/monthly/file-85-11.csv: Request failed with status code 406
Downloading https://landregistry.data.gov.uk/data/ppd/monthly/file-85-12.csv ...
  Error downloading https://landregistry.data.gov.uk/data/ppd/monthly/file-85-12.csv: Request failed with status code 406
Downloading https://landregistry.data.gov.uk/data/ppd/monthly/file-86-01.csv ...
  Error downloading https://landregistry.data.gov.uk/data/ppd/monthly/file-86-01.csv: Request failed with status code 406
Downloading https://landregistry.data.gov.uk/data/ppd/monthly/file-86-02.csv ...
  Error downloading https://landregistry.data.gov.uk/data/ppd/monthly/file-86-02.csv: Request failed with status code 406
Downloading https://landregistry.data.gov.uk/data/ppd/monthly/file-86-03.csv ...
  Error downloading https://landregistry.data.gov.uk/data/ppd/monthly/file-86-03.csv: Request failed with status code 406
Downloading https://landregistry.data.gov.uk/data/ppd/monthly/file-86-04.csv ...
  Error downloading https://landregistry.data.gov.uk/data/ppd/monthly/file-86-04.csv: Request failed with status code 406
Downloading https://landregistry.data.gov.uk/data/ppd/monthly/file-86-05.csv ...
  Error downloading https://landregistry.data.gov.uk/data/ppd/monthly/file-86-05.csv: Request failed with status code 406
Downloading https://landregistry.data.gov.uk/data/ppd/monthly/file-86-06.csv ...
  Error downloading https://landregistry.data.gov.uk/data/ppd/monthly/file-86-06.csv: Request failed with status code 406
Downloading https://landregistry.data.gov.uk/data/ppd/monthly/file-86-07.csv ...
  Error downloading https://landregistry.data.gov.uk/data/ppd/monthly/file-86-07.csv: Request failed with status code 406
Downloading https://landregistry.data.gov.uk/data/ppd/monthly/file-86-08.csv ...
  Error downloading https://landregistry.data.gov.uk/data/ppd/monthly/file-86-08.csv: Request failed with status code 406
Downloading https://landregistry.data.gov.uk/data/ppd/monthly/file-86-09.csv ...
  Error downloading https://landregistry.data.gov.uk/data/ppd/monthly/file-86-09.csv: Request failed with status code 406
Downloading https://landregistry.data.gov.uk/data/ppd/monthly/file-86-10.csv ...
  Error downloading https://landregistry.data.gov.uk/data/ppd/monthly/file-86-10.csv: Request failed with status code 406
Downloading https://landregistry.data.gov.uk/data/ppd/monthly/file-86-11.csv ...
  Error downloading https://landregistry.data.gov.uk/data/ppd/monthly/file-86-11.csv: Request failed with status code 406
Downloading https://landregistry.data.gov.uk/data/ppd/monthly/file-86-12.csv ...
  Error downloading https://landregistry.data.gov.uk/data/ppd/monthly/file-86-12.csv: Request failed with status code 406
Downloading https://landregistry.data.gov.uk/data/ppd/monthly/file-87-01.csv ...
  Error downloading https://landregistry.data.gov.uk/data/ppd/monthly/file-87-01.csv: Request failed with status code 406
Downloading https://landregistry.data.gov.uk/data/ppd/monthly/file-87-02.csv ...
  Error downloading https://landregistry.data.gov.uk/data/ppd/monthly/file-87-02.csv: Request failed with status code 406
Downloading https://landregistry.data.gov.uk/data/ppd/monthly/file-87-03.csv ...
  Error downloading https://landregistry.data.gov.uk/data/ppd/monthly/file-87-03.csv: Request failed with status code 406
Downloading https://landregistry.data.gov.uk/data/ppd/monthly/file-87-04.csv ...
  Error downloading https://landregistry.data.gov.uk/data/ppd/monthly/file-87-04.csv: Request failed with status code 406
Downloading https://landregistry.data.gov.uk/data/ppd/monthly/file-87-05.csv ...
  Error downloading https://landregistry.data.gov.uk/data/ppd/monthly/file-87-05.csv: Request failed with status code 406
Downloading https://landregistry.data.gov.uk/data/ppd/monthly/file-87-06.csv ...
  Error downloading https://landregistry.data.gov.uk/data/ppd/monthly/file-87-06.csv: Request failed with status code 406
Downloading https://landregistry.data.gov.uk/data/ppd/monthly/file-87-07.csv ...
  Error downloading https://landregistry.data.gov.uk/data/ppd/monthly/file-87-07.csv: Request failed with status code 406
Downloading https://landregistry.data.gov.uk/data/ppd/monthly/file-87-08.csv ...
  Error downloading https://landregistry.data.gov.uk/data/ppd/monthly/file-87-08.csv: Request failed with status code 406
Downloading https://landregistry.data.gov.uk/data/ppd/monthly/file-87-09.csv ...
  Error downloading https://landregistry.data.gov.uk/data/ppd/monthly/file-87-09.csv: Request failed with status code 406
Downloading https://landregistry.data.gov.uk/data/ppd/monthly/file-87-10.csv ...
  Error downloading https://landregistry.data.gov.uk/data/ppd/monthly/file-87-10.csv: Request failed with status code 406
Downloading https://landregistry.data.gov.uk/data/ppd/monthly/file-87-11.csv ...
  Error downloading https://landregistry.data.gov.uk/data/ppd/monthly/file-87-11.csv: Request failed with status code 406
Downloading https://landregistry.data.gov.uk/data/ppd/monthly/file-87-12.csv ...
  Error downloading https://landregistry.data.gov.uk/data/ppd/monthly/file-87-12.csv: Request failed with status code 406
Downloading https://landregistry.data.gov.uk/data/ppd/monthly/file-88-01.csv ...
  Error downloading https://landregistry.data.gov.uk/data/ppd/monthly/file-88-01.csv: Request failed with status code 406
Downloading https://landregistry.data.gov.uk/data/ppd/monthly/file-88-02.csv ...
  Error downloading https://landregistry.data.gov.uk/data/ppd/monthly/file-88-02.csv: Request failed with status code 406
Downloading https://landregistry.data.gov.uk/data/ppd/monthly/file-88-03.csv ...
  Error downloading https://landregistry.data.gov.uk/data/ppd/monthly/file-88-03.csv: Request failed with status code 406
Downloading https://landregistry.data.gov.uk/data/ppd/monthly/file-88-04.csv ...
  Error downloading https://landregistry.data.gov.uk/data/ppd/monthly/file-88-04.csv: Request failed with status code 406
Downloading https://landregistry.data.gov.uk/data/ppd/monthly/file-88-05.csv ...
  Error downloading https://landregistry.data.gov.uk/data/ppd/monthly/file-88-05.csv: Request failed with status code 406
Downloading https://landregistry.data.gov.uk/data/ppd/monthly/file-88-06.csv ...
  Error downloading https://landregistry.data.gov.uk/data/ppd/monthly/file-88-06.csv: Request failed with status code 406
Downloading https://landregistry.data.gov.uk/data/ppd/monthly/file-88-07.csv ...
  Error downloading https://landregistry.data.gov.uk/data/ppd/monthly/file-88-07.csv: Request failed with status code 406
Downloading https://landregistry.data.gov.uk/data/ppd/monthly/file-88-08.csv ...
  Error downloading https://landregistry.data.gov.uk/data/ppd/monthly/file-88-08.csv: Request failed with status code 406
Downloading https://landregistry.data.gov.uk/data/ppd/monthly/file-88-09.csv ...
  Error downloading https://landregistry.data.gov.uk/data/ppd/monthly/file-88-09.csv: Request failed with status code 406
Downloading https://landregistry.data.gov.uk/data/ppd/monthly/file-88-10.csv ...
  Error downloading https://landregistry.data.gov.uk/data/ppd/monthly/file-88-10.csv: Request failed with status code 406
Downloading https://landregistry.data.gov.uk/data/ppd/monthly/file-88-11.csv ...
  Error downloading https://landregistry.data.gov.uk/data/ppd/monthly/file-88-11.csv: Request failed with status code 406
Downloading https://landregistry.data.gov.uk/data/ppd/monthly/file-88-12.csv ...
  Error downloading https://landregistry.data.gov.uk/data/ppd/monthly/file-88-12.csv: Request failed with status code 406
Downloading https://landregistry.data.gov.uk/data/ppd/monthly/file-89-01.csv ...
  Error downloading https://landregistry.data.gov.uk/data/ppd/monthly/file-89-01.csv: Request failed with status code 406
Downloading https://landregistry.data.gov.uk/data/ppd/monthly/file-89-02.csv ...
  Error downloading https://landregistry.data.gov.uk/data/ppd/monthly/file-89-02.csv: Request failed with status code 406
Downloading https://landregistry.data.gov.uk/data/ppd/monthly/file-89-03.csv ...
  Error downloading https://landregistry.data.gov.uk/data/ppd/monthly/file-89-03.csv: Request failed with status code 406
Downloading https://landregistry.data.gov.uk/data/ppd/monthly/file-89-04.csv ...
  Error downloading https://landregistry.data.gov.uk/data/ppd/monthly/file-89-04.csv: Request failed with status code 406
Downloading https://landregistry.data.gov.uk/data/ppd/monthly/file-89-05.csv ...
  Error downloading https://landregistry.data.gov.uk/data/ppd/monthly/file-89-05.csv: Request failed with status code 406
Downloading https://landregistry.data.gov.uk/data/ppd/monthly/file-89-06.csv ...
  Error downloading https://landregistry.data.gov.uk/data/ppd/monthly/file-89-06.csv: Request failed with status code 406
Downloading https://landregistry.data.gov.uk/data/ppd/monthly/file-89-07.csv ...
  Error downloading https://landregistry.data.gov.uk/data/ppd/monthly/file-89-07.csv: Request failed with status code 406
Downloading https://landregistry.data.gov.uk/data/ppd/monthly/file-89-08.csv ...
  Error downloading https://landregistry.data.gov.uk/data/ppd/monthly/file-89-08.csv: Request failed with status code 406
Downloading https://landregistry.data.gov.uk/data/ppd/monthly/file-89-09.csv ...
  Error downloading https://landregistry.data.gov.uk/data/ppd/monthly/file-89-09.csv: Request failed with status code 406
Downloading https://landregistry.data.gov.uk/data/ppd/monthly/file-89-10.csv ...
  Error downloading https://landregistry.data.gov.uk/data/ppd/monthly/file-89-10.csv: Request failed with status code 406
Downloading https://landregistry.data.gov.uk/data/ppd/monthly/file-89-11.csv ...
  Error downloading https://landregistry.data.gov.uk/data/ppd/monthly/file-89-11.csv: Request failed with status code 406
Downloading https://landregistry.data.gov.uk/data/ppd/monthly/file-89-12.csv ...
  Error downloading https://landregistry.data.gov.uk/data/ppd/monthly/file-89-12.csv: Request failed with status code 406
Downloading https://landregistry.data.gov.uk/data/ppd/monthly/file-90-01.csv ...
  Error downloading https://landregistry.data.gov.uk/data/ppd/monthly/file-90-01.csv: Request failed with status code 406
Downloading https://landregistry.data.gov.uk/data/ppd/monthly/file-90-02.csv ...
  Error downloading https://landregistry.data.gov.uk/data/ppd/monthly/file-90-02.csv: Request failed with status code 406
Downloading https://landregistry.data.gov.uk/data/ppd/monthly/file-90-03.csv ...
  Error downloading https://landregistry.data.gov.uk/data/ppd/monthly/file-90-03.csv: Request failed with status code 406
Downloading https://landregistry.data.gov.uk/data/ppd/monthly/file-90-04.csv ...
  Error downloading https://landregistry.data.gov.uk/data/ppd/monthly/file-90-04.csv: Request failed with status code 406
Downloading https://landregistry.data.gov.uk/data/ppd/monthly/file-90-05.csv ...
  Error downloading https://landregistry.data.gov.uk/data/ppd/monthly/file-90-05.csv: Request failed with status code 406
Downloading https://landregistry.data.gov.uk/data/ppd/monthly/file-90-06.csv ...
  Error downloading https://landregistry.data.gov.uk/data/ppd/monthly/file-90-06.csv: Request failed with status code 406
Downloading https://landregistry.data.gov.uk/data/ppd/monthly/file-90-07.csv ...
  Error downloading https://landregistry.data.gov.uk/data/ppd/monthly/file-90-07.csv: Request failed with status code 406
Downloading https://landregistry.data.gov.uk/data/ppd/monthly/file-90-08.csv ...
  Error downloading https://landregistry.data.gov.uk/data/ppd/monthly/file-90-08.csv: Request failed with status code 406
Downloading https://landregistry.data.gov.uk/data/ppd/monthly/file-90-09.csv ...
  Error downloading https://landregistry.data.gov.uk/data/ppd/monthly/file-90-09.csv: Request failed with status code 406
Downloading https://landregistry.data.gov.uk/data/ppd/monthly/file-90-10.csv ...
  Error downloading https://landregistry.data.gov.uk/data/ppd/monthly/file-90-10.csv: Request failed with status code 406
Downloading https://landregistry.data.gov.uk/data/ppd/monthly/file-90-11.csv ...
  Error downloading https://landregistry.data.gov.uk/data/ppd/monthly/file-90-11.csv: Request failed with status code 406
Downloading https://landregistry.data.gov.uk/data/ppd/monthly/file-90-12.csv ...
  Error downloading https://landregistry.data.gov.uk/data/ppd/monthly/file-90-12.csv: Request failed with status code 406
Downloading https://landregistry.data.gov.uk/data/ppd/monthly/file-91-01.csv ...
  Error downloading https://landregistry.data.gov.uk/data/ppd/monthly/file-91-01.csv: Request failed with status code 406
Downloading https://landregistry.data.gov.uk/data/ppd/monthly/file-91-02.csv ...
  Error downloading https://landregistry.data.gov.uk/data/ppd/monthly/file-91-02.csv: Request failed with status code 406
Downloading https://landregistry.data.gov.uk/data/ppd/monthly/file-91-03.csv ...
  Error downloading https://landregistry.data.gov.uk/data/ppd/monthly/file-91-03.csv: Request failed with status code 406
Downloading https://landregistry.data.gov.uk/data/ppd/monthly/file-91-04.csv ...
  Error downloading https://landregistry.data.gov.uk/data/ppd/monthly/file-91-04.csv: Request failed with status code 406
Downloading https://landregistry.data.gov.uk/data/ppd/monthly/file-91-05.csv ...
  Error downloading https://landregistry.data.gov.uk/data/ppd/monthly/file-91-05.csv: Request failed with status code 406
Downloading https://landregistry.data.gov.uk/data/ppd/monthly/file-91-06.csv ...
  Error downloading https://landregistry.data.gov.uk/data/ppd/monthly/file-91-06.csv: Request failed with status code 406
Downloading https://landregistry.data.gov.uk/data/ppd/monthly/file-91-07.csv ...
  Error downloading https://landregistry.data.gov.uk/data/ppd/monthly/file-91-07.csv: Request failed with status code 406
Downloading https://landregistry.data.gov.uk/data/ppd/monthly/file-91-08.csv ...
  Error downloading https://landregistry.data.gov.uk/data/ppd/monthly/file-91-08.csv: Request failed with status code 406
Downloading https://landregistry.data.gov.uk/data/ppd/monthly/file-91-09.csv ...
  Error downloading https://landregistry.data.gov.uk/data/ppd/monthly/file-91-09.csv: Request failed with status code 406
Downloading https://landregistry.data.gov.uk/data/ppd/monthly/file-91-10.csv ...
  Error downloading https://landregistry.data.gov.uk/data/ppd/monthly/file-91-10.csv: Request failed with status code 406
Downloading https://landregistry.data.gov.uk/data/ppd/monthly/file-91-11.csv ...
  Error downloading https://landregistry.data.gov.uk/data/ppd/monthly/file-91-11.csv: Request failed with status code 406
Downloading https://landregistry.data.gov.uk/data/ppd/monthly/file-91-12.csv ...
  Error downloading https://landregistry.data.gov.uk/data/ppd/monthly/file-91-12.csv: Request failed with status code 406
Downloading https://landregistry.data.gov.uk/data/ppd/monthly/file-92-01.csv ...
  Error downloading https://landregistry.data.gov.uk/data/ppd/monthly/file-92-01.csv: Request failed with status code 406
Downloading https://landregistry.data.gov.uk/data/ppd/monthly/file-92-02.csv ...
  Error downloading https://landregistry.data.gov.uk/data/ppd/monthly/file-92-02.csv: Request failed with status code 406
Downloading https://landregistry.data.gov.uk/data/ppd/monthly/file-92-03.csv ...
  Error downloading https://landregistry.data.gov.uk/data/ppd/monthly/file-92-03.csv: Request failed with status code 406
Downloading https://landregistry.data.gov.uk/data/ppd/monthly/file-92-04.csv ...
  Error downloading https://landregistry.data.gov.uk/data/ppd/monthly/file-92-04.csv: Request failed with status code 406
Downloading https://landregistry.data.gov.uk/data/ppd/monthly/file-92-05.csv ...
  Error downloading https://landregistry.data.gov.uk/data/ppd/monthly/file-92-05.csv: Request failed with status code 406
Downloading https://landregistry.data.gov.uk/data/ppd/monthly/file-92-06.csv ...
  Error downloading https://landregistry.data.gov.uk/data/ppd/monthly/file-92-06.csv: Request failed with status code 406
Downloading https://landregistry.data.gov.uk/data/ppd/monthly/file-92-07.csv ...
  Error downloading https://landregistry.data.gov.uk/data/ppd/monthly/file-92-07.csv: Request failed with status code 406
Downloading https://landregistry.data.gov.uk/data/ppd/monthly/file-92-08.csv ...
  Error downloading https://landregistry.data.gov.uk/data/ppd/monthly/file-92-08.csv: Request failed with status code 406
Downloading https://landregistry.data.gov.uk/data/ppd/monthly/file-92-09.csv ...
  Error downloading https://landregistry.data.gov.uk/data/ppd/monthly/file-92-09.csv: Request failed with status code 406
Downloading https://landregistry.data.gov.uk/data/ppd/monthly/file-92-10.csv ...
  Error downloading https://landregistry.data.gov.uk/data/ppd/monthly/file-92-10.csv: Request failed with status code 406
Downloading https://landregistry.data.gov.uk/data/ppd/monthly/file-92-11.csv ...
  Error downloading https://landregistry.data.gov.uk/data/ppd/monthly/file-92-11.csv: Request failed with status code 406
Downloading https://landregistry.data.gov.uk/data/ppd/monthly/file-92-12.csv ...
  Error downloading https://landregistry.data.gov.uk/data/ppd/monthly/file-92-12.csv: Request failed with status code 406
Downloading https://landregistry.data.gov.uk/data/ppd/monthly/file-93-01.csv ...
  Error downloading https://landregistry.data.gov.uk/data/ppd/monthly/file-93-01.csv: Request failed with status code 406
Downloading https://landregistry.data.gov.uk/data/ppd/monthly/file-93-02.csv ...
  Error downloading https://landregistry.data.gov.uk/data/ppd/monthly/file-93-02.csv: Request failed with status code 406
Downloading https://landregistry.data.gov.uk/data/ppd/monthly/file-93-03.csv ...
  Error downloading https://landregistry.data.gov.uk/data/ppd/monthly/file-93-03.csv: Request failed with status code 406
Downloading https://landregistry.data.gov.uk/data/ppd/monthly/file-93-04.csv ...
  Error downloading https://landregistry.data.gov.uk/data/ppd/monthly/file-93-04.csv: Request failed with status code 406
Downloading https://landregistry.data.gov.uk/data/ppd/monthly/file-93-05.csv ...
  Error downloading https://landregistry.data.gov.uk/data/ppd/monthly/file-93-05.csv: Request failed with status code 406
Downloading https://landregistry.data.gov.uk/data/ppd/monthly/file-93-06.csv ...
  Error downloading https://landregistry.data.gov.uk/data/ppd/monthly/file-93-06.csv: Request failed with status code 406
Downloading https://landregistry.data.gov.uk/data/ppd/monthly/file-93-07.csv ...
  Error downloading https://landregistry.data.gov.uk/data/ppd/monthly/file-93-07.csv: Request failed with status code 406
Downloading https://landregistry.data.gov.uk/data/ppd/monthly/file-93-08.csv ...
  Error downloading https://landregistry.data.gov.uk/data/ppd/monthly/file-93-08.csv: Request failed with status code 406
Downloading https://landregistry.data.gov.uk/data/ppd/monthly/file-93-09.csv ...
  Error downloading https://landregistry.data.gov.uk/data/ppd/monthly/file-93-09.csv: Request failed with status code 406
Downloading https://landregistry.data.gov.uk/data/ppd/monthly/file-93-10.csv ...
  Error downloading https://landregistry.data.gov.uk/data/ppd/monthly/file-93-10.csv: Request failed with status code 406
Downloading https://landregistry.data.gov.uk/data/ppd/monthly/file-93-11.csv ...
  Error downloading https://landregistry.data.gov.uk/data/ppd/monthly/file-93-11.csv: Request failed with status code 406
Downloading https://landregistry.data.gov.uk/data/ppd/monthly/file-93-12.csv ...
  Error downloading https://landregistry.data.gov.uk/data/ppd/monthly/file-93-12.csv: Request failed with status code 406
Downloading https://landregistry.data.gov.uk/data/ppd/monthly/file-94-01.csv ...
  Error downloading https://landregistry.data.gov.uk/data/ppd/monthly/file-94-01.csv: Request failed with status code 406
Downloading https://landregistry.data.gov.uk/data/ppd/monthly/file-94-02.csv ...
  Error downloading https://landregistry.data.gov.uk/data/ppd/monthly/file-94-02.csv: Request failed with status code 406
Downloading https://landregistry.data.gov.uk/data/ppd/monthly/file-94-03.csv ...
  Error downloading https://landregistry.data.gov.uk/data/ppd/monthly/file-94-03.csv: Request failed with status code 406
Downloading https://landregistry.data.gov.uk/data/ppd/monthly/file-94-04.csv ...
  Error downloading https://landregistry.data.gov.uk/data/ppd/monthly/file-94-04.csv: Request failed with status code 406
Downloading https://landregistry.data.gov.uk/data/ppd/monthly/file-94-05.csv ...
  Error downloading https://landregistry.data.gov.uk/data/ppd/monthly/file-94-05.csv: Request failed with status code 406
Downloading https://landregistry.data.gov.uk/data/ppd/monthly/file-94-06.csv ...
  Error downloading https://landregistry.data.gov.uk/data/ppd/monthly/file-94-06.csv: Request failed with status code 406
Downloading https://landregistry.data.gov.uk/data/ppd/monthly/file-94-07.csv ...
  Error downloading https://landregistry.data.gov.uk/data/ppd/monthly/file-94-07.csv: Request failed with status code 406
Downloading https://landregistry.data.gov.uk/data/ppd/monthly/file-94-08.csv ...
  Error downloading https://landregistry.data.gov.uk/data/ppd/monthly/file-94-08.csv: Request failed with status code 406
Downloading https://landregistry.data.gov.uk/data/ppd/monthly/file-94-09.csv ...
  Error downloading https://landregistry.data.gov.uk/data/ppd/monthly/file-94-09.csv: Request failed with status code 406
Downloading https://landregistry.data.gov.uk/data/ppd/monthly/file-94-10.csv ...
  Error downloading https://landregistry.data.gov.uk/data/ppd/monthly/file-94-10.csv: Request failed with status code 406
Downloading https://landregistry.data.gov.uk/data/ppd/monthly/file-94-11.csv ...
  Error downloading https://landregistry.data.gov.uk/data/ppd/monthly/file-94-11.csv: Request failed with status code 406
Downloading https://landregistry.data.gov.uk/data/ppd/monthly/file-94-12.csv ...
  Error downloading https://landregistry.data.gov.uk/data/ppd/monthly/file-94-12.csv: Request failed with status code 406
Downloading https://landregistry.data.gov.uk/data/ppd/monthly/file-95-01.csv ...
  Error downloading https://landregistry.data.gov.uk/data/ppd/monthly/file-95-01.csv: Request failed with status code 406
Downloading https://landregistry.data.gov.uk/data/ppd/monthly/file-95-02.csv ...
  Error downloading https://landregistry.data.gov.uk/data/ppd/monthly/file-95-02.csv: Request failed with status code 406
Downloading https://landregistry.data.gov.uk/data/ppd/monthly/file-95-03.csv ...
  Error downloading https://landregistry.data.gov.uk/data/ppd/monthly/file-95-03.csv: Request failed with status code 406
Downloading https://landregistry.data.gov.uk/data/ppd/monthly/file-95-04.csv ...
  Error downloading https://landregistry.data.gov.uk/data/ppd/monthly/file-95-04.csv: Request failed with status code 406
Downloading https://landregistry.data.gov.uk/data/ppd/monthly/file-95-05.csv ...
  Error downloading https://landregistry.data.gov.uk/data/ppd/monthly/file-95-05.csv: Request failed with status code 406
Downloading https://landregistry.data.gov.uk/data/ppd/monthly/file-95-06.csv ...
  Error downloading https://landregistry.data.gov.uk/data/ppd/monthly/file-95-06.csv: Request failed with status code 406
Downloading https://landregistry.data.gov.uk/data/ppd/monthly/file-95-07.csv ...
  Error downloading https://landregistry.data.gov.uk/data/ppd/monthly/file-95-07.csv: Request failed with status code 406
Downloading https://landregistry.data.gov.uk/data/ppd/monthly/file-95-08.csv ...
  Error downloading https://landregistry.data.gov.uk/data/ppd/monthly/file-95-08.csv: Request failed with status code 406
Downloading https://landregistry.data.gov.uk/data/ppd/monthly/file-95-09.csv ...
  Error downloading https://landregistry.data.gov.uk/data/ppd/monthly/file-95-09.csv: Request failed with status code 406
Downloading https://landregistry.data.gov.uk/data/ppd/monthly/file-95-10.csv ...
  Error downloading https://landregistry.data.gov.uk/data/ppd/monthly/file-95-10.csv: Request failed with status code 406
Downloading https://landregistry.data.gov.uk/data/ppd/monthly/file-95-11.csv ...
  Error downloading https://landregistry.data.gov.uk/data/ppd/monthly/file-95-11.csv: Request failed with status code 406
Downloading https://landregistry.data.gov.uk/data/ppd/monthly/file-95-12.csv ...
  Error downloading https://landregistry.data.gov.uk/data/ppd/monthly/file-95-12.csv: Request failed with status code 406
Downloading https://landregistry.data.gov.uk/data/ppd/monthly/file-96-01.csv ...
  Error downloading https://landregistry.data.gov.uk/data/ppd/monthly/file-96-01.csv: Request failed with status code 406
Downloading https://landregistry.data.gov.uk/data/ppd/monthly/file-96-02.csv ...
  Error downloading https://landregistry.data.gov.uk/data/ppd/monthly/file-96-02.csv: Request failed with status code 406
Downloading https://landregistry.data.gov.uk/data/ppd/monthly/file-96-03.csv ...
  Error downloading https://landregistry.data.gov.uk/data/ppd/monthly/file-96-03.csv: Request failed with status code 406
Downloading https://landregistry.data.gov.uk/data/ppd/monthly/file-96-04.csv ...
  Error downloading https://landregistry.data.gov.uk/data/ppd/monthly/file-96-04.csv: Request failed with status code 406
Downloading https://landregistry.data.gov.uk/data/ppd/monthly/file-96-05.csv ...
  Error downloading https://landregistry.data.gov.uk/data/ppd/monthly/file-96-05.csv: Request failed with status code 406
Downloading https://landregistry.data.gov.uk/data/ppd/monthly/file-96-06.csv ...
  Error downloading https://landregistry.data.gov.uk/data/ppd/monthly/file-96-06.csv: Request failed with status code 406
Downloading https://landregistry.data.gov.uk/data/ppd/monthly/file-96-07.csv ...
  Error downloading https://landregistry.data.gov.uk/data/ppd/monthly/file-96-07.csv: Request failed with status code 406
Downloading https://landregistry.data.gov.uk/data/ppd/monthly/file-96-08.csv ...
  Error downloading https://landregistry.data.gov.uk/data/ppd/monthly/file-96-08.csv: Request failed with status code 406
Downloading https://landregistry.data.gov.uk/data/ppd/monthly/file-96-09.csv ...
  Error downloading https://landregistry.data.gov.uk/data/ppd/monthly/file-96-09.csv: Request failed with status code 406
Downloading https://landregistry.data.gov.uk/data/ppd/monthly/file-96-10.csv ...
  Error downloading https://landregistry.data.gov.uk/data/ppd/monthly/file-96-10.csv: Request failed with status code 406
Downloading https://landregistry.data.gov.uk/data/ppd/monthly/file-96-11.csv ...
  Error downloading https://landregistry.data.gov.uk/data/ppd/monthly/file-96-11.csv: Request failed with status code 406
Downloading https://landregistry.data.gov.uk/data/ppd/monthly/file-96-12.csv ...
  Error downloading https://landregistry.data.gov.uk/data/ppd/monthly/file-96-12.csv: Request failed with status code 406
Downloading https://landregistry.data.gov.uk/data/ppd/monthly/file-97-01.csv ...
  Error downloading https://landregistry.data.gov.uk/data/ppd/monthly/file-97-01.csv: Request failed with status code 406
Downloading https://landregistry.data.gov.uk/data/ppd/monthly/file-97-02.csv ...
  Error downloading https://landregistry.data.gov.uk/data/ppd/monthly/file-97-02.csv: Request failed with status code 406
Downloading https://landregistry.data.gov.uk/data/ppd/monthly/file-97-03.csv ...
  Error downloading https://landregistry.data.gov.uk/data/ppd/monthly/file-97-03.csv: Request failed with status code 406
Downloading https://landregistry.data.gov.uk/data/ppd/monthly/file-97-04.csv ...
  Error downloading https://landregistry.data.gov.uk/data/ppd/monthly/file-97-04.csv: Request failed with status code 406
Downloading https://landregistry.data.gov.uk/data/ppd/monthly/file-97-05.csv ...
  Error downloading https://landregistry.data.gov.uk/data/ppd/monthly/file-97-05.csv: Request failed with status code 406
Downloading https://landregistry.data.gov.uk/data/ppd/monthly/file-97-06.csv ...
  Error downloading https://landregistry.data.gov.uk/data/ppd/monthly/file-97-06.csv: Request failed with status code 406
Downloading https://landregistry.data.gov.uk/data/ppd/monthly/file-97-07.csv ...
  Error downloading https://landregistry.data.gov.uk/data/ppd/monthly/file-97-07.csv: Request failed with status code 406
Downloading https://landregistry.data.gov.uk/data/ppd/monthly/file-97-08.csv ...
  Error downloading https://landregistry.data.gov.uk/data/ppd/monthly/file-97-08.csv: Request failed with status code 406
Downloading https://landregistry.data.gov.uk/data/ppd/monthly/file-97-09.csv ...
  Error downloading https://landregistry.data.gov.uk/data/ppd/monthly/file-97-09.csv: Request failed with status code 406
Downloading https://landregistry.data.gov.uk/data/ppd/monthly/file-97-10.csv ...
  Error downloading https://landregistry.data.gov.uk/data/ppd/monthly/file-97-10.csv: Request failed with status code 406
Downloading https://landregistry.data.gov.uk/data/ppd/monthly/file-97-11.csv ...
  Error downloading https://landregistry.data.gov.uk/data/ppd/monthly/file-97-11.csv: Request failed with status code 406
Downloading https://landregistry.data.gov.uk/data/ppd/monthly/file-97-12.csv ...
  Error downloading https://landregistry.data.gov.uk/data/ppd/monthly/file-97-12.csv: Request failed with status code 406
Downloading https://landregistry.data.gov.uk/data/ppd/monthly/file-98-01.csv ...
  Error downloading https://landregistry.data.gov.uk/data/ppd/monthly/file-98-01.csv: Request failed with status code 406
Downloading https://landregistry.data.gov.uk/data/ppd/monthly/file-98-02.csv ...
  Error downloading https://landregistry.data.gov.uk/data/ppd/monthly/file-98-02.csv: Request failed with status code 406
Downloading https://landregistry.data.gov.uk/data/ppd/monthly/file-98-03.csv ...
  Error downloading https://landregistry.data.gov.uk/data/ppd/monthly/file-98-03.csv: Request failed with status code 406
Downloading https://landregistry.data.gov.uk/data/ppd/monthly/file-98-04.csv ...
  Error downloading https://landregistry.data.gov.uk/data/ppd/monthly/file-98-04.csv: Request failed with status code 406
Downloading https://landregistry.data.gov.uk/data/ppd/monthly/file-98-05.csv ...
  Error downloading https://landregistry.data.gov.uk/data/ppd/monthly/file-98-05.csv: Request failed with status code 406
Downloading https://landregistry.data.gov.uk/data/ppd/monthly/file-98-06.csv ...
  Error downloading https://landregistry.data.gov.uk/data/ppd/monthly/file-98-06.csv: Request failed with status code 406
Downloading https://landregistry.data.gov.uk/data/ppd/monthly/file-98-07.csv ...
  Error downloading https://landregistry.data.gov.uk/data/ppd/monthly/file-98-07.csv: Request failed with status code 406
Downloading https://landregistry.data.gov.uk/data/ppd/monthly/file-98-08.csv ...
  Error downloading https://landregistry.data.gov.uk/data/ppd/monthly/file-98-08.csv: Request failed with status code 406
Downloading https://landregistry.data.gov.uk/data/ppd/monthly/file-98-09.csv ...
  Error downloading https://landregistry.data.gov.uk/data/ppd/monthly/file-98-09.csv: Request failed with status code 406
Downloading https://landregistry.data.gov.uk/data/ppd/monthly/file-98-10.csv ...
  Error downloading https://landregistry.data.gov.uk/data/ppd/monthly/file-98-10.csv: Request failed with status code 406
Downloading https://landregistry.data.gov.uk/data/ppd/monthly/file-98-11.csv ...
  Error downloading https://landregistry.data.gov.uk/data/ppd/monthly/file-98-11.csv: Request failed with status code 406
Downloading https://landregistry.data.gov.uk/data/ppd/monthly/file-98-12.csv ...
  Error downloading https://landregistry.data.gov.uk/data/ppd/monthly/file-98-12.csv: Request failed with status code 406
Downloading https://landregistry.data.gov.uk/data/ppd/monthly/file-99-01.csv ...
  Error downloading https://landregistry.data.gov.uk/data/ppd/monthly/file-99-01.csv: Request failed with status code 406
Downloading https://landregistry.data.gov.uk/data/ppd/monthly/file-99-02.csv ...
  Error downloading https://landregistry.data.gov.uk/data/ppd/monthly/file-99-02.csv: Request failed with status code 406
Downloading https://landregistry.data.gov.uk/data/ppd/monthly/file-99-03.csv ...
  Error downloading https://landregistry.data.gov.uk/data/ppd/monthly/file-99-03.csv: Request failed with status code 406
Downloading https://landregistry.data.gov.uk/data/ppd/monthly/file-99-04.csv ...
  Error downloading https://landregistry.data.gov.uk/data/ppd/monthly/file-99-04.csv: Request failed with status code 406
Downloading https://landregistry.data.gov.uk/data/ppd/monthly/file-99-05.csv ...
  Error downloading https://landregistry.data.gov.uk/data/ppd/monthly/file-99-05.csv: Request failed with status code 406
Downloading https://landregistry.data.gov.uk/data/ppd/monthly/file-99-06.csv ...
  Error downloading https://landregistry.data.gov.uk/data/ppd/monthly/file-99-06.csv: Request failed with status code 406
Downloading https://landregistry.data.gov.uk/data/ppd/monthly/file-99-07.csv ...
  Error downloading https://landregistry.data.gov.uk/data/ppd/monthly/file-99-07.csv: Request failed with status code 406
Downloading https://landregistry.data.gov.uk/data/ppd/monthly/file-99-08.csv ...
  Error downloading https://landregistry.data.gov.uk/data/ppd/monthly/file-99-08.csv: Request failed with status code 406
Downloading https://landregistry.data.gov.uk/data/ppd/monthly/file-99-09.csv ...
  Error downloading https://landregistry.data.gov.uk/data/ppd/monthly/file-99-09.csv: Request failed with status code 406
Downloading https://landregistry.data.gov.uk/data/ppd/monthly/file-99-10.csv ...
  Error downloading https://landregistry.data.gov.uk/data/ppd/monthly/file-99-10.csv: Request failed with status code 406
Downloading https://landregistry.data.gov.uk/data/ppd/monthly/file-99-11.csv ...
  Error downloading https://landregistry.data.gov.uk/data/ppd/monthly/file-99-11.csv: Request failed with status code 406
Downloading https://landregistry.data.gov.uk/data/ppd/monthly/file-99-12.csv ...
  Error downloading https://landregistry.data.gov.uk/data/ppd/monthly/file-99-12.csv: Request failed with status code 406
Downloading https://landregistry.data.gov.uk/data/ppd/monthly/file-100-01.csv ...
  Error downloading https://landregistry.data.gov.uk/data/ppd/monthly/file-100-01.csv: Request failed with status code 406
Downloading https://landregistry.data.gov.uk/data/ppd/monthly/file-100-02.csv ...
  Error downloading https://landregistry.data.gov.uk/data/ppd/monthly/file-100-02.csv: Request failed with status code 406
Downloading https://landregistry.data.gov.uk/data/ppd/monthly/file-100-03.csv ...
  Error downloading https://landregistry.data.gov.uk/data/ppd/monthly/file-100-03.csv: Request failed with status code 406
Downloading https://landregistry.data.gov.uk/data/ppd/monthly/file-100-04.csv ...
  Error downloading https://landregistry.data.gov.uk/data/ppd/monthly/file-100-04.csv: Request failed with status code 406
Downloading https://landregistry.data.gov.uk/data/ppd/monthly/file-100-05.csv ...
  Error downloading https://landregistry.data.gov.uk/data/ppd/monthly/file-100-05.csv: Request failed with status code 406
Downloading https://landregistry.data.gov.uk/data/ppd/monthly/file-100-06.csv ...
  Error downloading https://landregistry.data.gov.uk/data/ppd/monthly/file-100-06.csv: Request failed with status code 406
Downloading https://landregistry.data.gov.uk/data/ppd/monthly/file-100-07.csv ...
  Error downloading https://landregistry.data.gov.uk/data/ppd/monthly/file-100-07.csv: Request failed with status code 406
Downloading https://landregistry.data.gov.uk/data/ppd/monthly/file-100-08.csv ...
  Error downloading https://landregistry.data.gov.uk/data/ppd/monthly/file-100-08.csv: Request failed with status code 406
Downloading https://landregistry.data.gov.uk/data/ppd/monthly/file-100-09.csv ...
  Error downloading https://landregistry.data.gov.uk/data/ppd/monthly/file-100-09.csv: Request failed with status code 406
Downloading https://landregistry.data.gov.uk/data/ppd/monthly/file-100-10.csv ...
  Error downloading https://landregistry.data.gov.uk/data/ppd/monthly/file-100-10.csv: Request failed with status code 406
Downloading https://landregistry.data.gov.uk/data/ppd/monthly/file-100-11.csv ...
  Error downloading https://landregistry.data.gov.uk/data/ppd/monthly/file-100-11.csv: Request failed with status code 406
Downloading https://landregistry.data.gov.uk/data/ppd/monthly/file-100-12.csv ...
  Error downloading https://landregistry.data.gov.uk/data/ppd/monthly/file-100-12.csv: Request failed with status code 406
Downloading https://landregistry.data.gov.uk/data/ppd/monthly/file-101-01.csv ...
  Error downloading https://landregistry.data.gov.uk/data/ppd/monthly/file-101-01.csv: Request failed with status code 406
Downloading https://landregistry.data.gov.uk/data/ppd/monthly/file-101-02.csv ...
  Error downloading https://landregistry.data.gov.uk/data/ppd/monthly/file-101-02.csv: Request failed with status code 406
Downloading https://landregistry.data.gov.uk/data/ppd/monthly/file-101-03.csv ...
  Error downloading https://landregistry.data.gov.uk/data/ppd/monthly/file-101-03.csv: Request failed with status code 406
Downloading https://landregistry.data.gov.uk/data/ppd/monthly/file-101-04.csv ...
  Error downloading https://landregistry.data.gov.uk/data/ppd/monthly/file-101-04.csv: Request failed with status code 406
Downloading https://landregistry.data.gov.uk/data/ppd/monthly/file-101-05.csv ...
  Error downloading https://landregistry.data.gov.uk/data/ppd/monthly/file-101-05.csv: Request failed with status code 406
Downloading https://landregistry.data.gov.uk/data/ppd/monthly/file-101-06.csv ...
  Error downloading https://landregistry.data.gov.uk/data/ppd/monthly/file-101-06.csv: Request failed with status code 406
Downloading https://landregistry.data.gov.uk/data/ppd/monthly/file-101-07.csv ...
  Error downloading https://landregistry.data.gov.uk/data/ppd/monthly/file-101-07.csv: Request failed with status code 406
Downloading https://landregistry.data.gov.uk/data/ppd/monthly/file-101-08.csv ...
  Error downloading https://landregistry.data.gov.uk/data/ppd/monthly/file-101-08.csv: Request failed with status code 406
Downloading https://landregistry.data.gov.uk/data/ppd/monthly/file-101-09.csv ...
  Error downloading https://landregistry.data.gov.uk/data/ppd/monthly/file-101-09.csv: Request failed with status code 406
Downloading https://landregistry.data.gov.uk/data/ppd/monthly/file-101-10.csv ...
  Error downloading https://landregistry.data.gov.uk/data/ppd/monthly/file-101-10.csv: Request failed with status code 406
Downloading https://landregistry.data.gov.uk/data/ppd/monthly/file-101-11.csv ...
  Error downloading https://landregistry.data.gov.uk/data/ppd/monthly/file-101-11.csv: Request failed with status code 406
Downloading https://landregistry.data.gov.uk/data/ppd/monthly/file-101-12.csv ...
  Error downloading https://landregistry.data.gov.uk/data/ppd/monthly/file-101-12.csv: Request failed with status code 406
Downloading https://landregistry.data.gov.uk/data/ppd/monthly/file-102-01.csv ...
  Error downloading https://landregistry.data.gov.uk/data/ppd/monthly/file-102-01.csv: Request failed with status code 406
Downloading https://landregistry.data.gov.uk/data/ppd/monthly/file-102-02.csv ...
  Error downloading https://landregistry.data.gov.uk/data/ppd/monthly/file-102-02.csv: Request failed with status code 406
Downloading https://landregistry.data.gov.uk/data/ppd/monthly/file-102-03.csv ...
  Error downloading https://landregistry.data.gov.uk/data/ppd/monthly/file-102-03.csv: Request failed with status code 406
Downloading https://landregistry.data.gov.uk/data/ppd/monthly/file-102-04.csv ...
  Error downloading https://landregistry.data.gov.uk/data/ppd/monthly/file-102-04.csv: Request failed with status code 406
Downloading https://landregistry.data.gov.uk/data/ppd/monthly/file-102-05.csv ...
  Error downloading https://landregistry.data.gov.uk/data/ppd/monthly/file-102-05.csv: Request failed with status code 406
Downloading https://landregistry.data.gov.uk/data/ppd/monthly/file-102-06.csv ...
  Error downloading https://landregistry.data.gov.uk/data/ppd/monthly/file-102-06.csv: Request failed with status code 406
Downloading https://landregistry.data.gov.uk/data/ppd/monthly/file-102-07.csv ...
  Error downloading https://landregistry.data.gov.uk/data/ppd/monthly/file-102-07.csv: Request failed with status code 406
Downloading https://landregistry.data.gov.uk/data/ppd/monthly/file-102-08.csv ...
  Error downloading https://landregistry.data.gov.uk/data/ppd/monthly/file-102-08.csv: Request failed with status code 406
Downloading https://landregistry.data.gov.uk/data/ppd/monthly/file-102-09.csv ...
  Error downloading https://landregistry.data.gov.uk/data/ppd/monthly/file-102-09.csv: Request failed with status code 406
Downloading https://landregistry.data.gov.uk/data/ppd/monthly/file-102-10.csv ...
  Error downloading https://landregistry.data.gov.uk/data/ppd/monthly/file-102-10.csv: Request failed with status code 406
Downloading https://landregistry.data.gov.uk/data/ppd/monthly/file-102-11.csv ...
  Error downloading https://landregistry.data.gov.uk/data/ppd/monthly/file-102-11.csv: Request failed with status code 406
Downloading https://landregistry.data.gov.uk/data/ppd/monthly/file-102-12.csv ...
  Error downloading https://landregistry.data.gov.uk/data/ppd/monthly/file-102-12.csv: Request failed with status code 406
Downloading https://landregistry.data.gov.uk/data/ppd/monthly/file-103-01.csv ...
  Error downloading https://landregistry.data.gov.uk/data/ppd/monthly/file-103-01.csv: Request failed with status code 406
Downloading https://landregistry.data.gov.uk/data/ppd/monthly/file-103-02.csv ...
  Error downloading https://landregistry.data.gov.uk/data/ppd/monthly/file-103-02.csv: Request failed with status code 406
Downloading https://landregistry.data.gov.uk/data/ppd/monthly/file-103-03.csv ...
  Error downloading https://landregistry.data.gov.uk/data/ppd/monthly/file-103-03.csv: Request failed with status code 406
Downloading https://landregistry.data.gov.uk/data/ppd/monthly/file-103-04.csv ...
  Error downloading https://landregistry.data.gov.uk/data/ppd/monthly/file-103-04.csv: Request failed with status code 406
Downloading https://landregistry.data.gov.uk/data/ppd/monthly/file-103-05.csv ...
  Error downloading https://landregistry.data.gov.uk/data/ppd/monthly/file-103-05.csv: Request failed with status code 406
Downloading https://landregistry.data.gov.uk/data/ppd/monthly/file-103-06.csv ...
  Error downloading https://landregistry.data.gov.uk/data/ppd/monthly/file-103-06.csv: Request failed with status code 406
Downloading https://landregistry.data.gov.uk/data/ppd/monthly/file-103-07.csv ...
  Error downloading https://landregistry.data.gov.uk/data/ppd/monthly/file-103-07.csv: Request failed with status code 406
Downloading https://landregistry.data.gov.uk/data/ppd/monthly/file-103-08.csv ...
  Error downloading https://landregistry.data.gov.uk/data/ppd/monthly/file-103-08.csv: Request failed with status code 406
Downloading https://landregistry.data.gov.uk/data/ppd/monthly/file-103-09.csv ...
  Error downloading https://landregistry.data.gov.uk/data/ppd/monthly/file-103-09.csv: Request failed with status code 406
Downloading https://landregistry.data.gov.uk/data/ppd/monthly/file-103-10.csv ...
  Error downloading https://landregistry.data.gov.uk/data/ppd/monthly/file-103-10.csv: Request failed with status code 406
Downloading https://landregistry.data.gov.uk/data/ppd/monthly/file-103-11.csv ...
  Error downloading https://landregistry.data.gov.uk/data/ppd/monthly/file-103-11.csv: Request failed with status code 406
Downloading https://landregistry.data.gov.uk/data/ppd/monthly/file-103-12.csv ...
  Error downloading https://landregistry.data.gov.uk/data/ppd/monthly/file-103-12.csv: Request failed with status code 406
Downloading https://landregistry.data.gov.uk/data/ppd/monthly/file-104-01.csv ...
  Error downloading https://landregistry.data.gov.uk/data/ppd/monthly/file-104-01.csv: Request failed with status code 406
Downloading https://landregistry.data.gov.uk/data/ppd/monthly/file-104-02.csv ...
  Error downloading https://landregistry.data.gov.uk/data/ppd/monthly/file-104-02.csv: Request failed with status code 406
Downloading https://landregistry.data.gov.uk/data/ppd/monthly/file-104-03.csv ...
  Error downloading https://landregistry.data.gov.uk/data/ppd/monthly/file-104-03.csv: Request failed with status code 406
Downloading https://landregistry.data.gov.uk/data/ppd/monthly/file-104-04.csv ...
  Error downloading https://landregistry.data.gov.uk/data/ppd/monthly/file-104-04.csv: Request failed with status code 406
Downloading https://landregistry.data.gov.uk/data/ppd/monthly/file-104-05.csv ...
  Error downloading https://landregistry.data.gov.uk/data/ppd/monthly/file-104-05.csv: Request failed with status code 406
Downloading https://landregistry.data.gov.uk/data/ppd/monthly/file-104-06.csv ...
  Error downloading https://landregistry.data.gov.uk/data/ppd/monthly/file-104-06.csv: Request failed with status code 406
Downloading https://landregistry.data.gov.uk/data/ppd/monthly/file-104-07.csv ...
  Error downloading https://landregistry.data.gov.uk/data/ppd/monthly/file-104-07.csv: Request failed with status code 406
Downloading https://landregistry.data.gov.uk/data/ppd/monthly/file-104-08.csv ...
  Error downloading https://landregistry.data.gov.uk/data/ppd/monthly/file-104-08.csv: Request failed with status code 406
Downloading https://landregistry.data.gov.uk/data/ppd/monthly/file-104-09.csv ...
  Error downloading https://landregistry.data.gov.uk/data/ppd/monthly/file-104-09.csv: Request failed with status code 406
Downloading https://landregistry.data.gov.uk/data/ppd/monthly/file-104-10.csv ...
  Error downloading https://landregistry.data.gov.uk/data/ppd/monthly/file-104-10.csv: Request failed with status code 406
Downloading https://landregistry.data.gov.uk/data/ppd/monthly/file-104-11.csv ...
  Error downloading https://landregistry.data.gov.uk/data/ppd/monthly/file-104-11.csv: Request failed with status code 406
Downloading https://landregistry.data.gov.uk/data/ppd/monthly/file-104-12.csv ...
  Error downloading https://landregistry.data.gov.uk/data/ppd/monthly/file-104-12.csv: Request failed with status code 406
Downloading https://landregistry.data.gov.uk/data/ppd/monthly/file-105-01.csv ...
  Error downloading https://landregistry.data.gov.uk/data/ppd/monthly/file-105-01.csv: Request failed with status code 406
Downloading https://landregistry.data.gov.uk/data/ppd/monthly/file-105-02.csv ...
  Error downloading https://landregistry.data.gov.uk/data/ppd/monthly/file-105-02.csv: Request failed with status code 406
Downloading https://landregistry.data.gov.uk/data/ppd/monthly/file-105-03.csv ...
  Error downloading https://landregistry.data.gov.uk/data/ppd/monthly/file-105-03.csv: Request failed with status code 406
Downloading https://landregistry.data.gov.uk/data/ppd/monthly/file-105-04.csv ...
  Error downloading https://landregistry.data.gov.uk/data/ppd/monthly/file-105-04.csv: Request failed with status code 406
Downloading https://landregistry.data.gov.uk/data/ppd/monthly/file-105-05.csv ...
  Error downloading https://landregistry.data.gov.uk/data/ppd/monthly/file-105-05.csv: Request failed with status code 406
Downloading https://landregistry.data.gov.uk/data/ppd/monthly/file-105-06.csv ...
  Error downloading https://landregistry.data.gov.uk/data/ppd/monthly/file-105-06.csv: Request failed with status code 406
Downloading https://landregistry.data.gov.uk/data/ppd/monthly/file-105-07.csv ...
  Error downloading https://landregistry.data.gov.uk/data/ppd/monthly/file-105-07.csv: Request failed with status code 406
Downloading https://landregistry.data.gov.uk/data/ppd/monthly/file-105-08.csv ...
  Error downloading https://landregistry.data.gov.uk/data/ppd/monthly/file-105-08.csv: Request failed with status code 406
Downloading https://landregistry.data.gov.uk/data/ppd/monthly/file-105-09.csv ...
  Error downloading https://landregistry.data.gov.uk/data/ppd/monthly/file-105-09.csv: Request failed with status code 406
Downloading https://landregistry.data.gov.uk/data/ppd/monthly/file-105-10.csv ...
  Error downloading https://landregistry.data.gov.uk/data/ppd/monthly/file-105-10.csv: Request failed with status code 406
Downloading https://landregistry.data.gov.uk/data/ppd/monthly/file-105-11.csv ...
  Error downloading https://landregistry.data.gov.uk/data/ppd/monthly/file-105-11.csv: Request failed with status code 406
Downloading https://landregistry.data.gov.uk/data/ppd/monthly/file-105-12.csv ...
  Error downloading https://landregistry.data.gov.uk/data/ppd/monthly/file-105-12.csv: Request failed with status code 406
Downloading https://landregistry.data.gov.uk/data/ppd/monthly/file-106-01.csv ...
  Error downloading https://landregistry.data.gov.uk/data/ppd/monthly/file-106-01.csv: Request failed with status code 406
Downloading https://landregistry.data.gov.uk/data/ppd/monthly/file-106-02.csv ...
  Error downloading https://landregistry.data.gov.uk/data/ppd/monthly/file-106-02.csv: Request failed with status code 406
Downloading https://landregistry.data.gov.uk/data/ppd/monthly/file-106-03.csv ...
  Error downloading https://landregistry.data.gov.uk/data/ppd/monthly/file-106-03.csv: Request failed with status code 406
Downloading https://landregistry.data.gov.uk/data/ppd/monthly/file-106-04.csv ...
  Error downloading https://landregistry.data.gov.uk/data/ppd/monthly/file-106-04.csv: Request failed with status code 406
Downloading https://landregistry.data.gov.uk/data/ppd/monthly/file-106-05.csv ...
  Error downloading https://landregistry.data.gov.uk/data/ppd/monthly/file-106-05.csv: Request failed with status code 406
Downloading https://landregistry.data.gov.uk/data/ppd/monthly/file-106-06.csv ...
  Error downloading https://landregistry.data.gov.uk/data/ppd/monthly/file-106-06.csv: Request failed with status code 406
Downloading https://landregistry.data.gov.uk/data/ppd/monthly/file-106-07.csv ...
  Error downloading https://landregistry.data.gov.uk/data/ppd/monthly/file-106-07.csv: Request failed with status code 406
Downloading https://landregistry.data.gov.uk/data/ppd/monthly/file-106-08.csv ...
  Error downloading https://landregistry.data.gov.uk/data/ppd/monthly/file-106-08.csv: Request failed with status code 406
Downloading https://landregistry.data.gov.uk/data/ppd/monthly/file-106-09.csv ...
  Error downloading https://landregistry.data.gov.uk/data/ppd/monthly/file-106-09.csv: Request failed with status code 406
Downloading https://landregistry.data.gov.uk/data/ppd/monthly/file-106-10.csv ...
  Error downloading https://landregistry.data.gov.uk/data/ppd/monthly/file-106-10.csv: Request failed with status code 406
Downloading https://landregistry.data.gov.uk/data/ppd/monthly/file-106-11.csv ...
  Error downloading https://landregistry.data.gov.uk/data/ppd/monthly/file-106-11.csv: Request failed with status code 406
Downloading https://landregistry.data.gov.uk/data/ppd/monthly/file-106-12.csv ...
  Error downloading https://landregistry.data.gov.uk/data/ppd/monthly/file-106-12.csv: Request failed with status code 406
Downloading https://landregistry.data.gov.uk/data/ppd/monthly/file-107-01.csv ...
  Error downloading https://landregistry.data.gov.uk/data/ppd/monthly/file-107-01.csv: Request failed with status code 406
Downloading https://landregistry.data.gov.uk/data/ppd/monthly/file-107-02.csv ...
  Error downloading https://landregistry.data.gov.uk/data/ppd/monthly/file-107-02.csv: Request failed with status code 406
Downloading https://landregistry.data.gov.uk/data/ppd/monthly/file-107-03.csv ...
  Error downloading https://landregistry.data.gov.uk/data/ppd/monthly/file-107-03.csv: Request failed with status code 406
Downloading https://landregistry.data.gov.uk/data/ppd/monthly/file-107-04.csv ...
  Error downloading https://landregistry.data.gov.uk/data/ppd/monthly/file-107-04.csv: Request failed with status code 406
Downloading https://landregistry.data.gov.uk/data/ppd/monthly/file-107-05.csv ...
  Error downloading https://landregistry.data.gov.uk/data/ppd/monthly/file-107-05.csv: Request failed with status code 406
Downloading https://landregistry.data.gov.uk/data/ppd/monthly/file-107-06.csv ...
  Error downloading https://landregistry.data.gov.uk/data/ppd/monthly/file-107-06.csv: Request failed with status code 406
Downloading https://landregistry.data.gov.uk/data/ppd/monthly/file-107-07.csv ...
  Error downloading https://landregistry.data.gov.uk/data/ppd/monthly/file-107-07.csv: Request failed with status code 406
Downloading https://landregistry.data.gov.uk/data/ppd/monthly/file-107-08.csv ...
  Error downloading https://landregistry.data.gov.uk/data/ppd/monthly/file-107-08.csv: Request failed with status code 406
Downloading https://landregistry.data.gov.uk/data/ppd/monthly/file-107-09.csv ...
  Error downloading https://landregistry.data.gov.uk/data/ppd/monthly/file-107-09.csv: Request failed with status code 406
Downloading https://landregistry.data.gov.uk/data/ppd/monthly/file-107-10.csv ...
  Error downloading https://landregistry.data.gov.uk/data/ppd/monthly/file-107-10.csv: Request failed with status code 406
Downloading https://landregistry.data.gov.uk/data/ppd/monthly/file-107-11.csv ...
  Error downloading https://landregistry.data.gov.uk/data/ppd/monthly/file-107-11.csv: Request failed with status code 406
Downloading https://landregistry.data.gov.uk/data/ppd/monthly/file-107-12.csv ...
  Error downloading https://landregistry.data.gov.uk/data/ppd/monthly/file-107-12.csv: Request failed with status code 406
Downloading https://landregistry.data.gov.uk/data/ppd/monthly/file-108-01.csv ...
  Error downloading https://landregistry.data.gov.uk/data/ppd/monthly/file-108-01.csv: Request failed with status code 406
Downloading https://landregistry.data.gov.uk/data/ppd/monthly/file-108-02.csv ...
  Error downloading https://landregistry.data.gov.uk/data/ppd/monthly/file-108-02.csv: Request failed with status code 406
Downloading https://landregistry.data.gov.uk/data/ppd/monthly/file-108-03.csv ...
  Error downloading https://landregistry.data.gov.uk/data/ppd/monthly/file-108-03.csv: Request failed with status code 406
Downloading https://landregistry.data.gov.uk/data/ppd/monthly/file-108-04.csv ...
  Error downloading https://landregistry.data.gov.uk/data/ppd/monthly/file-108-04.csv: Request failed with status code 406
Downloading https://landregistry.data.gov.uk/data/ppd/monthly/file-108-05.csv ...
  Error downloading https://landregistry.data.gov.uk/data/ppd/monthly/file-108-05.csv: Request failed with status code 406
Downloading https://landregistry.data.gov.uk/data/ppd/monthly/file-108-06.csv ...
  Error downloading https://landregistry.data.gov.uk/data/ppd/monthly/file-108-06.csv: Request failed with status code 406
Downloading https://landregistry.data.gov.uk/data/ppd/monthly/file-108-07.csv ...
  Error downloading https://landregistry.data.gov.uk/data/ppd/monthly/file-108-07.csv: Request failed with status code 406
Downloading https://landregistry.data.gov.uk/data/ppd/monthly/file-108-08.csv ...
  Error downloading https://landregistry.data.gov.uk/data/ppd/monthly/file-108-08.csv: Request failed with status code 406
Downloading https://landregistry.data.gov.uk/data/ppd/monthly/file-108-09.csv ...
  Error downloading https://landregistry.data.gov.uk/data/ppd/monthly/file-108-09.csv: Request failed with status code 406
Downloading https://landregistry.data.gov.uk/data/ppd/monthly/file-108-10.csv ...
  Error downloading https://landregistry.data.gov.uk/data/ppd/monthly/file-108-10.csv: Request failed with status code 406
Downloading https://landregistry.data.gov.uk/data/ppd/monthly/file-108-11.csv ...
  Error downloading https://landregistry.data.gov.uk/data/ppd/monthly/file-108-11.csv: Request failed with status code 406
Downloading https://landregistry.data.gov.uk/data/ppd/monthly/file-108-12.csv ...
  Error downloading https://landregistry.data.gov.uk/data/ppd/monthly/file-108-12.csv: Request failed with status code 406
Downloading https://landregistry.data.gov.uk/data/ppd/monthly/file-109-01.csv ...
  Error downloading https://landregistry.data.gov.uk/data/ppd/monthly/file-109-01.csv: Request failed with status code 406
Downloading https://landregistry.data.gov.uk/data/ppd/monthly/file-109-02.csv ...
  Error downloading https://landregistry.data.gov.uk/data/ppd/monthly/file-109-02.csv: Request failed with status code 406
Downloading https://landregistry.data.gov.uk/data/ppd/monthly/file-109-03.csv ...
  Error downloading https://landregistry.data.gov.uk/data/ppd/monthly/file-109-03.csv: Request failed with status code 406
Downloading https://landregistry.data.gov.uk/data/ppd/monthly/file-109-04.csv ...
  Error downloading https://landregistry.data.gov.uk/data/ppd/monthly/file-109-04.csv: Request failed with status code 406
Downloading https://landregistry.data.gov.uk/data/ppd/monthly/file-109-05.csv ...
  Error downloading https://landregistry.data.gov.uk/data/ppd/monthly/file-109-05.csv: Request failed with status code 406
Downloading https://landregistry.data.gov.uk/data/ppd/monthly/file-109-06.csv ...
  Error downloading https://landregistry.data.gov.uk/data/ppd/monthly/file-109-06.csv: Request failed with status code 406
Downloading https://landregistry.data.gov.uk/data/ppd/monthly/file-109-07.csv ...
  Error downloading https://landregistry.data.gov.uk/data/ppd/monthly/file-109-07.csv: Request failed with status code 406
Downloading https://landregistry.data.gov.uk/data/ppd/monthly/file-109-08.csv ...
  Error downloading https://landregistry.data.gov.uk/data/ppd/monthly/file-109-08.csv: Request failed with status code 406
Downloading https://landregistry.data.gov.uk/data/ppd/monthly/file-109-09.csv ...
  Error downloading https://landregistry.data.gov.uk/data/ppd/monthly/file-109-09.csv: Request failed with status code 406
Downloading https://landregistry.data.gov.uk/data/ppd/monthly/file-109-10.csv ...
  Error downloading https://landregistry.data.gov.uk/data/ppd/monthly/file-109-10.csv: Request failed with status code 406
Downloading https://landregistry.data.gov.uk/data/ppd/monthly/file-109-11.csv ...
  Error downloading https://landregistry.data.gov.uk/data/ppd/monthly/file-109-11.csv: Request failed with status code 406
Downloading https://landregistry.data.gov.uk/data/ppd/monthly/file-109-12.csv ...
  Error downloading https://landregistry.data.gov.uk/data/ppd/monthly/file-109-12.csv: Request failed with status code 406
Downloading https://landregistry.data.gov.uk/data/ppd/monthly/file-110-01.csv ...
  Error downloading https://landregistry.data.gov.uk/data/ppd/monthly/file-110-01.csv: Request failed with status code 406
Downloading https://landregistry.data.gov.uk/data/ppd/monthly/file-110-02.csv ...
  Error downloading https://landregistry.data.gov.uk/data/ppd/monthly/file-110-02.csv: Request failed with status code 406
Downloading https://landregistry.data.gov.uk/data/ppd/monthly/file-110-03.csv ...
  Error downloading https://landregistry.data.gov.uk/data/ppd/monthly/file-110-03.csv: Request failed with status code 406
Downloading https://landregistry.data.gov.uk/data/ppd/monthly/file-110-04.csv ...
  Error downloading https://landregistry.data.gov.uk/data/ppd/monthly/file-110-04.csv: Request failed with status code 406
Downloading https://landregistry.data.gov.uk/data/ppd/monthly/file-110-05.csv ...
  Error downloading https://landregistry.data.gov.uk/data/ppd/monthly/file-110-05.csv: Request failed with status code 406
Downloading https://landregistry.data.gov.uk/data/ppd/monthly/file-110-06.csv ...
  Error downloading https://landregistry.data.gov.uk/data/ppd/monthly/file-110-06.csv: Request failed with status code 406
Downloading https://landregistry.data.gov.uk/data/ppd/monthly/file-110-07.csv ...
  Error downloading https://landregistry.data.gov.uk/data/ppd/monthly/file-110-07.csv: Request failed with status code 406
Downloading https://landregistry.data.gov.uk/data/ppd/monthly/file-110-08.csv ...
  Error downloading https://landregistry.data.gov.uk/data/ppd/monthly/file-110-08.csv: Request failed with status code 406
Downloading https://landregistry.data.gov.uk/data/ppd/monthly/file-110-09.csv ...
  Error downloading https://landregistry.data.gov.uk/data/ppd/monthly/file-110-09.csv: Request failed with status code 406
Downloading https://landregistry.data.gov.uk/data/ppd/monthly/file-110-10.csv ...
  Error downloading https://landregistry.data.gov.uk/data/ppd/monthly/file-110-10.csv: Request failed with status code 406
Downloading https://landregistry.data.gov.uk/data/ppd/monthly/file-110-11.csv ...
  Error downloading https://landregistry.data.gov.uk/data/ppd/monthly/file-110-11.csv: Request failed with status code 406
Downloading https://landregistry.data.gov.uk/data/ppd/monthly/file-110-12.csv ...
  Error downloading https://landregistry.data.gov.uk/data/ppd/monthly/file-110-12.csv: Request failed with status code 406
Downloading https://landregistry.data.gov.uk/data/ppd/monthly/file-111-01.csv ...
  Error downloading https://landregistry.data.gov.uk/data/ppd/monthly/file-111-01.csv: Request failed with status code 406
Downloading https://landregistry.data.gov.uk/data/ppd/monthly/file-111-02.csv ...
  Error downloading https://landregistry.data.gov.uk/data/ppd/monthly/file-111-02.csv: Request failed with status code 406
Downloading https://landregistry.data.gov.uk/data/ppd/monthly/file-111-03.csv ...
  Error downloading https://landregistry.data.gov.uk/data/ppd/monthly/file-111-03.csv: Request failed with status code 406
Downloading https://landregistry.data.gov.uk/data/ppd/monthly/file-111-04.csv ...
  Error downloading https://landregistry.data.gov.uk/data/ppd/monthly/file-111-04.csv: Request failed with status code 406
Downloading https://landregistry.data.gov.uk/data/ppd/monthly/file-111-05.csv ...
  Error downloading https://landregistry.data.gov.uk/data/ppd/monthly/file-111-05.csv: Request failed with status code 406
Downloading https://landregistry.data.gov.uk/data/ppd/monthly/file-111-06.csv ...
  Error downloading https://landregistry.data.gov.uk/data/ppd/monthly/file-111-06.csv: Request failed with status code 406
Downloading https://landregistry.data.gov.uk/data/ppd/monthly/file-111-07.csv ...
  Error downloading https://landregistry.data.gov.uk/data/ppd/monthly/file-111-07.csv: Request failed with status code 406
Downloading https://landregistry.data.gov.uk/data/ppd/monthly/file-111-08.csv ...
  Error downloading https://landregistry.data.gov.uk/data/ppd/monthly/file-111-08.csv: Request failed with status code 406
Downloading https://landregistry.data.gov.uk/data/ppd/monthly/file-111-09.csv ...
  Error downloading https://landregistry.data.gov.uk/data/ppd/monthly/file-111-09.csv: Request failed with status code 406
Downloading https://landregistry.data.gov.uk/data/ppd/monthly/file-111-10.csv ...
  Error downloading https://landregistry.data.gov.uk/data/ppd/monthly/file-111-10.csv: Request failed with status code 406
Downloading https://landregistry.data.gov.uk/data/ppd/monthly/file-111-11.csv ...
  Error downloading https://landregistry.data.gov.uk/data/ppd/monthly/file-111-11.csv: Request failed with status code 406
Downloading https://landregistry.data.gov.uk/data/ppd/monthly/file-111-12.csv ...
  Error downloading https://landregistry.data.gov.uk/data/ppd/monthly/file-111-12.csv: Request failed with status code 406
Downloading https://landregistry.data.gov.uk/data/ppd/monthly/file-112-01.csv ...
  Error downloading https://landregistry.data.gov.uk/data/ppd/monthly/file-112-01.csv: Request failed with status code 406
Downloading https://landregistry.data.gov.uk/data/ppd/monthly/file-112-02.csv ...
  Error downloading https://landregistry.data.gov.uk/data/ppd/monthly/file-112-02.csv: Request failed with status code 406
Downloading https://landregistry.data.gov.uk/data/ppd/monthly/file-112-03.csv ...
  Error downloading https://landregistry.data.gov.uk/data/ppd/monthly/file-112-03.csv: Request failed with status code 406
Downloading https://landregistry.data.gov.uk/data/ppd/monthly/file-112-04.csv ...
  Error downloading https://landregistry.data.gov.uk/data/ppd/monthly/file-112-04.csv: Request failed with status code 406
Downloading https://landregistry.data.gov.uk/data/ppd/monthly/file-112-05.csv ...
  Error downloading https://landregistry.data.gov.uk/data/ppd/monthly/file-112-05.csv: Request failed with status code 406
Downloading https://landregistry.data.gov.uk/data/ppd/monthly/file-112-06.csv ...
  Error downloading https://landregistry.data.gov.uk/data/ppd/monthly/file-112-06.csv: Request failed with status code 406
Downloading https://landregistry.data.gov.uk/data/ppd/monthly/file-112-07.csv ...
  Error downloading https://landregistry.data.gov.uk/data/ppd/monthly/file-112-07.csv: Request failed with status code 406
Downloading https://landregistry.data.gov.uk/data/ppd/monthly/file-112-08.csv ...
  Error downloading https://landregistry.data.gov.uk/data/ppd/monthly/file-112-08.csv: Request failed with status code 406
Downloading https://landregistry.data.gov.uk/data/ppd/monthly/file-112-09.csv ...
  Error downloading https://landregistry.data.gov.uk/data/ppd/monthly/file-112-09.csv: Request failed with status code 406
Downloading https://landregistry.data.gov.uk/data/ppd/monthly/file-112-10.csv ...
  Error downloading https://landregistry.data.gov.uk/data/ppd/monthly/file-112-10.csv: Request failed with status code 406
Downloading https://landregistry.data.gov.uk/data/ppd/monthly/file-112-11.csv ...
  Error downloading https://landregistry.data.gov.uk/data/ppd/monthly/file-112-11.csv: Request failed with status code 406
Downloading https://landregistry.data.gov.uk/data/ppd/monthly/file-112-12.csv ...
  Error downloading https://landregistry.data.gov.uk/data/ppd/monthly/file-112-12.csv: Request failed with status code 406
Downloading https://landregistry.data.gov.uk/data/ppd/monthly/file-113-01.csv ...
  Error downloading https://landregistry.data.gov.uk/data/ppd/monthly/file-113-01.csv: Request failed with status code 406
Downloading https://landregistry.data.gov.uk/data/ppd/monthly/file-113-02.csv ...
  Error downloading https://landregistry.data.gov.uk/data/ppd/monthly/file-113-02.csv: Request failed with status code 406
Downloading https://landregistry.data.gov.uk/data/ppd/monthly/file-113-03.csv ...
  Error downloading https://landregistry.data.gov.uk/data/ppd/monthly/file-113-03.csv: Request failed with status code 406
Downloading https://landregistry.data.gov.uk/data/ppd/monthly/file-113-04.csv ...
  Error downloading https://landregistry.data.gov.uk/data/ppd/monthly/file-113-04.csv: Request failed with status code 406
Downloading https://landregistry.data.gov.uk/data/ppd/monthly/file-113-05.csv ...
  Error downloading https://landregistry.data.gov.uk/data/ppd/monthly/file-113-05.csv: Request failed with status code 406
Downloading https://landregistry.data.gov.uk/data/ppd/monthly/file-113-06.csv ...
  Error downloading https://landregistry.data.gov.uk/data/ppd/monthly/file-113-06.csv: Request failed with status code 406
Downloading https://landregistry.data.gov.uk/data/ppd/monthly/file-113-07.csv ...
  Error downloading https://landregistry.data.gov.uk/data/ppd/monthly/file-113-07.csv: Request failed with status code 406
Downloading https://landregistry.data.gov.uk/data/ppd/monthly/file-113-08.csv ...
  Error downloading https://landregistry.data.gov.uk/data/ppd/monthly/file-113-08.csv: Request failed with status code 406
Downloading https://landregistry.data.gov.uk/data/ppd/monthly/file-113-09.csv ...
  Error downloading https://landregistry.data.gov.uk/data/ppd/monthly/file-113-09.csv: Request failed with status code 406
Downloading https://landregistry.data.gov.uk/data/ppd/monthly/file-113-10.csv ...
  Error downloading https://landregistry.data.gov.uk/data/ppd/monthly/file-113-10.csv: Request failed with status code 406
Downloading https://landregistry.data.gov.uk/data/ppd/monthly/file-113-11.csv ...
  Error downloading https://landregistry.data.gov.uk/data/ppd/monthly/file-113-11.csv: Request failed with status code 406
Downloading https://landregistry.data.gov.uk/data/ppd/monthly/file-113-12.csv ...
  Error downloading https://landregistry.data.gov.uk/data/ppd/monthly/file-113-12.csv: Request failed with status code 406
Downloading https://landregistry.data.gov.uk/data/ppd/monthly/file-114-01.csv ...
  Error downloading https://landregistry.data.gov.uk/data/ppd/monthly/file-114-01.csv: Request failed with status code 406
Downloading https://landregistry.data.gov.uk/data/ppd/monthly/file-114-02.csv ...
  Error downloading https://landregistry.data.gov.uk/data/ppd/monthly/file-114-02.csv: Request failed with status code 406
Downloading https://landregistry.data.gov.uk/data/ppd/monthly/file-114-03.csv ...
  Error downloading https://landregistry.data.gov.uk/data/ppd/monthly/file-114-03.csv: Request failed with status code 406
Downloading https://landregistry.data.gov.uk/data/ppd/monthly/file-114-04.csv ...
  Error downloading https://landregistry.data.gov.uk/data/ppd/monthly/file-114-04.csv: Request failed with status code 406
Downloading https://landregistry.data.gov.uk/data/ppd/monthly/file-114-05.csv ...
  Error downloading https://landregistry.data.gov.uk/data/ppd/monthly/file-114-05.csv: Request failed with status code 406
Downloading https://landregistry.data.gov.uk/data/ppd/monthly/file-114-06.csv ...
  Error downloading https://landregistry.data.gov.uk/data/ppd/monthly/file-114-06.csv: Request failed with status code 406
Downloading https://landregistry.data.gov.uk/data/ppd/monthly/file-114-07.csv ...
  Error downloading https://landregistry.data.gov.uk/data/ppd/monthly/file-114-07.csv: Request failed with status code 406
Downloading https://landregistry.data.gov.uk/data/ppd/monthly/file-114-08.csv ...
  Error downloading https://landregistry.data.gov.uk/data/ppd/monthly/file-114-08.csv: Request failed with status code 406
Downloading https://landregistry.data.gov.uk/data/ppd/monthly/file-114-09.csv ...
  Error downloading https://landregistry.data.gov.uk/data/ppd/monthly/file-114-09.csv: Request failed with status code 406
Downloading https://landregistry.data.gov.uk/data/ppd/monthly/file-114-10.csv ...
  Error downloading https://landregistry.data.gov.uk/data/ppd/monthly/file-114-10.csv: Request failed with status code 406
Downloading https://landregistry.data.gov.uk/data/ppd/monthly/file-114-11.csv ...
  Error downloading https://landregistry.data.gov.uk/data/ppd/monthly/file-114-11.csv: Request failed with status code 406
Downloading https://landregistry.data.gov.uk/data/ppd/monthly/file-114-12.csv ...
  Error downloading https://landregistry.data.gov.uk/data/ppd/monthly/file-114-12.csv: Request failed with status code 406
Downloading https://landregistry.data.gov.uk/data/ppd/monthly/file-115-01.csv ...
  Error downloading https://landregistry.data.gov.uk/data/ppd/monthly/file-115-01.csv: Request failed with status code 406
Downloading https://landregistry.data.gov.uk/data/ppd/monthly/file-115-02.csv ...
  Error downloading https://landregistry.data.gov.uk/data/ppd/monthly/file-115-02.csv: Request failed with status code 406
Downloading https://landregistry.data.gov.uk/data/ppd/monthly/file-115-03.csv ...
  Error downloading https://landregistry.data.gov.uk/data/ppd/monthly/file-115-03.csv: Request failed with status code 406
Downloading https://landregistry.data.gov.uk/data/ppd/monthly/file-115-04.csv ...
  Error downloading https://landregistry.data.gov.uk/data/ppd/monthly/file-115-04.csv: Request failed with status code 406
Downloading https://landregistry.data.gov.uk/data/ppd/monthly/file-115-05.csv ...
  Error downloading https://landregistry.data.gov.uk/data/ppd/monthly/file-115-05.csv: Request failed with status code 406
Downloading https://landregistry.data.gov.uk/data/ppd/monthly/file-115-06.csv ...
  Error downloading https://landregistry.data.gov.uk/data/ppd/monthly/file-115-06.csv: Request failed with status code 406
Downloading https://landregistry.data.gov.uk/data/ppd/monthly/file-115-07.csv ...
  Error downloading https://landregistry.data.gov.uk/data/ppd/monthly/file-115-07.csv: Request failed with status code 406
Downloading https://landregistry.data.gov.uk/data/ppd/monthly/file-115-08.csv ...
  Error downloading https://landregistry.data.gov.uk/data/ppd/monthly/file-115-08.csv: Request failed with status code 406
Downloading https://landregistry.data.gov.uk/data/ppd/monthly/file-115-09.csv ...
  Error downloading https://landregistry.data.gov.uk/data/ppd/monthly/file-115-09.csv: Request failed with status code 406
Downloading https://landregistry.data.gov.uk/data/ppd/monthly/file-115-10.csv ...
  Error downloading https://landregistry.data.gov.uk/data/ppd/monthly/file-115-10.csv: Request failed with status code 406
Downloading https://landregistry.data.gov.uk/data/ppd/monthly/file-115-11.csv ...
  Error downloading https://landregistry.data.gov.uk/data/ppd/monthly/file-115-11.csv: Request failed with status code 406
Downloading https://landregistry.data.gov.uk/data/ppd/monthly/file-115-12.csv ...
  Error downloading https://landregistry.data.gov.uk/data/ppd/monthly/file-115-12.csv: Request failed with status code 406
Downloading https://landregistry.data.gov.uk/data/ppd/monthly/file-116-01.csv ...
  Error downloading https://landregistry.data.gov.uk/data/ppd/monthly/file-116-01.csv: Request failed with status code 406
Downloading https://landregistry.data.gov.uk/data/ppd/monthly/file-116-02.csv ...
  Error downloading https://landregistry.data.gov.uk/data/ppd/monthly/file-116-02.csv: Request failed with status code 406
Downloading https://landregistry.data.gov.uk/data/ppd/monthly/file-116-03.csv ...
  Error downloading https://landregistry.data.gov.uk/data/ppd/monthly/file-116-03.csv: Request failed with status code 406
Downloading https://landregistry.data.gov.uk/data/ppd/monthly/file-116-04.csv ...
  Error downloading https://landregistry.data.gov.uk/data/ppd/monthly/file-116-04.csv: Request failed with status code 406
Downloading https://landregistry.data.gov.uk/data/ppd/monthly/file-116-05.csv ...
  Error downloading https://landregistry.data.gov.uk/data/ppd/monthly/file-116-05.csv: Request failed with status code 406
Downloading https://landregistry.data.gov.uk/data/ppd/monthly/file-116-06.csv ...
  Error downloading https://landregistry.data.gov.uk/data/ppd/monthly/file-116-06.csv: Request failed with status code 406
Downloading https://landregistry.data.gov.uk/data/ppd/monthly/file-116-07.csv ...
  Error downloading https://landregistry.data.gov.uk/data/ppd/monthly/file-116-07.csv: Request failed with status code 406
Downloading https://landregistry.data.gov.uk/data/ppd/monthly/file-116-08.csv ...
  Error downloading https://landregistry.data.gov.uk/data/ppd/monthly/file-116-08.csv: Request failed with status code 406
Downloading https://landregistry.data.gov.uk/data/ppd/monthly/file-116-09.csv ...
  Error downloading https://landregistry.data.gov.uk/data/ppd/monthly/file-116-09.csv: Request failed with status code 406
Downloading https://landregistry.data.gov.uk/data/ppd/monthly/file-116-10.csv ...
  Error downloading https://landregistry.data.gov.uk/data/ppd/monthly/file-116-10.csv: Request failed with status code 406
Downloading https://landregistry.data.gov.uk/data/ppd/monthly/file-116-11.csv ...
  Error downloading https://landregistry.data.gov.uk/data/ppd/monthly/file-116-11.csv: Request failed with status code 406
Downloading https://landregistry.data.gov.uk/data/ppd/monthly/file-116-12.csv ...
  Error downloading https://landregistry.data.gov.uk/data/ppd/monthly/file-116-12.csv: Request failed with status code 406
Downloading https://landregistry.data.gov.uk/data/ppd/monthly/file-117-01.csv ...
  Error downloading https://landregistry.data.gov.uk/data/ppd/monthly/file-117-01.csv: Request failed with status code 406
Downloading https://landregistry.data.gov.uk/data/ppd/monthly/file-117-02.csv ...
  Error downloading https://landregistry.data.gov.uk/data/ppd/monthly/file-117-02.csv: Request failed with status code 406
Downloading https://landregistry.data.gov.uk/data/ppd/monthly/file-117-03.csv ...
  Error downloading https://landregistry.data.gov.uk/data/ppd/monthly/file-117-03.csv: Request failed with status code 406
Downloading https://landregistry.data.gov.uk/data/ppd/monthly/file-117-04.csv ...
  Error downloading https://landregistry.data.gov.uk/data/ppd/monthly/file-117-04.csv: Request failed with status code 406
Downloading https://landregistry.data.gov.uk/data/ppd/monthly/file-117-05.csv ...
  Error downloading https://landregistry.data.gov.uk/data/ppd/monthly/file-117-05.csv: Request failed with status code 406
Downloading https://landregistry.data.gov.uk/data/ppd/monthly/file-117-06.csv ...
  Error downloading https://landregistry.data.gov.uk/data/ppd/monthly/file-117-06.csv: Request failed with status code 406
Downloading https://landregistry.data.gov.uk/data/ppd/monthly/file-117-07.csv ...
  Error downloading https://landregistry.data.gov.uk/data/ppd/monthly/file-117-07.csv: Request failed with status code 406
Downloading https://landregistry.data.gov.uk/data/ppd/monthly/file-117-08.csv ...
  Error downloading https://landregistry.data.gov.uk/data/ppd/monthly/file-117-08.csv: Request failed with status code 406
Downloading https://landregistry.data.gov.uk/data/ppd/monthly/file-117-09.csv ...
  Error downloading https://landregistry.data.gov.uk/data/ppd/monthly/file-117-09.csv: Request failed with status code 406
Downloading https://landregistry.data.gov.uk/data/ppd/monthly/file-117-10.csv ...
  Error downloading https://landregistry.data.gov.uk/data/ppd/monthly/file-117-10.csv: Request failed with status code 406
Downloading https://landregistry.data.gov.uk/data/ppd/monthly/file-117-11.csv ...
  Error downloading https://landregistry.data.gov.uk/data/ppd/monthly/file-117-11.csv: Request failed with status code 406
Downloading https://landregistry.data.gov.uk/data/ppd/monthly/file-117-12.csv ...
  Error downloading https://landregistry.data.gov.uk/data/ppd/monthly/file-117-12.csv: Request failed with status code 406
Downloading https://landregistry.data.gov.uk/data/ppd/monthly/file-118-01.csv ...
  Error downloading https://landregistry.data.gov.uk/data/ppd/monthly/file-118-01.csv: Request failed with status code 406
Downloading https://landregistry.data.gov.uk/data/ppd/monthly/file-118-02.csv ...
  Error downloading https://landregistry.data.gov.uk/data/ppd/monthly/file-118-02.csv: Request failed with status code 406
Downloading https://landregistry.data.gov.uk/data/ppd/monthly/file-118-03.csv ...
  Error downloading https://landregistry.data.gov.uk/data/ppd/monthly/file-118-03.csv: Request failed with status code 406
Downloading https://landregistry.data.gov.uk/data/ppd/monthly/file-118-04.csv ...
  Error downloading https://landregistry.data.gov.uk/data/ppd/monthly/file-118-04.csv: Request failed with status code 406
Downloading https://landregistry.data.gov.uk/data/ppd/monthly/file-118-05.csv ...
  Error downloading https://landregistry.data.gov.uk/data/ppd/monthly/file-118-05.csv: Request failed with status code 406
Downloading https://landregistry.data.gov.uk/data/ppd/monthly/file-118-06.csv ...
  Error downloading https://landregistry.data.gov.uk/data/ppd/monthly/file-118-06.csv: Request failed with status code 406
Downloading https://landregistry.data.gov.uk/data/ppd/monthly/file-118-07.csv ...
  Error downloading https://landregistry.data.gov.uk/data/ppd/monthly/file-118-07.csv: Request failed with status code 406
Downloading https://landregistry.data.gov.uk/data/ppd/monthly/file-118-08.csv ...
  Error downloading https://landregistry.data.gov.uk/data/ppd/monthly/file-118-08.csv: Request failed with status code 406
Downloading https://landregistry.data.gov.uk/data/ppd/monthly/file-118-09.csv ...
  Error downloading https://landregistry.data.gov.uk/data/ppd/monthly/file-118-09.csv: Request failed with status code 406
Downloading https://landregistry.data.gov.uk/data/ppd/monthly/file-118-10.csv ...
  Error downloading https://landregistry.data.gov.uk/data/ppd/monthly/file-118-10.csv: Request failed with status code 406
Downloading https://landregistry.data.gov.uk/data/ppd/monthly/file-118-11.csv ...
  Error downloading https://landregistry.data.gov.uk/data/ppd/monthly/file-118-11.csv: Request failed with status code 406
Downloading https://landregistry.data.gov.uk/data/ppd/monthly/file-118-12.csv ...
  Error downloading https://landregistry.data.gov.uk/data/ppd/monthly/file-118-12.csv: Request failed with status code 406
Downloading https://landregistry.data.gov.uk/data/ppd/monthly/file-119-01.csv ...
  Error downloading https://landregistry.data.gov.uk/data/ppd/monthly/file-119-01.csv: Request failed with status code 406
Downloading https://landregistry.data.gov.uk/data/ppd/monthly/file-119-02.csv ...
  Error downloading https://landregistry.data.gov.uk/data/ppd/monthly/file-119-02.csv: Request failed with status code 406
Downloading https://landregistry.data.gov.uk/data/ppd/monthly/file-119-03.csv ...
  Error downloading https://landregistry.data.gov.uk/data/ppd/monthly/file-119-03.csv: Request failed with status code 406
Downloading https://landregistry.data.gov.uk/data/ppd/monthly/file-119-04.csv ...
  Error downloading https://landregistry.data.gov.uk/data/ppd/monthly/file-119-04.csv: Request failed with status code 406
Downloading https://landregistry.data.gov.uk/data/ppd/monthly/file-119-05.csv ...
  Error downloading https://landregistry.data.gov.uk/data/ppd/monthly/file-119-05.csv: Request failed with status code 406
Downloading https://landregistry.data.gov.uk/data/ppd/monthly/file-119-06.csv ...
  Error downloading https://landregistry.data.gov.uk/data/ppd/monthly/file-119-06.csv: Request failed with status code 406
Downloading https://landregistry.data.gov.uk/data/ppd/monthly/file-119-07.csv ...
  Error downloading https://landregistry.data.gov.uk/data/ppd/monthly/file-119-07.csv: Request failed with status code 406
Downloading https://landregistry.data.gov.uk/data/ppd/monthly/file-119-08.csv ...
  Error downloading https://landregistry.data.gov.uk/data/ppd/monthly/file-119-08.csv: Request failed with status code 406
Downloading https://landregistry.data.gov.uk/data/ppd/monthly/file-119-09.csv ...
  Error downloading https://landregistry.data.gov.uk/data/ppd/monthly/file-119-09.csv: Request failed with status code 406
Downloading https://landregistry.data.gov.uk/data/ppd/monthly/file-119-10.csv ...
  Error downloading https://landregistry.data.gov.uk/data/ppd/monthly/file-119-10.csv: Request failed with status code 406
Downloading https://landregistry.data.gov.uk/data/ppd/monthly/file-119-11.csv ...
  Error downloading https://landregistry.data.gov.uk/data/ppd/monthly/file-119-11.csv: Request failed with status code 406
Downloading https://landregistry.data.gov.uk/data/ppd/monthly/file-119-12.csv ...
  Error downloading https://landregistry.data.gov.uk/data/ppd/monthly/file-119-12.csv: Request failed with status code 406
Downloading https://landregistry.data.gov.uk/data/ppd/monthly/file-120-01.csv ...
  Error downloading https://landregistry.data.gov.uk/data/ppd/monthly/file-120-01.csv: Request failed with status code 406
Downloading https://landregistry.data.gov.uk/data/ppd/monthly/file-120-02.csv ...
  Error downloading https://landregistry.data.gov.uk/data/ppd/monthly/file-120-02.csv: Request failed with status code 406
Downloading https://landregistry.data.gov.uk/data/ppd/monthly/file-120-03.csv ...
  Error downloading https://landregistry.data.gov.uk/data/ppd/monthly/file-120-03.csv: Request failed with status code 406
Downloading https://landregistry.data.gov.uk/data/ppd/monthly/file-120-04.csv ...
  Error downloading https://landregistry.data.gov.uk/data/ppd/monthly/file-120-04.csv: Request failed with status code 406
Downloading https://landregistry.data.gov.uk/data/ppd/monthly/file-120-05.csv ...
  Error downloading https://landregistry.data.gov.uk/data/ppd/monthly/file-120-05.csv: Request failed with status code 406
Downloading https://landregistry.data.gov.uk/data/ppd/monthly/file-120-06.csv ...
  Error downloading https://landregistry.data.gov.uk/data/ppd/monthly/file-120-06.csv: Request failed with status code 406
Downloading https://landregistry.data.gov.uk/data/ppd/monthly/file-120-07.csv ...
  Error downloading https://landregistry.data.gov.uk/data/ppd/monthly/file-120-07.csv: Request failed with status code 406
Downloading https://landregistry.data.gov.uk/data/ppd/monthly/file-120-08.csv ...
  Error downloading https://landregistry.data.gov.uk/data/ppd/monthly/file-120-08.csv: Request failed with status code 406
Downloading https://landregistry.data.gov.uk/data/ppd/monthly/file-120-09.csv ...
  Error downloading https://landregistry.data.gov.uk/data/ppd/monthly/file-120-09.csv: Request failed with status code 406
Downloading https://landregistry.data.gov.uk/data/ppd/monthly/file-120-10.csv ...
  Error downloading https://landregistry.data.gov.uk/data/ppd/monthly/file-120-10.csv: Request failed with status code 406
Downloading https://landregistry.data.gov.uk/data/ppd/monthly/file-120-11.csv ...
  Error downloading https://landregistry.data.gov.uk/data/ppd/monthly/file-120-11.csv: Request failed with status code 406
Downloading https://landregistry.data.gov.uk/data/ppd/monthly/file-120-12.csv ...
  Error downloading https://landregistry.data.gov.uk/data/ppd/monthly/file-120-12.csv: Request failed with status code 406
Downloading https://landregistry.data.gov.uk/data/ppd/monthly/file-121-01.csv ...
  Error downloading https://landregistry.data.gov.uk/data/ppd/monthly/file-121-01.csv: Request failed with status code 406
Downloading https://landregistry.data.gov.uk/data/ppd/monthly/file-121-02.csv ...
  Error downloading https://landregistry.data.gov.uk/data/ppd/monthly/file-121-02.csv: Request failed with status code 406
Downloading https://landregistry.data.gov.uk/data/ppd/monthly/file-121-03.csv ...
  Error downloading https://landregistry.data.gov.uk/data/ppd/monthly/file-121-03.csv: Request failed with status code 406
Downloading https://landregistry.data.gov.uk/data/ppd/monthly/file-121-04.csv ...
  Error downloading https://landregistry.data.gov.uk/data/ppd/monthly/file-121-04.csv: Request failed with status code 406
Downloading https://landregistry.data.gov.uk/data/ppd/monthly/file-121-05.csv ...
  Error downloading https://landregistry.data.gov.uk/data/ppd/monthly/file-121-05.csv: Request failed with status code 406
Downloading https://landregistry.data.gov.uk/data/ppd/monthly/file-121-06.csv ...
  Error downloading https://landregistry.data.gov.uk/data/ppd/monthly/file-121-06.csv: Request failed with status code 406
Downloading https://landregistry.data.gov.uk/data/ppd/monthly/file-121-07.csv ...
  Error downloading https://landregistry.data.gov.uk/data/ppd/monthly/file-121-07.csv: Request failed with status code 406
Downloading https://landregistry.data.gov.uk/data/ppd/monthly/file-121-08.csv ...
  Error downloading https://landregistry.data.gov.uk/data/ppd/monthly/file-121-08.csv: Request failed with status code 406
Downloading https://landregistry.data.gov.uk/data/ppd/monthly/file-121-09.csv ...
  Error downloading https://landregistry.data.gov.uk/data/ppd/monthly/file-121-09.csv: Request failed with status code 406
Downloading https://landregistry.data.gov.uk/data/ppd/monthly/file-121-10.csv ...
  Error downloading https://landregistry.data.gov.uk/data/ppd/monthly/file-121-10.csv: Request failed with status code 406
Downloading https://landregistry.data.gov.uk/data/ppd/monthly/file-121-11.csv ...
  Error downloading https://landregistry.data.gov.uk/data/ppd/monthly/file-121-11.csv: Request failed with status code 406
Downloading https://landregistry.data.gov.uk/data/ppd/monthly/file-121-12.csv ...
  Error downloading https://landregistry.data.gov.uk/data/ppd/monthly/file-121-12.csv: Request failed with status code 406
Downloading https://landregistry.data.gov.uk/data/ppd/monthly/file-122-01.csv ...
  Error downloading https://landregistry.data.gov.uk/data/ppd/monthly/file-122-01.csv: Request failed with status code 406
Downloading https://landregistry.data.gov.uk/data/ppd/monthly/file-122-02.csv ...
  Error downloading https://landregistry.data.gov.uk/data/ppd/monthly/file-122-02.csv: Request failed with status code 406
Downloading https://landregistry.data.gov.uk/data/ppd/monthly/file-122-03.csv ...
  Error downloading https://landregistry.data.gov.uk/data/ppd/monthly/file-122-03.csv: Request failed with status code 406
Downloading https://landregistry.data.gov.uk/data/ppd/monthly/file-122-04.csv ...
  Error downloading https://landregistry.data.gov.uk/data/ppd/monthly/file-122-04.csv: Request failed with status code 406
Downloading https://landregistry.data.gov.uk/data/ppd/monthly/file-122-05.csv ...
  Error downloading https://landregistry.data.gov.uk/data/ppd/monthly/file-122-05.csv: Request failed with status code 406
Downloading https://landregistry.data.gov.uk/data/ppd/monthly/file-122-06.csv ...
  Error downloading https://landregistry.data.gov.uk/data/ppd/monthly/file-122-06.csv: Request failed with status code 406
Downloading https://landregistry.data.gov.uk/data/ppd/monthly/file-122-07.csv ...
  Error downloading https://landregistry.data.gov.uk/data/ppd/monthly/file-122-07.csv: Request failed with status code 406
Downloading https://landregistry.data.gov.uk/data/ppd/monthly/file-122-08.csv ...
  Error downloading https://landregistry.data.gov.uk/data/ppd/monthly/file-122-08.csv: Request failed with status code 406
Downloading https://landregistry.data.gov.uk/data/ppd/monthly/file-122-09.csv ...
  Error downloading https://landregistry.data.gov.uk/data/ppd/monthly/file-122-09.csv: Request failed with status code 406
Downloading https://landregistry.data.gov.uk/data/ppd/monthly/file-122-10.csv ...
  Error downloading https://landregistry.data.gov.uk/data/ppd/monthly/file-122-10.csv: Request failed with status code 406
Downloading https://landregistry.data.gov.uk/data/ppd/monthly/file-122-11.csv ...
  Error downloading https://landregistry.data.gov.uk/data/ppd/monthly/file-122-11.csv: Request failed with status code 406
Downloading https://landregistry.data.gov.uk/data/ppd/monthly/file-122-12.csv ...
  Error downloading https://landregistry.data.gov.uk/data/ppd/monthly/file-122-12.csv: Request failed with status code 406
Downloading https://landregistry.data.gov.uk/data/ppd/monthly/file-123-01.csv ...
  Error downloading https://landregistry.data.gov.uk/data/ppd/monthly/file-123-01.csv: Request failed with status code 406
Downloading https://landregistry.data.gov.uk/data/ppd/monthly/file-123-02.csv ...
  Error downloading https://landregistry.data.gov.uk/data/ppd/monthly/file-123-02.csv: Request failed with status code 406
Downloading https://landregistry.data.gov.uk/data/ppd/monthly/file-123-03.csv ...
  Error downloading https://landregistry.data.gov.uk/data/ppd/monthly/file-123-03.csv: Request failed with status code 406
Downloading https://landregistry.data.gov.uk/data/ppd/monthly/file-123-04.csv ...
  Error downloading https://landregistry.data.gov.uk/data/ppd/monthly/file-123-04.csv: Request failed with status code 406
Downloading https://landregistry.data.gov.uk/data/ppd/monthly/file-123-05.csv ...
  Error downloading https://landregistry.data.gov.uk/data/ppd/monthly/file-123-05.csv: Request failed with status code 406
Downloading https://landregistry.data.gov.uk/data/ppd/monthly/file-123-06.csv ...
  Error downloading https://landregistry.data.gov.uk/data/ppd/monthly/file-123-06.csv: Request failed with status code 406
Downloading https://landregistry.data.gov.uk/data/ppd/monthly/file-123-07.csv ...
  Error downloading https://landregistry.data.gov.uk/data/ppd/monthly/file-123-07.csv: Request failed with status code 406
Downloading https://landregistry.data.gov.uk/data/ppd/monthly/file-123-08.csv ...
  Error downloading https://landregistry.data.gov.uk/data/ppd/monthly/file-123-08.csv: Request failed with status code 406
Downloading https://landregistry.data.gov.uk/data/ppd/monthly/file-123-09.csv ...
  Error downloading https://landregistry.data.gov.uk/data/ppd/monthly/file-123-09.csv: Request failed with status code 406
Downloading https://landregistry.data.gov.uk/data/ppd/monthly/file-123-10.csv ...
  Error downloading https://landregistry.data.gov.uk/data/ppd/monthly/file-123-10.csv: Request failed with status code 406
Downloading https://landregistry.data.gov.uk/data/ppd/monthly/file-123-11.csv ...
  Error downloading https://landregistry.data.gov.uk/data/ppd/monthly/file-123-11.csv: Request failed with status code 406
Downloading https://landregistry.data.gov.uk/data/ppd/monthly/file-123-12.csv ...
  Error downloading https://landregistry.data.gov.uk/data/ppd/monthly/file-123-12.csv: Request failed with status code 406
Downloading https://landregistry.data.gov.uk/data/ppd/monthly/file-124-01.csv ...
  Error downloading https://landregistry.data.gov.uk/data/ppd/monthly/file-124-01.csv: Request failed with status code 406
Downloading https://landregistry.data.gov.uk/data/ppd/monthly/file-124-02.csv ...
  Error downloading https://landregistry.data.gov.uk/data/ppd/monthly/file-124-02.csv: Request failed with status code 406
Downloading https://landregistry.data.gov.uk/data/ppd/monthly/file-124-03.csv ...
  Error downloading https://landregistry.data.gov.uk/data/ppd/monthly/file-124-03.csv: Request failed with status code 406
Downloading https://landregistry.data.gov.uk/data/ppd/monthly/file-124-04.csv ...
  Error downloading https://landregistry.data.gov.uk/data/ppd/monthly/file-124-04.csv: Request failed with status code 406
Downloading https://landregistry.data.gov.uk/data/ppd/monthly/file-124-05.csv ...
  Error downloading https://landregistry.data.gov.uk/data/ppd/monthly/file-124-05.csv: Request failed with status code 406
Downloading https://landregistry.data.gov.uk/data/ppd/monthly/file-124-06.csv ...
  Error downloading https://landregistry.data.gov.uk/data/ppd/monthly/file-124-06.csv: Request failed with status code 406
Downloading https://landregistry.data.gov.uk/data/ppd/monthly/file-124-07.csv ...
  Error downloading https://landregistry.data.gov.uk/data/ppd/monthly/file-124-07.csv: Request failed with status code 406
Downloading https://landregistry.data.gov.uk/data/ppd/monthly/file-124-08.csv ...
  Error downloading https://landregistry.data.gov.uk/data/ppd/monthly/file-124-08.csv: Request failed with status code 406
Downloading https://landregistry.data.gov.uk/data/ppd/monthly/file-124-09.csv ...
  Error downloading https://landregistry.data.gov.uk/data/ppd/monthly/file-124-09.csv: Request failed with status code 406
Downloading https://landregistry.data.gov.uk/data/ppd/monthly/file-124-10.csv ...
  Error downloading https://landregistry.data.gov.uk/data/ppd/monthly/file-124-10.csv: Request failed with status code 406
Downloading https://landregistry.data.gov.uk/data/ppd/monthly/file-124-11.csv ...
  Error downloading https://landregistry.data.gov.uk/data/ppd/monthly/file-124-11.csv: Request failed with status code 406
Downloading https://landregistry.data.gov.uk/data/ppd/monthly/file-124-12.csv ...
  Error downloading https://landregistry.data.gov.uk/data/ppd/monthly/file-124-12.csv: Request failed with status code 406
Downloading https://landregistry.data.gov.uk/data/ppd/monthly/file-125-01.csv ...
  Error downloading https://landregistry.data.gov.uk/data/ppd/monthly/file-125-01.csv: Request failed with status code 406
Downloading https://landregistry.data.gov.uk/data/ppd/monthly/file-125-02.csv ...
  Error downloading https://landregistry.data.gov.uk/data/ppd/monthly/file-125-02.csv: Request failed with status code 406
Downloading https://landregistry.data.gov.uk/data/ppd/monthly/file-125-03.csv ...
  Error downloading https://landregistry.data.gov.uk/data/ppd/monthly/file-125-03.csv: Request failed with status code 406
Downloading https://landregistry.data.gov.uk/data/ppd/monthly/file-125-04.csv ...
  Error downloading https://landregistry.data.gov.uk/data/ppd/monthly/file-125-04.csv: Request failed with status code 406
Downloading https://landregistry.data.gov.uk/data/ppd/monthly/file-125-05.csv ...
  Error downloading https://landregistry.data.gov.uk/data/ppd/monthly/file-125-05.csv: Request failed with status code 406
Downloading https://landregistry.data.gov.uk/data/ppd/monthly/file-125-06.csv ...
  Error downloading https://landregistry.data.gov.uk/data/ppd/monthly/file-125-06.csv: Request failed with status code 406
Downloading https://landregistry.data.gov.uk/data/ppd/monthly/file-125-07.csv ...
  Error downloading https://landregistry.data.gov.uk/data/ppd/monthly/file-125-07.csv: Request failed with status code 406
Downloading https://landregistry.data.gov.uk/data/ppd/monthly/file-125-08.csv ...
  Error downloading https://landregistry.data.gov.uk/data/ppd/monthly/file-125-08.csv: Request failed with status code 406
Downloading https://landregistry.data.gov.uk/data/ppd/monthly/file-125-09.csv ...
  Error downloading https://landregistry.data.gov.uk/data/ppd/monthly/file-125-09.csv: Request failed with status code 406
Downloading https://landregistry.data.gov.uk/data/ppd/monthly/file-125-10.csv ...
  Error downloading https://landregistry.data.gov.uk/data/ppd/monthly/file-125-10.csv: Request failed with status code 406
Downloading https://landregistry.data.gov.uk/data/ppd/monthly/file-125-11.csv ...
  Error downloading https://landregistry.data.gov.uk/data/ppd/monthly/file-125-11.csv: Request failed with status code 406
Downloading https://landregistry.data.gov.uk/data/ppd/monthly/file-125-12.csv ...
  Error downloading https://landregistry.data.gov.uk/data/ppd/monthly/file-125-12.csv: Request failed with status code 406
Downloading https://landregistry.data.gov.uk/data/ppd/monthly/file-126-01.csv ...
  Error downloading https://landregistry.data.gov.uk/data/ppd/monthly/file-126-01.csv: Request failed with status code 406
Downloading https://landregistry.data.gov.uk/data/ppd/monthly/file-126-02.csv ...
  Error downloading https://landregistry.data.gov.uk/data/ppd/monthly/file-126-02.csv: Request failed with status code 406
Downloading https://landregistry.data.gov.uk/data/ppd/monthly/file-126-03.csv ...
  Error downloading https://landregistry.data.gov.uk/data/ppd/monthly/file-126-03.csv: Request failed with status code 406
Downloading https://landregistry.data.gov.uk/data/ppd/monthly/file-126-04.csv ...
  Error downloading https://landregistry.data.gov.uk/data/ppd/monthly/file-126-04.csv: Request failed with status code 406
Downloading https://landregistry.data.gov.uk/data/ppd/monthly/file-126-05.csv ...
  Error downloading https://landregistry.data.gov.uk/data/ppd/monthly/file-126-05.csv: Request failed with status code 406
Downloading https://landregistry.data.gov.uk/data/ppd/monthly/file-126-06.csv ...
  Error downloading https://landregistry.data.gov.uk/data/ppd/monthly/file-126-06.csv: Request failed with status code 406
Downloading https://landregistry.data.gov.uk/data/ppd/monthly/file-126-07.csv ...
  Error downloading https://landregistry.data.gov.uk/data/ppd/monthly/file-126-07.csv: Request failed with status code 406
Downloading https://landregistry.data.gov.uk/data/ppd/monthly/file-126-08.csv ...
  Error downloading https://landregistry.data.gov.uk/data/ppd/monthly/file-126-08.csv: Request failed with status code 406
Downloading https://landregistry.data.gov.uk/data/ppd/monthly/file-126-09.csv ...
  Error downloading https://landregistry.data.gov.uk/data/ppd/monthly/file-126-09.csv: Request failed with status code 406
Downloading https://landregistry.data.gov.uk/data/ppd/monthly/file-126-10.csv ...
  Error downloading https://landregistry.data.gov.uk/data/ppd/monthly/file-126-10.csv: Request failed with status code 406
Downloading https://landregistry.data.gov.uk/data/ppd/monthly/file-126-11.csv ...
  Error downloading https://landregistry.data.gov.uk/data/ppd/monthly/file-126-11.csv: Request failed with status code 406
Downloading https://landregistry.data.gov.uk/data/ppd/monthly/file-126-12.csv ...
  Error downloading https://landregistry.data.gov.uk/data/ppd/monthly/file-126-12.csv: Request failed with status code 406
Downloading https://landregistry.data.gov.uk/data/ppd/monthly/file-127-01.csv ...
  Error downloading https://landregistry.data.gov.uk/data/ppd/monthly/file-127-01.csv: Request failed with status code 406
Downloading https://landregistry.data.gov.uk/data/ppd/monthly/file-127-02.csv ...
  Error downloading https://landregistry.data.gov.uk/data/ppd/monthly/file-127-02.csv: Request failed with status code 406
Downloading https://landregistry.data.gov.uk/data/ppd/monthly/file-127-03.csv ...
  Error downloading https://landregistry.data.gov.uk/data/ppd/monthly/file-127-03.csv: Request failed with status code 406
Downloading https://landregistry.data.gov.uk/data/ppd/monthly/file-127-04.csv ...
  Error downloading https://landregistry.data.gov.uk/data/ppd/monthly/file-127-04.csv: Request failed with status code 406
Downloading https://landregistry.data.gov.uk/data/ppd/monthly/file-127-05.csv ...
  Error downloading https://landregistry.data.gov.uk/data/ppd/monthly/file-127-05.csv: Request failed with status code 406
Downloading https://landregistry.data.gov.uk/data/ppd/monthly/file-127-06.csv ...
  Error downloading https://landregistry.data.gov.uk/data/ppd/monthly/file-127-06.csv: Request failed with status code 406
Downloading https://landregistry.data.gov.uk/data/ppd/monthly/file-127-07.csv ...
  Error downloading https://landregistry.data.gov.uk/data/ppd/monthly/file-127-07.csv: Request failed with status code 406
Downloading https://landregistry.data.gov.uk/data/ppd/monthly/file-127-08.csv ...
  Error downloading https://landregistry.data.gov.uk/data/ppd/monthly/file-127-08.csv: Request failed with status code 406
Downloading https://landregistry.data.gov.uk/data/ppd/monthly/file-127-09.csv ...
  Error downloading https://landregistry.data.gov.uk/data/ppd/monthly/file-127-09.csv: Request failed with status code 406
Downloading https://landregistry.data.gov.uk/data/ppd/monthly/file-127-10.csv ...
  Error downloading https://landregistry.data.gov.uk/data/ppd/monthly/file-127-10.csv: Request failed with status code 406
Downloading https://landregistry.data.gov.uk/data/ppd/monthly/file-127-11.csv ...
  Error downloading https://landregistry.data.gov.uk/data/ppd/monthly/file-127-11.csv: Request failed with status code 406
Downloading https://landregistry.data.gov.uk/data/ppd/monthly/file-127-12.csv ...
  Error downloading https://landregistry.data.gov.uk/data/ppd/monthly/file-127-12.csv: Request failed with status code 406
Downloading https://landregistry.data.gov.uk/data/ppd/monthly/file-128-01.csv ...
  Error downloading https://landregistry.data.gov.uk/data/ppd/monthly/file-128-01.csv: Request failed with status code 406
Downloading https://landregistry.data.gov.uk/data/ppd/monthly/file-128-02.csv ...
  Error downloading https://landregistry.data.gov.uk/data/ppd/monthly/file-128-02.csv: Request failed with status code 406
Downloading https://landregistry.data.gov.uk/data/ppd/monthly/file-128-03.csv ...
  Error downloading https://landregistry.data.gov.uk/data/ppd/monthly/file-128-03.csv: Request failed with status code 406
Downloading https://landregistry.data.gov.uk/data/ppd/monthly/file-128-04.csv ...
  Error downloading https://landregistry.data.gov.uk/data/ppd/monthly/file-128-04.csv: Request failed with status code 406
Downloading https://landregistry.data.gov.uk/data/ppd/monthly/file-128-05.csv ...
  Error downloading https://landregistry.data.gov.uk/data/ppd/monthly/file-128-05.csv: Request failed with status code 406
Downloading https://landregistry.data.gov.uk/data/ppd/monthly/file-128-06.csv ...
  Error downloading https://landregistry.data.gov.uk/data/ppd/monthly/file-128-06.csv: Request failed with status code 406
Downloading https://landregistry.data.gov.uk/data/ppd/monthly/file-128-07.csv ...
  Error downloading https://landregistry.data.gov.uk/data/ppd/monthly/file-128-07.csv: Request failed with status code 406
Downloading https://landregistry.data.gov.uk/data/ppd/monthly/file-128-08.csv ...
  Error downloading https://landregistry.data.gov.uk/data/ppd/monthly/file-128-08.csv: Request failed with status code 406
Downloading https://landregistry.data.gov.uk/data/ppd/monthly/file-128-09.csv ...
  Error downloading https://landregistry.data.gov.uk/data/ppd/monthly/file-128-09.csv: Request failed with status code 406
Downloading https://landregistry.data.gov.uk/data/ppd/monthly/file-128-10.csv ...
  Error downloading https://landregistry.data.gov.uk/data/ppd/monthly/file-128-10.csv: Request failed with status code 406
Downloading https://landregistry.data.gov.uk/data/ppd/monthly/file-128-11.csv ...
  Error downloading https://landregistry.data.gov.uk/data/ppd/monthly/file-128-11.csv: Request failed with status code 406
Downloading https://landregistry.data.gov.uk/data/ppd/monthly/file-128-12.csv ...
  Error downloading https://landregistry.data.gov.uk/data/ppd/monthly/file-128-12.csv: Request failed with status code 406
Downloading https://landregistry.data.gov.uk/data/ppd/monthly/file-129-01.csv ...
  Error downloading https://landregistry.data.gov.uk/data/ppd/monthly/file-129-01.csv: Request failed with status code 406
Downloading https://landregistry.data.gov.uk/data/ppd/monthly/file-129-02.csv ...
  Error downloading https://landregistry.data.gov.uk/data/ppd/monthly/file-129-02.csv: Request failed with status code 406
Downloading https://landregistry.data.gov.uk/data/ppd/monthly/file-129-03.csv ...
  Error downloading https://landregistry.data.gov.uk/data/ppd/monthly/file-129-03.csv: Request failed with status code 406
Downloading https://landregistry.data.gov.uk/data/ppd/monthly/file-129-04.csv ...
  Error downloading https://landregistry.data.gov.uk/data/ppd/monthly/file-129-04.csv: Request failed with status code 406
Downloading https://landregistry.data.gov.uk/data/ppd/monthly/file-129-05.csv ...
  Error downloading https://landregistry.data.gov.uk/data/ppd/monthly/file-129-05.csv: Request failed with status code 406
Downloading https://landregistry.data.gov.uk/data/ppd/monthly/file-129-06.csv ...
  Error downloading https://landregistry.data.gov.uk/data/ppd/monthly/file-129-06.csv: Request failed with status code 406
Downloading https://landregistry.data.gov.uk/data/ppd/monthly/file-129-07.csv ...
  Error downloading https://landregistry.data.gov.uk/data/ppd/monthly/file-129-07.csv: Request failed with status code 406
Downloading https://landregistry.data.gov.uk/data/ppd/monthly/file-129-08.csv ...
  Error downloading https://landregistry.data.gov.uk/data/ppd/monthly/file-129-08.csv: Request failed with status code 406
Downloading https://landregistry.data.gov.uk/data/ppd/monthly/file-129-09.csv ...
  Error downloading https://landregistry.data.gov.uk/data/ppd/monthly/file-129-09.csv: Request failed with status code 406
Downloading https://landregistry.data.gov.uk/data/ppd/monthly/file-129-10.csv ...
  Error downloading https://landregistry.data.gov.uk/data/ppd/monthly/file-129-10.csv: Request failed with status code 406
Downloading https://landregistry.data.gov.uk/data/ppd/monthly/file-129-11.csv ...
  Error downloading https://landregistry.data.gov.uk/data/ppd/monthly/file-129-11.csv: Request failed with status code 406
Downloading https://landregistry.data.gov.uk/data/ppd/monthly/file-129-12.csv ...
  Error downloading https://landregistry.data.gov.uk/data/ppd/monthly/file-129-12.csv: Request failed with status code 406
Downloading https://landregistry.data.gov.uk/data/ppd/monthly/file-130-01.csv ...
  Error downloading https://landregistry.data.gov.uk/data/ppd/monthly/file-130-01.csv: Request failed with status code 406
Downloading https://landregistry.data.gov.uk/data/ppd/monthly/file-130-02.csv ...
  Error downloading https://landregistry.data.gov.uk/data/ppd/monthly/file-130-02.csv: Request failed with status code 406
Downloading https://landregistry.data.gov.uk/data/ppd/monthly/file-130-03.csv ...
  Error downloading https://landregistry.data.gov.uk/data/ppd/monthly/file-130-03.csv: Request failed with status code 406
Downloading https://landregistry.data.gov.uk/data/ppd/monthly/file-130-04.csv ...
  Error downloading https://landregistry.data.gov.uk/data/ppd/monthly/file-130-04.csv: Request failed with status code 406
Downloading https://landregistry.data.gov.uk/data/ppd/monthly/file-130-05.csv ...
  Error downloading https://landregistry.data.gov.uk/data/ppd/monthly/file-130-05.csv: Request failed with status code 406
Downloading https://landregistry.data.gov.uk/data/ppd/monthly/file-130-06.csv ...
  Error downloading https://landregistry.data.gov.uk/data/ppd/monthly/file-130-06.csv: Request failed with status code 406
Downloading https://landregistry.data.gov.uk/data/ppd/monthly/file-130-07.csv ...
  Error downloading https://landregistry.data.gov.uk/data/ppd/monthly/file-130-07.csv: Request failed with status code 406
Downloading https://landregistry.data.gov.uk/data/ppd/monthly/file-130-08.csv ...
  Error downloading https://landregistry.data.gov.uk/data/ppd/monthly/file-130-08.csv: Request failed with status code 406
Downloading https://landregistry.data.gov.uk/data/ppd/monthly/file-130-09.csv ...
  Error downloading https://landregistry.data.gov.uk/data/ppd/monthly/file-130-09.csv: Request failed with status code 406
Downloading https://landregistry.data.gov.uk/data/ppd/monthly/file-130-10.csv ...
  Error downloading https://landregistry.data.gov.uk/data/ppd/monthly/file-130-10.csv: Request failed with status code 406
Downloading https://landregistry.data.gov.uk/data/ppd/monthly/file-130-11.csv ...
  Error downloading https://landregistry.data.gov.uk/data/ppd/monthly/file-130-11.csv: Request failed with status code 406
Downloading https://landregistry.data.gov.uk/data/ppd/monthly/file-130-12.csv ...
  Error downloading https://landregistry.data.gov.uk/data/ppd/monthly/file-130-12.csv: Request failed with status code 406
Downloading https://landregistry.data.gov.uk/data/ppd/monthly/file-131-01.csv ...
  Error downloading https://landregistry.data.gov.uk/data/ppd/monthly/file-131-01.csv: Request failed with status code 406
Downloading https://landregistry.data.gov.uk/data/ppd/monthly/file-131-02.csv ...
  Error downloading https://landregistry.data.gov.uk/data/ppd/monthly/file-131-02.csv: Request failed with status code 406
Downloading https://landregistry.data.gov.uk/data/ppd/monthly/file-131-03.csv ...
  Error downloading https://landregistry.data.gov.uk/data/ppd/monthly/file-131-03.csv: Request failed with status code 406
Downloading https://landregistry.data.gov.uk/data/ppd/monthly/file-131-04.csv ...
  Error downloading https://landregistry.data.gov.uk/data/ppd/monthly/file-131-04.csv: Request failed with status code 406
Downloading https://landregistry.data.gov.uk/data/ppd/monthly/file-131-05.csv ...
  Error downloading https://landregistry.data.gov.uk/data/ppd/monthly/file-131-05.csv: Request failed with status code 406
Downloading https://landregistry.data.gov.uk/data/ppd/monthly/file-131-06.csv ...
  Error downloading https://landregistry.data.gov.uk/data/ppd/monthly/file-131-06.csv: Request failed with status code 406
Downloading https://landregistry.data.gov.uk/data/ppd/monthly/file-131-07.csv ...
  Error downloading https://landregistry.data.gov.uk/data/ppd/monthly/file-131-07.csv: Request failed with status code 406
Downloading https://landregistry.data.gov.uk/data/ppd/monthly/file-131-08.csv ...
  Error downloading https://landregistry.data.gov.uk/data/ppd/monthly/file-131-08.csv: Request failed with status code 406
Downloading https://landregistry.data.gov.uk/data/ppd/monthly/file-131-09.csv ...
  Error downloading https://landregistry.data.gov.uk/data/ppd/monthly/file-131-09.csv: Request failed with status code 406
Downloading https://landregistry.data.gov.uk/data/ppd/monthly/file-131-10.csv ...
  Error downloading https://landregistry.data.gov.uk/data/ppd/monthly/file-131-10.csv: Request failed with status code 406
Downloading https://landregistry.data.gov.uk/data/ppd/monthly/file-131-11.csv ...
  Error downloading https://landregistry.data.gov.uk/data/ppd/monthly/file-131-11.csv: Request failed with status code 406
Downloading https://landregistry.data.gov.uk/data/ppd/monthly/file-131-12.csv ...
  Error downloading https://landregistry.data.gov.uk/data/ppd/monthly/file-131-12.csv: Request failed with status code 406
Downloading https://landregistry.data.gov.uk/data/ppd/monthly/file-132-01.csv ...
  Error downloading https://landregistry.data.gov.uk/data/ppd/monthly/file-132-01.csv: Request failed with status code 406
Downloading https://landregistry.data.gov.uk/data/ppd/monthly/file-132-02.csv ...
  Error downloading https://landregistry.data.gov.uk/data/ppd/monthly/file-132-02.csv: Request failed with status code 406
Downloading https://landregistry.data.gov.uk/data/ppd/monthly/file-132-03.csv ...
  Error downloading https://landregistry.data.gov.uk/data/ppd/monthly/file-132-03.csv: Request failed with status code 406
Downloading https://landregistry.data.gov.uk/data/ppd/monthly/file-132-04.csv ...
  Error downloading https://landregistry.data.gov.uk/data/ppd/monthly/file-132-04.csv: Request failed with status code 406
Downloading https://landregistry.data.gov.uk/data/ppd/monthly/file-132-05.csv ...
  Error downloading https://landregistry.data.gov.uk/data/ppd/monthly/file-132-05.csv: Request failed with status code 406
Downloading https://landregistry.data.gov.uk/data/ppd/monthly/file-132-06.csv ...
  Error downloading https://landregistry.data.gov.uk/data/ppd/monthly/file-132-06.csv: Request failed with status code 406
Downloading https://landregistry.data.gov.uk/data/ppd/monthly/file-132-07.csv ...
  Error downloading https://landregistry.data.gov.uk/data/ppd/monthly/file-132-07.csv: Request failed with status code 406
Downloading https://landregistry.data.gov.uk/data/ppd/monthly/file-132-08.csv ...
  Error downloading https://landregistry.data.gov.uk/data/ppd/monthly/file-132-08.csv: Request failed with status code 406
Downloading https://landregistry.data.gov.uk/data/ppd/monthly/file-132-09.csv ...
  Error downloading https://landregistry.data.gov.uk/data/ppd/monthly/file-132-09.csv: Request failed with status code 406
Downloading https://landregistry.data.gov.uk/data/ppd/monthly/file-132-10.csv ...
  Error downloading https://landregistry.data.gov.uk/data/ppd/monthly/file-132-10.csv: Request failed with status code 406
Downloading https://landregistry.data.gov.uk/data/ppd/monthly/file-132-11.csv ...
  Error downloading https://landregistry.data.gov.uk/data/ppd/monthly/file-132-11.csv: Request failed with status code 406
Downloading https://landregistry.data.gov.uk/data/ppd/monthly/file-132-12.csv ...
  Error downloading https://landregistry.data.gov.uk/data/ppd/monthly/file-132-12.csv: Request failed with status code 406
Downloading https://landregistry.data.gov.uk/data/ppd/monthly/file-133-01.csv ...
  Error downloading https://landregistry.data.gov.uk/data/ppd/monthly/file-133-01.csv: Request failed with status code 406
Downloading https://landregistry.data.gov.uk/data/ppd/monthly/file-133-02.csv ...
  Error downloading https://landregistry.data.gov.uk/data/ppd/monthly/file-133-02.csv: Request failed with status code 406
Downloading https://landregistry.data.gov.uk/data/ppd/monthly/file-133-03.csv ...
  Error downloading https://landregistry.data.gov.uk/data/ppd/monthly/file-133-03.csv: Request failed with status code 406
Downloading https://landregistry.data.gov.uk/data/ppd/monthly/file-133-04.csv ...
  Error downloading https://landregistry.data.gov.uk/data/ppd/monthly/file-133-04.csv: Request failed with status code 406
Downloading https://landregistry.data.gov.uk/data/ppd/monthly/file-133-05.csv ...
  Error downloading https://landregistry.data.gov.uk/data/ppd/monthly/file-133-05.csv: Request failed with status code 406
Downloading https://landregistry.data.gov.uk/data/ppd/monthly/file-133-06.csv ...
  Error downloading https://landregistry.data.gov.uk/data/ppd/monthly/file-133-06.csv: Request failed with status code 406
Downloading https://landregistry.data.gov.uk/data/ppd/monthly/file-133-07.csv ...
  Error downloading https://landregistry.data.gov.uk/data/ppd/monthly/file-133-07.csv: Request failed with status code 406
Downloading https://landregistry.data.gov.uk/data/ppd/monthly/file-133-08.csv ...
  Error downloading https://landregistry.data.gov.uk/data/ppd/monthly/file-133-08.csv: Request failed with status code 406
Downloading https://landregistry.data.gov.uk/data/ppd/monthly/file-133-09.csv ...
  Error downloading https://landregistry.data.gov.uk/data/ppd/monthly/file-133-09.csv: Request failed with status code 406
Downloading https://landregistry.data.gov.uk/data/ppd/monthly/file-133-10.csv ...
  Error downloading https://landregistry.data.gov.uk/data/ppd/monthly/file-133-10.csv: Request failed with status code 406
Downloading https://landregistry.data.gov.uk/data/ppd/monthly/file-133-11.csv ...
  Error downloading https://landregistry.data.gov.uk/data/ppd/monthly/file-133-11.csv: Request failed with status code 406
Downloading https://landregistry.data.gov.uk/data/ppd/monthly/file-133-12.csv ...
  Error downloading https://landregistry.data.gov.uk/data/ppd/monthly/file-133-12.csv: Request failed with status code 406
Downloading https://landregistry.data.gov.uk/data/ppd/monthly/file-134-01.csv ...
  Error downloading https://landregistry.data.gov.uk/data/ppd/monthly/file-134-01.csv: Request failed with status code 406
Downloading https://landregistry.data.gov.uk/data/ppd/monthly/file-134-02.csv ...
  Error downloading https://landregistry.data.gov.uk/data/ppd/monthly/file-134-02.csv: Request failed with status code 406
Downloading https://landregistry.data.gov.uk/data/ppd/monthly/file-134-03.csv ...
  Error downloading https://landregistry.data.gov.uk/data/ppd/monthly/file-134-03.csv: Request failed with status code 406
Downloading https://landregistry.data.gov.uk/data/ppd/monthly/file-134-04.csv ...
  Error downloading https://landregistry.data.gov.uk/data/ppd/monthly/file-134-04.csv: Request failed with status code 406
Downloading https://landregistry.data.gov.uk/data/ppd/monthly/file-134-05.csv ...
  Error downloading https://landregistry.data.gov.uk/data/ppd/monthly/file-134-05.csv: Request failed with status code 406
Downloading https://landregistry.data.gov.uk/data/ppd/monthly/file-134-06.csv ...
  Error downloading https://landregistry.data.gov.uk/data/ppd/monthly/file-134-06.csv: Request failed with status code 406
Downloading https://landregistry.data.gov.uk/data/ppd/monthly/file-134-07.csv ...
  Error downloading https://landregistry.data.gov.uk/data/ppd/monthly/file-134-07.csv: Request failed with status code 406
Downloading https://landregistry.data.gov.uk/data/ppd/monthly/file-134-08.csv ...
  Error downloading https://landregistry.data.gov.uk/data/ppd/monthly/file-134-08.csv: Request failed with status code 406
Downloading https://landregistry.data.gov.uk/data/ppd/monthly/file-134-09.csv ...
  Error downloading https://landregistry.data.gov.uk/data/ppd/monthly/file-134-09.csv: Request failed with status code 406
Downloading https://landregistry.data.gov.uk/data/ppd/monthly/file-134-10.csv ...
  Error downloading https://landregistry.data.gov.uk/data/ppd/monthly/file-134-10.csv: Request failed with status code 406
Downloading https://landregistry.data.gov.uk/data/ppd/monthly/file-134-11.csv ...
  Error downloading https://landregistry.data.gov.uk/data/ppd/monthly/file-134-11.csv: Request failed with status code 406
Downloading https://landregistry.data.gov.uk/data/ppd/monthly/file-134-12.csv ...
  Error downloading https://landregistry.data.gov.uk/data/ppd/monthly/file-134-12.csv: Request failed with status code 406
Downloading https://landregistry.data.gov.uk/data/ppd/monthly/file-135-01.csv ...
  Error downloading https://landregistry.data.gov.uk/data/ppd/monthly/file-135-01.csv: Request failed with status code 406
Downloading https://landregistry.data.gov.uk/data/ppd/monthly/file-135-02.csv ...
  Error downloading https://landregistry.data.gov.uk/data/ppd/monthly/file-135-02.csv: Request failed with status code 406
Downloading https://landregistry.data.gov.uk/data/ppd/monthly/file-135-03.csv ...
  Error downloading https://landregistry.data.gov.uk/data/ppd/monthly/file-135-03.csv: Request failed with status code 406
Downloading https://landregistry.data.gov.uk/data/ppd/monthly/file-135-04.csv ...
  Error downloading https://landregistry.data.gov.uk/data/ppd/monthly/file-135-04.csv: Request failed with status code 406
Downloading https://landregistry.data.gov.uk/data/ppd/monthly/file-135-05.csv ...
  Error downloading https://landregistry.data.gov.uk/data/ppd/monthly/file-135-05.csv: Request failed with status code 406
Downloading https://landregistry.data.gov.uk/data/ppd/monthly/file-135-06.csv ...
  Error downloading https://landregistry.data.gov.uk/data/ppd/monthly/file-135-06.csv: Request failed with status code 406
Downloading https://landregistry.data.gov.uk/data/ppd/monthly/file-135-07.csv ...
  Error downloading https://landregistry.data.gov.uk/data/ppd/monthly/file-135-07.csv: Request failed with status code 406
Downloading https://landregistry.data.gov.uk/data/ppd/monthly/file-135-08.csv ...
  Error downloading https://landregistry.data.gov.uk/data/ppd/monthly/file-135-08.csv: Request failed with status code 406
Downloading https://landregistry.data.gov.uk/data/ppd/monthly/file-135-09.csv ...
  Error downloading https://landregistry.data.gov.uk/data/ppd/monthly/file-135-09.csv: Request failed with status code 406
Downloading https://landregistry.data.gov.uk/data/ppd/monthly/file-135-10.csv ...
  Error downloading https://landregistry.data.gov.uk/data/ppd/monthly/file-135-10.csv: Request failed with status code 406
Downloading https://landregistry.data.gov.uk/data/ppd/monthly/file-135-11.csv ...
  Error downloading https://landregistry.data.gov.uk/data/ppd/monthly/file-135-11.csv: Request failed with status code 406
Downloading https://landregistry.data.gov.uk/data/ppd/monthly/file-135-12.csv ...
  Error downloading https://landregistry.data.gov.uk/data/ppd/monthly/file-135-12.csv: Request failed with status code 406
Downloading https://landregistry.data.gov.uk/data/ppd/monthly/file-136-01.csv ...
  Error downloading https://landregistry.data.gov.uk/data/ppd/monthly/file-136-01.csv: Request failed with status code 406
Downloading https://landregistry.data.gov.uk/data/ppd/monthly/file-136-02.csv ...
  Error downloading https://landregistry.data.gov.uk/data/ppd/monthly/file-136-02.csv: Request failed with status code 406
Downloading https://landregistry.data.gov.uk/data/ppd/monthly/file-136-03.csv ...
  Error downloading https://landregistry.data.gov.uk/data/ppd/monthly/file-136-03.csv: Request failed with status code 406
Downloading https://landregistry.data.gov.uk/data/ppd/monthly/file-136-04.csv ...
  Error downloading https://landregistry.data.gov.uk/data/ppd/monthly/file-136-04.csv: Request failed with status code 406
Downloading https://landregistry.data.gov.uk/data/ppd/monthly/file-136-05.csv ...
  Error downloading https://landregistry.data.gov.uk/data/ppd/monthly/file-136-05.csv: Request failed with status code 406
Downloading https://landregistry.data.gov.uk/data/ppd/monthly/file-136-06.csv ...
  Error downloading https://landregistry.data.gov.uk/data/ppd/monthly/file-136-06.csv: Request failed with status code 406
Downloading https://landregistry.data.gov.uk/data/ppd/monthly/file-136-07.csv ...
  Error downloading https://landregistry.data.gov.uk/data/ppd/monthly/file-136-07.csv: Request failed with status code 406
Downloading https://landregistry.data.gov.uk/data/ppd/monthly/file-136-08.csv ...
  Error downloading https://landregistry.data.gov.uk/data/ppd/monthly/file-136-08.csv: Request failed with status code 406
Downloading https://landregistry.data.gov.uk/data/ppd/monthly/file-136-09.csv ...
  Error downloading https://landregistry.data.gov.uk/data/ppd/monthly/file-136-09.csv: Request failed with status code 406
Downloading https://landregistry.data.gov.uk/data/ppd/monthly/file-136-10.csv ...
  Error downloading https://landregistry.data.gov.uk/data/ppd/monthly/file-136-10.csv: Request failed with status code 406
Downloading https://landregistry.data.gov.uk/data/ppd/monthly/file-136-11.csv ...
  Error downloading https://landregistry.data.gov.uk/data/ppd/monthly/file-136-11.csv: Request failed with status code 406
Downloading https://landregistry.data.gov.uk/data/ppd/monthly/file-136-12.csv ...
  Error downloading https://landregistry.data.gov.uk/data/ppd/monthly/file-136-12.csv: Request failed with status code 406
Downloading https://landregistry.data.gov.uk/data/ppd/monthly/file-137-01.csv ...
  Error downloading https://landregistry.data.gov.uk/data/ppd/monthly/file-137-01.csv: Request failed with status code 406
Downloading https://landregistry.data.gov.uk/data/ppd/monthly/file-137-02.csv ...
  Error downloading https://landregistry.data.gov.uk/data/ppd/monthly/file-137-02.csv: Request failed with status code 406
Downloading https://landregistry.data.gov.uk/data/ppd/monthly/file-137-03.csv ...
  Error downloading https://landregistry.data.gov.uk/data/ppd/monthly/file-137-03.csv: Request failed with status code 406
Downloading https://landregistry.data.gov.uk/data/ppd/monthly/file-137-04.csv ...
  Error downloading https://landregistry.data.gov.uk/data/ppd/monthly/file-137-04.csv: Request failed with status code 406
Downloading https://landregistry.data.gov.uk/data/ppd/monthly/file-137-05.csv ...
  Error downloading https://landregistry.data.gov.uk/data/ppd/monthly/file-137-05.csv: Request failed with status code 406
Downloading https://landregistry.data.gov.uk/data/ppd/monthly/file-137-06.csv ...
  Error downloading https://landregistry.data.gov.uk/data/ppd/monthly/file-137-06.csv: Request failed with status code 406
Downloading https://landregistry.data.gov.uk/data/ppd/monthly/file-137-07.csv ...
  Error downloading https://landregistry.data.gov.uk/data/ppd/monthly/file-137-07.csv: Request failed with status code 406
Downloading https://landregistry.data.gov.uk/data/ppd/monthly/file-137-08.csv ...
  Error downloading https://landregistry.data.gov.uk/data/ppd/monthly/file-137-08.csv: Request failed with status code 406
Downloading https://landregistry.data.gov.uk/data/ppd/monthly/file-137-09.csv ...
  Error downloading https://landregistry.data.gov.uk/data/ppd/monthly/file-137-09.csv: Request failed with status code 406
Downloading https://landregistry.data.gov.uk/data/ppd/monthly/file-137-10.csv ...
  Error downloading https://landregistry.data.gov.uk/data/ppd/monthly/file-137-10.csv: Request failed with status code 406
Downloading https://landregistry.data.gov.uk/data/ppd/monthly/file-137-11.csv ...
  Error downloading https://landregistry.data.gov.uk/data/ppd/monthly/file-137-11.csv: Request failed with status code 406
Downloading https://landregistry.data.gov.uk/data/ppd/monthly/file-137-12.csv ...
  Error downloading https://landregistry.data.gov.uk/data/ppd/monthly/file-137-12.csv: Request failed with status code 406
Downloading https://landregistry.data.gov.uk/data/ppd/monthly/file-138-01.csv ...
  Error downloading https://landregistry.data.gov.uk/data/ppd/monthly/file-138-01.csv: Request failed with status code 406
Downloading https://landregistry.data.gov.uk/data/ppd/monthly/file-138-02.csv ...
  Error downloading https://landregistry.data.gov.uk/data/ppd/monthly/file-138-02.csv: Request failed with status code 406
Downloading https://landregistry.data.gov.uk/data/ppd/monthly/file-138-03.csv ...
  Error downloading https://landregistry.data.gov.uk/data/ppd/monthly/file-138-03.csv: Request failed with status code 406
Downloading https://landregistry.data.gov.uk/data/ppd/monthly/file-138-04.csv ...
  Error downloading https://landregistry.data.gov.uk/data/ppd/monthly/file-138-04.csv: Request failed with status code 406
Downloading https://landregistry.data.gov.uk/data/ppd/monthly/file-138-05.csv ...
  Error downloading https://landregistry.data.gov.uk/data/ppd/monthly/file-138-05.csv: Request failed with status code 406
Downloading https://landregistry.data.gov.uk/data/ppd/monthly/file-138-06.csv ...
  Error downloading https://landregistry.data.gov.uk/data/ppd/monthly/file-138-06.csv: Request failed with status code 406
Downloading https://landregistry.data.gov.uk/data/ppd/monthly/file-138-07.csv ...
  Error downloading https://landregistry.data.gov.uk/data/ppd/monthly/file-138-07.csv: Request failed with status code 406
Downloading https://landregistry.data.gov.uk/data/ppd/monthly/file-138-08.csv ...
  Error downloading https://landregistry.data.gov.uk/data/ppd/monthly/file-138-08.csv: Request failed with status code 406
Downloading https://landregistry.data.gov.uk/data/ppd/monthly/file-138-09.csv ...
  Error downloading https://landregistry.data.gov.uk/data/ppd/monthly/file-138-09.csv: Request failed with status code 406
Downloading https://landregistry.data.gov.uk/data/ppd/monthly/file-138-10.csv ...
  Error downloading https://landregistry.data.gov.uk/data/ppd/monthly/file-138-10.csv: Request failed with status code 406
Downloading https://landregistry.data.gov.uk/data/ppd/monthly/file-138-11.csv ...
  Error downloading https://landregistry.data.gov.uk/data/ppd/monthly/file-138-11.csv: Request failed with status code 406
Downloading https://landregistry.data.gov.uk/data/ppd/monthly/file-138-12.csv ...
  Error downloading https://landregistry.data.gov.uk/data/ppd/monthly/file-138-12.csv: Request failed with status code 406
Downloading https://landregistry.data.gov.uk/data/ppd/monthly/file-139-01.csv ...
  Error downloading https://landregistry.data.gov.uk/data/ppd/monthly/file-139-01.csv: Request failed with status code 406
Downloading https://landregistry.data.gov.uk/data/ppd/monthly/file-139-02.csv ...
  Error downloading https://landregistry.data.gov.uk/data/ppd/monthly/file-139-02.csv: Request failed with status code 406
Downloading https://landregistry.data.gov.uk/data/ppd/monthly/file-139-03.csv ...
  Error downloading https://landregistry.data.gov.uk/data/ppd/monthly/file-139-03.csv: Request failed with status code 406
Downloading https://landregistry.data.gov.uk/data/ppd/monthly/file-139-04.csv ...
  Error downloading https://landregistry.data.gov.uk/data/ppd/monthly/file-139-04.csv: Request failed with status code 406
Downloading https://landregistry.data.gov.uk/data/ppd/monthly/file-139-05.csv ...
  Error downloading https://landregistry.data.gov.uk/data/ppd/monthly/file-139-05.csv: Request failed with status code 406
Downloading https://landregistry.data.gov.uk/data/ppd/monthly/file-139-06.csv ...
  Error downloading https://landregistry.data.gov.uk/data/ppd/monthly/file-139-06.csv: Request failed with status code 406
Downloading https://landregistry.data.gov.uk/data/ppd/monthly/file-139-07.csv ...
  Error downloading https://landregistry.data.gov.uk/data/ppd/monthly/file-139-07.csv: Request failed with status code 406
Downloading https://landregistry.data.gov.uk/data/ppd/monthly/file-139-08.csv ...
  Error downloading https://landregistry.data.gov.uk/data/ppd/monthly/file-139-08.csv: Request failed with status code 406
Downloading https://landregistry.data.gov.uk/data/ppd/monthly/file-139-09.csv ...
  Error downloading https://landregistry.data.gov.uk/data/ppd/monthly/file-139-09.csv: Request failed with status code 406
Downloading https://landregistry.data.gov.uk/data/ppd/monthly/file-139-10.csv ...
  Error downloading https://landregistry.data.gov.uk/data/ppd/monthly/file-139-10.csv: Request failed with status code 406
Downloading https://landregistry.data.gov.uk/data/ppd/monthly/file-139-11.csv ...
  Error downloading https://landregistry.data.gov.uk/data/ppd/monthly/file-139-11.csv: Request failed with status code 406
Downloading https://landregistry.data.gov.uk/data/ppd/monthly/file-139-12.csv ...
  Error downloading https://landregistry.data.gov.uk/data/ppd/monthly/file-139-12.csv: Request failed with status code 406
Downloading https://landregistry.data.gov.uk/data/ppd/monthly/file-140-01.csv ...
  Error downloading https://landregistry.data.gov.uk/data/ppd/monthly/file-140-01.csv: Request failed with status code 406
Downloading https://landregistry.data.gov.uk/data/ppd/monthly/file-140-02.csv ...
  Error downloading https://landregistry.data.gov.uk/data/ppd/monthly/file-140-02.csv: Request failed with status code 406
Downloading https://landregistry.data.gov.uk/data/ppd/monthly/file-140-03.csv ...
  Error downloading https://landregistry.data.gov.uk/data/ppd/monthly/file-140-03.csv: Request failed with status code 406
Downloading https://landregistry.data.gov.uk/data/ppd/monthly/file-140-04.csv ...
  Error downloading https://landregistry.data.gov.uk/data/ppd/monthly/file-140-04.csv: Request failed with status code 406
Downloading https://landregistry.data.gov.uk/data/ppd/monthly/file-140-05.csv ...
  Error downloading https://landregistry.data.gov.uk/data/ppd/monthly/file-140-05.csv: Request failed with status code 406
Downloading https://landregistry.data.gov.uk/data/ppd/monthly/file-140-06.csv ...
  Error downloading https://landregistry.data.gov.uk/data/ppd/monthly/file-140-06.csv: Request failed with status code 406
Downloading https://landregistry.data.gov.uk/data/ppd/monthly/file-140-07.csv ...
  Error downloading https://landregistry.data.gov.uk/data/ppd/monthly/file-140-07.csv: Request failed with status code 406
Downloading https://landregistry.data.gov.uk/data/ppd/monthly/file-140-08.csv ...
  Error downloading https://landregistry.data.gov.uk/data/ppd/monthly/file-140-08.csv: Request failed with status code 406
Downloading https://landregistry.data.gov.uk/data/ppd/monthly/file-140-09.csv ...
  Error downloading https://landregistry.data.gov.uk/data/ppd/monthly/file-140-09.csv: Request failed with status code 406
Downloading https://landregistry.data.gov.uk/data/ppd/monthly/file-140-10.csv ...
  Error downloading https://landregistry.data.gov.uk/data/ppd/monthly/file-140-10.csv: Request failed with status code 406
Downloading https://landregistry.data.gov.uk/data/ppd/monthly/file-140-11.csv ...
  Error downloading https://landregistry.data.gov.uk/data/ppd/monthly/file-140-11.csv: Request failed with status code 406
Downloading https://landregistry.data.gov.uk/data/ppd/monthly/file-140-12.csv ...
  Error downloading https://landregistry.data.gov.uk/data/ppd/monthly/file-140-12.csv: Request failed with status code 406
Downloading https://landregistry.data.gov.uk/data/ppd/monthly/file-141-01.csv ...
  Error downloading https://landregistry.data.gov.uk/data/ppd/monthly/file-141-01.csv: Request failed with status code 406
Downloading https://landregistry.data.gov.uk/data/ppd/monthly/file-141-02.csv ...
  Error downloading https://landregistry.data.gov.uk/data/ppd/monthly/file-141-02.csv: Request failed with status code 406
Downloading https://landregistry.data.gov.uk/data/ppd/monthly/file-141-03.csv ...
  Error downloading https://landregistry.data.gov.uk/data/ppd/monthly/file-141-03.csv: Request failed with status code 406
Downloading https://landregistry.data.gov.uk/data/ppd/monthly/file-141-04.csv ...
  Error downloading https://landregistry.data.gov.uk/data/ppd/monthly/file-141-04.csv: Request failed with status code 406
Downloading https://landregistry.data.gov.uk/data/ppd/monthly/file-141-05.csv ...
  Error downloading https://landregistry.data.gov.uk/data/ppd/monthly/file-141-05.csv: Request failed with status code 406
Downloading https://landregistry.data.gov.uk/data/ppd/monthly/file-141-06.csv ...
  Error downloading https://landregistry.data.gov.uk/data/ppd/monthly/file-141-06.csv: Request failed with status code 406
Downloading https://landregistry.data.gov.uk/data/ppd/monthly/file-141-07.csv ...
  Error downloading https://landregistry.data.gov.uk/data/ppd/monthly/file-141-07.csv: Request failed with status code 406
Downloading https://landregistry.data.gov.uk/data/ppd/monthly/file-141-08.csv ...
  Error downloading https://landregistry.data.gov.uk/data/ppd/monthly/file-141-08.csv: Request failed with status code 406
Downloading https://landregistry.data.gov.uk/data/ppd/monthly/file-141-09.csv ...
  Error downloading https://landregistry.data.gov.uk/data/ppd/monthly/file-141-09.csv: Request failed with status code 406
Downloading https://landregistry.data.gov.uk/data/ppd/monthly/file-141-10.csv ...
  Error downloading https://landregistry.data.gov.uk/data/ppd/monthly/file-141-10.csv: Request failed with status code 406
Downloading https://landregistry.data.gov.uk/data/ppd/monthly/file-141-11.csv ...
  Error downloading https://landregistry.data.gov.uk/data/ppd/monthly/file-141-11.csv: Request failed with status code 406
Downloading https://landregistry.data.gov.uk/data/ppd/monthly/file-141-12.csv ...
  Error downloading https://landregistry.data.gov.uk/data/ppd/monthly/file-141-12.csv: Request failed with status code 406
Downloading https://landregistry.data.gov.uk/data/ppd/monthly/file-142-01.csv ...
  Error downloading https://landregistry.data.gov.uk/data/ppd/monthly/file-142-01.csv: Request failed with status code 406
Downloading https://landregistry.data.gov.uk/data/ppd/monthly/file-142-02.csv ...
  Error downloading https://landregistry.data.gov.uk/data/ppd/monthly/file-142-02.csv: Request failed with status code 406
Downloading https://landregistry.data.gov.uk/data/ppd/monthly/file-142-03.csv ...
  Error downloading https://landregistry.data.gov.uk/data/ppd/monthly/file-142-03.csv: Request failed with status code 406
Downloading https://landregistry.data.gov.uk/data/ppd/monthly/file-142-04.csv ...
  Error downloading https://landregistry.data.gov.uk/data/ppd/monthly/file-142-04.csv: Request failed with status code 406
Downloading https://landregistry.data.gov.uk/data/ppd/monthly/file-142-05.csv ...
  Error downloading https://landregistry.data.gov.uk/data/ppd/monthly/file-142-05.csv: Request failed with status code 406
Downloading https://landregistry.data.gov.uk/data/ppd/monthly/file-142-06.csv ...
  Error downloading https://landregistry.data.gov.uk/data/ppd/monthly/file-142-06.csv: Request failed with status code 406
Downloading https://landregistry.data.gov.uk/data/ppd/monthly/file-142-07.csv ...
  Error downloading https://landregistry.data.gov.uk/data/ppd/monthly/file-142-07.csv: Request failed with status code 406
Downloading https://landregistry.data.gov.uk/data/ppd/monthly/file-142-08.csv ...
  Error downloading https://landregistry.data.gov.uk/data/ppd/monthly/file-142-08.csv: Request failed with status code 406
Downloading https://landregistry.data.gov.uk/data/ppd/monthly/file-142-09.csv ...
  Error downloading https://landregistry.data.gov.uk/data/ppd/monthly/file-142-09.csv: Request failed with status code 406
Downloading https://landregistry.data.gov.uk/data/ppd/monthly/file-142-10.csv ...
  Error downloading https://landregistry.data.gov.uk/data/ppd/monthly/file-142-10.csv: Request failed with status code 406
Downloading https://landregistry.data.gov.uk/data/ppd/monthly/file-142-11.csv ...
  Error downloading https://landregistry.data.gov.uk/data/ppd/monthly/file-142-11.csv: Request failed with status code 406
Downloading https://landregistry.data.gov.uk/data/ppd/monthly/file-142-12.csv ...
  Error downloading https://landregistry.data.gov.uk/data/ppd/monthly/file-142-12.csv: Request failed with status code 406
Downloading https://landregistry.data.gov.uk/data/ppd/monthly/file-143-01.csv ...
  Error downloading https://landregistry.data.gov.uk/data/ppd/monthly/file-143-01.csv: Request failed with status code 406
Downloading https://landregistry.data.gov.uk/data/ppd/monthly/file-143-02.csv ...
  Error downloading https://landregistry.data.gov.uk/data/ppd/monthly/file-143-02.csv: Request failed with status code 406
Downloading https://landregistry.data.gov.uk/data/ppd/monthly/file-143-03.csv ...
  Error downloading https://landregistry.data.gov.uk/data/ppd/monthly/file-143-03.csv: Request failed with status code 406
Downloading https://landregistry.data.gov.uk/data/ppd/monthly/file-143-04.csv ...
  Error downloading https://landregistry.data.gov.uk/data/ppd/monthly/file-143-04.csv: Request failed with status code 406
Downloading https://landregistry.data.gov.uk/data/ppd/monthly/file-143-05.csv ...
  Error downloading https://landregistry.data.gov.uk/data/ppd/monthly/file-143-05.csv: Request failed with status code 406
Downloading https://landregistry.data.gov.uk/data/ppd/monthly/file-143-06.csv ...
  Error downloading https://landregistry.data.gov.uk/data/ppd/monthly/file-143-06.csv: Request failed with status code 406
Downloading https://landregistry.data.gov.uk/data/ppd/monthly/file-143-07.csv ...
  Error downloading https://landregistry.data.gov.uk/data/ppd/monthly/file-143-07.csv: Request failed with status code 406
Downloading https://landregistry.data.gov.uk/data/ppd/monthly/file-143-08.csv ...
  Error downloading https://landregistry.data.gov.uk/data/ppd/monthly/file-143-08.csv: Request failed with status code 406
Downloading https://landregistry.data.gov.uk/data/ppd/monthly/file-143-09.csv ...
  Error downloading https://landregistry.data.gov.uk/data/ppd/monthly/file-143-09.csv: Request failed with status code 406
Downloading https://landregistry.data.gov.uk/data/ppd/monthly/file-143-10.csv ...
  Error downloading https://landregistry.data.gov.uk/data/ppd/monthly/file-143-10.csv: Request failed with status code 406
Downloading https://landregistry.data.gov.uk/data/ppd/monthly/file-143-11.csv ...
  Error downloading https://landregistry.data.gov.uk/data/ppd/monthly/file-143-11.csv: Request failed with status code 406
Downloading https://landregistry.data.gov.uk/data/ppd/monthly/file-143-12.csv ...
  Error downloading https://landregistry.data.gov.uk/data/ppd/monthly/file-143-12.csv: Request failed with status code 406
Downloading https://landregistry.data.gov.uk/data/ppd/monthly/file-144-01.csv ...
  Error downloading https://landregistry.data.gov.uk/data/ppd/monthly/file-144-01.csv: Request failed with status code 406
Downloading https://landregistry.data.gov.uk/data/ppd/monthly/file-144-02.csv ...
  Error downloading https://landregistry.data.gov.uk/data/ppd/monthly/file-144-02.csv: Request failed with status code 406
Downloading https://landregistry.data.gov.uk/data/ppd/monthly/file-144-03.csv ...
  Error downloading https://landregistry.data.gov.uk/data/ppd/monthly/file-144-03.csv: Request failed with status code 406
Downloading https://landregistry.data.gov.uk/data/ppd/monthly/file-144-04.csv ...
  Error downloading https://landregistry.data.gov.uk/data/ppd/monthly/file-144-04.csv: Request failed with status code 406
Downloading https://landregistry.data.gov.uk/data/ppd/monthly/file-144-05.csv ...
  Error downloading https://landregistry.data.gov.uk/data/ppd/monthly/file-144-05.csv: Request failed with status code 406
Downloading https://landregistry.data.gov.uk/data/ppd/monthly/file-144-06.csv ...
  Error downloading https://landregistry.data.gov.uk/data/ppd/monthly/file-144-06.csv: Request failed with status code 406
Downloading https://landregistry.data.gov.uk/data/ppd/monthly/file-144-07.csv ...
  Error downloading https://landregistry.data.gov.uk/data/ppd/monthly/file-144-07.csv: Request failed with status code 406
Downloading https://landregistry.data.gov.uk/data/ppd/monthly/file-144-08.csv ...
  Error downloading https://landregistry.data.gov.uk/data/ppd/monthly/file-144-08.csv: Request failed with status code 406
Downloading https://landregistry.data.gov.uk/data/ppd/monthly/file-144-09.csv ...
  Error downloading https://landregistry.data.gov.uk/data/ppd/monthly/file-144-09.csv: Request failed with status code 406
Downloading https://landregistry.data.gov.uk/data/ppd/monthly/file-144-10.csv ...
  Error downloading https://landregistry.data.gov.uk/data/ppd/monthly/file-144-10.csv: Request failed with status code 406
Downloading https://landregistry.data.gov.uk/data/ppd/monthly/file-144-11.csv ...
  Error downloading https://landregistry.data.gov.uk/data/ppd/monthly/file-144-11.csv: Request failed with status code 406
Downloading https://landregistry.data.gov.uk/data/ppd/monthly/file-144-12.csv ...
  Error downloading https://landregistry.data.gov.uk/data/ppd/monthly/file-144-12.csv: Request failed with status code 406
Downloading https://landregistry.data.gov.uk/data/ppd/monthly/file-145-01.csv ...
  Error downloading https://landregistry.data.gov.uk/data/ppd/monthly/file-145-01.csv: Request failed with status code 406
Downloading https://landregistry.data.gov.uk/data/ppd/monthly/file-145-02.csv ...
  Error downloading https://landregistry.data.gov.uk/data/ppd/monthly/file-145-02.csv: Request failed with status code 406
Downloading https://landregistry.data.gov.uk/data/ppd/monthly/file-145-03.csv ...
  Error downloading https://landregistry.data.gov.uk/data/ppd/monthly/file-145-03.csv: Request failed with status code 406
Downloading https://landregistry.data.gov.uk/data/ppd/monthly/file-145-04.csv ...
  Error downloading https://landregistry.data.gov.uk/data/ppd/monthly/file-145-04.csv: Request failed with status code 406
Downloading https://landregistry.data.gov.uk/data/ppd/monthly/file-145-05.csv ...
  Error downloading https://landregistry.data.gov.uk/data/ppd/monthly/file-145-05.csv: Request failed with status code 406
Downloading https://landregistry.data.gov.uk/data/ppd/monthly/file-145-06.csv ...
  Error downloading https://landregistry.data.gov.uk/data/ppd/monthly/file-145-06.csv: Request failed with status code 406
Downloading https://landregistry.data.gov.uk/data/ppd/monthly/file-145-07.csv ...
  Error downloading https://landregistry.data.gov.uk/data/ppd/monthly/file-145-07.csv: Request failed with status code 406
Downloading https://landregistry.data.gov.uk/data/ppd/monthly/file-145-08.csv ...
  Error downloading https://landregistry.data.gov.uk/data/ppd/monthly/file-145-08.csv: Request failed with status code 406
Downloading https://landregistry.data.gov.uk/data/ppd/monthly/file-145-09.csv ...
  Error downloading https://landregistry.data.gov.uk/data/ppd/monthly/file-145-09.csv: Request failed with status code 406
Downloading https://landregistry.data.gov.uk/data/ppd/monthly/file-145-10.csv ...
  Error downloading https://landregistry.data.gov.uk/data/ppd/monthly/file-145-10.csv: Request failed with status code 406
Downloading https://landregistry.data.gov.uk/data/ppd/monthly/file-145-11.csv ...
  Error downloading https://landregistry.data.gov.uk/data/ppd/monthly/file-145-11.csv: Request failed with status code 406
Downloading https://landregistry.data.gov.uk/data/ppd/monthly/file-145-12.csv ...
  Error downloading https://landregistry.data.gov.uk/data/ppd/monthly/file-145-12.csv: Request failed with status code 406
Downloading https://landregistry.data.gov.uk/data/ppd/monthly/file-146-01.csv ...
  Error downloading https://landregistry.data.gov.uk/data/ppd/monthly/file-146-01.csv: Request failed with status code 406
Downloading https://landregistry.data.gov.uk/data/ppd/monthly/file-146-02.csv ...
  Error downloading https://landregistry.data.gov.uk/data/ppd/monthly/file-146-02.csv: Request failed with status code 406
Downloading https://landregistry.data.gov.uk/data/ppd/monthly/file-146-03.csv ...
  Error downloading https://landregistry.data.gov.uk/data/ppd/monthly/file-146-03.csv: Request failed with status code 406
Downloading https://landregistry.data.gov.uk/data/ppd/monthly/file-146-04.csv ...
  Error downloading https://landregistry.data.gov.uk/data/ppd/monthly/file-146-04.csv: Request failed with status code 406
Downloading https://landregistry.data.gov.uk/data/ppd/monthly/file-146-05.csv ...
  Error downloading https://landregistry.data.gov.uk/data/ppd/monthly/file-146-05.csv: Request failed with status code 406
Downloading https://landregistry.data.gov.uk/data/ppd/monthly/file-146-06.csv ...
  Error downloading https://landregistry.data.gov.uk/data/ppd/monthly/file-146-06.csv: Request failed with status code 406
Downloading https://landregistry.data.gov.uk/data/ppd/monthly/file-146-07.csv ...
  Error downloading https://landregistry.data.gov.uk/data/ppd/monthly/file-146-07.csv: Request failed with status code 406
Downloading https://landregistry.data.gov.uk/data/ppd/monthly/file-146-08.csv ...
  Error downloading https://landregistry.data.gov.uk/data/ppd/monthly/file-146-08.csv: Request failed with status code 406
Downloading https://landregistry.data.gov.uk/data/ppd/monthly/file-146-09.csv ...
  Error downloading https://landregistry.data.gov.uk/data/ppd/monthly/file-146-09.csv: Request failed with status code 406
Downloading https://landregistry.data.gov.uk/data/ppd/monthly/file-146-10.csv ...
  Error downloading https://landregistry.data.gov.uk/data/ppd/monthly/file-146-10.csv: Request failed with status code 406
Downloading https://landregistry.data.gov.uk/data/ppd/monthly/file-146-11.csv ...
  Error downloading https://landregistry.data.gov.uk/data/ppd/monthly/file-146-11.csv: Request failed with status code 406
Downloading https://landregistry.data.gov.uk/data/ppd/monthly/file-146-12.csv ...
  Error downloading https://landregistry.data.gov.uk/data/ppd/monthly/file-146-12.csv: Request failed with status code 406
Downloading https://landregistry.data.gov.uk/data/ppd/monthly/file-147-01.csv ...
  Error downloading https://landregistry.data.gov.uk/data/ppd/monthly/file-147-01.csv: Request failed with status code 406
Downloading https://landregistry.data.gov.uk/data/ppd/monthly/file-147-02.csv ...
  Error downloading https://landregistry.data.gov.uk/data/ppd/monthly/file-147-02.csv: Request failed with status code 406
Downloading https://landregistry.data.gov.uk/data/ppd/monthly/file-147-03.csv ...
  Error downloading https://landregistry.data.gov.uk/data/ppd/monthly/file-147-03.csv: Request failed with status code 406
Downloading https://landregistry.data.gov.uk/data/ppd/monthly/file-147-04.csv ...
  Error downloading https://landregistry.data.gov.uk/data/ppd/monthly/file-147-04.csv: Request failed with status code 406
Downloading https://landregistry.data.gov.uk/data/ppd/monthly/file-147-05.csv ...
  Error downloading https://landregistry.data.gov.uk/data/ppd/monthly/file-147-05.csv: Request failed with status code 406
Downloading https://landregistry.data.gov.uk/data/ppd/monthly/file-147-06.csv ...
  Error downloading https://landregistry.data.gov.uk/data/ppd/monthly/file-147-06.csv: Request failed with status code 406
Downloading https://landregistry.data.gov.uk/data/ppd/monthly/file-147-07.csv ...
  Error downloading https://landregistry.data.gov.uk/data/ppd/monthly/file-147-07.csv: Request failed with status code 406
Downloading https://landregistry.data.gov.uk/data/ppd/monthly/file-147-08.csv ...
  Error downloading https://landregistry.data.gov.uk/data/ppd/monthly/file-147-08.csv: Request failed with status code 406
Downloading https://landregistry.data.gov.uk/data/ppd/monthly/file-147-09.csv ...
  Error downloading https://landregistry.data.gov.uk/data/ppd/monthly/file-147-09.csv: Request failed with status code 406
Downloading https://landregistry.data.gov.uk/data/ppd/monthly/file-147-10.csv ...
  Error downloading https://landregistry.data.gov.uk/data/ppd/monthly/file-147-10.csv: Request failed with status code 406
Downloading https://landregistry.data.gov.uk/data/ppd/monthly/file-147-11.csv ...
  Error downloading https://landregistry.data.gov.uk/data/ppd/monthly/file-147-11.csv: Request failed with status code 406
Downloading https://landregistry.data.gov.uk/data/ppd/monthly/file-147-12.csv ...
  Error downloading https://landregistry.data.gov.uk/data/ppd/monthly/file-147-12.csv: Request failed with status code 406
Downloading https://landregistry.data.gov.uk/data/ppd/monthly/file-148-01.csv ...
  Error downloading https://landregistry.data.gov.uk/data/ppd/monthly/file-148-01.csv: Request failed with status code 406
Downloading https://landregistry.data.gov.uk/data/ppd/monthly/file-148-02.csv ...
  Error downloading https://landregistry.data.gov.uk/data/ppd/monthly/file-148-02.csv: Request failed with status code 406
Downloading https://landregistry.data.gov.uk/data/ppd/monthly/file-148-03.csv ...
  Error downloading https://landregistry.data.gov.uk/data/ppd/monthly/file-148-03.csv: Request failed with status code 406
Downloading https://landregistry.data.gov.uk/data/ppd/monthly/file-148-04.csv ...
  Error downloading https://landregistry.data.gov.uk/data/ppd/monthly/file-148-04.csv: Request failed with status code 406
Downloading https://landregistry.data.gov.uk/data/ppd/monthly/file-148-05.csv ...
  Error downloading https://landregistry.data.gov.uk/data/ppd/monthly/file-148-05.csv: Request failed with status code 406
Downloading https://landregistry.data.gov.uk/data/ppd/monthly/file-148-06.csv ...
  Error downloading https://landregistry.data.gov.uk/data/ppd/monthly/file-148-06.csv: Request failed with status code 406
Downloading https://landregistry.data.gov.uk/data/ppd/monthly/file-148-07.csv ...
  Error downloading https://landregistry.data.gov.uk/data/ppd/monthly/file-148-07.csv: Request failed with status code 406
Downloading https://landregistry.data.gov.uk/data/ppd/monthly/file-148-08.csv ...
  Error downloading https://landregistry.data.gov.uk/data/ppd/monthly/file-148-08.csv: Request failed with status code 406
Downloading https://landregistry.data.gov.uk/data/ppd/monthly/file-148-09.csv ...
  Error downloading https://landregistry.data.gov.uk/data/ppd/monthly/file-148-09.csv: Request failed with status code 406
Downloading https://landregistry.data.gov.uk/data/ppd/monthly/file-148-10.csv ...
  Error downloading https://landregistry.data.gov.uk/data/ppd/monthly/file-148-10.csv: Request failed with status code 406
Downloading https://landregistry.data.gov.uk/data/ppd/monthly/file-148-11.csv ...
  Error downloading https://landregistry.data.gov.uk/data/ppd/monthly/file-148-11.csv: Request failed with status code 406
Downloading https://landregistry.data.gov.uk/data/ppd/monthly/file-148-12.csv ...
  Error downloading https://landregistry.data.gov.uk/data/ppd/monthly/file-148-12.csv: Request failed with status code 406
Downloading https://landregistry.data.gov.uk/data/ppd/monthly/file-149-01.csv ...
  Error downloading https://landregistry.data.gov.uk/data/ppd/monthly/file-149-01.csv: Request failed with status code 406
Downloading https://landregistry.data.gov.uk/data/ppd/monthly/file-149-02.csv ...
  Error downloading https://landregistry.data.gov.uk/data/ppd/monthly/file-149-02.csv: Request failed with status code 406
Downloading https://landregistry.data.gov.uk/data/ppd/monthly/file-149-03.csv ...
  Error downloading https://landregistry.data.gov.uk/data/ppd/monthly/file-149-03.csv: Request failed with status code 406
Downloading https://landregistry.data.gov.uk/data/ppd/monthly/file-149-04.csv ...
  Error downloading https://landregistry.data.gov.uk/data/ppd/monthly/file-149-04.csv: Request failed with status code 406
Downloading https://landregistry.data.gov.uk/data/ppd/monthly/file-149-05.csv ...
  Error downloading https://landregistry.data.gov.uk/data/ppd/monthly/file-149-05.csv: Request failed with status code 406
Downloading https://landregistry.data.gov.uk/data/ppd/monthly/file-149-06.csv ...
  Error downloading https://landregistry.data.gov.uk/data/ppd/monthly/file-149-06.csv: Request failed with status code 406
Downloading https://landregistry.data.gov.uk/data/ppd/monthly/file-149-07.csv ...
  Error downloading https://landregistry.data.gov.uk/data/ppd/monthly/file-149-07.csv: Request failed with status code 406
Downloading https://landregistry.data.gov.uk/data/ppd/monthly/file-149-08.csv ...
  Error downloading https://landregistry.data.gov.uk/data/ppd/monthly/file-149-08.csv: Request failed with status code 406
Downloading https://landregistry.data.gov.uk/data/ppd/monthly/file-149-09.csv ...
  Error downloading https://landregistry.data.gov.uk/data/ppd/monthly/file-149-09.csv: Request failed with status code 406
Downloading https://landregistry.data.gov.uk/data/ppd/monthly/file-149-10.csv ...
  Error downloading https://landregistry.data.gov.uk/data/ppd/monthly/file-149-10.csv: Request failed with status code 406
Downloading https://landregistry.data.gov.uk/data/ppd/monthly/file-149-11.csv ...
  Error downloading https://landregistry.data.gov.uk/data/ppd/monthly/file-149-11.csv: Request failed with status code 406
Downloading https://landregistry.data.gov.uk/data/ppd/monthly/file-149-12.csv ...
  Error downloading https://landregistry.data.gov.uk/data/ppd/monthly/file-149-12.csv: Request failed with status code 406
Downloading https://landregistry.data.gov.uk/data/ppd/monthly/file-150-01.csv ...
  Error downloading https://landregistry.data.gov.uk/data/ppd/monthly/file-150-01.csv: Request failed with status code 406
Downloading https://landregistry.data.gov.uk/data/ppd/monthly/file-150-02.csv ...
  Error downloading https://landregistry.data.gov.uk/data/ppd/monthly/file-150-02.csv: Request failed with status code 406
Downloading https://landregistry.data.gov.uk/data/ppd/monthly/file-150-03.csv ...
  Error downloading https://landregistry.data.gov.uk/data/ppd/monthly/file-150-03.csv: Request failed with status code 406
Downloading https://landregistry.data.gov.uk/data/ppd/monthly/file-150-04.csv ...
  Error downloading https://landregistry.data.gov.uk/data/ppd/monthly/file-150-04.csv: Request failed with status code 406
Downloading https://landregistry.data.gov.uk/data/ppd/monthly/file-150-05.csv ...
  Error downloading https://landregistry.data.gov.uk/data/ppd/monthly/file-150-05.csv: Request failed with status code 406
Downloading https://landregistry.data.gov.uk/data/ppd/monthly/file-150-06.csv ...
  Error downloading https://landregistry.data.gov.uk/data/ppd/monthly/file-150-06.csv: Request failed with status code 406
Downloading https://landregistry.data.gov.uk/data/ppd/monthly/file-150-07.csv ...
  Error downloading https://landregistry.data.gov.uk/data/ppd/monthly/file-150-07.csv: Request failed with status code 406
Downloading https://landregistry.data.gov.uk/data/ppd/monthly/file-150-08.csv ...
  Error downloading https://landregistry.data.gov.uk/data/ppd/monthly/file-150-08.csv: Request failed with status code 406
Downloading https://landregistry.data.gov.uk/data/ppd/monthly/file-150-09.csv ...
  Error downloading https://landregistry.data.gov.uk/data/ppd/monthly/file-150-09.csv: Request failed with status code 406
Downloading https://landregistry.data.gov.uk/data/ppd/monthly/file-150-10.csv ...
  Error downloading https://landregistry.data.gov.uk/data/ppd/monthly/file-150-10.csv: Request failed with status code 406
Downloading https://landregistry.data.gov.uk/data/ppd/monthly/file-150-11.csv ...
  Error downloading https://landregistry.data.gov.uk/data/ppd/monthly/file-150-11.csv: Request failed with status code 406
Downloading https://landregistry.data.gov.uk/data/ppd/monthly/file-150-12.csv ...
  Error downloading https://landregistry.data.gov.uk/data/ppd/monthly/file-150-12.csv: Request failed with status code 406
Downloading https://landregistry.data.gov.uk/data/ppd/monthly/file-151-01.csv ...
  Error downloading https://landregistry.data.gov.uk/data/ppd/monthly/file-151-01.csv: Request failed with status code 406
Downloading https://landregistry.data.gov.uk/data/ppd/monthly/file-151-02.csv ...
  Error downloading https://landregistry.data.gov.uk/data/ppd/monthly/file-151-02.csv: Request failed with status code 406
Downloading https://landregistry.data.gov.uk/data/ppd/monthly/file-151-03.csv ...
  Error downloading https://landregistry.data.gov.uk/data/ppd/monthly/file-151-03.csv: Request failed with status code 406
Downloading https://landregistry.data.gov.uk/data/ppd/monthly/file-151-04.csv ...
  Error downloading https://landregistry.data.gov.uk/data/ppd/monthly/file-151-04.csv: Request failed with status code 406
Downloading https://landregistry.data.gov.uk/data/ppd/monthly/file-151-05.csv ...
  Error downloading https://landregistry.data.gov.uk/data/ppd/monthly/file-151-05.csv: Request failed with status code 406
Downloading https://landregistry.data.gov.uk/data/ppd/monthly/file-151-06.csv ...
  Error downloading https://landregistry.data.gov.uk/data/ppd/monthly/file-151-06.csv: Request failed with status code 406
Downloading https://landregistry.data.gov.uk/data/ppd/monthly/file-151-07.csv ...
  Error downloading https://landregistry.data.gov.uk/data/ppd/monthly/file-151-07.csv: Request failed with status code 406
Downloading https://landregistry.data.gov.uk/data/ppd/monthly/file-151-08.csv ...
  Error downloading https://landregistry.data.gov.uk/data/ppd/monthly/file-151-08.csv: Request failed with status code 406
Downloading https://landregistry.data.gov.uk/data/ppd/monthly/file-151-09.csv ...
  Error downloading https://landregistry.data.gov.uk/data/ppd/monthly/file-151-09.csv: Request failed with status code 406
Downloading https://landregistry.data.gov.uk/data/ppd/monthly/file-151-10.csv ...
  Error downloading https://landregistry.data.gov.uk/data/ppd/monthly/file-151-10.csv: Request failed with status code 406
Downloading https://landregistry.data.gov.uk/data/ppd/monthly/file-151-11.csv ...
  Error downloading https://landregistry.data.gov.uk/data/ppd/monthly/file-151-11.csv: Request failed with status code 406
Downloading https://landregistry.data.gov.uk/data/ppd/monthly/file-151-12.csv ...
  Error downloading https://landregistry.data.gov.uk/data/ppd/monthly/file-151-12.csv: Request failed with status code 406
Downloading https://landregistry.data.gov.uk/data/ppd/monthly/file-152-01.csv ...
  Error downloading https://landregistry.data.gov.uk/data/ppd/monthly/file-152-01.csv: Request failed with status code 406
Downloading https://landregistry.data.gov.uk/data/ppd/monthly/file-152-02.csv ...
  Error downloading https://landregistry.data.gov.uk/data/ppd/monthly/file-152-02.csv: Request failed with status code 406
Downloading https://landregistry.data.gov.uk/data/ppd/monthly/file-152-03.csv ...
  Error downloading https://landregistry.data.gov.uk/data/ppd/monthly/file-152-03.csv: Request failed with status code 406
Downloading https://landregistry.data.gov.uk/data/ppd/monthly/file-152-04.csv ...
  Error downloading https://landregistry.data.gov.uk/data/ppd/monthly/file-152-04.csv: Request failed with status code 406
Downloading https://landregistry.data.gov.uk/data/ppd/monthly/file-152-05.csv ...
  Error downloading https://landregistry.data.gov.uk/data/ppd/monthly/file-152-05.csv: Request failed with status code 406
Downloading https://landregistry.data.gov.uk/data/ppd/monthly/file-152-06.csv ...
  Error downloading https://landregistry.data.gov.uk/data/ppd/monthly/file-152-06.csv: Request failed with status code 406
Downloading https://landregistry.data.gov.uk/data/ppd/monthly/file-152-07.csv ...
  Error downloading https://landregistry.data.gov.uk/data/ppd/monthly/file-152-07.csv: Request failed with status code 406
Downloading https://landregistry.data.gov.uk/data/ppd/monthly/file-152-08.csv ...
  Error downloading https://landregistry.data.gov.uk/data/ppd/monthly/file-152-08.csv: Request failed with status code 406
Downloading https://landregistry.data.gov.uk/data/ppd/monthly/file-152-09.csv ...
  Error downloading https://landregistry.data.gov.uk/data/ppd/monthly/file-152-09.csv: Request failed with status code 406
Downloading https://landregistry.data.gov.uk/data/ppd/monthly/file-152-10.csv ...
  Error downloading https://landregistry.data.gov.uk/data/ppd/monthly/file-152-10.csv: Request failed with status code 406
Downloading https://landregistry.data.gov.uk/data/ppd/monthly/file-152-11.csv ...
  Error downloading https://landregistry.data.gov.uk/data/ppd/monthly/file-152-11.csv: Request failed with status code 406
Downloading https://landregistry.data.gov.uk/data/ppd/monthly/file-152-12.csv ...
  Error downloading https://landregistry.data.gov.uk/data/ppd/monthly/file-152-12.csv: Request failed with status code 406
Downloading https://landregistry.data.gov.uk/data/ppd/monthly/file-153-01.csv ...
  Error downloading https://landregistry.data.gov.uk/data/ppd/monthly/file-153-01.csv: Request failed with status code 406
Downloading https://landregistry.data.gov.uk/data/ppd/monthly/file-153-02.csv ...
  Error downloading https://landregistry.data.gov.uk/data/ppd/monthly/file-153-02.csv: Request failed with status code 406
Downloading https://landregistry.data.gov.uk/data/ppd/monthly/file-153-03.csv ...
  Error downloading https://landregistry.data.gov.uk/data/ppd/monthly/file-153-03.csv: Request failed with status code 406
Downloading https://landregistry.data.gov.uk/data/ppd/monthly/file-153-04.csv ...
  Error downloading https://landregistry.data.gov.uk/data/ppd/monthly/file-153-04.csv: Request failed with status code 406
Downloading https://landregistry.data.gov.uk/data/ppd/monthly/file-153-05.csv ...
  Error downloading https://landregistry.data.gov.uk/data/ppd/monthly/file-153-05.csv: Request failed with status code 406
Downloading https://landregistry.data.gov.uk/data/ppd/monthly/file-153-06.csv ...
  Error downloading https://landregistry.data.gov.uk/data/ppd/monthly/file-153-06.csv: Request failed with status code 406
Downloading https://landregistry.data.gov.uk/data/ppd/monthly/file-153-07.csv ...
  Error downloading https://landregistry.data.gov.uk/data/ppd/monthly/file-153-07.csv: Request failed with status code 406
Downloading https://landregistry.data.gov.uk/data/ppd/monthly/file-153-08.csv ...
  Error downloading https://landregistry.data.gov.uk/data/ppd/monthly/file-153-08.csv: Request failed with status code 406
Downloading https://landregistry.data.gov.uk/data/ppd/monthly/file-153-09.csv ...
  Error downloading https://landregistry.data.gov.uk/data/ppd/monthly/file-153-09.csv: Request failed with status code 406
Downloading https://landregistry.data.gov.uk/data/ppd/monthly/file-153-10.csv ...
  Error downloading https://landregistry.data.gov.uk/data/ppd/monthly/file-153-10.csv: Request failed with status code 406
Downloading https://landregistry.data.gov.uk/data/ppd/monthly/file-153-11.csv ...
  Error downloading https://landregistry.data.gov.uk/data/ppd/monthly/file-153-11.csv: Request failed with status code 406
Downloading https://landregistry.data.gov.uk/data/ppd/monthly/file-153-12.csv ...
  Error downloading https://landregistry.data.gov.uk/data/ppd/monthly/file-153-12.csv: Request failed with status code 406
Downloading https://landregistry.data.gov.uk/data/ppd/monthly/file-154-01.csv ...
  Error downloading https://landregistry.data.gov.uk/data/ppd/monthly/file-154-01.csv: Request failed with status code 406
Downloading https://landregistry.data.gov.uk/data/ppd/monthly/file-154-02.csv ...
  Error downloading https://landregistry.data.gov.uk/data/ppd/monthly/file-154-02.csv: Request failed with status code 406
Downloading https://landregistry.data.gov.uk/data/ppd/monthly/file-154-03.csv ...
  Error downloading https://landregistry.data.gov.uk/data/ppd/monthly/file-154-03.csv: Request failed with status code 406
Downloading https://landregistry.data.gov.uk/data/ppd/monthly/file-154-04.csv ...
  Error downloading https://landregistry.data.gov.uk/data/ppd/monthly/file-154-04.csv: Request failed with status code 406
Downloading https://landregistry.data.gov.uk/data/ppd/monthly/file-154-05.csv ...
  Error downloading https://landregistry.data.gov.uk/data/ppd/monthly/file-154-05.csv: Request failed with status code 406
Downloading https://landregistry.data.gov.uk/data/ppd/monthly/file-154-06.csv ...
  Error downloading https://landregistry.data.gov.uk/data/ppd/monthly/file-154-06.csv: Request failed with status code 406
Downloading https://landregistry.data.gov.uk/data/ppd/monthly/file-154-07.csv ...
  Error downloading https://landregistry.data.gov.uk/data/ppd/monthly/file-154-07.csv: Request failed with status code 406
Downloading https://landregistry.data.gov.uk/data/ppd/monthly/file-154-08.csv ...
  Error downloading https://landregistry.data.gov.uk/data/ppd/monthly/file-154-08.csv: Request failed with status code 406
Downloading https://landregistry.data.gov.uk/data/ppd/monthly/file-154-09.csv ...
  Error downloading https://landregistry.data.gov.uk/data/ppd/monthly/file-154-09.csv: Request failed with status code 406
Downloading https://landregistry.data.gov.uk/data/ppd/monthly/file-154-10.csv ...
  Error downloading https://landregistry.data.gov.uk/data/ppd/monthly/file-154-10.csv: Request failed with status code 406
Downloading https://landregistry.data.gov.uk/data/ppd/monthly/file-154-11.csv ...
  Error downloading https://landregistry.data.gov.uk/data/ppd/monthly/file-154-11.csv: Request failed with status code 406
Downloading https://landregistry.data.gov.uk/data/ppd/monthly/file-154-12.csv ...
  Error downloading https://landregistry.data.gov.uk/data/ppd/monthly/file-154-12.csv: Request failed with status code 406
Downloading https://landregistry.data.gov.uk/data/ppd/monthly/file-155-01.csv ...
  Error downloading https://landregistry.data.gov.uk/data/ppd/monthly/file-155-01.csv: Request failed with status code 406
Downloading https://landregistry.data.gov.uk/data/ppd/monthly/file-155-02.csv ...
  Error downloading https://landregistry.data.gov.uk/data/ppd/monthly/file-155-02.csv: Request failed with status code 406
Downloading https://landregistry.data.gov.uk/data/ppd/monthly/file-155-03.csv ...
  Error downloading https://landregistry.data.gov.uk/data/ppd/monthly/file-155-03.csv: Request failed with status code 406
Downloading https://landregistry.data.gov.uk/data/ppd/monthly/file-155-04.csv ...
  Error downloading https://landregistry.data.gov.uk/data/ppd/monthly/file-155-04.csv: Request failed with status code 406
Downloading https://landregistry.data.gov.uk/data/ppd/monthly/file-155-05.csv ...
  Error downloading https://landregistry.data.gov.uk/data/ppd/monthly/file-155-05.csv: Request failed with status code 406
Downloading https://landregistry.data.gov.uk/data/ppd/monthly/file-155-06.csv ...
  Error downloading https://landregistry.data.gov.uk/data/ppd/monthly/file-155-06.csv: Request failed with status code 406
Downloading https://landregistry.data.gov.uk/data/ppd/monthly/file-155-07.csv ...
  Error downloading https://landregistry.data.gov.uk/data/ppd/monthly/file-155-07.csv: Request failed with status code 406
Downloading https://landregistry.data.gov.uk/data/ppd/monthly/file-155-08.csv ...
  Error downloading https://landregistry.data.gov.uk/data/ppd/monthly/file-155-08.csv: Request failed with status code 406
Downloading https://landregistry.data.gov.uk/data/ppd/monthly/file-155-09.csv ...
  Error downloading https://landregistry.data.gov.uk/data/ppd/monthly/file-155-09.csv: Request failed with status code 406
Downloading https://landregistry.data.gov.uk/data/ppd/monthly/file-155-10.csv ...
  Error downloading https://landregistry.data.gov.uk/data/ppd/monthly/file-155-10.csv: Request failed with status code 406
Downloading https://landregistry.data.gov.uk/data/ppd/monthly/file-155-11.csv ...
  Error downloading https://landregistry.data.gov.uk/data/ppd/monthly/file-155-11.csv: Request failed with status code 406
Downloading https://landregistry.data.gov.uk/data/ppd/monthly/file-155-12.csv ...
  Error downloading https://landregistry.data.gov.uk/data/ppd/monthly/file-155-12.csv: Request failed with status code 406
Downloading https://landregistry.data.gov.uk/data/ppd/monthly/file-156-01.csv ...
  Error downloading https://landregistry.data.gov.uk/data/ppd/monthly/file-156-01.csv: Request failed with status code 406
Downloading https://landregistry.data.gov.uk/data/ppd/monthly/file-156-02.csv ...
  Error downloading https://landregistry.data.gov.uk/data/ppd/monthly/file-156-02.csv: Request failed with status code 406
Downloading https://landregistry.data.gov.uk/data/ppd/monthly/file-156-03.csv ...
  Error downloading https://landregistry.data.gov.uk/data/ppd/monthly/file-156-03.csv: Request failed with status code 406
Downloading https://landregistry.data.gov.uk/data/ppd/monthly/file-156-04.csv ...
  Error downloading https://landregistry.data.gov.uk/data/ppd/monthly/file-156-04.csv: Request failed with status code 406
Downloading https://landregistry.data.gov.uk/data/ppd/monthly/file-156-05.csv ...
  Error downloading https://landregistry.data.gov.uk/data/ppd/monthly/file-156-05.csv: Request failed with status code 406
Downloading https://landregistry.data.gov.uk/data/ppd/monthly/file-156-06.csv ...
  Error downloading https://landregistry.data.gov.uk/data/ppd/monthly/file-156-06.csv: Request failed with status code 406
Downloading https://landregistry.data.gov.uk/data/ppd/monthly/file-156-07.csv ...
  Error downloading https://landregistry.data.gov.uk/data/ppd/monthly/file-156-07.csv: Request failed with status code 406
Downloading https://landregistry.data.gov.uk/data/ppd/monthly/file-156-08.csv ...
  Error downloading https://landregistry.data.gov.uk/data/ppd/monthly/file-156-08.csv: Request failed with status code 406
Downloading https://landregistry.data.gov.uk/data/ppd/monthly/file-156-09.csv ...
  Error downloading https://landregistry.data.gov.uk/data/ppd/monthly/file-156-09.csv: Request failed with status code 406
Downloading https://landregistry.data.gov.uk/data/ppd/monthly/file-156-10.csv ...
  Error downloading https://landregistry.data.gov.uk/data/ppd/monthly/file-156-10.csv: Request failed with status code 406
Downloading https://landregistry.data.gov.uk/data/ppd/monthly/file-156-11.csv ...
  Error downloading https://landregistry.data.gov.uk/data/ppd/monthly/file-156-11.csv: Request failed with status code 406
Downloading https://landregistry.data.gov.uk/data/ppd/monthly/file-156-12.csv ...
  Error downloading https://landregistry.data.gov.uk/data/ppd/monthly/file-156-12.csv: Request failed with status code 406
Downloading https://landregistry.data.gov.uk/data/ppd/monthly/file-157-01.csv ...
  Error downloading https://landregistry.data.gov.uk/data/ppd/monthly/file-157-01.csv: Request failed with status code 406
Downloading https://landregistry.data.gov.uk/data/ppd/monthly/file-157-02.csv ...
  Error downloading https://landregistry.data.gov.uk/data/ppd/monthly/file-157-02.csv: Request failed with status code 406
Downloading https://landregistry.data.gov.uk/data/ppd/monthly/file-157-03.csv ...
  Error downloading https://landregistry.data.gov.uk/data/ppd/monthly/file-157-03.csv: Request failed with status code 406
Downloading https://landregistry.data.gov.uk/data/ppd/monthly/file-157-04.csv ...
  Error downloading https://landregistry.data.gov.uk/data/ppd/monthly/file-157-04.csv: Request failed with status code 406
Downloading https://landregistry.data.gov.uk/data/ppd/monthly/file-157-05.csv ...
  Error downloading https://landregistry.data.gov.uk/data/ppd/monthly/file-157-05.csv: Request failed with status code 406
Downloading https://landregistry.data.gov.uk/data/ppd/monthly/file-157-06.csv ...
  Error downloading https://landregistry.data.gov.uk/data/ppd/monthly/file-157-06.csv: Request failed with status code 406
Downloading https://landregistry.data.gov.uk/data/ppd/monthly/file-157-07.csv ...
  Error downloading https://landregistry.data.gov.uk/data/ppd/monthly/file-157-07.csv: Request failed with status code 406
Downloading https://landregistry.data.gov.uk/data/ppd/monthly/file-157-08.csv ...
  Error downloading https://landregistry.data.gov.uk/data/ppd/monthly/file-157-08.csv: Request failed with status code 406
Downloading https://landregistry.data.gov.uk/data/ppd/monthly/file-157-09.csv ...
  Error downloading https://landregistry.data.gov.uk/data/ppd/monthly/file-157-09.csv: Request failed with status code 406
Downloading https://landregistry.data.gov.uk/data/ppd/monthly/file-157-10.csv ...
  Error downloading https://landregistry.data.gov.uk/data/ppd/monthly/file-157-10.csv: Request failed with status code 406
Downloading https://landregistry.data.gov.uk/data/ppd/monthly/file-157-11.csv ...
  Error downloading https://landregistry.data.gov.uk/data/ppd/monthly/file-157-11.csv: Request failed with status code 406
Downloading https://landregistry.data.gov.uk/data/ppd/monthly/file-157-12.csv ...
  Error downloading https://landregistry.data.gov.uk/data/ppd/monthly/file-157-12.csv: Request failed with status code 406
Downloading https://landregistry.data.gov.uk/data/ppd/monthly/file-158-01.csv ...
  Error downloading https://landregistry.data.gov.uk/data/ppd/monthly/file-158-01.csv: Request failed with status code 406
Downloading https://landregistry.data.gov.uk/data/ppd/monthly/file-158-02.csv ...
  Error downloading https://landregistry.data.gov.uk/data/ppd/monthly/file-158-02.csv: Request failed with status code 406
Downloading https://landregistry.data.gov.uk/data/ppd/monthly/file-158-03.csv ...
  Error downloading https://landregistry.data.gov.uk/data/ppd/monthly/file-158-03.csv: Request failed with status code 406
Downloading https://landregistry.data.gov.uk/data/ppd/monthly/file-158-04.csv ...
  Error downloading https://landregistry.data.gov.uk/data/ppd/monthly/file-158-04.csv: Request failed with status code 406
Downloading https://landregistry.data.gov.uk/data/ppd/monthly/file-158-05.csv ...
  Error downloading https://landregistry.data.gov.uk/data/ppd/monthly/file-158-05.csv: Request failed with status code 406
Downloading https://landregistry.data.gov.uk/data/ppd/monthly/file-158-06.csv ...
  Error downloading https://landregistry.data.gov.uk/data/ppd/monthly/file-158-06.csv: Request failed with status code 406
Downloading https://landregistry.data.gov.uk/data/ppd/monthly/file-158-07.csv ...
  Error downloading https://landregistry.data.gov.uk/data/ppd/monthly/file-158-07.csv: Request failed with status code 406
Downloading https://landregistry.data.gov.uk/data/ppd/monthly/file-158-08.csv ...
  Error downloading https://landregistry.data.gov.uk/data/ppd/monthly/file-158-08.csv: Request failed with status code 406
Downloading https://landregistry.data.gov.uk/data/ppd/monthly/file-158-09.csv ...
  Error downloading https://landregistry.data.gov.uk/data/ppd/monthly/file-158-09.csv: Request failed with status code 406
Downloading https://landregistry.data.gov.uk/data/ppd/monthly/file-158-10.csv ...
  Error downloading https://landregistry.data.gov.uk/data/ppd/monthly/file-158-10.csv: Request failed with status code 406
Downloading https://landregistry.data.gov.uk/data/ppd/monthly/file-158-11.csv ...
  Error downloading https://landregistry.data.gov.uk/data/ppd/monthly/file-158-11.csv: Request failed with status code 406
Downloading https://landregistry.data.gov.uk/data/ppd/monthly/file-158-12.csv ...
  Error downloading https://landregistry.data.gov.uk/data/ppd/monthly/file-158-12.csv: Request failed with status code 406
Downloading https://landregistry.data.gov.uk/data/ppd/monthly/file-159-01.csv ...
  Error downloading https://landregistry.data.gov.uk/data/ppd/monthly/file-159-01.csv: Request failed with status code 406
Downloading https://landregistry.data.gov.uk/data/ppd/monthly/file-159-02.csv ...
  Error downloading https://landregistry.data.gov.uk/data/ppd/monthly/file-159-02.csv: Request failed with status code 406
Downloading https://landregistry.data.gov.uk/data/ppd/monthly/file-159-03.csv ...
  Error downloading https://landregistry.data.gov.uk/data/ppd/monthly/file-159-03.csv: Request failed with status code 406
Downloading https://landregistry.data.gov.uk/data/ppd/monthly/file-159-04.csv ...
  Error downloading https://landregistry.data.gov.uk/data/ppd/monthly/file-159-04.csv: Request failed with status code 406
Downloading https://landregistry.data.gov.uk/data/ppd/monthly/file-159-05.csv ...
  Error downloading https://landregistry.data.gov.uk/data/ppd/monthly/file-159-05.csv: Request failed with status code 406
Downloading https://landregistry.data.gov.uk/data/ppd/monthly/file-159-06.csv ...
  Error downloading https://landregistry.data.gov.uk/data/ppd/monthly/file-159-06.csv: Request failed with status code 406
Downloading https://landregistry.data.gov.uk/data/ppd/monthly/file-159-07.csv ...
  Error downloading https://landregistry.data.gov.uk/data/ppd/monthly/file-159-07.csv: Request failed with status code 406
Downloading https://landregistry.data.gov.uk/data/ppd/monthly/file-159-08.csv ...
  Error downloading https://landregistry.data.gov.uk/data/ppd/monthly/file-159-08.csv: Request failed with status code 406
Downloading https://landregistry.data.gov.uk/data/ppd/monthly/file-159-09.csv ...
  Error downloading https://landregistry.data.gov.uk/data/ppd/monthly/file-159-09.csv: Request failed with status code 406
Downloading https://landregistry.data.gov.uk/data/ppd/monthly/file-159-10.csv ...
  Error downloading https://landregistry.data.gov.uk/data/ppd/monthly/file-159-10.csv: Request failed with status code 406
Downloading https://landregistry.data.gov.uk/data/ppd/monthly/file-159-11.csv ...
  Error downloading https://landregistry.data.gov.uk/data/ppd/monthly/file-159-11.csv: Request failed with status code 406
Downloading https://landregistry.data.gov.uk/data/ppd/monthly/file-159-12.csv ...
  Error downloading https://landregistry.data.gov.uk/data/ppd/monthly/file-159-12.csv: Request failed with status code 406
Downloading https://landregistry.data.gov.uk/data/ppd/monthly/file-160-01.csv ...
  Error downloading https://landregistry.data.gov.uk/data/ppd/monthly/file-160-01.csv: Request failed with status code 406
Downloading https://landregistry.data.gov.uk/data/ppd/monthly/file-160-02.csv ...
  Error downloading https://landregistry.data.gov.uk/data/ppd/monthly/file-160-02.csv: Request failed with status code 406
Downloading https://landregistry.data.gov.uk/data/ppd/monthly/file-160-03.csv ...
  Error downloading https://landregistry.data.gov.uk/data/ppd/monthly/file-160-03.csv: Request failed with status code 406
Downloading https://landregistry.data.gov.uk/data/ppd/monthly/file-160-04.csv ...
  Error downloading https://landregistry.data.gov.uk/data/ppd/monthly/file-160-04.csv: Request failed with status code 406
Downloading https://landregistry.data.gov.uk/data/ppd/monthly/file-160-05.csv ...
  Error downloading https://landregistry.data.gov.uk/data/ppd/monthly/file-160-05.csv: Request failed with status code 406
Downloading https://landregistry.data.gov.uk/data/ppd/monthly/file-160-06.csv ...
  Error downloading https://landregistry.data.gov.uk/data/ppd/monthly/file-160-06.csv: Request failed with status code 406
Downloading https://landregistry.data.gov.uk/data/ppd/monthly/file-160-07.csv ...
  Error downloading https://landregistry.data.gov.uk/data/ppd/monthly/file-160-07.csv: Request failed with status code 406
Downloading https://landregistry.data.gov.uk/data/ppd/monthly/file-160-08.csv ...
  Error downloading https://landregistry.data.gov.uk/data/ppd/monthly/file-160-08.csv: Request failed with status code 406
Downloading https://landregistry.data.gov.uk/data/ppd/monthly/file-160-09.csv ...
  Error downloading https://landregistry.data.gov.uk/data/ppd/monthly/file-160-09.csv: Request failed with status code 406
Downloading https://landregistry.data.gov.uk/data/ppd/monthly/file-160-10.csv ...
  Error downloading https://landregistry.data.gov.uk/data/ppd/monthly/file-160-10.csv: Request failed with status code 406
Downloading https://landregistry.data.gov.uk/data/ppd/monthly/file-160-11.csv ...
  Error downloading https://landregistry.data.gov.uk/data/ppd/monthly/file-160-11.csv: Request failed with status code 406
Downloading https://landregistry.data.gov.uk/data/ppd/monthly/file-160-12.csv ...
  Error downloading https://landregistry.data.gov.uk/data/ppd/monthly/file-160-12.csv: Request failed with status code 406
Downloading https://landregistry.data.gov.uk/data/ppd/monthly/file-161-01.csv ...
  Error downloading https://landregistry.data.gov.uk/data/ppd/monthly/file-161-01.csv: Request failed with status code 406
Downloading https://landregistry.data.gov.uk/data/ppd/monthly/file-161-02.csv ...
  Error downloading https://landregistry.data.gov.uk/data/ppd/monthly/file-161-02.csv: Request failed with status code 406
Downloading https://landregistry.data.gov.uk/data/ppd/monthly/file-161-03.csv ...
  Error downloading https://landregistry.data.gov.uk/data/ppd/monthly/file-161-03.csv: Request failed with status code 406
Downloading https://landregistry.data.gov.uk/data/ppd/monthly/file-161-04.csv ...
  Error downloading https://landregistry.data.gov.uk/data/ppd/monthly/file-161-04.csv: Request failed with status code 406
Downloading https://landregistry.data.gov.uk/data/ppd/monthly/file-161-05.csv ...
  Error downloading https://landregistry.data.gov.uk/data/ppd/monthly/file-161-05.csv: Request failed with status code 406
Downloading https://landregistry.data.gov.uk/data/ppd/monthly/file-161-06.csv ...
  Error downloading https://landregistry.data.gov.uk/data/ppd/monthly/file-161-06.csv: Request failed with status code 406
Downloading https://landregistry.data.gov.uk/data/ppd/monthly/file-161-07.csv ...
  Error downloading https://landregistry.data.gov.uk/data/ppd/monthly/file-161-07.csv: Request failed with status code 406
Downloading https://landregistry.data.gov.uk/data/ppd/monthly/file-161-08.csv ...
  Error downloading https://landregistry.data.gov.uk/data/ppd/monthly/file-161-08.csv: Request failed with status code 406
Downloading https://landregistry.data.gov.uk/data/ppd/monthly/file-161-09.csv ...
  Error downloading https://landregistry.data.gov.uk/data/ppd/monthly/file-161-09.csv: Request failed with status code 406
Downloading https://landregistry.data.gov.uk/data/ppd/monthly/file-161-10.csv ...
  Error downloading https://landregistry.data.gov.uk/data/ppd/monthly/file-161-10.csv: Request failed with status code 406
Downloading https://landregistry.data.gov.uk/data/ppd/monthly/file-161-11.csv ...
  Error downloading https://landregistry.data.gov.uk/data/ppd/monthly/file-161-11.csv: Request failed with status code 406
Downloading https://landregistry.data.gov.uk/data/ppd/monthly/file-161-12.csv ...
  Error downloading https://landregistry.data.gov.uk/data/ppd/monthly/file-161-12.csv: Request failed with status code 406
Downloading https://landregistry.data.gov.uk/data/ppd/monthly/file-162-01.csv ...
  Error downloading https://landregistry.data.gov.uk/data/ppd/monthly/file-162-01.csv: Request failed with status code 406
Downloading https://landregistry.data.gov.uk/data/ppd/monthly/file-162-02.csv ...
  Error downloading https://landregistry.data.gov.uk/data/ppd/monthly/file-162-02.csv: Request failed with status code 406
Downloading https://landregistry.data.gov.uk/data/ppd/monthly/file-162-03.csv ...
  Error downloading https://landregistry.data.gov.uk/data/ppd/monthly/file-162-03.csv: Request failed with status code 406
Downloading https://landregistry.data.gov.uk/data/ppd/monthly/file-162-04.csv ...
  Error downloading https://landregistry.data.gov.uk/data/ppd/monthly/file-162-04.csv: Request failed with status code 406
Downloading https://landregistry.data.gov.uk/data/ppd/monthly/file-162-05.csv ...
  Error downloading https://landregistry.data.gov.uk/data/ppd/monthly/file-162-05.csv: Request failed with status code 406
Downloading https://landregistry.data.gov.uk/data/ppd/monthly/file-162-06.csv ...
  Error downloading https://landregistry.data.gov.uk/data/ppd/monthly/file-162-06.csv: Request failed with status code 406
Downloading https://landregistry.data.gov.uk/data/ppd/monthly/file-162-07.csv ...
  Error downloading https://landregistry.data.gov.uk/data/ppd/monthly/file-162-07.csv: Request failed with status code 406
Downloading https://landregistry.data.gov.uk/data/ppd/monthly/file-162-08.csv ...
  Error downloading https://landregistry.data.gov.uk/data/ppd/monthly/file-162-08.csv: Request failed with status code 406
Downloading https://landregistry.data.gov.uk/data/ppd/monthly/file-162-09.csv ...
  Error downloading https://landregistry.data.gov.uk/data/ppd/monthly/file-162-09.csv: Request failed with status code 406
Downloading https://landregistry.data.gov.uk/data/ppd/monthly/file-162-10.csv ...
  Error downloading https://landregistry.data.gov.uk/data/ppd/monthly/file-162-10.csv: Request failed with status code 406
Downloading https://landregistry.data.gov.uk/data/ppd/monthly/file-162-11.csv ...
  Error downloading https://landregistry.data.gov.uk/data/ppd/monthly/file-162-11.csv: Request failed with status code 406
Downloading https://landregistry.data.gov.uk/data/ppd/monthly/file-162-12.csv ...
  Error downloading https://landregistry.data.gov.uk/data/ppd/monthly/file-162-12.csv: Request failed with status code 406
Downloading https://landregistry.data.gov.uk/data/ppd/monthly/file-163-01.csv ...
  Error downloading https://landregistry.data.gov.uk/data/ppd/monthly/file-163-01.csv: Request failed with status code 406
Downloading https://landregistry.data.gov.uk/data/ppd/monthly/file-163-02.csv ...
  Error downloading https://landregistry.data.gov.uk/data/ppd/monthly/file-163-02.csv: Request failed with status code 406
Downloading https://landregistry.data.gov.uk/data/ppd/monthly/file-163-03.csv ...
  Error downloading https://landregistry.data.gov.uk/data/ppd/monthly/file-163-03.csv: Request failed with status code 406
Downloading https://landregistry.data.gov.uk/data/ppd/monthly/file-163-04.csv ...
  Error downloading https://landregistry.data.gov.uk/data/ppd/monthly/file-163-04.csv: Request failed with status code 406
Downloading https://landregistry.data.gov.uk/data/ppd/monthly/file-163-05.csv ...
  Error downloading https://landregistry.data.gov.uk/data/ppd/monthly/file-163-05.csv: Request failed with status code 406
Downloading https://landregistry.data.gov.uk/data/ppd/monthly/file-163-06.csv ...
  Error downloading https://landregistry.data.gov.uk/data/ppd/monthly/file-163-06.csv: Request failed with status code 406
Downloading https://landregistry.data.gov.uk/data/ppd/monthly/file-163-07.csv ...
  Error downloading https://landregistry.data.gov.uk/data/ppd/monthly/file-163-07.csv: Request failed with status code 406
Downloading https://landregistry.data.gov.uk/data/ppd/monthly/file-163-08.csv ...
  Error downloading https://landregistry.data.gov.uk/data/ppd/monthly/file-163-08.csv: Request failed with status code 406
Downloading https://landregistry.data.gov.uk/data/ppd/monthly/file-163-09.csv ...
  Error downloading https://landregistry.data.gov.uk/data/ppd/monthly/file-163-09.csv: Request failed with status code 406
Downloading https://landregistry.data.gov.uk/data/ppd/monthly/file-163-10.csv ...
  Error downloading https://landregistry.data.gov.uk/data/ppd/monthly/file-163-10.csv: Request failed with status code 406
Downloading https://landregistry.data.gov.uk/data/ppd/monthly/file-163-11.csv ...
  Error downloading https://landregistry.data.gov.uk/data/ppd/monthly/file-163-11.csv: Request failed with status code 406
Downloading https://landregistry.data.gov.uk/data/ppd/monthly/file-163-12.csv ...
  Error downloading https://landregistry.data.gov.uk/data/ppd/monthly/file-163-12.csv: Request failed with status code 406
Downloading https://landregistry.data.gov.uk/data/ppd/monthly/file-164-01.csv ...
  Error downloading https://landregistry.data.gov.uk/data/ppd/monthly/file-164-01.csv: Request failed with status code 406
Downloading https://landregistry.data.gov.uk/data/ppd/monthly/file-164-02.csv ...
  Error downloading https://landregistry.data.gov.uk/data/ppd/monthly/file-164-02.csv: Request failed with status code 406
Downloading https://landregistry.data.gov.uk/data/ppd/monthly/file-164-03.csv ...
  Error downloading https://landregistry.data.gov.uk/data/ppd/monthly/file-164-03.csv: Request failed with status code 406
Downloading https://landregistry.data.gov.uk/data/ppd/monthly/file-164-04.csv ...
  Error downloading https://landregistry.data.gov.uk/data/ppd/monthly/file-164-04.csv: Request failed with status code 406
Downloading https://landregistry.data.gov.uk/data/ppd/monthly/file-164-05.csv ...
  Error downloading https://landregistry.data.gov.uk/data/ppd/monthly/file-164-05.csv: Request failed with status code 406
Downloading https://landregistry.data.gov.uk/data/ppd/monthly/file-164-06.csv ...
  Error downloading https://landregistry.data.gov.uk/data/ppd/monthly/file-164-06.csv: Request failed with status code 406
Downloading https://landregistry.data.gov.uk/data/ppd/monthly/file-164-07.csv ...
  Error downloading https://landregistry.data.gov.uk/data/ppd/monthly/file-164-07.csv: Request failed with status code 406
Downloading https://landregistry.data.gov.uk/data/ppd/monthly/file-164-08.csv ...
  Error downloading https://landregistry.data.gov.uk/data/ppd/monthly/file-164-08.csv: Request failed with status code 406
Downloading https://landregistry.data.gov.uk/data/ppd/monthly/file-164-09.csv ...
  Error downloading https://landregistry.data.gov.uk/data/ppd/monthly/file-164-09.csv: Request failed with status code 406
Downloading https://landregistry.data.gov.uk/data/ppd/monthly/file-164-10.csv ...
  Error downloading https://landregistry.data.gov.uk/data/ppd/monthly/file-164-10.csv: Request failed with status code 406
Downloading https://landregistry.data.gov.uk/data/ppd/monthly/file-164-11.csv ...
  Error downloading https://landregistry.data.gov.uk/data/ppd/monthly/file-164-11.csv: Request failed with status code 406
Downloading https://landregistry.data.gov.uk/data/ppd/monthly/file-164-12.csv ...
  Error downloading https://landregistry.data.gov.uk/data/ppd/monthly/file-164-12.csv: Request failed with status code 406
Downloading https://landregistry.data.gov.uk/data/ppd/monthly/file-165-01.csv ...
  Error downloading https://landregistry.data.gov.uk/data/ppd/monthly/file-165-01.csv: Request failed with status code 406
Downloading https://landregistry.data.gov.uk/data/ppd/monthly/file-165-02.csv ...
  Error downloading https://landregistry.data.gov.uk/data/ppd/monthly/file-165-02.csv: Request failed with status code 406
Downloading https://landregistry.data.gov.uk/data/ppd/monthly/file-165-03.csv ...
  Error downloading https://landregistry.data.gov.uk/data/ppd/monthly/file-165-03.csv: Request failed with status code 406
Downloading https://landregistry.data.gov.uk/data/ppd/monthly/file-165-04.csv ...
  Error downloading https://landregistry.data.gov.uk/data/ppd/monthly/file-165-04.csv: Request failed with status code 406
Downloading https://landregistry.data.gov.uk/data/ppd/monthly/file-165-05.csv ...
  Error downloading https://landregistry.data.gov.uk/data/ppd/monthly/file-165-05.csv: Request failed with status code 406
Downloading https://landregistry.data.gov.uk/data/ppd/monthly/file-165-06.csv ...
  Error downloading https://landregistry.data.gov.uk/data/ppd/monthly/file-165-06.csv: Request failed with status code 406
Downloading https://landregistry.data.gov.uk/data/ppd/monthly/file-165-07.csv ...
  Error downloading https://landregistry.data.gov.uk/data/ppd/monthly/file-165-07.csv: Request failed with status code 406
Downloading https://landregistry.data.gov.uk/data/ppd/monthly/file-165-08.csv ...
  Error downloading https://landregistry.data.gov.uk/data/ppd/monthly/file-165-08.csv: Request failed with status code 406
Downloading https://landregistry.data.gov.uk/data/ppd/monthly/file-165-09.csv ...
  Error downloading https://landregistry.data.gov.uk/data/ppd/monthly/file-165-09.csv: Request failed with status code 406
Downloading https://landregistry.data.gov.uk/data/ppd/monthly/file-165-10.csv ...
  Error downloading https://landregistry.data.gov.uk/data/ppd/monthly/file-165-10.csv: Request failed with status code 406
Downloading https://landregistry.data.gov.uk/data/ppd/monthly/file-165-11.csv ...
  Error downloading https://landregistry.data.gov.uk/data/ppd/monthly/file-165-11.csv: Request failed with status code 406
Downloading https://landregistry.data.gov.uk/data/ppd/monthly/file-165-12.csv ...
  Error downloading https://landregistry.data.gov.uk/data/ppd/monthly/file-165-12.csv: Request failed with status code 406
Downloading https://landregistry.data.gov.uk/data/ppd/monthly/file-166-01.csv ...
  Error downloading https://landregistry.data.gov.uk/data/ppd/monthly/file-166-01.csv: Request failed with status code 406
Downloading https://landregistry.data.gov.uk/data/ppd/monthly/file-166-02.csv ...
  Error downloading https://landregistry.data.gov.uk/data/ppd/monthly/file-166-02.csv: Request failed with status code 406
Downloading https://landregistry.data.gov.uk/data/ppd/monthly/file-166-03.csv ...
  Error downloading https://landregistry.data.gov.uk/data/ppd/monthly/file-166-03.csv: Request failed with status code 406
Downloading https://landregistry.data.gov.uk/data/ppd/monthly/file-166-04.csv ...
  Error downloading https://landregistry.data.gov.uk/data/ppd/monthly/file-166-04.csv: Request failed with status code 406
Downloading https://landregistry.data.gov.uk/data/ppd/monthly/file-166-05.csv ...
  Error downloading https://landregistry.data.gov.uk/data/ppd/monthly/file-166-05.csv: Request failed with status code 406
Downloading https://landregistry.data.gov.uk/data/ppd/monthly/file-166-06.csv ...
  Error downloading https://landregistry.data.gov.uk/data/ppd/monthly/file-166-06.csv: Request failed with status code 406
Downloading https://landregistry.data.gov.uk/data/ppd/monthly/file-166-07.csv ...
  Error downloading https://landregistry.data.gov.uk/data/ppd/monthly/file-166-07.csv: Request failed with status code 406
Downloading https://landregistry.data.gov.uk/data/ppd/monthly/file-166-08.csv ...
  Error downloading https://landregistry.data.gov.uk/data/ppd/monthly/file-166-08.csv: Request failed with status code 406
Downloading https://landregistry.data.gov.uk/data/ppd/monthly/file-166-09.csv ...
  Error downloading https://landregistry.data.gov.uk/data/ppd/monthly/file-166-09.csv: Request failed with status code 406
Downloading https://landregistry.data.gov.uk/data/ppd/monthly/file-166-10.csv ...
  Error downloading https://landregistry.data.gov.uk/data/ppd/monthly/file-166-10.csv: Request failed with status code 406
Downloading https://landregistry.data.gov.uk/data/ppd/monthly/file-166-11.csv ...
  Error downloading https://landregistry.data.gov.uk/data/ppd/monthly/file-166-11.csv: Request failed with status code 406
Downloading https://landregistry.data.gov.uk/data/ppd/monthly/file-166-12.csv ...
  Error downloading https://landregistry.data.gov.uk/data/ppd/monthly/file-166-12.csv: Request failed with status code 406
Downloading https://landregistry.data.gov.uk/data/ppd/monthly/file-167-01.csv ...
  Error downloading https://landregistry.data.gov.uk/data/ppd/monthly/file-167-01.csv: Request failed with status code 406
Downloading https://landregistry.data.gov.uk/data/ppd/monthly/file-167-02.csv ...
  Error downloading https://landregistry.data.gov.uk/data/ppd/monthly/file-167-02.csv: Request failed with status code 406
Downloading https://landregistry.data.gov.uk/data/ppd/monthly/file-167-03.csv ...
  Error downloading https://landregistry.data.gov.uk/data/ppd/monthly/file-167-03.csv: Request failed with status code 406
Downloading https://landregistry.data.gov.uk/data/ppd/monthly/file-167-04.csv ...
  Error downloading https://landregistry.data.gov.uk/data/ppd/monthly/file-167-04.csv: Request failed with status code 406
Downloading https://landregistry.data.gov.uk/data/ppd/monthly/file-167-05.csv ...
  Error downloading https://landregistry.data.gov.uk/data/ppd/monthly/file-167-05.csv: Request failed with status code 406
Downloading https://landregistry.data.gov.uk/data/ppd/monthly/file-167-06.csv ...
  Error downloading https://landregistry.data.gov.uk/data/ppd/monthly/file-167-06.csv: Request failed with status code 406
Downloading https://landregistry.data.gov.uk/data/ppd/monthly/file-167-07.csv ...
  Error downloading https://landregistry.data.gov.uk/data/ppd/monthly/file-167-07.csv: Request failed with status code 406
Downloading https://landregistry.data.gov.uk/data/ppd/monthly/file-167-08.csv ...
  Error downloading https://landregistry.data.gov.uk/data/ppd/monthly/file-167-08.csv: Request failed with status code 406
Downloading https://landregistry.data.gov.uk/data/ppd/monthly/file-167-09.csv ...
  Error downloading https://landregistry.data.gov.uk/data/ppd/monthly/file-167-09.csv: Request failed with status code 406
Downloading https://landregistry.data.gov.uk/data/ppd/monthly/file-167-10.csv ...
  Error downloading https://landregistry.data.gov.uk/data/ppd/monthly/file-167-10.csv: Request failed with status code 406
Downloading https://landregistry.data.gov.uk/data/ppd/monthly/file-167-11.csv ...
  Error downloading https://landregistry.data.gov.uk/data/ppd/monthly/file-167-11.csv: Request failed with status code 406
Downloading https://landregistry.data.gov.uk/data/ppd/monthly/file-167-12.csv ...
  Error downloading https://landregistry.data.gov.uk/data/ppd/monthly/file-167-12.csv: Request failed with status code 406
Downloading https://landregistry.data.gov.uk/data/ppd/monthly/file-168-01.csv ...
  Error downloading https://landregistry.data.gov.uk/data/ppd/monthly/file-168-01.csv: Request failed with status code 406
Downloading https://landregistry.data.gov.uk/data/ppd/monthly/file-168-02.csv ...
  Error downloading https://landregistry.data.gov.uk/data/ppd/monthly/file-168-02.csv: Request failed with status code 406
Downloading https://landregistry.data.gov.uk/data/ppd/monthly/file-168-03.csv ...
  Error downloading https://landregistry.data.gov.uk/data/ppd/monthly/file-168-03.csv: Request failed with status code 406
Downloading https://landregistry.data.gov.uk/data/ppd/monthly/file-168-04.csv ...
  Error downloading https://landregistry.data.gov.uk/data/ppd/monthly/file-168-04.csv: Request failed with status code 406
Downloading https://landregistry.data.gov.uk/data/ppd/monthly/file-168-05.csv ...
  Error downloading https://landregistry.data.gov.uk/data/ppd/monthly/file-168-05.csv: Request failed with status code 406
Downloading https://landregistry.data.gov.uk/data/ppd/monthly/file-168-06.csv ...
  Error downloading https://landregistry.data.gov.uk/data/ppd/monthly/file-168-06.csv: Request failed with status code 406
Downloading https://landregistry.data.gov.uk/data/ppd/monthly/file-168-07.csv ...
  Error downloading https://landregistry.data.gov.uk/data/ppd/monthly/file-168-07.csv: Request failed with status code 406
Downloading https://landregistry.data.gov.uk/data/ppd/monthly/file-168-08.csv ...
  Error downloading https://landregistry.data.gov.uk/data/ppd/monthly/file-168-08.csv: Request failed with status code 406
Downloading https://landregistry.data.gov.uk/data/ppd/monthly/file-168-09.csv ...
  Error downloading https://landregistry.data.gov.uk/data/ppd/monthly/file-168-09.csv: Request failed with status code 406
Downloading https://landregistry.data.gov.uk/data/ppd/monthly/file-168-10.csv ...
  Error downloading https://landregistry.data.gov.uk/data/ppd/monthly/file-168-10.csv: Request failed with status code 406
Downloading https://landregistry.data.gov.uk/data/ppd/monthly/file-168-11.csv ...
  Error downloading https://landregistry.data.gov.uk/data/ppd/monthly/file-168-11.csv: Request failed with status code 406
Downloading https://landregistry.data.gov.uk/data/ppd/monthly/file-168-12.csv ...
  Error downloading https://landregistry.data.gov.uk/data/ppd/monthly/file-168-12.csv: Request failed with status code 406
Downloading https://landregistry.data.gov.uk/data/ppd/monthly/file-169-01.csv ...
  Error downloading https://landregistry.data.gov.uk/data/ppd/monthly/file-169-01.csv: Request failed with status code 406
Downloading https://landregistry.data.gov.uk/data/ppd/monthly/file-169-02.csv ...
  Error downloading https://landregistry.data.gov.uk/data/ppd/monthly/file-169-02.csv: Request failed with status code 406
Downloading https://landregistry.data.gov.uk/data/ppd/monthly/file-169-03.csv ...
  Error downloading https://landregistry.data.gov.uk/data/ppd/monthly/file-169-03.csv: Request failed with status code 406
Downloading https://landregistry.data.gov.uk/data/ppd/monthly/file-169-04.csv ...
  Error downloading https://landregistry.data.gov.uk/data/ppd/monthly/file-169-04.csv: Request failed with status code 406
Downloading https://landregistry.data.gov.uk/data/ppd/monthly/file-169-05.csv ...
  Error downloading https://landregistry.data.gov.uk/data/ppd/monthly/file-169-05.csv: Request failed with status code 406
Downloading https://landregistry.data.gov.uk/data/ppd/monthly/file-169-06.csv ...
  Error downloading https://landregistry.data.gov.uk/data/ppd/monthly/file-169-06.csv: Request failed with status code 406
Downloading https://landregistry.data.gov.uk/data/ppd/monthly/file-169-07.csv ...
  Error downloading https://landregistry.data.gov.uk/data/ppd/monthly/file-169-07.csv: Request failed with status code 406
Downloading https://landregistry.data.gov.uk/data/ppd/monthly/file-169-08.csv ...
  Error downloading https://landregistry.data.gov.uk/data/ppd/monthly/file-169-08.csv: Request failed with status code 406
Downloading https://landregistry.data.gov.uk/data/ppd/monthly/file-169-09.csv ...
  Error downloading https://landregistry.data.gov.uk/data/ppd/monthly/file-169-09.csv: Request failed with status code 406
Downloading https://landregistry.data.gov.uk/data/ppd/monthly/file-169-10.csv ...
  Error downloading https://landregistry.data.gov.uk/data/ppd/monthly/file-169-10.csv: Request failed with status code 406
Downloading https://landregistry.data.gov.uk/data/ppd/monthly/file-169-11.csv ...
  Error downloading https://landregistry.data.gov.uk/data/ppd/monthly/file-169-11.csv: Request failed with status code 406
Downloading https://landregistry.data.gov.uk/data/ppd/monthly/file-169-12.csv ...
  Error downloading https://landregistry.data.gov.uk/data/ppd/monthly/file-169-12.csv: Request failed with status code 406
Downloading https://landregistry.data.gov.uk/data/ppd/monthly/file-170-01.csv ...
  Error downloading https://landregistry.data.gov.uk/data/ppd/monthly/file-170-01.csv: Request failed with status code 406
Downloading https://landregistry.data.gov.uk/data/ppd/monthly/file-170-02.csv ...
  Error downloading https://landregistry.data.gov.uk/data/ppd/monthly/file-170-02.csv: Request failed with status code 406
Downloading https://landregistry.data.gov.uk/data/ppd/monthly/file-170-03.csv ...
  Error downloading https://landregistry.data.gov.uk/data/ppd/monthly/file-170-03.csv: Request failed with status code 406
Downloading https://landregistry.data.gov.uk/data/ppd/monthly/file-170-04.csv ...
  Error downloading https://landregistry.data.gov.uk/data/ppd/monthly/file-170-04.csv: Request failed with status code 406
Downloading https://landregistry.data.gov.uk/data/ppd/monthly/file-170-05.csv ...
  Error downloading https://landregistry.data.gov.uk/data/ppd/monthly/file-170-05.csv: Request failed with status code 406
Downloading https://landregistry.data.gov.uk/data/ppd/monthly/file-170-06.csv ...
  Error downloading https://landregistry.data.gov.uk/data/ppd/monthly/file-170-06.csv: Request failed with status code 406
Downloading https://landregistry.data.gov.uk/data/ppd/monthly/file-170-07.csv ...
  Error downloading https://landregistry.data.gov.uk/data/ppd/monthly/file-170-07.csv: Request failed with status code 406
Downloading https://landregistry.data.gov.uk/data/ppd/monthly/file-170-08.csv ...
  Error downloading https://landregistry.data.gov.uk/data/ppd/monthly/file-170-08.csv: Request failed with status code 406
Downloading https://landregistry.data.gov.uk/data/ppd/monthly/file-170-09.csv ...
  Error downloading https://landregistry.data.gov.uk/data/ppd/monthly/file-170-09.csv: Request failed with status code 406
Downloading https://landregistry.data.gov.uk/data/ppd/monthly/file-170-10.csv ...
  Error downloading https://landregistry.data.gov.uk/data/ppd/monthly/file-170-10.csv: Request failed with status code 406
Downloading https://landregistry.data.gov.uk/data/ppd/monthly/file-170-11.csv ...
  Error downloading https://landregistry.data.gov.uk/data/ppd/monthly/file-170-11.csv: Request failed with status code 406
Downloading https://landregistry.data.gov.uk/data/ppd/monthly/file-170-12.csv ...
  Error downloading https://landregistry.data.gov.uk/data/ppd/monthly/file-170-12.csv: Request failed with status code 406
Downloading https://landregistry.data.gov.uk/data/ppd/monthly/file-171-01.csv ...
  Error downloading https://landregistry.data.gov.uk/data/ppd/monthly/file-171-01.csv: Request failed with status code 406
Downloading https://landregistry.data.gov.uk/data/ppd/monthly/file-171-02.csv ...
  Error downloading https://landregistry.data.gov.uk/data/ppd/monthly/file-171-02.csv: Request failed with status code 406
Downloading https://landregistry.data.gov.uk/data/ppd/monthly/file-171-03.csv ...
  Error downloading https://landregistry.data.gov.uk/data/ppd/monthly/file-171-03.csv: Request failed with status code 406
Downloading https://landregistry.data.gov.uk/data/ppd/monthly/file-171-04.csv ...
  Error downloading https://landregistry.data.gov.uk/data/ppd/monthly/file-171-04.csv: Request failed with status code 406
Downloading https://landregistry.data.gov.uk/data/ppd/monthly/file-171-05.csv ...
  Error downloading https://landregistry.data.gov.uk/data/ppd/monthly/file-171-05.csv: Request failed with status code 406
Downloading https://landregistry.data.gov.uk/data/ppd/monthly/file-171-06.csv ...
  Error downloading https://landregistry.data.gov.uk/data/ppd/monthly/file-171-06.csv: Request failed with status code 406
Downloading https://landregistry.data.gov.uk/data/ppd/monthly/file-171-07.csv ...
  Error downloading https://landregistry.data.gov.uk/data/ppd/monthly/file-171-07.csv: Request failed with status code 406
Downloading https://landregistry.data.gov.uk/data/ppd/monthly/file-171-08.csv ...
  Error downloading https://landregistry.data.gov.uk/data/ppd/monthly/file-171-08.csv: Request failed with status code 406
Downloading https://landregistry.data.gov.uk/data/ppd/monthly/file-171-09.csv ...
  Error downloading https://landregistry.data.gov.uk/data/ppd/monthly/file-171-09.csv: Request failed with status code 406
Downloading https://landregistry.data.gov.uk/data/ppd/monthly/file-171-10.csv ...
  Error downloading https://landregistry.data.gov.uk/data/ppd/monthly/file-171-10.csv: Request failed with status code 406
Downloading https://landregistry.data.gov.uk/data/ppd/monthly/file-171-11.csv ...
  Error downloading https://landregistry.data.gov.uk/data/ppd/monthly/file-171-11.csv: Request failed with status code 406
Downloading https://landregistry.data.gov.uk/data/ppd/monthly/file-171-12.csv ...
  Error downloading https://landregistry.data.gov.uk/data/ppd/monthly/file-171-12.csv: Request failed with status code 406
Downloading https://landregistry.data.gov.uk/data/ppd/monthly/file-172-01.csv ...
  Error downloading https://landregistry.data.gov.uk/data/ppd/monthly/file-172-01.csv: Request failed with status code 406
Downloading https://landregistry.data.gov.uk/data/ppd/monthly/file-172-02.csv ...
  Error downloading https://landregistry.data.gov.uk/data/ppd/monthly/file-172-02.csv: Request failed with status code 406
Downloading https://landregistry.data.gov.uk/data/ppd/monthly/file-172-03.csv ...
  Error downloading https://landregistry.data.gov.uk/data/ppd/monthly/file-172-03.csv: Request failed with status code 406
Downloading https://landregistry.data.gov.uk/data/ppd/monthly/file-172-04.csv ...
  Error downloading https://landregistry.data.gov.uk/data/ppd/monthly/file-172-04.csv: Request failed with status code 406
Downloading https://landregistry.data.gov.uk/data/ppd/monthly/file-172-05.csv ...
  Error downloading https://landregistry.data.gov.uk/data/ppd/monthly/file-172-05.csv: Request failed with status code 406
Downloading https://landregistry.data.gov.uk/data/ppd/monthly/file-172-06.csv ...
  Error downloading https://landregistry.data.gov.uk/data/ppd/monthly/file-172-06.csv: Request failed with status code 406
Downloading https://landregistry.data.gov.uk/data/ppd/monthly/file-172-07.csv ...
  Error downloading https://landregistry.data.gov.uk/data/ppd/monthly/file-172-07.csv: Request failed with status code 406
Downloading https://landregistry.data.gov.uk/data/ppd/monthly/file-172-08.csv ...
  Error downloading https://landregistry.data.gov.uk/data/ppd/monthly/file-172-08.csv: Request failed with status code 406
Downloading https://landregistry.data.gov.uk/data/ppd/monthly/file-172-09.csv ...
  Error downloading https://landregistry.data.gov.uk/data/ppd/monthly/file-172-09.csv: Request failed with status code 406
Downloading https://landregistry.data.gov.uk/data/ppd/monthly/file-172-10.csv ...
  Error downloading https://landregistry.data.gov.uk/data/ppd/monthly/file-172-10.csv: Request failed with status code 406
Downloading https://landregistry.data.gov.uk/data/ppd/monthly/file-172-11.csv ...
  Error downloading https://landregistry.data.gov.uk/data/ppd/monthly/file-172-11.csv: Request failed with status code 406
Downloading https://landregistry.data.gov.uk/data/ppd/monthly/file-172-12.csv ...
  Error downloading https://landregistry.data.gov.uk/data/ppd/monthly/file-172-12.csv: Request failed with status code 406
Downloading https://landregistry.data.gov.uk/data/ppd/monthly/file-173-01.csv ...
  Error downloading https://landregistry.data.gov.uk/data/ppd/monthly/file-173-01.csv: Request failed with status code 406
Downloading https://landregistry.data.gov.uk/data/ppd/monthly/file-173-02.csv ...
  Error downloading https://landregistry.data.gov.uk/data/ppd/monthly/file-173-02.csv: Request failed with status code 406
Downloading https://landregistry.data.gov.uk/data/ppd/monthly/file-173-03.csv ...
  Error downloading https://landregistry.data.gov.uk/data/ppd/monthly/file-173-03.csv: Request failed with status code 406
Downloading https://landregistry.data.gov.uk/data/ppd/monthly/file-173-04.csv ...
  Error downloading https://landregistry.data.gov.uk/data/ppd/monthly/file-173-04.csv: Request failed with status code 406
Downloading https://landregistry.data.gov.uk/data/ppd/monthly/file-173-05.csv ...
  Error downloading https://landregistry.data.gov.uk/data/ppd/monthly/file-173-05.csv: Request failed with status code 406
Downloading https://landregistry.data.gov.uk/data/ppd/monthly/file-173-06.csv ...
  Error downloading https://landregistry.data.gov.uk/data/ppd/monthly/file-173-06.csv: Request failed with status code 406
Downloading https://landregistry.data.gov.uk/data/ppd/monthly/file-173-07.csv ...
  Error downloading https://landregistry.data.gov.uk/data/ppd/monthly/file-173-07.csv: Request failed with status code 406
Downloading https://landregistry.data.gov.uk/data/ppd/monthly/file-173-08.csv ...
  Error downloading https://landregistry.data.gov.uk/data/ppd/monthly/file-173-08.csv: Request failed with status code 406
Downloading https://landregistry.data.gov.uk/data/ppd/monthly/file-173-09.csv ...
  Error downloading https://landregistry.data.gov.uk/data/ppd/monthly/file-173-09.csv: Request failed with status code 406
Downloading https://landregistry.data.gov.uk/data/ppd/monthly/file-173-10.csv ...
  Error downloading https://landregistry.data.gov.uk/data/ppd/monthly/file-173-10.csv: Request failed with status code 406
Downloading https://landregistry.data.gov.uk/data/ppd/monthly/file-173-11.csv ...
  Error downloading https://landregistry.data.gov.uk/data/ppd/monthly/file-173-11.csv: Request failed with status code 406
Downloading https://landregistry.data.gov.uk/data/ppd/monthly/file-173-12.csv ...
  Error downloading https://landregistry.data.gov.uk/data/ppd/monthly/file-173-12.csv: Request failed with status code 406
Downloading https://landregistry.data.gov.uk/data/ppd/monthly/file-174-01.csv ...
  Error downloading https://landregistry.data.gov.uk/data/ppd/monthly/file-174-01.csv: Request failed with status code 406
Downloading https://landregistry.data.gov.uk/data/ppd/monthly/file-174-02.csv ...
  Error downloading https://landregistry.data.gov.uk/data/ppd/monthly/file-174-02.csv: Request failed with status code 406
Downloading https://landregistry.data.gov.uk/data/ppd/monthly/file-174-03.csv ...
  Error downloading https://landregistry.data.gov.uk/data/ppd/monthly/file-174-03.csv: Request failed with status code 406
Downloading https://landregistry.data.gov.uk/data/ppd/monthly/file-174-04.csv ...
  Error downloading https://landregistry.data.gov.uk/data/ppd/monthly/file-174-04.csv: Request failed with status code 406
Downloading https://landregistry.data.gov.uk/data/ppd/monthly/file-174-05.csv ...
  Error downloading https://landregistry.data.gov.uk/data/ppd/monthly/file-174-05.csv: Request failed with status code 406
Downloading https://landregistry.data.gov.uk/data/ppd/monthly/file-174-06.csv ...
  Error downloading https://landregistry.data.gov.uk/data/ppd/monthly/file-174-06.csv: Request failed with status code 406
Downloading https://landregistry.data.gov.uk/data/ppd/monthly/file-174-07.csv ...
  Error downloading https://landregistry.data.gov.uk/data/ppd/monthly/file-174-07.csv: Request failed with status code 406
Downloading https://landregistry.data.gov.uk/data/ppd/monthly/file-174-08.csv ...
  Error downloading https://landregistry.data.gov.uk/data/ppd/monthly/file-174-08.csv: Request failed with status code 406
Downloading https://landregistry.data.gov.uk/data/ppd/monthly/file-174-09.csv ...
  Error downloading https://landregistry.data.gov.uk/data/ppd/monthly/file-174-09.csv: Request failed with status code 406
Downloading https://landregistry.data.gov.uk/data/ppd/monthly/file-174-10.csv ...
  Error downloading https://landregistry.data.gov.uk/data/ppd/monthly/file-174-10.csv: Request failed with status code 406
Downloading https://landregistry.data.gov.uk/data/ppd/monthly/file-174-11.csv ...
  Error downloading https://landregistry.data.gov.uk/data/ppd/monthly/file-174-11.csv: Request failed with status code 406
Downloading https://landregistry.data.gov.uk/data/ppd/monthly/file-174-12.csv ...
  Error downloading https://landregistry.data.gov.uk/data/ppd/monthly/file-174-12.csv: Request failed with status code 406
Downloading https://landregistry.data.gov.uk/data/ppd/monthly/file-175-01.csv ...
  Error downloading https://landregistry.data.gov.uk/data/ppd/monthly/file-175-01.csv: Request failed with status code 406
Downloading https://landregistry.data.gov.uk/data/ppd/monthly/file-175-02.csv ...
  Error downloading https://landregistry.data.gov.uk/data/ppd/monthly/file-175-02.csv: Request failed with status code 406
Downloading https://landregistry.data.gov.uk/data/ppd/monthly/file-175-03.csv ...
  Error downloading https://landregistry.data.gov.uk/data/ppd/monthly/file-175-03.csv: Request failed with status code 406
Downloading https://landregistry.data.gov.uk/data/ppd/monthly/file-175-04.csv ...
  Error downloading https://landregistry.data.gov.uk/data/ppd/monthly/file-175-04.csv: Request failed with status code 406
Downloading https://landregistry.data.gov.uk/data/ppd/monthly/file-175-05.csv ...
  Error downloading https://landregistry.data.gov.uk/data/ppd/monthly/file-175-05.csv: Request failed with status code 406
Downloading https://landregistry.data.gov.uk/data/ppd/monthly/file-175-06.csv ...
  Error downloading https://landregistry.data.gov.uk/data/ppd/monthly/file-175-06.csv: Request failed with status code 406
Downloading https://landregistry.data.gov.uk/data/ppd/monthly/file-175-07.csv ...
  Error downloading https://landregistry.data.gov.uk/data/ppd/monthly/file-175-07.csv: Request failed with status code 406
Downloading https://landregistry.data.gov.uk/data/ppd/monthly/file-175-08.csv ...
  Error downloading https://landregistry.data.gov.uk/data/ppd/monthly/file-175-08.csv: Request failed with status code 406
Downloading https://landregistry.data.gov.uk/data/ppd/monthly/file-175-09.csv ...
  Error downloading https://landregistry.data.gov.uk/data/ppd/monthly/file-175-09.csv: Request failed with status code 406
Downloading https://landregistry.data.gov.uk/data/ppd/monthly/file-175-10.csv ...
  Error downloading https://landregistry.data.gov.uk/data/ppd/monthly/file-175-10.csv: Request failed with status code 406
Downloading https://landregistry.data.gov.uk/data/ppd/monthly/file-175-11.csv ...
  Error downloading https://landregistry.data.gov.uk/data/ppd/monthly/file-175-11.csv: Request failed with status code 406
Downloading https://landregistry.data.gov.uk/data/ppd/monthly/file-175-12.csv ...
  Error downloading https://landregistry.data.gov.uk/data/ppd/monthly/file-175-12.csv: Request failed with status code 406
Downloading https://landregistry.data.gov.uk/data/ppd/monthly/file-176-01.csv ...
  Error downloading https://landregistry.data.gov.uk/data/ppd/monthly/file-176-01.csv: Request failed with status code 406
Downloading https://landregistry.data.gov.uk/data/ppd/monthly/file-176-02.csv ...
  Error downloading https://landregistry.data.gov.uk/data/ppd/monthly/file-176-02.csv: Request failed with status code 406
Downloading https://landregistry.data.gov.uk/data/ppd/monthly/file-176-03.csv ...
  Error downloading https://landregistry.data.gov.uk/data/ppd/monthly/file-176-03.csv: Request failed with status code 406
Downloading https://landregistry.data.gov.uk/data/ppd/monthly/file-176-04.csv ...
  Error downloading https://landregistry.data.gov.uk/data/ppd/monthly/file-176-04.csv: Request failed with status code 406
Downloading https://landregistry.data.gov.uk/data/ppd/monthly/file-176-05.csv ...
  Error downloading https://landregistry.data.gov.uk/data/ppd/monthly/file-176-05.csv: Request failed with status code 406
Downloading https://landregistry.data.gov.uk/data/ppd/monthly/file-176-06.csv ...
  Error downloading https://landregistry.data.gov.uk/data/ppd/monthly/file-176-06.csv: Request failed with status code 406
Downloading https://landregistry.data.gov.uk/data/ppd/monthly/file-176-07.csv ...
  Error downloading https://landregistry.data.gov.uk/data/ppd/monthly/file-176-07.csv: Request failed with status code 406
Downloading https://landregistry.data.gov.uk/data/ppd/monthly/file-176-08.csv ...
  Error downloading https://landregistry.data.gov.uk/data/ppd/monthly/file-176-08.csv: Request failed with status code 406
Downloading https://landregistry.data.gov.uk/data/ppd/monthly/file-176-09.csv ...
  Error downloading https://landregistry.data.gov.uk/data/ppd/monthly/file-176-09.csv: Request failed with status code 406
Downloading https://landregistry.data.gov.uk/data/ppd/monthly/file-176-10.csv ...
  Error downloading https://landregistry.data.gov.uk/data/ppd/monthly/file-176-10.csv: Request failed with status code 406
Downloading https://landregistry.data.gov.uk/data/ppd/monthly/file-176-11.csv ...
  Error downloading https://landregistry.data.gov.uk/data/ppd/monthly/file-176-11.csv: Request failed with status code 406
Downloading https://landregistry.data.gov.uk/data/ppd/monthly/file-176-12.csv ...
  Error downloading https://landregistry.data.gov.uk/data/ppd/monthly/file-176-12.csv: Request failed with status code 406
Downloading https://landregistry.data.gov.uk/data/ppd/monthly/file-177-01.csv ...
  Error downloading https://landregistry.data.gov.uk/data/ppd/monthly/file-177-01.csv: Request failed with status code 406
Downloading https://landregistry.data.gov.uk/data/ppd/monthly/file-177-02.csv ...
  Error downloading https://landregistry.data.gov.uk/data/ppd/monthly/file-177-02.csv: Request failed with status code 406
Downloading https://landregistry.data.gov.uk/data/ppd/monthly/file-177-03.csv ...
  Error downloading https://landregistry.data.gov.uk/data/ppd/monthly/file-177-03.csv: Request failed with status code 406
Downloading https://landregistry.data.gov.uk/data/ppd/monthly/file-177-04.csv ...
  Error downloading https://landregistry.data.gov.uk/data/ppd/monthly/file-177-04.csv: Request failed with status code 406
Downloading https://landregistry.data.gov.uk/data/ppd/monthly/file-177-05.csv ...
  Error downloading https://landregistry.data.gov.uk/data/ppd/monthly/file-177-05.csv: Request failed with status code 406
Downloading https://landregistry.data.gov.uk/data/ppd/monthly/file-177-06.csv ...
  Error downloading https://landregistry.data.gov.uk/data/ppd/monthly/file-177-06.csv: Request failed with status code 406
Downloading https://landregistry.data.gov.uk/data/ppd/monthly/file-177-07.csv ...
  Error downloading https://landregistry.data.gov.uk/data/ppd/monthly/file-177-07.csv: Request failed with status code 406
Downloading https://landregistry.data.gov.uk/data/ppd/monthly/file-177-08.csv ...
  Error downloading https://landregistry.data.gov.uk/data/ppd/monthly/file-177-08.csv: Request failed with status code 406
Downloading https://landregistry.data.gov.uk/data/ppd/monthly/file-177-09.csv ...
  Error downloading https://landregistry.data.gov.uk/data/ppd/monthly/file-177-09.csv: Request failed with status code 406
Downloading https://landregistry.data.gov.uk/data/ppd/monthly/file-177-10.csv ...
  Error downloading https://landregistry.data.gov.uk/data/ppd/monthly/file-177-10.csv: Request failed with status code 406
Downloading https://landregistry.data.gov.uk/data/ppd/monthly/file-177-11.csv ...
  Error downloading https://landregistry.data.gov.uk/data/ppd/monthly/file-177-11.csv: Request failed with status code 406
Downloading https://landregistry.data.gov.uk/data/ppd/monthly/file-177-12.csv ...
  Error downloading https://landregistry.data.gov.uk/data/ppd/monthly/file-177-12.csv: Request failed with status code 406
Downloading https://landregistry.data.gov.uk/data/ppd/monthly/file-178-01.csv ...
  Error downloading https://landregistry.data.gov.uk/data/ppd/monthly/file-178-01.csv: Request failed with status code 406
Downloading https://landregistry.data.gov.uk/data/ppd/monthly/file-178-02.csv ...
  Error downloading https://landregistry.data.gov.uk/data/ppd/monthly/file-178-02.csv: Request failed with status code 406
Downloading https://landregistry.data.gov.uk/data/ppd/monthly/file-178-03.csv ...
  Error downloading https://landregistry.data.gov.uk/data/ppd/monthly/file-178-03.csv: Request failed with status code 406
Downloading https://landregistry.data.gov.uk/data/ppd/monthly/file-178-04.csv ...
  Error downloading https://landregistry.data.gov.uk/data/ppd/monthly/file-178-04.csv: Request failed with status code 406
Downloading https://landregistry.data.gov.uk/data/ppd/monthly/file-178-05.csv ...
  Error downloading https://landregistry.data.gov.uk/data/ppd/monthly/file-178-05.csv: Request failed with status code 406
Downloading https://landregistry.data.gov.uk/data/ppd/monthly/file-178-06.csv ...
  Error downloading https://landregistry.data.gov.uk/data/ppd/monthly/file-178-06.csv: Request failed with status code 406
Downloading https://landregistry.data.gov.uk/data/ppd/monthly/file-178-07.csv ...
  Error downloading https://landregistry.data.gov.uk/data/ppd/monthly/file-178-07.csv: Request failed with status code 406
Downloading https://landregistry.data.gov.uk/data/ppd/monthly/file-178-08.csv ...
  Error downloading https://landregistry.data.gov.uk/data/ppd/monthly/file-178-08.csv: Request failed with status code 406
Downloading https://landregistry.data.gov.uk/data/ppd/monthly/file-178-09.csv ...
  Error downloading https://landregistry.data.gov.uk/data/ppd/monthly/file-178-09.csv: Request failed with status code 406
Downloading https://landregistry.data.gov.uk/data/ppd/monthly/file-178-10.csv ...
  Error downloading https://landregistry.data.gov.uk/data/ppd/monthly/file-178-10.csv: Request failed with status code 406
Downloading https://landregistry.data.gov.uk/data/ppd/monthly/file-178-11.csv ...
  Error downloading https://landregistry.data.gov.uk/data/ppd/monthly/file-178-11.csv: Request failed with status code 406
Downloading https://landregistry.data.gov.uk/data/ppd/monthly/file-178-12.csv ...
  Error downloading https://landregistry.data.gov.uk/data/ppd/monthly/file-178-12.csv: Request failed with status code 406
Downloading https://landregistry.data.gov.uk/data/ppd/monthly/file-179-01.csv ...
  Error downloading https://landregistry.data.gov.uk/data/ppd/monthly/file-179-01.csv: Request failed with status code 406
Downloading https://landregistry.data.gov.uk/data/ppd/monthly/file-179-02.csv ...
  Error downloading https://landregistry.data.gov.uk/data/ppd/monthly/file-179-02.csv: Request failed with status code 406
Downloading https://landregistry.data.gov.uk/data/ppd/monthly/file-179-03.csv ...
  Error downloading https://landregistry.data.gov.uk/data/ppd/monthly/file-179-03.csv: Request failed with status code 406
Downloading https://landregistry.data.gov.uk/data/ppd/monthly/file-179-04.csv ...
  Error downloading https://landregistry.data.gov.uk/data/ppd/monthly/file-179-04.csv: Request failed with status code 406
Downloading https://landregistry.data.gov.uk/data/ppd/monthly/file-179-05.csv ...
  Error downloading https://landregistry.data.gov.uk/data/ppd/monthly/file-179-05.csv: Request failed with status code 406
Downloading https://landregistry.data.gov.uk/data/ppd/monthly/file-179-06.csv ...
  Error downloading https://landregistry.data.gov.uk/data/ppd/monthly/file-179-06.csv: Request failed with status code 406
Downloading https://landregistry.data.gov.uk/data/ppd/monthly/file-179-07.csv ...
  Error downloading https://landregistry.data.gov.uk/data/ppd/monthly/file-179-07.csv: Request failed with status code 406
Downloading https://landregistry.data.gov.uk/data/ppd/monthly/file-179-08.csv ...
  Error downloading https://landregistry.data.gov.uk/data/ppd/monthly/file-179-08.csv: Request failed with status code 406
Downloading https://landregistry.data.gov.uk/data/ppd/monthly/file-179-09.csv ...
  Error downloading https://landregistry.data.gov.uk/data/ppd/monthly/file-179-09.csv: Request failed with status code 406
Downloading https://landregistry.data.gov.uk/data/ppd/monthly/file-179-10.csv ...
  Error downloading https://landregistry.data.gov.uk/data/ppd/monthly/file-179-10.csv: Request failed with status code 406
Downloading https://landregistry.data.gov.uk/data/ppd/monthly/file-179-11.csv ...
  Error downloading https://landregistry.data.gov.uk/data/ppd/monthly/file-179-11.csv: Request failed with status code 406
Downloading https://landregistry.data.gov.uk/data/ppd/monthly/file-179-12.csv ...
  Error downloading https://landregistry.data.gov.uk/data/ppd/monthly/file-179-12.csv: Request failed with status code 406
Downloading https://landregistry.data.gov.uk/data/ppd/monthly/file-180-01.csv ...
  Error downloading https://landregistry.data.gov.uk/data/ppd/monthly/file-180-01.csv: Request failed with status code 406
Downloading https://landregistry.data.gov.uk/data/ppd/monthly/file-180-02.csv ...
  Error downloading https://landregistry.data.gov.uk/data/ppd/monthly/file-180-02.csv: Request failed with status code 406
Downloading https://landregistry.data.gov.uk/data/ppd/monthly/file-180-03.csv ...
  Error downloading https://landregistry.data.gov.uk/data/ppd/monthly/file-180-03.csv: Request failed with status code 406
Downloading https://landregistry.data.gov.uk/data/ppd/monthly/file-180-04.csv ...
  Error downloading https://landregistry.data.gov.uk/data/ppd/monthly/file-180-04.csv: Request failed with status code 406
Downloading https://landregistry.data.gov.uk/data/ppd/monthly/file-180-05.csv ...
  Error downloading https://landregistry.data.gov.uk/data/ppd/monthly/file-180-05.csv: Request failed with status code 406
Downloading https://landregistry.data.gov.uk/data/ppd/monthly/file-180-06.csv ...
  Error downloading https://landregistry.data.gov.uk/data/ppd/monthly/file-180-06.csv: Request failed with status code 406
Downloading https://landregistry.data.gov.uk/data/ppd/monthly/file-180-07.csv ...
  Error downloading https://landregistry.data.gov.uk/data/ppd/monthly/file-180-07.csv: Request failed with status code 406
Downloading https://landregistry.data.gov.uk/data/ppd/monthly/file-180-08.csv ...
  Error downloading https://landregistry.data.gov.uk/data/ppd/monthly/file-180-08.csv: Request failed with status code 406
Downloading https://landregistry.data.gov.uk/data/ppd/monthly/file-180-09.csv ...
  Error downloading https://landregistry.data.gov.uk/data/ppd/monthly/file-180-09.csv: Request failed with status code 406
Downloading https://landregistry.data.gov.uk/data/ppd/monthly/file-180-10.csv ...
  Error downloading https://landregistry.data.gov.uk/data/ppd/monthly/file-180-10.csv: Request failed with status code 406
Downloading https://landregistry.data.gov.uk/data/ppd/monthly/file-180-11.csv ...
  Error downloading https://landregistry.data.gov.uk/data/ppd/monthly/file-180-11.csv: Request failed with status code 406
Downloading https://landregistry.data.gov.uk/data/ppd/monthly/file-180-12.csv ...
  Error downloading https://landregistry.data.gov.uk/data/ppd/monthly/file-180-12.csv: Request failed with status code 406
Downloading https://landregistry.data.gov.uk/data/ppd/monthly/file-181-01.csv ...
  Error downloading https://landregistry.data.gov.uk/data/ppd/monthly/file-181-01.csv: Request failed with status code 406
Downloading https://landregistry.data.gov.uk/data/ppd/monthly/file-181-02.csv ...
  Error downloading https://landregistry.data.gov.uk/data/ppd/monthly/file-181-02.csv: Request failed with status code 406
Downloading https://landregistry.data.gov.uk/data/ppd/monthly/file-181-03.csv ...
  Error downloading https://landregistry.data.gov.uk/data/ppd/monthly/file-181-03.csv: Request failed with status code 406
Downloading https://landregistry.data.gov.uk/data/ppd/monthly/file-181-04.csv ...
  Error downloading https://landregistry.data.gov.uk/data/ppd/monthly/file-181-04.csv: Request failed with status code 406
Downloading https://landregistry.data.gov.uk/data/ppd/monthly/file-181-05.csv ...
  Error downloading https://landregistry.data.gov.uk/data/ppd/monthly/file-181-05.csv: Request failed with status code 406
Downloading https://landregistry.data.gov.uk/data/ppd/monthly/file-181-06.csv ...
  Error downloading https://landregistry.data.gov.uk/data/ppd/monthly/file-181-06.csv: Request failed with status code 406
Downloading https://landregistry.data.gov.uk/data/ppd/monthly/file-181-07.csv ...
  Error downloading https://landregistry.data.gov.uk/data/ppd/monthly/file-181-07.csv: Request failed with status code 406
Downloading https://landregistry.data.gov.uk/data/ppd/monthly/file-181-08.csv ...
  Error downloading https://landregistry.data.gov.uk/data/ppd/monthly/file-181-08.csv: Request failed with status code 406
Downloading https://landregistry.data.gov.uk/data/ppd/monthly/file-181-09.csv ...
  Error downloading https://landregistry.data.gov.uk/data/ppd/monthly/file-181-09.csv: Request failed with status code 406
Downloading https://landregistry.data.gov.uk/data/ppd/monthly/file-181-10.csv ...
  Error downloading https://landregistry.data.gov.uk/data/ppd/monthly/file-181-10.csv: Request failed with status code 406
Downloading https://landregistry.data.gov.uk/data/ppd/monthly/file-181-11.csv ...
  Error downloading https://landregistry.data.gov.uk/data/ppd/monthly/file-181-11.csv: Request failed with status code 406
Downloading https://landregistry.data.gov.uk/data/ppd/monthly/file-181-12.csv ...
  Error downloading https://landregistry.data.gov.uk/data/ppd/monthly/file-181-12.csv: Request failed with status code 406
Downloading https://landregistry.data.gov.uk/data/ppd/monthly/file-182-01.csv ...
  Error downloading https://landregistry.data.gov.uk/data/ppd/monthly/file-182-01.csv: Request failed with status code 406
Downloading https://landregistry.data.gov.uk/data/ppd/monthly/file-182-02.csv ...
  Error downloading https://landregistry.data.gov.uk/data/ppd/monthly/file-182-02.csv: Request failed with status code 406
Downloading https://landregistry.data.gov.uk/data/ppd/monthly/file-182-03.csv ...
  Error downloading https://landregistry.data.gov.uk/data/ppd/monthly/file-182-03.csv: Request failed with status code 406
Downloading https://landregistry.data.gov.uk/data/ppd/monthly/file-182-04.csv ...
  Error downloading https://landregistry.data.gov.uk/data/ppd/monthly/file-182-04.csv: Request failed with status code 406
Downloading https://landregistry.data.gov.uk/data/ppd/monthly/file-182-05.csv ...
  Error downloading https://landregistry.data.gov.uk/data/ppd/monthly/file-182-05.csv: Request failed with status code 406
Downloading https://landregistry.data.gov.uk/data/ppd/monthly/file-182-06.csv ...
  Error downloading https://landregistry.data.gov.uk/data/ppd/monthly/file-182-06.csv: Request failed with status code 406
Downloading https://landregistry.data.gov.uk/data/ppd/monthly/file-182-07.csv ...
  Error downloading https://landregistry.data.gov.uk/data/ppd/monthly/file-182-07.csv: Request failed with status code 406
Downloading https://landregistry.data.gov.uk/data/ppd/monthly/file-182-08.csv ...
  Error downloading https://landregistry.data.gov.uk/data/ppd/monthly/file-182-08.csv: Request failed with status code 406
Downloading https://landregistry.data.gov.uk/data/ppd/monthly/file-182-09.csv ...
  Error downloading https://landregistry.data.gov.uk/data/ppd/monthly/file-182-09.csv: Request failed with status code 406
Downloading https://landregistry.data.gov.uk/data/ppd/monthly/file-182-10.csv ...
  Error downloading https://landregistry.data.gov.uk/data/ppd/monthly/file-182-10.csv: Request failed with status code 406
Downloading https://landregistry.data.gov.uk/data/ppd/monthly/file-182-11.csv ...
  Error downloading https://landregistry.data.gov.uk/data/ppd/monthly/file-182-11.csv: Request failed with status code 406
Downloading https://landregistry.data.gov.uk/data/ppd/monthly/file-182-12.csv ...
  Error downloading https://landregistry.data.gov.uk/data/ppd/monthly/file-182-12.csv: Request failed with status code 406
Downloading https://landregistry.data.gov.uk/data/ppd/monthly/file-183-01.csv ...
  Error downloading https://landregistry.data.gov.uk/data/ppd/monthly/file-183-01.csv: Request failed with status code 406
Downloading https://landregistry.data.gov.uk/data/ppd/monthly/file-183-02.csv ...
  Error downloading https://landregistry.data.gov.uk/data/ppd/monthly/file-183-02.csv: Request failed with status code 406
Downloading https://landregistry.data.gov.uk/data/ppd/monthly/file-183-03.csv ...
  Error downloading https://landregistry.data.gov.uk/data/ppd/monthly/file-183-03.csv: Request failed with status code 406
Downloading https://landregistry.data.gov.uk/data/ppd/monthly/file-183-04.csv ...
  Error downloading https://landregistry.data.gov.uk/data/ppd/monthly/file-183-04.csv: Request failed with status code 406
Downloading https://landregistry.data.gov.uk/data/ppd/monthly/file-183-05.csv ...
  Error downloading https://landregistry.data.gov.uk/data/ppd/monthly/file-183-05.csv: Request failed with status code 406
Downloading https://landregistry.data.gov.uk/data/ppd/monthly/file-183-06.csv ...
  Error downloading https://landregistry.data.gov.uk/data/ppd/monthly/file-183-06.csv: Request failed with status code 406
Downloading https://landregistry.data.gov.uk/data/ppd/monthly/file-183-07.csv ...
  Error downloading https://landregistry.data.gov.uk/data/ppd/monthly/file-183-07.csv: Request failed with status code 406
Downloading https://landregistry.data.gov.uk/data/ppd/monthly/file-183-08.csv ...
  Error downloading https://landregistry.data.gov.uk/data/ppd/monthly/file-183-08.csv: Request failed with status code 406
Downloading https://landregistry.data.gov.uk/data/ppd/monthly/file-183-09.csv ...
  Error downloading https://landregistry.data.gov.uk/data/ppd/monthly/file-183-09.csv: Request failed with status code 406
Downloading https://landregistry.data.gov.uk/data/ppd/monthly/file-183-10.csv ...
  Error downloading https://landregistry.data.gov.uk/data/ppd/monthly/file-183-10.csv: Request failed with status code 406
Downloading https://landregistry.data.gov.uk/data/ppd/monthly/file-183-11.csv ...
  Error downloading https://landregistry.data.gov.uk/data/ppd/monthly/file-183-11.csv: Request failed with status code 406
Downloading https://landregistry.data.gov.uk/data/ppd/monthly/file-183-12.csv ...
  Error downloading https://landregistry.data.gov.uk/data/ppd/monthly/file-183-12.csv: Request failed with status code 406
Downloading https://landregistry.data.gov.uk/data/ppd/monthly/file-184-01.csv ...
  Error downloading https://landregistry.data.gov.uk/data/ppd/monthly/file-184-01.csv: Request failed with status code 406
Downloading https://landregistry.data.gov.uk/data/ppd/monthly/file-184-02.csv ...
  Error downloading https://landregistry.data.gov.uk/data/ppd/monthly/file-184-02.csv: Request failed with status code 406
Downloading https://landregistry.data.gov.uk/data/ppd/monthly/file-184-03.csv ...
  Error downloading https://landregistry.data.gov.uk/data/ppd/monthly/file-184-03.csv: Request failed with status code 406
Downloading https://landregistry.data.gov.uk/data/ppd/monthly/file-184-04.csv ...
  Error downloading https://landregistry.data.gov.uk/data/ppd/monthly/file-184-04.csv: Request failed with status code 406
Downloading https://landregistry.data.gov.uk/data/ppd/monthly/file-184-05.csv ...
  Error downloading https://landregistry.data.gov.uk/data/ppd/monthly/file-184-05.csv: Request failed with status code 406
Downloading https://landregistry.data.gov.uk/data/ppd/monthly/file-184-06.csv ...
  Error downloading https://landregistry.data.gov.uk/data/ppd/monthly/file-184-06.csv: Request failed with status code 406
Downloading https://landregistry.data.gov.uk/data/ppd/monthly/file-184-07.csv ...
  Error downloading https://landregistry.data.gov.uk/data/ppd/monthly/file-184-07.csv: Request failed with status code 406
Downloading https://landregistry.data.gov.uk/data/ppd/monthly/file-184-08.csv ...
  Error downloading https://landregistry.data.gov.uk/data/ppd/monthly/file-184-08.csv: Request failed with status code 406
Downloading https://landregistry.data.gov.uk/data/ppd/monthly/file-184-09.csv ...
  Error downloading https://landregistry.data.gov.uk/data/ppd/monthly/file-184-09.csv: Request failed with status code 406
Downloading https://landregistry.data.gov.uk/data/ppd/monthly/file-184-10.csv ...
  Error downloading https://landregistry.data.gov.uk/data/ppd/monthly/file-184-10.csv: Request failed with status code 406
Downloading https://landregistry.data.gov.uk/data/ppd/monthly/file-184-11.csv ...
  Error downloading https://landregistry.data.gov.uk/data/ppd/monthly/file-184-11.csv: Request failed with status code 406
Downloading https://landregistry.data.gov.uk/data/ppd/monthly/file-184-12.csv ...
  Error downloading https://landregistry.data.gov.uk/data/ppd/monthly/file-184-12.csv: Request failed with status code 406
Downloading https://landregistry.data.gov.uk/data/ppd/monthly/file-185-01.csv ...
  Error downloading https://landregistry.data.gov.uk/data/ppd/monthly/file-185-01.csv: Request failed with status code 406
Downloading https://landregistry.data.gov.uk/data/ppd/monthly/file-185-02.csv ...
  Error downloading https://landregistry.data.gov.uk/data/ppd/monthly/file-185-02.csv: Request failed with status code 406
Downloading https://landregistry.data.gov.uk/data/ppd/monthly/file-185-03.csv ...
  Error downloading https://landregistry.data.gov.uk/data/ppd/monthly/file-185-03.csv: Request failed with status code 406
Downloading https://landregistry.data.gov.uk/data/ppd/monthly/file-185-04.csv ...
  Error downloading https://landregistry.data.gov.uk/data/ppd/monthly/file-185-04.csv: Request failed with status code 406
Downloading https://landregistry.data.gov.uk/data/ppd/monthly/file-185-05.csv ...
  Error downloading https://landregistry.data.gov.uk/data/ppd/monthly/file-185-05.csv: Request failed with status code 406
Downloading https://landregistry.data.gov.uk/data/ppd/monthly/file-185-06.csv ...
  Error downloading https://landregistry.data.gov.uk/data/ppd/monthly/file-185-06.csv: Request failed with status code 406
Downloading https://landregistry.data.gov.uk/data/ppd/monthly/file-185-07.csv ...
  Error downloading https://landregistry.data.gov.uk/data/ppd/monthly/file-185-07.csv: Request failed with status code 406
Downloading https://landregistry.data.gov.uk/data/ppd/monthly/file-185-08.csv ...
  Error downloading https://landregistry.data.gov.uk/data/ppd/monthly/file-185-08.csv: Request failed with status code 406
Downloading https://landregistry.data.gov.uk/data/ppd/monthly/file-185-09.csv ...
  Error downloading https://landregistry.data.gov.uk/data/ppd/monthly/file-185-09.csv: Request failed with status code 406
Downloading https://landregistry.data.gov.uk/data/ppd/monthly/file-185-10.csv ...
  Error downloading https://landregistry.data.gov.uk/data/ppd/monthly/file-185-10.csv: Request failed with status code 406
Downloading https://landregistry.data.gov.uk/data/ppd/monthly/file-185-11.csv ...
  Error downloading https://landregistry.data.gov.uk/data/ppd/monthly/file-185-11.csv: Request failed with status code 406
Downloading https://landregistry.data.gov.uk/data/ppd/monthly/file-185-12.csv ...
  Error downloading https://landregistry.data.gov.uk/data/ppd/monthly/file-185-12.csv: Request failed with status code 406
Downloading https://landregistry.data.gov.uk/data/ppd/monthly/file-186-01.csv ...
  Error downloading https://landregistry.data.gov.uk/data/ppd/monthly/file-186-01.csv: Request failed with status code 406
Downloading https://landregistry.data.gov.uk/data/ppd/monthly/file-186-02.csv ...
  Error downloading https://landregistry.data.gov.uk/data/ppd/monthly/file-186-02.csv: Request failed with status code 406
Downloading https://landregistry.data.gov.uk/data/ppd/monthly/file-186-03.csv ...
  Error downloading https://landregistry.data.gov.uk/data/ppd/monthly/file-186-03.csv: Request failed with status code 406
Downloading https://landregistry.data.gov.uk/data/ppd/monthly/file-186-04.csv ...
  Error downloading https://landregistry.data.gov.uk/data/ppd/monthly/file-186-04.csv: Request failed with status code 406
Downloading https://landregistry.data.gov.uk/data/ppd/monthly/file-186-05.csv ...
  Error downloading https://landregistry.data.gov.uk/data/ppd/monthly/file-186-05.csv: Request failed with status code 406
Downloading https://landregistry.data.gov.uk/data/ppd/monthly/file-186-06.csv ...
  Error downloading https://landregistry.data.gov.uk/data/ppd/monthly/file-186-06.csv: Request failed with status code 406
Downloading https://landregistry.data.gov.uk/data/ppd/monthly/file-186-07.csv ...
  Error downloading https://landregistry.data.gov.uk/data/ppd/monthly/file-186-07.csv: Request failed with status code 406
Downloading https://landregistry.data.gov.uk/data/ppd/monthly/file-186-08.csv ...
  Error downloading https://landregistry.data.gov.uk/data/ppd/monthly/file-186-08.csv: Request failed with status code 406
Downloading https://landregistry.data.gov.uk/data/ppd/monthly/file-186-09.csv ...
  Error downloading https://landregistry.data.gov.uk/data/ppd/monthly/file-186-09.csv: Request failed with status code 406
Downloading https://landregistry.data.gov.uk/data/ppd/monthly/file-186-10.csv ...
  Error downloading https://landregistry.data.gov.uk/data/ppd/monthly/file-186-10.csv: Request failed with status code 406
Downloading https://landregistry.data.gov.uk/data/ppd/monthly/file-186-11.csv ...
  Error downloading https://landregistry.data.gov.uk/data/ppd/monthly/file-186-11.csv: Request failed with status code 406
Downloading https://landregistry.data.gov.uk/data/ppd/monthly/file-186-12.csv ...
  Error downloading https://landregistry.data.gov.uk/data/ppd/monthly/file-186-12.csv: Request failed with status code 406
Downloading https://landregistry.data.gov.uk/data/ppd/monthly/file-187-01.csv ...
  Error downloading https://landregistry.data.gov.uk/data/ppd/monthly/file-187-01.csv: Request failed with status code 406
Downloading https://landregistry.data.gov.uk/data/ppd/monthly/file-187-02.csv ...
  Error downloading https://landregistry.data.gov.uk/data/ppd/monthly/file-187-02.csv: Request failed with status code 406
Downloading https://landregistry.data.gov.uk/data/ppd/monthly/file-187-03.csv ...
  Error downloading https://landregistry.data.gov.uk/data/ppd/monthly/file-187-03.csv: Request failed with status code 406
Downloading https://landregistry.data.gov.uk/data/ppd/monthly/file-187-04.csv ...
  Error downloading https://landregistry.data.gov.uk/data/ppd/monthly/file-187-04.csv: Request failed with status code 406
Downloading https://landregistry.data.gov.uk/data/ppd/monthly/file-187-05.csv ...
  Error downloading https://landregistry.data.gov.uk/data/ppd/monthly/file-187-05.csv: Request failed with status code 406
Downloading https://landregistry.data.gov.uk/data/ppd/monthly/file-187-06.csv ...
  Error downloading https://landregistry.data.gov.uk/data/ppd/monthly/file-187-06.csv: Request failed with status code 406
Downloading https://landregistry.data.gov.uk/data/ppd/monthly/file-187-07.csv ...
  Error downloading https://landregistry.data.gov.uk/data/ppd/monthly/file-187-07.csv: Request failed with status code 406
Downloading https://landregistry.data.gov.uk/data/ppd/monthly/file-187-08.csv ...
  Error downloading https://landregistry.data.gov.uk/data/ppd/monthly/file-187-08.csv: Request failed with status code 406
Downloading https://landregistry.data.gov.uk/data/ppd/monthly/file-187-09.csv ...
  Error downloading https://landregistry.data.gov.uk/data/ppd/monthly/file-187-09.csv: Request failed with status code 406
Downloading https://landregistry.data.gov.uk/data/ppd/monthly/file-187-10.csv ...
  Error downloading https://landregistry.data.gov.uk/data/ppd/monthly/file-187-10.csv: Request failed with status code 406
Downloading https://landregistry.data.gov.uk/data/ppd/monthly/file-187-11.csv ...
  Error downloading https://landregistry.data.gov.uk/data/ppd/monthly/file-187-11.csv: Request failed with status code 406
Downloading https://landregistry.data.gov.uk/data/ppd/monthly/file-187-12.csv ...
  Error downloading https://landregistry.data.gov.uk/data/ppd/monthly/file-187-12.csv: Request failed with status code 406
Downloading https://landregistry.data.gov.uk/data/ppd/monthly/file-188-01.csv ...
  Error downloading https://landregistry.data.gov.uk/data/ppd/monthly/file-188-01.csv: Request failed with status code 406
Downloading https://landregistry.data.gov.uk/data/ppd/monthly/file-188-02.csv ...
  Error downloading https://landregistry.data.gov.uk/data/ppd/monthly/file-188-02.csv: Request failed with status code 406
Downloading https://landregistry.data.gov.uk/data/ppd/monthly/file-188-03.csv ...
  Error downloading https://landregistry.data.gov.uk/data/ppd/monthly/file-188-03.csv: Request failed with status code 406
Downloading https://landregistry.data.gov.uk/data/ppd/monthly/file-188-04.csv ...
  Error downloading https://landregistry.data.gov.uk/data/ppd/monthly/file-188-04.csv: Request failed with status code 406
Downloading https://landregistry.data.gov.uk/data/ppd/monthly/file-188-05.csv ...
  Error downloading https://landregistry.data.gov.uk/data/ppd/monthly/file-188-05.csv: Request failed with status code 406
Downloading https://landregistry.data.gov.uk/data/ppd/monthly/file-188-06.csv ...
  Error downloading https://landregistry.data.gov.uk/data/ppd/monthly/file-188-06.csv: Request failed with status code 406
Downloading https://landregistry.data.gov.uk/data/ppd/monthly/file-188-07.csv ...
  Error downloading https://landregistry.data.gov.uk/data/ppd/monthly/file-188-07.csv: Request failed with status code 406
Downloading https://landregistry.data.gov.uk/data/ppd/monthly/file-188-08.csv ...
  Error downloading https://landregistry.data.gov.uk/data/ppd/monthly/file-188-08.csv: Request failed with status code 406
Downloading https://landregistry.data.gov.uk/data/ppd/monthly/file-188-09.csv ...
  Error downloading https://landregistry.data.gov.uk/data/ppd/monthly/file-188-09.csv: Request failed with status code 406
Downloading https://landregistry.data.gov.uk/data/ppd/monthly/file-188-10.csv ...
  Error downloading https://landregistry.data.gov.uk/data/ppd/monthly/file-188-10.csv: Request failed with status code 406
Downloading https://landregistry.data.gov.uk/data/ppd/monthly/file-188-11.csv ...
  Error downloading https://landregistry.data.gov.uk/data/ppd/monthly/file-188-11.csv: Request failed with status code 406
Downloading https://landregistry.data.gov.uk/data/ppd/monthly/file-188-12.csv ...
  Error downloading https://landregistry.data.gov.uk/data/ppd/monthly/file-188-12.csv: Request failed with status code 406
Downloading https://landregistry.data.gov.uk/data/ppd/monthly/file-189-01.csv ...
  Error downloading https://landregistry.data.gov.uk/data/ppd/monthly/file-189-01.csv: Request failed with status code 406
Downloading https://landregistry.data.gov.uk/data/ppd/monthly/file-189-02.csv ...
  Error downloading https://landregistry.data.gov.uk/data/ppd/monthly/file-189-02.csv: Request failed with status code 406
Downloading https://landregistry.data.gov.uk/data/ppd/monthly/file-189-03.csv ...
  Error downloading https://landregistry.data.gov.uk/data/ppd/monthly/file-189-03.csv: Request failed with status code 406
Downloading https://landregistry.data.gov.uk/data/ppd/monthly/file-189-04.csv ...
  Error downloading https://landregistry.data.gov.uk/data/ppd/monthly/file-189-04.csv: Request failed with status code 406
Downloading https://landregistry.data.gov.uk/data/ppd/monthly/file-189-05.csv ...
  Error downloading https://landregistry.data.gov.uk/data/ppd/monthly/file-189-05.csv: Request failed with status code 406
Downloading https://landregistry.data.gov.uk/data/ppd/monthly/file-189-06.csv ...
  Error downloading https://landregistry.data.gov.uk/data/ppd/monthly/file-189-06.csv: Request failed with status code 406
Downloading https://landregistry.data.gov.uk/data/ppd/monthly/file-189-07.csv ...
  Error downloading https://landregistry.data.gov.uk/data/ppd/monthly/file-189-07.csv: Request failed with status code 406
Downloading https://landregistry.data.gov.uk/data/ppd/monthly/file-189-08.csv ...
  Error downloading https://landregistry.data.gov.uk/data/ppd/monthly/file-189-08.csv: Request failed with status code 406
Downloading https://landregistry.data.gov.uk/data/ppd/monthly/file-189-09.csv ...
  Error downloading https://landregistry.data.gov.uk/data/ppd/monthly/file-189-09.csv: Request failed with status code 406
Downloading https://landregistry.data.gov.uk/data/ppd/monthly/file-189-10.csv ...
  Error downloading https://landregistry.data.gov.uk/data/ppd/monthly/file-189-10.csv: Request failed with status code 406
Downloading https://landregistry.data.gov.uk/data/ppd/monthly/file-189-11.csv ...
  Error downloading https://landregistry.data.gov.uk/data/ppd/monthly/file-189-11.csv: Request failed with status code 406
Downloading https://landregistry.data.gov.uk/data/ppd/monthly/file-189-12.csv ...
  Error downloading https://landregistry.data.gov.uk/data/ppd/monthly/file-189-12.csv: Request failed with status code 406
Downloading https://landregistry.data.gov.uk/data/ppd/monthly/file-190-01.csv ...
  Error downloading https://landregistry.data.gov.uk/data/ppd/monthly/file-190-01.csv: Request failed with status code 406
Downloading https://landregistry.data.gov.uk/data/ppd/monthly/file-190-02.csv ...
  Error downloading https://landregistry.data.gov.uk/data/ppd/monthly/file-190-02.csv: Request failed with status code 406
Downloading https://landregistry.data.gov.uk/data/ppd/monthly/file-190-03.csv ...
  Error downloading https://landregistry.data.gov.uk/data/ppd/monthly/file-190-03.csv: Request failed with status code 406
Downloading https://landregistry.data.gov.uk/data/ppd/monthly/file-190-04.csv ...
  Error downloading https://landregistry.data.gov.uk/data/ppd/monthly/file-190-04.csv: Request failed with status code 406
Downloading https://landregistry.data.gov.uk/data/ppd/monthly/file-190-05.csv ...
  Error downloading https://landregistry.data.gov.uk/data/ppd/monthly/file-190-05.csv: Request failed with status code 406
Downloading https://landregistry.data.gov.uk/data/ppd/monthly/file-190-06.csv ...
  Error downloading https://landregistry.data.gov.uk/data/ppd/monthly/file-190-06.csv: Request failed with status code 406
Downloading https://landregistry.data.gov.uk/data/ppd/monthly/file-190-07.csv ...
  Error downloading https://landregistry.data.gov.uk/data/ppd/monthly/file-190-07.csv: Request failed with status code 406
Downloading https://landregistry.data.gov.uk/data/ppd/monthly/file-190-08.csv ...
  Error downloading https://landregistry.data.gov.uk/data/ppd/monthly/file-190-08.csv: Request failed with status code 406
Downloading https://landregistry.data.gov.uk/data/ppd/monthly/file-190-09.csv ...
  Error downloading https://landregistry.data.gov.uk/data/ppd/monthly/file-190-09.csv: Request failed with status code 406
Downloading https://landregistry.data.gov.uk/data/ppd/monthly/file-190-10.csv ...
  Error downloading https://landregistry.data.gov.uk/data/ppd/monthly/file-190-10.csv: Request failed with status code 406
Downloading https://landregistry.data.gov.uk/data/ppd/monthly/file-190-11.csv ...
  Error downloading https://landregistry.data.gov.uk/data/ppd/monthly/file-190-11.csv: Request failed with status code 406
Downloading https://landregistry.data.gov.uk/data/ppd/monthly/file-190-12.csv ...
  Error downloading https://landregistry.data.gov.uk/data/ppd/monthly/file-190-12.csv: Request failed with status code 406
Downloading https://landregistry.data.gov.uk/data/ppd/monthly/file-191-01.csv ...
  Error downloading https://landregistry.data.gov.uk/data/ppd/monthly/file-191-01.csv: Request failed with status code 406
Downloading https://landregistry.data.gov.uk/data/ppd/monthly/file-191-02.csv ...
  Error downloading https://landregistry.data.gov.uk/data/ppd/monthly/file-191-02.csv: Request failed with status code 406
Downloading https://landregistry.data.gov.uk/data/ppd/monthly/file-191-03.csv ...
  Error downloading https://landregistry.data.gov.uk/data/ppd/monthly/file-191-03.csv: Request failed with status code 406
Downloading https://landregistry.data.gov.uk/data/ppd/monthly/file-191-04.csv ...
  Error downloading https://landregistry.data.gov.uk/data/ppd/monthly/file-191-04.csv: Request failed with status code 406
Downloading https://landregistry.data.gov.uk/data/ppd/monthly/file-191-05.csv ...
  Error downloading https://landregistry.data.gov.uk/data/ppd/monthly/file-191-05.csv: Request failed with status code 406
Downloading https://landregistry.data.gov.uk/data/ppd/monthly/file-191-06.csv ...
  Error downloading https://landregistry.data.gov.uk/data/ppd/monthly/file-191-06.csv: Request failed with status code 406
Downloading https://landregistry.data.gov.uk/data/ppd/monthly/file-191-07.csv ...
  Error downloading https://landregistry.data.gov.uk/data/ppd/monthly/file-191-07.csv: Request failed with status code 406
Downloading https://landregistry.data.gov.uk/data/ppd/monthly/file-191-08.csv ...
  Error downloading https://landregistry.data.gov.uk/data/ppd/monthly/file-191-08.csv: Request failed with status code 406
Downloading https://landregistry.data.gov.uk/data/ppd/monthly/file-191-09.csv ...
  Error downloading https://landregistry.data.gov.uk/data/ppd/monthly/file-191-09.csv: Request failed with status code 406
Downloading https://landregistry.data.gov.uk/data/ppd/monthly/file-191-10.csv ...
  Error downloading https://landregistry.data.gov.uk/data/ppd/monthly/file-191-10.csv: Request failed with status code 406
Downloading https://landregistry.data.gov.uk/data/ppd/monthly/file-191-11.csv ...
  Error downloading https://landregistry.data.gov.uk/data/ppd/monthly/file-191-11.csv: Request failed with status code 406
Downloading https://landregistry.data.gov.uk/data/ppd/monthly/file-191-12.csv ...
  Error downloading https://landregistry.data.gov.uk/data/ppd/monthly/file-191-12.csv: Request failed with status code 406
Downloading https://landregistry.data.gov.uk/data/ppd/monthly/file-192-01.csv ...
  Error downloading https://landregistry.data.gov.uk/data/ppd/monthly/file-192-01.csv: Request failed with status code 406
Downloading https://landregistry.data.gov.uk/data/ppd/monthly/file-192-02.csv ...
  Error downloading https://landregistry.data.gov.uk/data/ppd/monthly/file-192-02.csv: Request failed with status code 406
Downloading https://landregistry.data.gov.uk/data/ppd/monthly/file-192-03.csv ...
  Error downloading https://landregistry.data.gov.uk/data/ppd/monthly/file-192-03.csv: Request failed with status code 406
Downloading https://landregistry.data.gov.uk/data/ppd/monthly/file-192-04.csv ...
  Error downloading https://landregistry.data.gov.uk/data/ppd/monthly/file-192-04.csv: Request failed with status code 406
Downloading https://landregistry.data.gov.uk/data/ppd/monthly/file-192-05.csv ...
  Error downloading https://landregistry.data.gov.uk/data/ppd/monthly/file-192-05.csv: Request failed with status code 406
Downloading https://landregistry.data.gov.uk/data/ppd/monthly/file-192-06.csv ...
  Error downloading https://landregistry.data.gov.uk/data/ppd/monthly/file-192-06.csv: Request failed with status code 406
Downloading https://landregistry.data.gov.uk/data/ppd/monthly/file-192-07.csv ...
  Error downloading https://landregistry.data.gov.uk/data/ppd/monthly/file-192-07.csv: Request failed with status code 406
Downloading https://landregistry.data.gov.uk/data/ppd/monthly/file-192-08.csv ...
  Error downloading https://landregistry.data.gov.uk/data/ppd/monthly/file-192-08.csv: Request failed with status code 406
Downloading https://landregistry.data.gov.uk/data/ppd/monthly/file-192-09.csv ...
  Error downloading https://landregistry.data.gov.uk/data/ppd/monthly/file-192-09.csv: Request failed with status code 406
Downloading https://landregistry.data.gov.uk/data/ppd/monthly/file-192-10.csv ...
  Error downloading https://landregistry.data.gov.uk/data/ppd/monthly/file-192-10.csv: Request failed with status code 406
Downloading https://landregistry.data.gov.uk/data/ppd/monthly/file-192-11.csv ...
  Error downloading https://landregistry.data.gov.uk/data/ppd/monthly/file-192-11.csv: Request failed with status code 406
Downloading https://landregistry.data.gov.uk/data/ppd/monthly/file-192-12.csv ...
  Error downloading https://landregistry.data.gov.uk/data/ppd/monthly/file-192-12.csv: Request failed with status code 406
Downloading https://landregistry.data.gov.uk/data/ppd/monthly/file-193-01.csv ...
  Error downloading https://landregistry.data.gov.uk/data/ppd/monthly/file-193-01.csv: Request failed with status code 406
Downloading https://landregistry.data.gov.uk/data/ppd/monthly/file-193-02.csv ...
  Error downloading https://landregistry.data.gov.uk/data/ppd/monthly/file-193-02.csv: Request failed with status code 406
Downloading https://landregistry.data.gov.uk/data/ppd/monthly/file-193-03.csv ...
  Error downloading https://landregistry.data.gov.uk/data/ppd/monthly/file-193-03.csv: Request failed with status code 406
Downloading https://landregistry.data.gov.uk/data/ppd/monthly/file-193-04.csv ...
  Error downloading https://landregistry.data.gov.uk/data/ppd/monthly/file-193-04.csv: Request failed with status code 406
Downloading https://landregistry.data.gov.uk/data/ppd/monthly/file-193-05.csv ...
  Error downloading https://landregistry.data.gov.uk/data/ppd/monthly/file-193-05.csv: Request failed with status code 406
Downloading https://landregistry.data.gov.uk/data/ppd/monthly/file-193-06.csv ...
  Error downloading https://landregistry.data.gov.uk/data/ppd/monthly/file-193-06.csv: Request failed with status code 406
Downloading https://landregistry.data.gov.uk/data/ppd/monthly/file-193-07.csv ...
  Error downloading https://landregistry.data.gov.uk/data/ppd/monthly/file-193-07.csv: Request failed with status code 406
Downloading https://landregistry.data.gov.uk/data/ppd/monthly/file-193-08.csv ...
  Error downloading https://landregistry.data.gov.uk/data/ppd/monthly/file-193-08.csv: Request failed with status code 406
Downloading https://landregistry.data.gov.uk/data/ppd/monthly/file-193-09.csv ...
  Error downloading https://landregistry.data.gov.uk/data/ppd/monthly/file-193-09.csv: Request failed with status code 406
Downloading https://landregistry.data.gov.uk/data/ppd/monthly/file-193-10.csv ...
  Error downloading https://landregistry.data.gov.uk/data/ppd/monthly/file-193-10.csv: Request failed with status code 406
Downloading https://landregistry.data.gov.uk/data/ppd/monthly/file-193-11.csv ...
  Error downloading https://landregistry.data.gov.uk/data/ppd/monthly/file-193-11.csv: Request failed with status code 406
Downloading https://landregistry.data.gov.uk/data/ppd/monthly/file-193-12.csv ...
  Error downloading https://landregistry.data.gov.uk/data/ppd/monthly/file-193-12.csv: Request failed with status code 406
Downloading https://landregistry.data.gov.uk/data/ppd/monthly/file-194-01.csv ...
  Error downloading https://landregistry.data.gov.uk/data/ppd/monthly/file-194-01.csv: Request failed with status code 406
Downloading https://landregistry.data.gov.uk/data/ppd/monthly/file-194-02.csv ...
  Error downloading https://landregistry.data.gov.uk/data/ppd/monthly/file-194-02.csv: Request failed with status code 406
Downloading https://landregistry.data.gov.uk/data/ppd/monthly/file-194-03.csv ...
  Error downloading https://landregistry.data.gov.uk/data/ppd/monthly/file-194-03.csv: Request failed with status code 406
Downloading https://landregistry.data.gov.uk/data/ppd/monthly/file-194-04.csv ...
  Error downloading https://landregistry.data.gov.uk/data/ppd/monthly/file-194-04.csv: Request failed with status code 406
Downloading https://landregistry.data.gov.uk/data/ppd/monthly/file-194-05.csv ...
  Error downloading https://landregistry.data.gov.uk/data/ppd/monthly/file-194-05.csv: Request failed with status code 406
Downloading https://landregistry.data.gov.uk/data/ppd/monthly/file-194-06.csv ...
  Error downloading https://landregistry.data.gov.uk/data/ppd/monthly/file-194-06.csv: Request failed with status code 406
Downloading https://landregistry.data.gov.uk/data/ppd/monthly/file-194-07.csv ...
  Error downloading https://landregistry.data.gov.uk/data/ppd/monthly/file-194-07.csv: Request failed with status code 406
Downloading https://landregistry.data.gov.uk/data/ppd/monthly/file-194-08.csv ...
  Error downloading https://landregistry.data.gov.uk/data/ppd/monthly/file-194-08.csv: Request failed with status code 406
Downloading https://landregistry.data.gov.uk/data/ppd/monthly/file-194-09.csv ...
  Error downloading https://landregistry.data.gov.uk/data/ppd/monthly/file-194-09.csv: Request failed with status code 406
Downloading https://landregistry.data.gov.uk/data/ppd/monthly/file-194-10.csv ...
  Error downloading https://landregistry.data.gov.uk/data/ppd/monthly/file-194-10.csv: Request failed with status code 406
Downloading https://landregistry.data.gov.uk/data/ppd/monthly/file-194-11.csv ...
  Error downloading https://landregistry.data.gov.uk/data/ppd/monthly/file-194-11.csv: Request failed with status code 406
Downloading https://landregistry.data.gov.uk/data/ppd/monthly/file-194-12.csv ...
  Error downloading https://landregistry.data.gov.uk/data/ppd/monthly/file-194-12.csv: Request failed with status code 406
Downloading https://landregistry.data.gov.uk/data/ppd/monthly/file-195-01.csv ...
  Error downloading https://landregistry.data.gov.uk/data/ppd/monthly/file-195-01.csv: Request failed with status code 406
Downloading https://landregistry.data.gov.uk/data/ppd/monthly/file-195-02.csv ...
  Error downloading https://landregistry.data.gov.uk/data/ppd/monthly/file-195-02.csv: Request failed with status code 406
Downloading https://landregistry.data.gov.uk/data/ppd/monthly/file-195-03.csv ...
  Error downloading https://landregistry.data.gov.uk/data/ppd/monthly/file-195-03.csv: Request failed with status code 406
Downloading https://landregistry.data.gov.uk/data/ppd/monthly/file-195-04.csv ...
  Error downloading https://landregistry.data.gov.uk/data/ppd/monthly/file-195-04.csv: Request failed with status code 406
Downloading https://landregistry.data.gov.uk/data/ppd/monthly/file-195-05.csv ...
  Error downloading https://landregistry.data.gov.uk/data/ppd/monthly/file-195-05.csv: Request failed with status code 406
Downloading https://landregistry.data.gov.uk/data/ppd/monthly/file-195-06.csv ...
  Error downloading https://landregistry.data.gov.uk/data/ppd/monthly/file-195-06.csv: Request failed with status code 406
Downloading https://landregistry.data.gov.uk/data/ppd/monthly/file-195-07.csv ...
  Error downloading https://landregistry.data.gov.uk/data/ppd/monthly/file-195-07.csv: Request failed with status code 406
Downloading https://landregistry.data.gov.uk/data/ppd/monthly/file-195-08.csv ...
  Error downloading https://landregistry.data.gov.uk/data/ppd/monthly/file-195-08.csv: Request failed with status code 406
Downloading https://landregistry.data.gov.uk/data/ppd/monthly/file-195-09.csv ...
  Error downloading https://landregistry.data.gov.uk/data/ppd/monthly/file-195-09.csv: Request failed with status code 406
Downloading https://landregistry.data.gov.uk/data/ppd/monthly/file-195-10.csv ...
  Error downloading https://landregistry.data.gov.uk/data/ppd/monthly/file-195-10.csv: Request failed with status code 406
Downloading https://landregistry.data.gov.uk/data/ppd/monthly/file-195-11.csv ...
  Error downloading https://landregistry.data.gov.uk/data/ppd/monthly/file-195-11.csv: Request failed with status code 406
Downloading https://landregistry.data.gov.uk/data/ppd/monthly/file-195-12.csv ...
  Error downloading https://landregistry.data.gov.uk/data/ppd/monthly/file-195-12.csv: Request failed with status code 406
Downloading https://landregistry.data.gov.uk/data/ppd/monthly/file-196-01.csv ...
  Error downloading https://landregistry.data.gov.uk/data/ppd/monthly/file-196-01.csv: Request failed with status code 406
Downloading https://landregistry.data.gov.uk/data/ppd/monthly/file-196-02.csv ...
  Error downloading https://landregistry.data.gov.uk/data/ppd/monthly/file-196-02.csv: Request failed with status code 406
Downloading https://landregistry.data.gov.uk/data/ppd/monthly/file-196-03.csv ...
  Error downloading https://landregistry.data.gov.uk/data/ppd/monthly/file-196-03.csv: Request failed with status code 406
Downloading https://landregistry.data.gov.uk/data/ppd/monthly/file-196-04.csv ...
  Error downloading https://landregistry.data.gov.uk/data/ppd/monthly/file-196-04.csv: Request failed with status code 406
Downloading https://landregistry.data.gov.uk/data/ppd/monthly/file-196-05.csv ...
  Error downloading https://landregistry.data.gov.uk/data/ppd/monthly/file-196-05.csv: Request failed with status code 406
Downloading https://landregistry.data.gov.uk/data/ppd/monthly/file-196-06.csv ...
  Error downloading https://landregistry.data.gov.uk/data/ppd/monthly/file-196-06.csv: Request failed with status code 406
Downloading https://landregistry.data.gov.uk/data/ppd/monthly/file-196-07.csv ...
  Error downloading https://landregistry.data.gov.uk/data/ppd/monthly/file-196-07.csv: Request failed with status code 406
Downloading https://landregistry.data.gov.uk/data/ppd/monthly/file-196-08.csv ...
  Error downloading https://landregistry.data.gov.uk/data/ppd/monthly/file-196-08.csv: Request failed with status code 406
Downloading https://landregistry.data.gov.uk/data/ppd/monthly/file-196-09.csv ...
  Error downloading https://landregistry.data.gov.uk/data/ppd/monthly/file-196-09.csv: Request failed with status code 406
Downloading https://landregistry.data.gov.uk/data/ppd/monthly/file-196-10.csv ...
  Error downloading https://landregistry.data.gov.uk/data/ppd/monthly/file-196-10.csv: Request failed with status code 406
Downloading https://landregistry.data.gov.uk/data/ppd/monthly/file-196-11.csv ...
  Error downloading https://landregistry.data.gov.uk/data/ppd/monthly/file-196-11.csv: Request failed with status code 406
Downloading https://landregistry.data.gov.uk/data/ppd/monthly/file-196-12.csv ...
  Error downloading https://landregistry.data.gov.uk/data/ppd/monthly/file-196-12.csv: Request failed with status code 406
Downloading https://landregistry.data.gov.uk/data/ppd/monthly/file-197-01.csv ...
  Error downloading https://landregistry.data.gov.uk/data/ppd/monthly/file-197-01.csv: Request failed with status code 406
Downloading https://landregistry.data.gov.uk/data/ppd/monthly/file-197-02.csv ...
  Error downloading https://landregistry.data.gov.uk/data/ppd/monthly/file-197-02.csv: Request failed with status code 406
Downloading https://landregistry.data.gov.uk/data/ppd/monthly/file-197-03.csv ...
  Error downloading https://landregistry.data.gov.uk/data/ppd/monthly/file-197-03.csv: Request failed with status code 406
Downloading https://landregistry.data.gov.uk/data/ppd/monthly/file-197-04.csv ...
  Error downloading https://landregistry.data.gov.uk/data/ppd/monthly/file-197-04.csv: Request failed with status code 406
Downloading https://landregistry.data.gov.uk/data/ppd/monthly/file-197-05.csv ...
  Error downloading https://landregistry.data.gov.uk/data/ppd/monthly/file-197-05.csv: Request failed with status code 406
Downloading https://landregistry.data.gov.uk/data/ppd/monthly/file-197-06.csv ...
  Error downloading https://landregistry.data.gov.uk/data/ppd/monthly/file-197-06.csv: Request failed with status code 406
Downloading https://landregistry.data.gov.uk/data/ppd/monthly/file-197-07.csv ...
  Error downloading https://landregistry.data.gov.uk/data/ppd/monthly/file-197-07.csv: Request failed with status code 406
Downloading https://landregistry.data.gov.uk/data/ppd/monthly/file-197-08.csv ...
  Error downloading https://landregistry.data.gov.uk/data/ppd/monthly/file-197-08.csv: Request failed with status code 406
Downloading https://landregistry.data.gov.uk/data/ppd/monthly/file-197-09.csv ...
  Error downloading https://landregistry.data.gov.uk/data/ppd/monthly/file-197-09.csv: Request failed with status code 406
Downloading https://landregistry.data.gov.uk/data/ppd/monthly/file-197-10.csv ...
  Error downloading https://landregistry.data.gov.uk/data/ppd/monthly/file-197-10.csv: Request failed with status code 406
Downloading https://landregistry.data.gov.uk/data/ppd/monthly/file-197-11.csv ...
  Error downloading https://landregistry.data.gov.uk/data/ppd/monthly/file-197-11.csv: Request failed with status code 406
Downloading https://landregistry.data.gov.uk/data/ppd/monthly/file-197-12.csv ...
  Error downloading https://landregistry.data.gov.uk/data/ppd/monthly/file-197-12.csv: Request failed with status code 406
Downloading https://landregistry.data.gov.uk/data/ppd/monthly/file-198-01.csv ...
  Error downloading https://landregistry.data.gov.uk/data/ppd/monthly/file-198-01.csv: Request failed with status code 406
Downloading https://landregistry.data.gov.uk/data/ppd/monthly/file-198-02.csv ...
  Error downloading https://landregistry.data.gov.uk/data/ppd/monthly/file-198-02.csv: Request failed with status code 406
Downloading https://landregistry.data.gov.uk/data/ppd/monthly/file-198-03.csv ...
  Error downloading https://landregistry.data.gov.uk/data/ppd/monthly/file-198-03.csv: Request failed with status code 406
Downloading https://landregistry.data.gov.uk/data/ppd/monthly/file-198-04.csv ...
  Error downloading https://landregistry.data.gov.uk/data/ppd/monthly/file-198-04.csv: Request failed with status code 406
Downloading https://landregistry.data.gov.uk/data/ppd/monthly/file-198-05.csv ...
  Error downloading https://landregistry.data.gov.uk/data/ppd/monthly/file-198-05.csv: Request failed with status code 406
Downloading https://landregistry.data.gov.uk/data/ppd/monthly/file-198-06.csv ...
  Error downloading https://landregistry.data.gov.uk/data/ppd/monthly/file-198-06.csv: Request failed with status code 406
Downloading https://landregistry.data.gov.uk/data/ppd/monthly/file-198-07.csv ...
  Error downloading https://landregistry.data.gov.uk/data/ppd/monthly/file-198-07.csv: Request failed with status code 406
Downloading https://landregistry.data.gov.uk/data/ppd/monthly/file-198-08.csv ...
  Error downloading https://landregistry.data.gov.uk/data/ppd/monthly/file-198-08.csv: Request failed with status code 406
Downloading https://landregistry.data.gov.uk/data/ppd/monthly/file-198-09.csv ...
  Error downloading https://landregistry.data.gov.uk/data/ppd/monthly/file-198-09.csv: Request failed with status code 406
Downloading https://landregistry.data.gov.uk/data/ppd/monthly/file-198-10.csv ...
  Error downloading https://landregistry.data.gov.uk/data/ppd/monthly/file-198-10.csv: Request failed with status code 406
Downloading https://landregistry.data.gov.uk/data/ppd/monthly/file-198-11.csv ...
  Error downloading https://landregistry.data.gov.uk/data/ppd/monthly/file-198-11.csv: Request failed with status code 406
Downloading https://landregistry.data.gov.uk/data/ppd/monthly/file-198-12.csv ...
  Error downloading https://landregistry.data.gov.uk/data/ppd/monthly/file-198-12.csv: Request failed with status code 406
Downloading https://landregistry.data.gov.uk/data/ppd/monthly/file-199-01.csv ...
  Error downloading https://landregistry.data.gov.uk/data/ppd/monthly/file-199-01.csv: Request failed with status code 406
Downloading https://landregistry.data.gov.uk/data/ppd/monthly/file-199-02.csv ...
  Error downloading https://landregistry.data.gov.uk/data/ppd/monthly/file-199-02.csv: Request failed with status code 406
Downloading https://landregistry.data.gov.uk/data/ppd/monthly/file-199-03.csv ...
  Error downloading https://landregistry.data.gov.uk/data/ppd/monthly/file-199-03.csv: Request failed with status code 406
Downloading https://landregistry.data.gov.uk/data/ppd/monthly/file-199-04.csv ...
  Error downloading https://landregistry.data.gov.uk/data/ppd/monthly/file-199-04.csv: Request failed with status code 406
Downloading https://landregistry.data.gov.uk/data/ppd/monthly/file-199-05.csv ...
  Error downloading https://landregistry.data.gov.uk/data/ppd/monthly/file-199-05.csv: Request failed with status code 406
Downloading https://landregistry.data.gov.uk/data/ppd/monthly/file-199-06.csv ...
  Error downloading https://landregistry.data.gov.uk/data/ppd/monthly/file-199-06.csv: Request failed with status code 406
Downloading https://landregistry.data.gov.uk/data/ppd/monthly/file-199-07.csv ...
  Error downloading https://landregistry.data.gov.uk/data/ppd/monthly/file-199-07.csv: Request failed with status code 406
Downloading https://landregistry.data.gov.uk/data/ppd/monthly/file-199-08.csv ...
  Error downloading https://landregistry.data.gov.uk/data/ppd/monthly/file-199-08.csv: Request failed with status code 406
Downloading https://landregistry.data.gov.uk/data/ppd/monthly/file-199-09.csv ...
  Error downloading https://landregistry.data.gov.uk/data/ppd/monthly/file-199-09.csv: Request failed with status code 406
Downloading https://landregistry.data.gov.uk/data/ppd/monthly/file-199-10.csv ...
  Error downloading https://landregistry.data.gov.uk/data/ppd/monthly/file-199-10.csv: Request failed with status code 406
Downloading https://landregistry.data.gov.uk/data/ppd/monthly/file-199-11.csv ...
  Error downloading https://landregistry.data.gov.uk/data/ppd/monthly/file-199-11.csv: Request failed with status code 406
Downloading https://landregistry.data.gov.uk/data/ppd/monthly/file-199-12.csv ...
  Error downloading https://landregistry.data.gov.uk/data/ppd/monthly/file-199-12.csv: Request failed with status code 406
Downloading https://landregistry.data.gov.uk/data/ppd/monthly/file-200-01.csv ...
  Error downloading https://landregistry.data.gov.uk/data/ppd/monthly/file-200-01.csv: Request failed with status code 406
Downloading https://landregistry.data.gov.uk/data/ppd/monthly/file-200-02.csv ...
  Error downloading https://landregistry.data.gov.uk/data/ppd/monthly/file-200-02.csv: Request failed with status code 406
Downloading https://landregistry.data.gov.uk/data/ppd/monthly/file-200-03.csv ...
  Error downloading https://landregistry.data.gov.uk/data/ppd/monthly/file-200-03.csv: Request failed with status code 406
Downloading https://landregistry.data.gov.uk/data/ppd/monthly/file-200-04.csv ...
  Error downloading https://landregistry.data.gov.uk/data/ppd/monthly/file-200-04.csv: Request failed with status code 406
Downloading https://landregistry.data.gov.uk/data/ppd/monthly/file-200-05.csv ...
  Error downloading https://landregistry.data.gov.uk/data/ppd/monthly/file-200-05.csv: Request failed with status code 406
Downloading https://landregistry.data.gov.uk/data/ppd/monthly/file-200-06.csv ...
  Error downloading https://landregistry.data.gov.uk/data/ppd/monthly/file-200-06.csv: Request failed with status code 406
Downloading https://landregistry.data.gov.uk/data/ppd/monthly/file-200-07.csv ...
  Error downloading https://landregistry.data.gov.uk/data/ppd/monthly/file-200-07.csv: Request failed with status code 406
Downloading https://landregistry.data.gov.uk/data/ppd/monthly/file-200-08.csv ...
  Error downloading https://landregistry.data.gov.uk/data/ppd/monthly/file-200-08.csv: Request failed with status code 406
Downloading https://landregistry.data.gov.uk/data/ppd/monthly/file-200-09.csv ...
  Error downloading https://landregistry.data.gov.uk/data/ppd/monthly/file-200-09.csv: Request failed with status code 406
Downloading https://landregistry.data.gov.uk/data/ppd/monthly/file-200-10.csv ...
  Error downloading https://landregistry.data.gov.uk/data/ppd/monthly/file-200-10.csv: Request failed with status code 406
Downloading https://landregistry.data.gov.uk/data/ppd/monthly/file-200-11.csv ...
  Error downloading https://landregistry.data.gov.uk/data/ppd/monthly/file-200-11.csv: Request failed with status code 406
Downloading https://landregistry.data.gov.uk/data/ppd/monthly/file-200-12.csv ...
  Error downloading https://landregistry.data.gov.uk/data/ppd/monthly/file-200-12.csv: Request failed with status code 406
Downloading https://landregistry.data.gov.uk/data/ppd/monthly/file-201-01.csv ...
  Error downloading https://landregistry.data.gov.uk/data/ppd/monthly/file-201-01.csv: Request failed with status code 406
Downloading https://landregistry.data.gov.uk/data/ppd/monthly/file-201-02.csv ...
  Error downloading https://landregistry.data.gov.uk/data/ppd/monthly/file-201-02.csv: Request failed with status code 406
Downloading https://landregistry.data.gov.uk/data/ppd/monthly/file-201-03.csv ...
  Error downloading https://landregistry.data.gov.uk/data/ppd/monthly/file-201-03.csv: Request failed with status code 406
Downloading https://landregistry.data.gov.uk/data/ppd/monthly/file-201-04.csv ...
  Error downloading https://landregistry.data.gov.uk/data/ppd/monthly/file-201-04.csv: Request failed with status code 406
Downloading https://landregistry.data.gov.uk/data/ppd/monthly/file-201-05.csv ...
  Error downloading https://landregistry.data.gov.uk/data/ppd/monthly/file-201-05.csv: Request failed with status code 406
Downloading https://landregistry.data.gov.uk/data/ppd/monthly/file-201-06.csv ...
  Error downloading https://landregistry.data.gov.uk/data/ppd/monthly/file-201-06.csv: Request failed with status code 406
Downloading https://landregistry.data.gov.uk/data/ppd/monthly/file-201-07.csv ...
  Error downloading https://landregistry.data.gov.uk/data/ppd/monthly/file-201-07.csv: Request failed with status code 406
Downloading https://landregistry.data.gov.uk/data/ppd/monthly/file-201-08.csv ...
  Error downloading https://landregistry.data.gov.uk/data/ppd/monthly/file-201-08.csv: Request failed with status code 406
Downloading https://landregistry.data.gov.uk/data/ppd/monthly/file-201-09.csv ...
  Error downloading https://landregistry.data.gov.uk/data/ppd/monthly/file-201-09.csv: Request failed with status code 406
Downloading https://landregistry.data.gov.uk/data/ppd/monthly/file-201-10.csv ...
  Error downloading https://landregistry.data.gov.uk/data/ppd/monthly/file-201-10.csv: Request failed with status code 406
Downloading https://landregistry.data.gov.uk/data/ppd/monthly/file-201-11.csv ...
  Error downloading https://landregistry.data.gov.uk/data/ppd/monthly/file-201-11.csv: Request failed with status code 406
Downloading https://landregistry.data.gov.uk/data/ppd/monthly/file-201-12.csv ...
  Error downloading https://landregistry.data.gov.uk/data/ppd/monthly/file-201-12.csv: Request failed with status code 406
Downloading https://landregistry.data.gov.uk/data/ppd/monthly/file-202-01.csv ...
  Error downloading https://landregistry.data.gov.uk/data/ppd/monthly/file-202-01.csv: Request failed with status code 406
Downloading https://landregistry.data.gov.uk/data/ppd/monthly/file-202-02.csv ...
  Error downloading https://landregistry.data.gov.uk/data/ppd/monthly/file-202-02.csv: Request failed with status code 406
Downloading https://landregistry.data.gov.uk/data/ppd/monthly/file-202-03.csv ...
  Error downloading https://landregistry.data.gov.uk/data/ppd/monthly/file-202-03.csv: Request failed with status code 406
Downloading https://landregistry.data.gov.uk/data/ppd/monthly/file-202-04.csv ...
  Error downloading https://landregistry.data.gov.uk/data/ppd/monthly/file-202-04.csv: Request failed with status code 406
Downloading https://landregistry.data.gov.uk/data/ppd/monthly/file-202-05.csv ...
  Error downloading https://landregistry.data.gov.uk/data/ppd/monthly/file-202-05.csv: Request failed with status code 406
Downloading https://landregistry.data.gov.uk/data/ppd/monthly/file-202-06.csv ...
  Error downloading https://landregistry.data.gov.uk/data/ppd/monthly/file-202-06.csv: Request failed with status code 406
Downloading https://landregistry.data.gov.uk/data/ppd/monthly/file-202-07.csv ...
  Error downloading https://landregistry.data.gov.uk/data/ppd/monthly/file-202-07.csv: Request failed with status code 406
Downloading https://landregistry.data.gov.uk/data/ppd/monthly/file-202-08.csv ...
  Error downloading https://landregistry.data.gov.uk/data/ppd/monthly/file-202-08.csv: Request failed with status code 406
Downloading https://landregistry.data.gov.uk/data/ppd/monthly/file-202-09.csv ...
  Error downloading https://landregistry.data.gov.uk/data/ppd/monthly/file-202-09.csv: Request failed with status code 406
Downloading https://landregistry.data.gov.uk/data/ppd/monthly/file-202-10.csv ...
  Error downloading https://landregistry.data.gov.uk/data/ppd/monthly/file-202-10.csv: Request failed with status code 406
Downloading https://landregistry.data.gov.uk/data/ppd/monthly/file-202-11.csv ...
  Error downloading https://landregistry.data.gov.uk/data/ppd/monthly/file-202-11.csv: Request failed with status code 406
Downloading https://landregistry.data.gov.uk/data/ppd/monthly/file-202-12.csv ...
  Error downloading https://landregistry.data.gov.uk/data/ppd/monthly/file-202-12.csv: Request failed with status code 406
Downloading https://landregistry.data.gov.uk/data/ppd/monthly/file-203-01.csv ...
  Error downloading https://landregistry.data.gov.uk/data/ppd/monthly/file-203-01.csv: Request failed with status code 406
Downloading https://landregistry.data.gov.uk/data/ppd/monthly/file-203-02.csv ...
  Error downloading https://landregistry.data.gov.uk/data/ppd/monthly/file-203-02.csv: Request failed with status code 406
Downloading https://landregistry.data.gov.uk/data/ppd/monthly/file-203-03.csv ...
  Error downloading https://landregistry.data.gov.uk/data/ppd/monthly/file-203-03.csv: Request failed with status code 406
Downloading https://landregistry.data.gov.uk/data/ppd/monthly/file-203-04.csv ...
  Error downloading https://landregistry.data.gov.uk/data/ppd/monthly/file-203-04.csv: Request failed with status code 406
Downloading https://landregistry.data.gov.uk/data/ppd/monthly/file-203-05.csv ...
  Error downloading https://landregistry.data.gov.uk/data/ppd/monthly/file-203-05.csv: Request failed with status code 406
Downloading https://landregistry.data.gov.uk/data/ppd/monthly/file-203-06.csv ...
  Error downloading https://landregistry.data.gov.uk/data/ppd/monthly/file-203-06.csv: Request failed with status code 406
Downloading https://landregistry.data.gov.uk/data/ppd/monthly/file-203-07.csv ...
  Error downloading https://landregistry.data.gov.uk/data/ppd/monthly/file-203-07.csv: Request failed with status code 406
Downloading https://landregistry.data.gov.uk/data/ppd/monthly/file-203-08.csv ...
  Error downloading https://landregistry.data.gov.uk/data/ppd/monthly/file-203-08.csv: Request failed with status code 406
Downloading https://landregistry.data.gov.uk/data/ppd/monthly/file-203-09.csv ...
  Error downloading https://landregistry.data.gov.uk/data/ppd/monthly/file-203-09.csv: Request failed with status code 406
Downloading https://landregistry.data.gov.uk/data/ppd/monthly/file-203-10.csv ...
  Error downloading https://landregistry.data.gov.uk/data/ppd/monthly/file-203-10.csv: Request failed with status code 406
Downloading https://landregistry.data.gov.uk/data/ppd/monthly/file-203-11.csv ...
  Error downloading https://landregistry.data.gov.uk/data/ppd/monthly/file-203-11.csv: Request failed with status code 406
Downloading https://landregistry.data.gov.uk/data/ppd/monthly/file-203-12.csv ...
  Error downloading https://landregistry.data.gov.uk/data/ppd/monthly/file-203-12.csv: Request failed with status code 406
Downloading https://landregistry.data.gov.uk/data/ppd/monthly/file-204-01.csv ...
  Error downloading https://landregistry.data.gov.uk/data/ppd/monthly/file-204-01.csv: Request failed with status code 406
Downloading https://landregistry.data.gov.uk/data/ppd/monthly/file-204-02.csv ...
  Error downloading https://landregistry.data.gov.uk/data/ppd/monthly/file-204-02.csv: Request failed with status code 406
Downloading https://landregistry.data.gov.uk/data/ppd/monthly/file-204-03.csv ...
  Error downloading https://landregistry.data.gov.uk/data/ppd/monthly/file-204-03.csv: Request failed with status code 406
Downloading https://landregistry.data.gov.uk/data/ppd/monthly/file-204-04.csv ...
  Error downloading https://landregistry.data.gov.uk/data/ppd/monthly/file-204-04.csv: Request failed with status code 406
Downloading https://landregistry.data.gov.uk/data/ppd/monthly/file-204-05.csv ...
  Error downloading https://landregistry.data.gov.uk/data/ppd/monthly/file-204-05.csv: Request failed with status code 406
Downloading https://landregistry.data.gov.uk/data/ppd/monthly/file-204-06.csv ...
  Error downloading https://landregistry.data.gov.uk/data/ppd/monthly/file-204-06.csv: Request failed with status code 406
Downloading https://landregistry.data.gov.uk/data/ppd/monthly/file-204-07.csv ...
  Error downloading https://landregistry.data.gov.uk/data/ppd/monthly/file-204-07.csv: Request failed with status code 406
Downloading https://landregistry.data.gov.uk/data/ppd/monthly/file-204-08.csv ...
  Error downloading https://landregistry.data.gov.uk/data/ppd/monthly/file-204-08.csv: Request failed with status code 406
Downloading https://landregistry.data.gov.uk/data/ppd/monthly/file-204-09.csv ...
  Error downloading https://landregistry.data.gov.uk/data/ppd/monthly/file-204-09.csv: Request failed with status code 406
Downloading https://landregistry.data.gov.uk/data/ppd/monthly/file-204-10.csv ...
  Error downloading https://landregistry.data.gov.uk/data/ppd/monthly/file-204-10.csv: Request failed with status code 406
Downloading https://landregistry.data.gov.uk/data/ppd/monthly/file-204-11.csv ...
  Error downloading https://landregistry.data.gov.uk/data/ppd/monthly/file-204-11.csv: Request failed with status code 406
Downloading https://landregistry.data.gov.uk/data/ppd/monthly/file-204-12.csv ...
  Error downloading https://landregistry.data.gov.uk/data/ppd/monthly/file-204-12.csv: Request failed with status code 406
Downloading https://landregistry.data.gov.uk/data/ppd/monthly/file-205-01.csv ...
  Error downloading https://landregistry.data.gov.uk/data/ppd/monthly/file-205-01.csv: Request failed with status code 406
Downloading https://landregistry.data.gov.uk/data/ppd/monthly/file-205-02.csv ...
  Error downloading https://landregistry.data.gov.uk/data/ppd/monthly/file-205-02.csv: Request failed with status code 406
Downloading https://landregistry.data.gov.uk/data/ppd/monthly/file-205-03.csv ...
  Error downloading https://landregistry.data.gov.uk/data/ppd/monthly/file-205-03.csv: Request failed with status code 406
Downloading https://landregistry.data.gov.uk/data/ppd/monthly/file-205-04.csv ...
  Error downloading https://landregistry.data.gov.uk/data/ppd/monthly/file-205-04.csv: Request failed with status code 406
Downloading https://landregistry.data.gov.uk/data/ppd/monthly/file-205-05.csv ...
  Error downloading https://landregistry.data.gov.uk/data/ppd/monthly/file-205-05.csv: Request failed with status code 406
Downloading https://landregistry.data.gov.uk/data/ppd/monthly/file-205-06.csv ...
  Error downloading https://landregistry.data.gov.uk/data/ppd/monthly/file-205-06.csv: Request failed with status code 406
Downloading https://landregistry.data.gov.uk/data/ppd/monthly/file-205-07.csv ...
  Error downloading https://landregistry.data.gov.uk/data/ppd/monthly/file-205-07.csv: Request failed with status code 406
Downloading https://landregistry.data.gov.uk/data/ppd/monthly/file-205-08.csv ...
  Error downloading https://landregistry.data.gov.uk/data/ppd/monthly/file-205-08.csv: Request failed with status code 406
Downloading https://landregistry.data.gov.uk/data/ppd/monthly/file-205-09.csv ...
  Error downloading https://landregistry.data.gov.uk/data/ppd/monthly/file-205-09.csv: Request failed with status code 406
Downloading https://landregistry.data.gov.uk/data/ppd/monthly/file-205-10.csv ...
  Error downloading https://landregistry.data.gov.uk/data/ppd/monthly/file-205-10.csv: Request failed with status code 406
Downloading https://landregistry.data.gov.uk/data/ppd/monthly/file-205-11.csv ...
  Error downloading https://landregistry.data.gov.uk/data/ppd/monthly/file-205-11.csv: Request failed with status code 406
Downloading https://landregistry.data.gov.uk/data/ppd/monthly/file-205-12.csv ...
  Error downloading https://landregistry.data.gov.uk/data/ppd/monthly/file-205-12.csv: Request failed with status code 406
Downloading https://landregistry.data.gov.uk/data/ppd/monthly/file-206-01.csv ...
  Error downloading https://landregistry.data.gov.uk/data/ppd/monthly/file-206-01.csv: Request failed with status code 406
Downloading https://landregistry.data.gov.uk/data/ppd/monthly/file-206-02.csv ...
  Error downloading https://landregistry.data.gov.uk/data/ppd/monthly/file-206-02.csv: Request failed with status code 406
Downloading https://landregistry.data.gov.uk/data/ppd/monthly/file-206-03.csv ...
  Error downloading https://landregistry.data.gov.uk/data/ppd/monthly/file-206-03.csv: Request failed with status code 406
Downloading https://landregistry.data.gov.uk/data/ppd/monthly/file-206-04.csv ...
  Error downloading https://landregistry.data.gov.uk/data/ppd/monthly/file-206-04.csv: Request failed with status code 406
Downloading https://landregistry.data.gov.uk/data/ppd/monthly/file-206-05.csv ...
  Error downloading https://landregistry.data.gov.uk/data/ppd/monthly/file-206-05.csv: Request failed with status code 406
Downloading https://landregistry.data.gov.uk/data/ppd/monthly/file-206-06.csv ...
  Error downloading https://landregistry.data.gov.uk/data/ppd/monthly/file-206-06.csv: Request failed with status code 406
Downloading https://landregistry.data.gov.uk/data/ppd/monthly/file-206-07.csv ...
  Error downloading https://landregistry.data.gov.uk/data/ppd/monthly/file-206-07.csv: Request failed with status code 406
Downloading https://landregistry.data.gov.uk/data/ppd/monthly/file-206-08.csv ...
  Error downloading https://landregistry.data.gov.uk/data/ppd/monthly/file-206-08.csv: Request failed with status code 406
Downloading https://landregistry.data.gov.uk/data/ppd/monthly/file-206-09.csv ...
  Error downloading https://landregistry.data.gov.uk/data/ppd/monthly/file-206-09.csv: Request failed with status code 406
Downloading https://landregistry.data.gov.uk/data/ppd/monthly/file-206-10.csv ...
  Error downloading https://landregistry.data.gov.uk/data/ppd/monthly/file-206-10.csv: Request failed with status code 406
Downloading https://landregistry.data.gov.uk/data/ppd/monthly/file-206-11.csv ...
  Error downloading https://landregistry.data.gov.uk/data/ppd/monthly/file-206-11.csv: Request failed with status code 406
Downloading https://landregistry.data.gov.uk/data/ppd/monthly/file-206-12.csv ...
  Error downloading https://landregistry.data.gov.uk/data/ppd/monthly/file-206-12.csv: Request failed with status code 406
Downloading https://landregistry.data.gov.uk/data/ppd/monthly/file-207-01.csv ...
  Error downloading https://landregistry.data.gov.uk/data/ppd/monthly/file-207-01.csv: Request failed with status code 406
Downloading https://landregistry.data.gov.uk/data/ppd/monthly/file-207-02.csv ...
  Error downloading https://landregistry.data.gov.uk/data/ppd/monthly/file-207-02.csv: Request failed with status code 406
Downloading https://landregistry.data.gov.uk/data/ppd/monthly/file-207-03.csv ...
  Error downloading https://landregistry.data.gov.uk/data/ppd/monthly/file-207-03.csv: Request failed with status code 406
Downloading https://landregistry.data.gov.uk/data/ppd/monthly/file-207-04.csv ...
  Error downloading https://landregistry.data.gov.uk/data/ppd/monthly/file-207-04.csv: Request failed with status code 406
Downloading https://landregistry.data.gov.uk/data/ppd/monthly/file-207-05.csv ...
  Error downloading https://landregistry.data.gov.uk/data/ppd/monthly/file-207-05.csv: Request failed with status code 406
Downloading https://landregistry.data.gov.uk/data/ppd/monthly/file-207-06.csv ...
  Error downloading https://landregistry.data.gov.uk/data/ppd/monthly/file-207-06.csv: Request failed with status code 406
Downloading https://landregistry.data.gov.uk/data/ppd/monthly/file-207-07.csv ...
  Error downloading https://landregistry.data.gov.uk/data/ppd/monthly/file-207-07.csv: Request failed with status code 406
Downloading https://landregistry.data.gov.uk/data/ppd/monthly/file-207-08.csv ...
  Error downloading https://landregistry.data.gov.uk/data/ppd/monthly/file-207-08.csv: Request failed with status code 406
Downloading https://landregistry.data.gov.uk/data/ppd/monthly/file-207-09.csv ...
  Error downloading https://landregistry.data.gov.uk/data/ppd/monthly/file-207-09.csv: Request failed with status code 406
Downloading https://landregistry.data.gov.uk/data/ppd/monthly/file-207-10.csv ...
  Error downloading https://landregistry.data.gov.uk/data/ppd/monthly/file-207-10.csv: Request failed with status code 406
Downloading https://landregistry.data.gov.uk/data/ppd/monthly/file-207-11.csv ...
  Error downloading https://landregistry.data.gov.uk/data/ppd/monthly/file-207-11.csv: Request failed with status code 406
Downloading https://landregistry.data.gov.uk/data/ppd/monthly/file-207-12.csv ...
  Error downloading https://landregistry.data.gov.uk/data/ppd/monthly/file-207-12.csv: Request failed with status code 406
Downloading https://landregistry.data.gov.uk/data/ppd/monthly/file-208-01.csv ...
  Error downloading https://landregistry.data.gov.uk/data/ppd/monthly/file-208-01.csv: Request failed with status code 406
Downloading https://landregistry.data.gov.uk/data/ppd/monthly/file-208-02.csv ...
  Error downloading https://landregistry.data.gov.uk/data/ppd/monthly/file-208-02.csv: Request failed with status code 406
Downloading https://landregistry.data.gov.uk/data/ppd/monthly/file-208-03.csv ...
  Error downloading https://landregistry.data.gov.uk/data/ppd/monthly/file-208-03.csv: Request failed with status code 406
Downloading https://landregistry.data.gov.uk/data/ppd/monthly/file-208-04.csv ...
  Error downloading https://landregistry.data.gov.uk/data/ppd/monthly/file-208-04.csv: Request failed with status code 406
Downloading https://landregistry.data.gov.uk/data/ppd/monthly/file-208-05.csv ...
  Error downloading https://landregistry.data.gov.uk/data/ppd/monthly/file-208-05.csv: Request failed with status code 406
Downloading https://landregistry.data.gov.uk/data/ppd/monthly/file-208-06.csv ...
  Error downloading https://landregistry.data.gov.uk/data/ppd/monthly/file-208-06.csv: Request failed with status code 406
Downloading https://landregistry.data.gov.uk/data/ppd/monthly/file-208-07.csv ...
  Error downloading https://landregistry.data.gov.uk/data/ppd/monthly/file-208-07.csv: Request failed with status code 406
Downloading https://landregistry.data.gov.uk/data/ppd/monthly/file-208-08.csv ...
  Error downloading https://landregistry.data.gov.uk/data/ppd/monthly/file-208-08.csv: Request failed with status code 406
Downloading https://landregistry.data.gov.uk/data/ppd/monthly/file-208-09.csv ...
  Error downloading https://landregistry.data.gov.uk/data/ppd/monthly/file-208-09.csv: Request failed with status code 406
Downloading https://landregistry.data.gov.uk/data/ppd/monthly/file-208-10.csv ...
  Error downloading https://landregistry.data.gov.uk/data/ppd/monthly/file-208-10.csv: Request failed with status code 406
Downloading https://landregistry.data.gov.uk/data/ppd/monthly/file-208-11.csv ...
  Error downloading https://landregistry.data.gov.uk/data/ppd/monthly/file-208-11.csv: Request failed with status code 406
Downloading https://landregistry.data.gov.uk/data/ppd/monthly/file-208-12.csv ...
  Error downloading https://landregistry.data.gov.uk/data/ppd/monthly/file-208-12.csv: Request failed with status code 406
Downloading https://landregistry.data.gov.uk/data/ppd/monthly/file-209-01.csv ...
  Error downloading https://landregistry.data.gov.uk/data/ppd/monthly/file-209-01.csv: Request failed with status code 406
Downloading https://landregistry.data.gov.uk/data/ppd/monthly/file-209-02.csv ...
  Error downloading https://landregistry.data.gov.uk/data/ppd/monthly/file-209-02.csv: Request failed with status code 406
Downloading https://landregistry.data.gov.uk/data/ppd/monthly/file-209-03.csv ...
  Error downloading https://landregistry.data.gov.uk/data/ppd/monthly/file-209-03.csv: Request failed with status code 406
Downloading https://landregistry.data.gov.uk/data/ppd/monthly/file-209-04.csv ...
  Error downloading https://landregistry.data.gov.uk/data/ppd/monthly/file-209-04.csv: Request failed with status code 406
Downloading https://landregistry.data.gov.uk/data/ppd/monthly/file-209-05.csv ...
  Error downloading https://landregistry.data.gov.uk/data/ppd/monthly/file-209-05.csv: Request failed with status code 406
Downloading https://landregistry.data.gov.uk/data/ppd/monthly/file-209-06.csv ...
  Error downloading https://landregistry.data.gov.uk/data/ppd/monthly/file-209-06.csv: Request failed with status code 406
Downloading https://landregistry.data.gov.uk/data/ppd/monthly/file-209-07.csv ...
  Error downloading https://landregistry.data.gov.uk/data/ppd/monthly/file-209-07.csv: Request failed with status code 406
Downloading https://landregistry.data.gov.uk/data/ppd/monthly/file-209-08.csv ...
  Error downloading https://landregistry.data.gov.uk/data/ppd/monthly/file-209-08.csv: Request failed with status code 406
Downloading https://landregistry.data.gov.uk/data/ppd/monthly/file-209-09.csv ...
  Error downloading https://landregistry.data.gov.uk/data/ppd/monthly/file-209-09.csv: Request failed with status code 406
Downloading https://landregistry.data.gov.uk/data/ppd/monthly/file-209-10.csv ...
  Error downloading https://landregistry.data.gov.uk/data/ppd/monthly/file-209-10.csv: Request failed with status code 406
Downloading https://landregistry.data.gov.uk/data/ppd/monthly/file-209-11.csv ...
  Error downloading https://landregistry.data.gov.uk/data/ppd/monthly/file-209-11.csv: Request failed with status code 406
Downloading https://landregistry.data.gov.uk/data/ppd/monthly/file-209-12.csv ...
  Error downloading https://landregistry.data.gov.uk/data/ppd/monthly/file-209-12.csv: Request failed with status code 406
Downloading https://landregistry.data.gov.uk/data/ppd/monthly/file-210-01.csv ...
  Error downloading https://landregistry.data.gov.uk/data/ppd/monthly/file-210-01.csv: Request failed with status code 406
Downloading https://landregistry.data.gov.uk/data/ppd/monthly/file-210-02.csv ...
  Error downloading https://landregistry.data.gov.uk/data/ppd/monthly/file-210-02.csv: Request failed with status code 406
Downloading https://landregistry.data.gov.uk/data/ppd/monthly/file-210-03.csv ...
  Error downloading https://landregistry.data.gov.uk/data/ppd/monthly/file-210-03.csv: Request failed with status code 406
Downloading https://landregistry.data.gov.uk/data/ppd/monthly/file-210-04.csv ...
  Error downloading https://landregistry.data.gov.uk/data/ppd/monthly/file-210-04.csv: Request failed with status code 406
Downloading https://landregistry.data.gov.uk/data/ppd/monthly/file-210-05.csv ...
  Error downloading https://landregistry.data.gov.uk/data/ppd/monthly/file-210-05.csv: Request failed with status code 406
Downloading https://landregistry.data.gov.uk/data/ppd/monthly/file-210-06.csv ...
  Error downloading https://landregistry.data.gov.uk/data/ppd/monthly/file-210-06.csv: Request failed with status code 406
Downloading https://landregistry.data.gov.uk/data/ppd/monthly/file-210-07.csv ...
  Error downloading https://landregistry.data.gov.uk/data/ppd/monthly/file-210-07.csv: Request failed with status code 406
Downloading https://landregistry.data.gov.uk/data/ppd/monthly/file-210-08.csv ...
  Error downloading https://landregistry.data.gov.uk/data/ppd/monthly/file-210-08.csv: Request failed with status code 406
Downloading https://landregistry.data.gov.uk/data/ppd/monthly/file-210-09.csv ...
  Error downloading https://landregistry.data.gov.uk/data/ppd/monthly/file-210-09.csv: Request failed with status code 406
Downloading https://landregistry.data.gov.uk/data/ppd/monthly/file-210-10.csv ...
  Error downloading https://landregistry.data.gov.uk/data/ppd/monthly/file-210-10.csv: Request failed with status code 406
Downloading https://landregistry.data.gov.uk/data/ppd/monthly/file-210-11.csv ...
  Error downloading https://landregistry.data.gov.uk/data/ppd/monthly/file-210-11.csv: Request failed with status code 406
Downloading https://landregistry.data.gov.uk/data/ppd/monthly/file-210-12.csv ...
  Error downloading https://landregistry.data.gov.uk/data/ppd/monthly/file-210-12.csv: Request failed with status code 406
Downloading https://landregistry.data.gov.uk/data/ppd/monthly/file-211-01.csv ...
  Error downloading https://landregistry.data.gov.uk/data/ppd/monthly/file-211-01.csv: Request failed with status code 406
Downloading https://landregistry.data.gov.uk/data/ppd/monthly/file-211-02.csv ...
  Error downloading https://landregistry.data.gov.uk/data/ppd/monthly/file-211-02.csv: Request failed with status code 406
Downloading https://landregistry.data.gov.uk/data/ppd/monthly/file-211-03.csv ...
  Error downloading https://landregistry.data.gov.uk/data/ppd/monthly/file-211-03.csv: Request failed with status code 406
Downloading https://landregistry.data.gov.uk/data/ppd/monthly/file-211-04.csv ...
  Error downloading https://landregistry.data.gov.uk/data/ppd/monthly/file-211-04.csv: Request failed with status code 406
Downloading https://landregistry.data.gov.uk/data/ppd/monthly/file-211-05.csv ...
  Error downloading https://landregistry.data.gov.uk/data/ppd/monthly/file-211-05.csv: Request failed with status code 406
Downloading https://landregistry.data.gov.uk/data/ppd/monthly/file-211-06.csv ...
  Error downloading https://landregistry.data.gov.uk/data/ppd/monthly/file-211-06.csv: Request failed with status code 406
Downloading https://landregistry.data.gov.uk/data/ppd/monthly/file-211-07.csv ...
  Error downloading https://landregistry.data.gov.uk/data/ppd/monthly/file-211-07.csv: Request failed with status code 406
Downloading https://landregistry.data.gov.uk/data/ppd/monthly/file-211-08.csv ...
  Error downloading https://landregistry.data.gov.uk/data/ppd/monthly/file-211-08.csv: Request failed with status code 406
Downloading https://landregistry.data.gov.uk/data/ppd/monthly/file-211-09.csv ...
  Error downloading https://landregistry.data.gov.uk/data/ppd/monthly/file-211-09.csv: Request failed with status code 406
Downloading https://landregistry.data.gov.uk/data/ppd/monthly/file-211-10.csv ...
  Error downloading https://landregistry.data.gov.uk/data/ppd/monthly/file-211-10.csv: Request failed with status code 406
Downloading https://landregistry.data.gov.uk/data/ppd/monthly/file-211-11.csv ...
  Error downloading https://landregistry.data.gov.uk/data/ppd/monthly/file-211-11.csv: Request failed with status code 406
Downloading https://landregistry.data.gov.uk/data/ppd/monthly/file-211-12.csv ...
  Error downloading https://landregistry.data.gov.uk/data/ppd/monthly/file-211-12.csv: Request failed with status code 406
Downloading https://landregistry.data.gov.uk/data/ppd/monthly/file-212-01.csv ...
  Error downloading https://landregistry.data.gov.uk/data/ppd/monthly/file-212-01.csv: Request failed with status code 406
Downloading https://landregistry.data.gov.uk/data/ppd/monthly/file-212-02.csv ...
  Error downloading https://landregistry.data.gov.uk/data/ppd/monthly/file-212-02.csv: Request failed with status code 406
Downloading https://landregistry.data.gov.uk/data/ppd/monthly/file-212-03.csv ...
  Error downloading https://landregistry.data.gov.uk/data/ppd/monthly/file-212-03.csv: Request failed with status code 406
Downloading https://landregistry.data.gov.uk/data/ppd/monthly/file-212-04.csv ...
  Error downloading https://landregistry.data.gov.uk/data/ppd/monthly/file-212-04.csv: Request failed with status code 406
Downloading https://landregistry.data.gov.uk/data/ppd/monthly/file-212-05.csv ...
  Error downloading https://landregistry.data.gov.uk/data/ppd/monthly/file-212-05.csv: Request failed with status code 406
Downloading https://landregistry.data.gov.uk/data/ppd/monthly/file-212-06.csv ...
  Error downloading https://landregistry.data.gov.uk/data/ppd/monthly/file-212-06.csv: Request failed with status code 406
Downloading https://landregistry.data.gov.uk/data/ppd/monthly/file-212-07.csv ...
  Error downloading https://landregistry.data.gov.uk/data/ppd/monthly/file-212-07.csv: Request failed with status code 406
Downloading https://landregistry.data.gov.uk/data/ppd/monthly/file-212-08.csv ...
  Error downloading https://landregistry.data.gov.uk/data/ppd/monthly/file-212-08.csv: Request failed with status code 406
Downloading https://landregistry.data.gov.uk/data/ppd/monthly/file-212-09.csv ...
  Error downloading https://landregistry.data.gov.uk/data/ppd/monthly/file-212-09.csv: Request failed with status code 406
Downloading https://landregistry.data.gov.uk/data/ppd/monthly/file-212-10.csv ...
  Error downloading https://landregistry.data.gov.uk/data/ppd/monthly/file-212-10.csv: Request failed with status code 406
Downloading https://landregistry.data.gov.uk/data/ppd/monthly/file-212-11.csv ...
  Error downloading https://landregistry.data.gov.uk/data/ppd/monthly/file-212-11.csv: Request failed with status code 406
Downloading https://landregistry.data.gov.uk/data/ppd/monthly/file-212-12.csv ...
  Error downloading https://landregistry.data.gov.uk/data/ppd/monthly/file-212-12.csv: Request failed with status code 406
Downloading https://landregistry.data.gov.uk/data/ppd/monthly/file-213-01.csv ...
  Error downloading https://landregistry.data.gov.uk/data/ppd/monthly/file-213-01.csv: Request failed with status code 406
Downloading https://landregistry.data.gov.uk/data/ppd/monthly/file-213-02.csv ...
  Error downloading https://landregistry.data.gov.uk/data/ppd/monthly/file-213-02.csv: Request failed with status code 406
Downloading https://landregistry.data.gov.uk/data/ppd/monthly/file-213-03.csv ...
  Error downloading https://landregistry.data.gov.uk/data/ppd/monthly/file-213-03.csv: Request failed with status code 406
Downloading https://landregistry.data.gov.uk/data/ppd/monthly/file-213-04.csv ...
  Error downloading https://landregistry.data.gov.uk/data/ppd/monthly/file-213-04.csv: Request failed with status code 406
Downloading https://landregistry.data.gov.uk/data/ppd/monthly/file-213-05.csv ...
  Error downloading https://landregistry.data.gov.uk/data/ppd/monthly/file-213-05.csv: Request failed with status code 406
Downloading https://landregistry.data.gov.uk/data/ppd/monthly/file-213-06.csv ...
  Error downloading https://landregistry.data.gov.uk/data/ppd/monthly/file-213-06.csv: Request failed with status code 406
Downloading https://landregistry.data.gov.uk/data/ppd/monthly/file-213-07.csv ...
  Error downloading https://landregistry.data.gov.uk/data/ppd/monthly/file-213-07.csv: Request failed with status code 406
Downloading https://landregistry.data.gov.uk/data/ppd/monthly/file-213-08.csv ...
  Error downloading https://landregistry.data.gov.uk/data/ppd/monthly/file-213-08.csv: Request failed with status code 406
Downloading https://landregistry.data.gov.uk/data/ppd/monthly/file-213-09.csv ...
  Error downloading https://landregistry.data.gov.uk/data/ppd/monthly/file-213-09.csv: Request failed with status code 406
Downloading https://landregistry.data.gov.uk/data/ppd/monthly/file-213-10.csv ...
  Error downloading https://landregistry.data.gov.uk/data/ppd/monthly/file-213-10.csv: Request failed with status code 406
Downloading https://landregistry.data.gov.uk/data/ppd/monthly/file-213-11.csv ...
  Error downloading https://landregistry.data.gov.uk/data/ppd/monthly/file-213-11.csv: Request failed with status code 406
Downloading https://landregistry.data.gov.uk/data/ppd/monthly/file-213-12.csv ...
  Error downloading https://landregistry.data.gov.uk/data/ppd/monthly/file-213-12.csv: Request failed with status code 406
Downloading https://landregistry.data.gov.uk/data/ppd/monthly/file-214-01.csv ...
  Error downloading https://landregistry.data.gov.uk/data/ppd/monthly/file-214-01.csv: Request failed with status code 406
Downloading https://landregistry.data.gov.uk/data/ppd/monthly/file-214-02.csv ...
  Error downloading https://landregistry.data.gov.uk/data/ppd/monthly/file-214-02.csv: Request failed with status code 406
Downloading https://landregistry.data.gov.uk/data/ppd/monthly/file-214-03.csv ...
  Error downloading https://landregistry.data.gov.uk/data/ppd/monthly/file-214-03.csv: Request failed with status code 406
Downloading https://landregistry.data.gov.uk/data/ppd/monthly/file-214-04.csv ...
  Error downloading https://landregistry.data.gov.uk/data/ppd/monthly/file-214-04.csv: Request failed with status code 406
Downloading https://landregistry.data.gov.uk/data/ppd/monthly/file-214-05.csv ...
  Error downloading https://landregistry.data.gov.uk/data/ppd/monthly/file-214-05.csv: Request failed with status code 406
Downloading https://landregistry.data.gov.uk/data/ppd/monthly/file-214-06.csv ...
  Error downloading https://landregistry.data.gov.uk/data/ppd/monthly/file-214-06.csv: Request failed with status code 406
Downloading https://landregistry.data.gov.uk/data/ppd/monthly/file-214-07.csv ...
  Error downloading https://landregistry.data.gov.uk/data/ppd/monthly/file-214-07.csv: Request failed with status code 406
Downloading https://landregistry.data.gov.uk/data/ppd/monthly/file-214-08.csv ...
  Error downloading https://landregistry.data.gov.uk/data/ppd/monthly/file-214-08.csv: Request failed with status code 406
Downloading https://landregistry.data.gov.uk/data/ppd/monthly/file-214-09.csv ...
  Error downloading https://landregistry.data.gov.uk/data/ppd/monthly/file-214-09.csv: Request failed with status code 406
Downloading https://landregistry.data.gov.uk/data/ppd/monthly/file-214-10.csv ...
  Error downloading https://landregistry.data.gov.uk/data/ppd/monthly/file-214-10.csv: Request failed with status code 406
Downloading https://landregistry.data.gov.uk/data/ppd/monthly/file-214-11.csv ...
  Error downloading https://landregistry.data.gov.uk/data/ppd/monthly/file-214-11.csv: Request failed with status code 406
Downloading https://landregistry.data.gov.uk/data/ppd/monthly/file-214-12.csv ...
  Error downloading https://landregistry.data.gov.uk/data/ppd/monthly/file-214-12.csv: Request failed with status code 406
Downloading https://landregistry.data.gov.uk/data/ppd/monthly/file-215-01.csv ...
  Error downloading https://landregistry.data.gov.uk/data/ppd/monthly/file-215-01.csv: Request failed with status code 406
Downloading https://landregistry.data.gov.uk/data/ppd/monthly/file-215-02.csv ...
  Error downloading https://landregistry.data.gov.uk/data/ppd/monthly/file-215-02.csv: Request failed with status code 406
Downloading https://landregistry.data.gov.uk/data/ppd/monthly/file-215-03.csv ...
  Error downloading https://landregistry.data.gov.uk/data/ppd/monthly/file-215-03.csv: Request failed with status code 406
Downloading https://landregistry.data.gov.uk/data/ppd/monthly/file-215-04.csv ...
  Error downloading https://landregistry.data.gov.uk/data/ppd/monthly/file-215-04.csv: Request failed with status code 406
Downloading https://landregistry.data.gov.uk/data/ppd/monthly/file-215-05.csv ...
  Error downloading https://landregistry.data.gov.uk/data/ppd/monthly/file-215-05.csv: Request failed with status code 406
Downloading https://landregistry.data.gov.uk/data/ppd/monthly/file-215-06.csv ...
  Error downloading https://landregistry.data.gov.uk/data/ppd/monthly/file-215-06.csv: Request failed with status code 406
Downloading https://landregistry.data.gov.uk/data/ppd/monthly/file-215-07.csv ...
  Error downloading https://landregistry.data.gov.uk/data/ppd/monthly/file-215-07.csv: Request failed with status code 406
Downloading https://landregistry.data.gov.uk/data/ppd/monthly/file-215-08.csv ...
  Error downloading https://landregistry.data.gov.uk/data/ppd/monthly/file-215-08.csv: Request failed with status code 406
Downloading https://landregistry.data.gov.uk/data/ppd/monthly/file-215-09.csv ...
  Error downloading https://landregistry.data.gov.uk/data/ppd/monthly/file-215-09.csv: Request failed with status code 406
Downloading https://landregistry.data.gov.uk/data/ppd/monthly/file-215-10.csv ...
  Error downloading https://landregistry.data.gov.uk/data/ppd/monthly/file-215-10.csv: Request failed with status code 406
Downloading https://landregistry.data.gov.uk/data/ppd/monthly/file-215-11.csv ...
  Error downloading https://landregistry.data.gov.uk/data/ppd/monthly/file-215-11.csv: Request failed with status code 406
Downloading https://landregistry.data.gov.uk/data/ppd/monthly/file-215-12.csv ...
  Error downloading https://landregistry.data.gov.uk/data/ppd/monthly/file-215-12.csv: Request failed with status code 406
Downloading https://landregistry.data.gov.uk/data/ppd/monthly/file-216-01.csv ...
  Error downloading https://landregistry.data.gov.uk/data/ppd/monthly/file-216-01.csv: Request failed with status code 406
Downloading https://landregistry.data.gov.uk/data/ppd/monthly/file-216-02.csv ...
  Error downloading https://landregistry.data.gov.uk/data/ppd/monthly/file-216-02.csv: Request failed with status code 406
Downloading https://landregistry.data.gov.uk/data/ppd/monthly/file-216-03.csv ...
  Error downloading https://landregistry.data.gov.uk/data/ppd/monthly/file-216-03.csv: Request failed with status code 406
Downloading https://landregistry.data.gov.uk/data/ppd/monthly/file-216-04.csv ...
  Error downloading https://landregistry.data.gov.uk/data/ppd/monthly/file-216-04.csv: Request failed with status code 406
Downloading https://landregistry.data.gov.uk/data/ppd/monthly/file-216-05.csv ...
  Error downloading https://landregistry.data.gov.uk/data/ppd/monthly/file-216-05.csv: Request failed with status code 406
Downloading https://landregistry.data.gov.uk/data/ppd/monthly/file-216-06.csv ...
  Error downloading https://landregistry.data.gov.uk/data/ppd/monthly/file-216-06.csv: Request failed with status code 406
Downloading https://landregistry.data.gov.uk/data/ppd/monthly/file-216-07.csv ...
  Error downloading https://landregistry.data.gov.uk/data/ppd/monthly/file-216-07.csv: Request failed with status code 406
Downloading https://landregistry.data.gov.uk/data/ppd/monthly/file-216-08.csv ...
  Error downloading https://landregistry.data.gov.uk/data/ppd/monthly/file-216-08.csv: Request failed with status code 406
Downloading https://landregistry.data.gov.uk/data/ppd/monthly/file-216-09.csv ...
  Error downloading https://landregistry.data.gov.uk/data/ppd/monthly/file-216-09.csv: Request failed with status code 406
Downloading https://landregistry.data.gov.uk/data/ppd/monthly/file-216-10.csv ...
  Error downloading https://landregistry.data.gov.uk/data/ppd/monthly/file-216-10.csv: Request failed with status code 406
Downloading https://landregistry.data.gov.uk/data/ppd/monthly/file-216-11.csv ...
  Error downloading https://landregistry.data.gov.uk/data/ppd/monthly/file-216-11.csv: Request failed with status code 406
Downloading https://landregistry.data.gov.uk/data/ppd/monthly/file-216-12.csv ...
  Error downloading https://landregistry.data.gov.uk/data/ppd/monthly/file-216-12.csv: Request failed with status code 406
Downloading https://landregistry.data.gov.uk/data/ppd/monthly/file-217-01.csv ...
  Error downloading https://landregistry.data.gov.uk/data/ppd/monthly/file-217-01.csv: Request failed with status code 406
Downloading https://landregistry.data.gov.uk/data/ppd/monthly/file-217-02.csv ...
  Error downloading https://landregistry.data.gov.uk/data/ppd/monthly/file-217-02.csv: Request failed with status code 406
Downloading https://landregistry.data.gov.uk/data/ppd/monthly/file-217-03.csv ...
  Error downloading https://landregistry.data.gov.uk/data/ppd/monthly/file-217-03.csv: Request failed with status code 406
Downloading https://landregistry.data.gov.uk/data/ppd/monthly/file-217-04.csv ...
  Error downloading https://landregistry.data.gov.uk/data/ppd/monthly/file-217-04.csv: Request failed with status code 406
Downloading https://landregistry.data.gov.uk/data/ppd/monthly/file-217-05.csv ...
  Error downloading https://landregistry.data.gov.uk/data/ppd/monthly/file-217-05.csv: Request failed with status code 406
Downloading https://landregistry.data.gov.uk/data/ppd/monthly/file-217-06.csv ...
  Error downloading https://landregistry.data.gov.uk/data/ppd/monthly/file-217-06.csv: Request failed with status code 406
Downloading https://landregistry.data.gov.uk/data/ppd/monthly/file-217-07.csv ...
  Error downloading https://landregistry.data.gov.uk/data/ppd/monthly/file-217-07.csv: Request failed with status code 406
Downloading https://landregistry.data.gov.uk/data/ppd/monthly/file-217-08.csv ...
  Error downloading https://landregistry.data.gov.uk/data/ppd/monthly/file-217-08.csv: Request failed with status code 406
Downloading https://landregistry.data.gov.uk/data/ppd/monthly/file-217-09.csv ...
  Error downloading https://landregistry.data.gov.uk/data/ppd/monthly/file-217-09.csv: Request failed with status code 406
Downloading https://landregistry.data.gov.uk/data/ppd/monthly/file-217-10.csv ...
  Error downloading https://landregistry.data.gov.uk/data/ppd/monthly/file-217-10.csv: Request failed with status code 406
Downloading https://landregistry.data.gov.uk/data/ppd/monthly/file-217-11.csv ...
  Error downloading https://landregistry.data.gov.uk/data/ppd/monthly/file-217-11.csv: Request failed with status code 406
Downloading https://landregistry.data.gov.uk/data/ppd/monthly/file-217-12.csv ...
  Error downloading https://landregistry.data.gov.uk/data/ppd/monthly/file-217-12.csv: Request failed with status code 406
Downloading https://landregistry.data.gov.uk/data/ppd/monthly/file-218-01.csv ...
  Error downloading https://landregistry.data.gov.uk/data/ppd/monthly/file-218-01.csv: Request failed with status code 406
Downloading https://landregistry.data.gov.uk/data/ppd/monthly/file-218-02.csv ...
  Error downloading https://landregistry.data.gov.uk/data/ppd/monthly/file-218-02.csv: Request failed with status code 406
Downloading https://landregistry.data.gov.uk/data/ppd/monthly/file-218-03.csv ...
  Error downloading https://landregistry.data.gov.uk/data/ppd/monthly/file-218-03.csv: Request failed with status code 406
Downloading https://landregistry.data.gov.uk/data/ppd/monthly/file-218-04.csv ...
  Error downloading https://landregistry.data.gov.uk/data/ppd/monthly/file-218-04.csv: Request failed with status code 406
Downloading https://landregistry.data.gov.uk/data/ppd/monthly/file-218-05.csv ...
  Error downloading https://landregistry.data.gov.uk/data/ppd/monthly/file-218-05.csv: Request failed with status code 406
Downloading https://landregistry.data.gov.uk/data/ppd/monthly/file-218-06.csv ...
  Error downloading https://landregistry.data.gov.uk/data/ppd/monthly/file-218-06.csv: Request failed with status code 406
Downloading https://landregistry.data.gov.uk/data/ppd/monthly/file-218-07.csv ...
  Error downloading https://landregistry.data.gov.uk/data/ppd/monthly/file-218-07.csv: Request failed with status code 406
Downloading https://landregistry.data.gov.uk/data/ppd/monthly/file-218-08.csv ...
  Error downloading https://landregistry.data.gov.uk/data/ppd/monthly/file-218-08.csv: Request failed with status code 406
Downloading https://landregistry.data.gov.uk/data/ppd/monthly/file-218-09.csv ...
  Error downloading https://landregistry.data.gov.uk/data/ppd/monthly/file-218-09.csv: Request failed with status code 406
Downloading https://landregistry.data.gov.uk/data/ppd/monthly/file-218-10.csv ...
  Error downloading https://landregistry.data.gov.uk/data/ppd/monthly/file-218-10.csv: Request failed with status code 406
Downloading https://landregistry.data.gov.uk/data/ppd/monthly/file-218-11.csv ...
  Error downloading https://landregistry.data.gov.uk/data/ppd/monthly/file-218-11.csv: Request failed with status code 406
Downloading https://landregistry.data.gov.uk/data/ppd/monthly/file-218-12.csv ...
  Error downloading https://landregistry.data.gov.uk/data/ppd/monthly/file-218-12.csv: Request failed with status code 406
Downloading https://landregistry.data.gov.uk/data/ppd/monthly/file-219-01.csv ...
  Error downloading https://landregistry.data.gov.uk/data/ppd/monthly/file-219-01.csv: Request failed with status code 406
Downloading https://landregistry.data.gov.uk/data/ppd/monthly/file-219-02.csv ...
  Error downloading https://landregistry.data.gov.uk/data/ppd/monthly/file-219-02.csv: Request failed with status code 406
Downloading https://landregistry.data.gov.uk/data/ppd/monthly/file-219-03.csv ...
  Error downloading https://landregistry.data.gov.uk/data/ppd/monthly/file-219-03.csv: Request failed with status code 406
Downloading https://landregistry.data.gov.uk/data/ppd/monthly/file-219-04.csv ...
  Error downloading https://landregistry.data.gov.uk/data/ppd/monthly/file-219-04.csv: Request failed with status code 406
Downloading https://landregistry.data.gov.uk/data/ppd/monthly/file-219-05.csv ...
  Error downloading https://landregistry.data.gov.uk/data/ppd/monthly/file-219-05.csv: Request failed with status code 406
Downloading https://landregistry.data.gov.uk/data/ppd/monthly/file-219-06.csv ...
  Error downloading https://landregistry.data.gov.uk/data/ppd/monthly/file-219-06.csv: Request failed with status code 406
Downloading https://landregistry.data.gov.uk/data/ppd/monthly/file-219-07.csv ...
  Error downloading https://landregistry.data.gov.uk/data/ppd/monthly/file-219-07.csv: Request failed with status code 406
Downloading https://landregistry.data.gov.uk/data/ppd/monthly/file-219-08.csv ...
  Error downloading https://landregistry.data.gov.uk/data/ppd/monthly/file-219-08.csv: Request failed with status code 406
Downloading https://landregistry.data.gov.uk/data/ppd/monthly/file-219-09.csv ...
  Error downloading https://landregistry.data.gov.uk/data/ppd/monthly/file-219-09.csv: Request failed with status code 406
Downloading https://landregistry.data.gov.uk/data/ppd/monthly/file-219-10.csv ...
  Error downloading https://landregistry.data.gov.uk/data/ppd/monthly/file-219-10.csv: Request failed with status code 406
Downloading https://landregistry.data.gov.uk/data/ppd/monthly/file-219-11.csv ...
  Error downloading https://landregistry.data.gov.uk/data/ppd/monthly/file-219-11.csv: Request failed with status code 406
Downloading https://landregistry.data.gov.uk/data/ppd/monthly/file-219-12.csv ...
  Error downloading https://landregistry.data.gov.uk/data/ppd/monthly/file-219-12.csv: Request failed with status code 406
Downloading https://landregistry.data.gov.uk/data/ppd/monthly/file-220-01.csv ...
  Error downloading https://landregistry.data.gov.uk/data/ppd/monthly/file-220-01.csv: Request failed with status code 406
Downloading https://landregistry.data.gov.uk/data/ppd/monthly/file-220-02.csv ...
  Error downloading https://landregistry.data.gov.uk/data/ppd/monthly/file-220-02.csv: Request failed with status code 406
Downloading https://landregistry.data.gov.uk/data/ppd/monthly/file-220-03.csv ...
  Error downloading https://landregistry.data.gov.uk/data/ppd/monthly/file-220-03.csv: Request failed with status code 406
Downloading https://landregistry.data.gov.uk/data/ppd/monthly/file-220-04.csv ...
  Error downloading https://landregistry.data.gov.uk/data/ppd/monthly/file-220-04.csv: Request failed with status code 406
Downloading https://landregistry.data.gov.uk/data/ppd/monthly/file-220-05.csv ...
  Error downloading https://landregistry.data.gov.uk/data/ppd/monthly/file-220-05.csv: Request failed with status code 406
Downloading https://landregistry.data.gov.uk/data/ppd/monthly/file-220-06.csv ...
  Error downloading https://landregistry.data.gov.uk/data/ppd/monthly/file-220-06.csv: Request failed with status code 406
Downloading https://landregistry.data.gov.uk/data/ppd/monthly/file-220-07.csv ...
  Error downloading https://landregistry.data.gov.uk/data/ppd/monthly/file-220-07.csv: Request failed with status code 406
Downloading https://landregistry.data.gov.uk/data/ppd/monthly/file-220-08.csv ...
  Error downloading https://landregistry.data.gov.uk/data/ppd/monthly/file-220-08.csv: Request failed with status code 406
Downloading https://landregistry.data.gov.uk/data/ppd/monthly/file-220-09.csv ...
  Error downloading https://landregistry.data.gov.uk/data/ppd/monthly/file-220-09.csv: Request failed with status code 406
Downloading https://landregistry.data.gov.uk/data/ppd/monthly/file-220-10.csv ...
  Error downloading https://landregistry.data.gov.uk/data/ppd/monthly/file-220-10.csv: Request failed with status code 406
Downloading https://landregistry.data.gov.uk/data/ppd/monthly/file-220-11.csv ...
  Error downloading https://landregistry.data.gov.uk/data/ppd/monthly/file-220-11.csv: Request failed with status code 406
Downloading https://landregistry.data.gov.uk/data/ppd/monthly/file-220-12.csv ...
  Error downloading https://landregistry.data.gov.uk/data/ppd/monthly/file-220-12.csv: Request failed with status code 406
Downloading https://landregistry.data.gov.uk/data/ppd/monthly/file-221-01.csv ...
  Error downloading https://landregistry.data.gov.uk/data/ppd/monthly/file-221-01.csv: Request failed with status code 406
Downloading https://landregistry.data.gov.uk/data/ppd/monthly/file-221-02.csv ...
  Error downloading https://landregistry.data.gov.uk/data/ppd/monthly/file-221-02.csv: Request failed with status code 406
Downloading https://landregistry.data.gov.uk/data/ppd/monthly/file-221-03.csv ...
  Error downloading https://landregistry.data.gov.uk/data/ppd/monthly/file-221-03.csv: Request failed with status code 406
Downloading https://landregistry.data.gov.uk/data/ppd/monthly/file-221-04.csv ...
  Error downloading https://landregistry.data.gov.uk/data/ppd/monthly/file-221-04.csv: Request failed with status code 406
Downloading https://landregistry.data.gov.uk/data/ppd/monthly/file-221-05.csv ...
  Error downloading https://landregistry.data.gov.uk/data/ppd/monthly/file-221-05.csv: Request failed with status code 406
Downloading https://landregistry.data.gov.uk/data/ppd/monthly/file-221-06.csv ...
  Error downloading https://landregistry.data.gov.uk/data/ppd/monthly/file-221-06.csv: Request failed with status code 406
Downloading https://landregistry.data.gov.uk/data/ppd/monthly/file-221-07.csv ...
  Error downloading https://landregistry.data.gov.uk/data/ppd/monthly/file-221-07.csv: Request failed with status code 406
Downloading https://landregistry.data.gov.uk/data/ppd/monthly/file-221-08.csv ...
  Error downloading https://landregistry.data.gov.uk/data/ppd/monthly/file-221-08.csv: Request failed with status code 406
Downloading https://landregistry.data.gov.uk/data/ppd/monthly/file-221-09.csv ...
  Error downloading https://landregistry.data.gov.uk/data/ppd/monthly/file-221-09.csv: Request failed with status code 406
Downloading https://landregistry.data.gov.uk/data/ppd/monthly/file-221-10.csv ...
  Error downloading https://landregistry.data.gov.uk/data/ppd/monthly/file-221-10.csv: Request failed with status code 406
Downloading https://landregistry.data.gov.uk/data/ppd/monthly/file-221-11.csv ...
  Error downloading https://landregistry.data.gov.uk/data/ppd/monthly/file-221-11.csv: Request failed with status code 406
Downloading https://landregistry.data.gov.uk/data/ppd/monthly/file-221-12.csv ...
  Error downloading https://landregistry.data.gov.uk/data/ppd/monthly/file-221-12.csv: Request failed with status code 406
Downloading https://landregistry.data.gov.uk/data/ppd/monthly/file-222-01.csv ...
  Error downloading https://landregistry.data.gov.uk/data/ppd/monthly/file-222-01.csv: Request failed with status code 406
Downloading https://landregistry.data.gov.uk/data/ppd/monthly/file-222-02.csv ...
  Error downloading https://landregistry.data.gov.uk/data/ppd/monthly/file-222-02.csv: Request failed with status code 406
Downloading https://landregistry.data.gov.uk/data/ppd/monthly/file-222-03.csv ...
  Error downloading https://landregistry.data.gov.uk/data/ppd/monthly/file-222-03.csv: Request failed with status code 406
Downloading https://landregistry.data.gov.uk/data/ppd/monthly/file-222-04.csv ...
  Error downloading https://landregistry.data.gov.uk/data/ppd/monthly/file-222-04.csv: Request failed with status code 406
Downloading https://landregistry.data.gov.uk/data/ppd/monthly/file-222-05.csv ...
  Error downloading https://landregistry.data.gov.uk/data/ppd/monthly/file-222-05.csv: Request failed with status code 406
Downloading https://landregistry.data.gov.uk/data/ppd/monthly/file-222-06.csv ...
  Error downloading https://landregistry.data.gov.uk/data/ppd/monthly/file-222-06.csv: Request failed with status code 406
Downloading https://landregistry.data.gov.uk/data/ppd/monthly/file-222-07.csv ...
  Error downloading https://landregistry.data.gov.uk/data/ppd/monthly/file-222-07.csv: Request failed with status code 406
Downloading https://landregistry.data.gov.uk/data/ppd/monthly/file-222-08.csv ...
  Error downloading https://landregistry.data.gov.uk/data/ppd/monthly/file-222-08.csv: Request failed with status code 406
Downloading https://landregistry.data.gov.uk/data/ppd/monthly/file-222-09.csv ...
  Error downloading https://landregistry.data.gov.uk/data/ppd/monthly/file-222-09.csv: Request failed with status code 406
Downloading https://landregistry.data.gov.uk/data/ppd/monthly/file-222-10.csv ...
  Error downloading https://landregistry.data.gov.uk/data/ppd/monthly/file-222-10.csv: Request failed with status code 406
Downloading https://landregistry.data.gov.uk/data/ppd/monthly/file-222-11.csv ...
  Error downloading https://landregistry.data.gov.uk/data/ppd/monthly/file-222-11.csv: Request failed with status code 406
Downloading https://landregistry.data.gov.uk/data/ppd/monthly/file-222-12.csv ...
  Error downloading https://landregistry.data.gov.uk/data/ppd/monthly/file-222-12.csv: Request failed with status code 406
Downloading https://landregistry.data.gov.uk/data/ppd/monthly/file-223-01.csv ...
  Error downloading https://landregistry.data.gov.uk/data/ppd/monthly/file-223-01.csv: Request failed with status code 406
Downloading https://landregistry.data.gov.uk/data/ppd/monthly/file-223-02.csv ...
  Error downloading https://landregistry.data.gov.uk/data/ppd/monthly/file-223-02.csv: Request failed with status code 406
Downloading https://landregistry.data.gov.uk/data/ppd/monthly/file-223-03.csv ...
  Error downloading https://landregistry.data.gov.uk/data/ppd/monthly/file-223-03.csv: Request failed with status code 406
Downloading https://landregistry.data.gov.uk/data/ppd/monthly/file-223-04.csv ...
  Error downloading https://landregistry.data.gov.uk/data/ppd/monthly/file-223-04.csv: Request failed with status code 406
Downloading https://landregistry.data.gov.uk/data/ppd/monthly/file-223-05.csv ...
  Error downloading https://landregistry.data.gov.uk/data/ppd/monthly/file-223-05.csv: Request failed with status code 406
Downloading https://landregistry.data.gov.uk/data/ppd/monthly/file-223-06.csv ...
  Error downloading https://landregistry.data.gov.uk/data/ppd/monthly/file-223-06.csv: Request failed with status code 406
Downloading https://landregistry.data.gov.uk/data/ppd/monthly/file-223-07.csv ...
  Error downloading https://landregistry.data.gov.uk/data/ppd/monthly/file-223-07.csv: Request failed with status code 406
Downloading https://landregistry.data.gov.uk/data/ppd/monthly/file-223-08.csv ...
  Error downloading https://landregistry.data.gov.uk/data/ppd/monthly/file-223-08.csv: Request failed with status code 406
Downloading https://landregistry.data.gov.uk/data/ppd/monthly/file-223-09.csv ...
  Error downloading https://landregistry.data.gov.uk/data/ppd/monthly/file-223-09.csv: Request failed with status code 406
Downloading https://landregistry.data.gov.uk/data/ppd/monthly/file-223-10.csv ...
  Error downloading https://landregistry.data.gov.uk/data/ppd/monthly/file-223-10.csv: Request failed with status code 406
Downloading https://landregistry.data.gov.uk/data/ppd/monthly/file-223-11.csv ...
  Error downloading https://landregistry.data.gov.uk/data/ppd/monthly/file-223-11.csv: Request failed with status code 406
Downloading https://landregistry.data.gov.uk/data/ppd/monthly/file-223-12.csv ...
  Error downloading https://landregistry.data.gov.uk/data/ppd/monthly/file-223-12.csv: Request failed with status code 406
Downloading https://landregistry.data.gov.uk/data/ppd/monthly/file-224-01.csv ...
  Error downloading https://landregistry.data.gov.uk/data/ppd/monthly/file-224-01.csv: Request failed with status code 406
Downloading https://landregistry.data.gov.uk/data/ppd/monthly/file-224-02.csv ...
  Error downloading https://landregistry.data.gov.uk/data/ppd/monthly/file-224-02.csv: Request failed with status code 406
Downloading https://landregistry.data.gov.uk/data/ppd/monthly/file-224-03.csv ...
  Error downloading https://landregistry.data.gov.uk/data/ppd/monthly/file-224-03.csv: Request failed with status code 406
Downloading https://landregistry.data.gov.uk/data/ppd/monthly/file-224-04.csv ...
  Error downloading https://landregistry.data.gov.uk/data/ppd/monthly/file-224-04.csv: Request failed with status code 406
Downloading https://landregistry.data.gov.uk/data/ppd/monthly/file-224-05.csv ...
  Error downloading https://landregistry.data.gov.uk/data/ppd/monthly/file-224-05.csv: Request failed with status code 406
Downloading https://landregistry.data.gov.uk/data/ppd/monthly/file-224-06.csv ...
  Error downloading https://landregistry.data.gov.uk/data/ppd/monthly/file-224-06.csv: Request failed with status code 406
Downloading https://landregistry.data.gov.uk/data/ppd/monthly/file-224-07.csv ...
  Error downloading https://landregistry.data.gov.uk/data/ppd/monthly/file-224-07.csv: Request failed with status code 406
Downloading https://landregistry.data.gov.uk/data/ppd/monthly/file-224-08.csv ...
  Error downloading https://landregistry.data.gov.uk/data/ppd/monthly/file-224-08.csv: Request failed with status code 406
Downloading https://landregistry.data.gov.uk/data/ppd/monthly/file-224-09.csv ...
  Error downloading https://landregistry.data.gov.uk/data/ppd/monthly/file-224-09.csv: Request failed with status code 406
Downloading https://landregistry.data.gov.uk/data/ppd/monthly/file-224-10.csv ...
  Error downloading https://landregistry.data.gov.uk/data/ppd/monthly/file-224-10.csv: Request failed with status code 406
Downloading https://landregistry.data.gov.uk/data/ppd/monthly/file-224-11.csv ...
  Error downloading https://landregistry.data.gov.uk/data/ppd/monthly/file-224-11.csv: Request failed with status code 406
Downloading https://landregistry.data.gov.uk/data/ppd/monthly/file-224-12.csv ...
  Error downloading https://landregistry.data.gov.uk/data/ppd/monthly/file-224-12.csv: Request failed with status code 406
Downloading https://landregistry.data.gov.uk/data/ppd/monthly/file-225-01.csv ...
  Error downloading https://landregistry.data.gov.uk/data/ppd/monthly/file-225-01.csv: Request failed with status code 406
Downloading https://landregistry.data.gov.uk/data/ppd/monthly/file-225-02.csv ...
  Error downloading https://landregistry.data.gov.uk/data/ppd/monthly/file-225-02.csv: Request failed with status code 406
Downloading https://landregistry.data.gov.uk/data/ppd/monthly/file-225-03.csv ...
  Error downloading https://landregistry.data.gov.uk/data/ppd/monthly/file-225-03.csv: Request failed with status code 406
Downloading https://landregistry.data.gov.uk/data/ppd/monthly/file-225-04.csv ...
  Error downloading https://landregistry.data.gov.uk/data/ppd/monthly/file-225-04.csv: Request failed with status code 406
Downloading https://landregistry.data.gov.uk/data/ppd/monthly/file-225-05.csv ...
  Error downloading https://landregistry.data.gov.uk/data/ppd/monthly/file-225-05.csv: Request failed with status code 406
Downloading https://landregistry.data.gov.uk/data/ppd/monthly/file-225-06.csv ...
  Error downloading https://landregistry.data.gov.uk/data/ppd/monthly/file-225-06.csv: Request failed with status code 406
Downloading https://landregistry.data.gov.uk/data/ppd/monthly/file-225-07.csv ...
  Error downloading https://landregistry.data.gov.uk/data/ppd/monthly/file-225-07.csv: Request failed with status code 406
Downloading https://landregistry.data.gov.uk/data/ppd/monthly/file-225-08.csv ...
  Error downloading https://landregistry.data.gov.uk/data/ppd/monthly/file-225-08.csv: Request failed with status code 406
Downloading https://landregistry.data.gov.uk/data/ppd/monthly/file-225-09.csv ...
  Error downloading https://landregistry.data.gov.uk/data/ppd/monthly/file-225-09.csv: Request failed with status code 406
Downloading https://landregistry.data.gov.uk/data/ppd/monthly/file-225-10.csv ...
  Error downloading https://landregistry.data.gov.uk/data/ppd/monthly/file-225-10.csv: Request failed with status code 406
Downloading https://landregistry.data.gov.uk/data/ppd/monthly/file-225-11.csv ...
  Error downloading https://landregistry.data.gov.uk/data/ppd/monthly/file-225-11.csv: Request failed with status code 406
Downloading https://landregistry.data.gov.uk/data/ppd/monthly/file-225-12.csv ...
  Error downloading https://landregistry.data.gov.uk/data/ppd/monthly/file-225-12.csv: Request failed with status code 406
Downloading https://landregistry.data.gov.uk/data/ppd/monthly/file-226-01.csv ...
  Error downloading https://landregistry.data.gov.uk/data/ppd/monthly/file-226-01.csv: Request failed with status code 406
Downloading https://landregistry.data.gov.uk/data/ppd/monthly/file-226-02.csv ...
  Error downloading https://landregistry.data.gov.uk/data/ppd/monthly/file-226-02.csv: Request failed with status code 406
Downloading https://landregistry.data.gov.uk/data/ppd/monthly/file-226-03.csv ...
  Error downloading https://landregistry.data.gov.uk/data/ppd/monthly/file-226-03.csv: Request failed with status code 406
Downloading https://landregistry.data.gov.uk/data/ppd/monthly/file-226-04.csv ...
  Error downloading https://landregistry.data.gov.uk/data/ppd/monthly/file-226-04.csv: Request failed with status code 406
Downloading https://landregistry.data.gov.uk/data/ppd/monthly/file-226-05.csv ...
  Error downloading https://landregistry.data.gov.uk/data/ppd/monthly/file-226-05.csv: Request failed with status code 406
Downloading https://landregistry.data.gov.uk/data/ppd/monthly/file-226-06.csv ...
  Error downloading https://landregistry.data.gov.uk/data/ppd/monthly/file-226-06.csv: Request failed with status code 406
Downloading https://landregistry.data.gov.uk/data/ppd/monthly/file-226-07.csv ...
  Error downloading https://landregistry.data.gov.uk/data/ppd/monthly/file-226-07.csv: Request failed with status code 406
Downloading https://landregistry.data.gov.uk/data/ppd/monthly/file-226-08.csv ...
  Error downloading https://landregistry.data.gov.uk/data/ppd/monthly/file-226-08.csv: Request failed with status code 406
Downloading https://landregistry.data.gov.uk/data/ppd/monthly/file-226-09.csv ...
  Error downloading https://landregistry.data.gov.uk/data/ppd/monthly/file-226-09.csv: Request failed with status code 406
Downloading https://landregistry.data.gov.uk/data/ppd/monthly/file-226-10.csv ...
  Error downloading https://landregistry.data.gov.uk/data/ppd/monthly/file-226-10.csv: Request failed with status code 406
Downloading https://landregistry.data.gov.uk/data/ppd/monthly/file-226-11.csv ...
  Error downloading https://landregistry.data.gov.uk/data/ppd/monthly/file-226-11.csv: Request failed with status code 406
Downloading https://landregistry.data.gov.uk/data/ppd/monthly/file-226-12.csv ...
  Error downloading https://landregistry.data.gov.uk/data/ppd/monthly/file-226-12.csv: Request failed with status code 406
Downloading https://landregistry.data.gov.uk/data/ppd/monthly/file-227-01.csv ...
  Error downloading https://landregistry.data.gov.uk/data/ppd/monthly/file-227-01.csv: Request failed with status code 406
Downloading https://landregistry.data.gov.uk/data/ppd/monthly/file-227-02.csv ...
  Error downloading https://landregistry.data.gov.uk/data/ppd/monthly/file-227-02.csv: Request failed with status code 406
Downloading https://landregistry.data.gov.uk/data/ppd/monthly/file-227-03.csv ...
  Error downloading https://landregistry.data.gov.uk/data/ppd/monthly/file-227-03.csv: Request failed with status code 406
Downloading https://landregistry.data.gov.uk/data/ppd/monthly/file-227-04.csv ...
  Error downloading https://landregistry.data.gov.uk/data/ppd/monthly/file-227-04.csv: Request failed with status code 406
Downloading https://landregistry.data.gov.uk/data/ppd/monthly/file-227-05.csv ...
  Error downloading https://landregistry.data.gov.uk/data/ppd/monthly/file-227-05.csv: Request failed with status code 406
Downloading https://landregistry.data.gov.uk/data/ppd/monthly/file-227-06.csv ...
  Error downloading https://landregistry.data.gov.uk/data/ppd/monthly/file-227-06.csv: Request failed with status code 406
Downloading https://landregistry.data.gov.uk/data/ppd/monthly/file-227-07.csv ...
  Error downloading https://landregistry.data.gov.uk/data/ppd/monthly/file-227-07.csv: Request failed with status code 406
Downloading https://landregistry.data.gov.uk/data/ppd/monthly/file-227-08.csv ...
  Error downloading https://landregistry.data.gov.uk/data/ppd/monthly/file-227-08.csv: Request failed with status code 406
Downloading https://landregistry.data.gov.uk/data/ppd/monthly/file-227-09.csv ...
  Error downloading https://landregistry.data.gov.uk/data/ppd/monthly/file-227-09.csv: Request failed with status code 406
Downloading https://landregistry.data.gov.uk/data/ppd/monthly/file-227-10.csv ...
  Error downloading https://landregistry.data.gov.uk/data/ppd/monthly/file-227-10.csv: Request failed with status code 406
Downloading https://landregistry.data.gov.uk/data/ppd/monthly/file-227-11.csv ...
  Error downloading https://landregistry.data.gov.uk/data/ppd/monthly/file-227-11.csv: Request failed with status code 406
Downloading https://landregistry.data.gov.uk/data/ppd/monthly/file-227-12.csv ...
  Error downloading https://landregistry.data.gov.uk/data/ppd/monthly/file-227-12.csv: Request failed with status code 406
Downloading https://landregistry.data.gov.uk/data/ppd/monthly/file-228-01.csv ...
  Error downloading https://landregistry.data.gov.uk/data/ppd/monthly/file-228-01.csv: Request failed with status code 406
Downloading https://landregistry.data.gov.uk/data/ppd/monthly/file-228-02.csv ...
  Error downloading https://landregistry.data.gov.uk/data/ppd/monthly/file-228-02.csv: Request failed with status code 406
Downloading https://landregistry.data.gov.uk/data/ppd/monthly/file-228-03.csv ...
  Error downloading https://landregistry.data.gov.uk/data/ppd/monthly/file-228-03.csv: Request failed with status code 406
Downloading https://landregistry.data.gov.uk/data/ppd/monthly/file-228-04.csv ...
  Error downloading https://landregistry.data.gov.uk/data/ppd/monthly/file-228-04.csv: Request failed with status code 406
Downloading https://landregistry.data.gov.uk/data/ppd/monthly/file-228-05.csv ...
  Error downloading https://landregistry.data.gov.uk/data/ppd/monthly/file-228-05.csv: Request failed with status code 406
Downloading https://landregistry.data.gov.uk/data/ppd/monthly/file-228-06.csv ...
  Error downloading https://landregistry.data.gov.uk/data/ppd/monthly/file-228-06.csv: Request failed with status code 406
Downloading https://landregistry.data.gov.uk/data/ppd/monthly/file-228-07.csv ...
  Error downloading https://landregistry.data.gov.uk/data/ppd/monthly/file-228-07.csv: Request failed with status code 406
Downloading https://landregistry.data.gov.uk/data/ppd/monthly/file-228-08.csv ...
  Error downloading https://landregistry.data.gov.uk/data/ppd/monthly/file-228-08.csv: Request failed with status code 406
Downloading https://landregistry.data.gov.uk/data/ppd/monthly/file-228-09.csv ...
  Error downloading https://landregistry.data.gov.uk/data/ppd/monthly/file-228-09.csv: Request failed with status code 406
Downloading https://landregistry.data.gov.uk/data/ppd/monthly/file-228-10.csv ...
  Error downloading https://landregistry.data.gov.uk/data/ppd/monthly/file-228-10.csv: Request failed with status code 406
Downloading https://landregistry.data.gov.uk/data/ppd/monthly/file-228-11.csv ...
  Error downloading https://landregistry.data.gov.uk/data/ppd/monthly/file-228-11.csv: Request failed with status code 406
Downloading https://landregistry.data.gov.uk/data/ppd/monthly/file-228-12.csv ...
  Error downloading https://landregistry.data.gov.uk/data/ppd/monthly/file-228-12.csv: Request failed with status code 406
Downloading https://landregistry.data.gov.uk/data/ppd/monthly/file-229-01.csv ...
  Error downloading https://landregistry.data.gov.uk/data/ppd/monthly/file-229-01.csv: Request failed with status code 406
Downloading https://landregistry.data.gov.uk/data/ppd/monthly/file-229-02.csv ...
  Error downloading https://landregistry.data.gov.uk/data/ppd/monthly/file-229-02.csv: Request failed with status code 406
Downloading https://landregistry.data.gov.uk/data/ppd/monthly/file-229-03.csv ...
  Error downloading https://landregistry.data.gov.uk/data/ppd/monthly/file-229-03.csv: Request failed with status code 406
Downloading https://landregistry.data.gov.uk/data/ppd/monthly/file-229-04.csv ...
  Error downloading https://landregistry.data.gov.uk/data/ppd/monthly/file-229-04.csv: Request failed with status code 406
Downloading https://landregistry.data.gov.uk/data/ppd/monthly/file-229-05.csv ...
  Error downloading https://landregistry.data.gov.uk/data/ppd/monthly/file-229-05.csv: Request failed with status code 406
Downloading https://landregistry.data.gov.uk/data/ppd/monthly/file-229-06.csv ...
  Error downloading https://landregistry.data.gov.uk/data/ppd/monthly/file-229-06.csv: Request failed with status code 406
Downloading https://landregistry.data.gov.uk/data/ppd/monthly/file-229-07.csv ...
  Error downloading https://landregistry.data.gov.uk/data/ppd/monthly/file-229-07.csv: Request failed with status code 406
Downloading https://landregistry.data.gov.uk/data/ppd/monthly/file-229-08.csv ...
  Error downloading https://landregistry.data.gov.uk/data/ppd/monthly/file-229-08.csv: Request failed with status code 406
Downloading https://landregistry.data.gov.uk/data/ppd/monthly/file-229-09.csv ...
  Error downloading https://landregistry.data.gov.uk/data/ppd/monthly/file-229-09.csv: Request failed with status code 406
Downloading https://landregistry.data.gov.uk/data/ppd/monthly/file-229-10.csv ...
  Error downloading https://landregistry.data.gov.uk/data/ppd/monthly/file-229-10.csv: Request failed with status code 406
Downloading https://landregistry.data.gov.uk/data/ppd/monthly/file-229-11.csv ...
  Error downloading https://landregistry.data.gov.uk/data/ppd/monthly/file-229-11.csv: Request failed with status code 406
Downloading https://landregistry.data.gov.uk/data/ppd/monthly/file-229-12.csv ...
  Error downloading https://landregistry.data.gov.uk/data/ppd/monthly/file-229-12.csv: Request failed with status code 406
Downloading https://landregistry.data.gov.uk/data/ppd/monthly/file-230-01.csv ...
  Error downloading https://landregistry.data.gov.uk/data/ppd/monthly/file-230-01.csv: Request failed with status code 406
Downloading https://landregistry.data.gov.uk/data/ppd/monthly/file-230-02.csv ...
  Error downloading https://landregistry.data.gov.uk/data/ppd/monthly/file-230-02.csv: Request failed with status code 406
Downloading https://landregistry.data.gov.uk/data/ppd/monthly/file-230-03.csv ...
  Error downloading https://landregistry.data.gov.uk/data/ppd/monthly/file-230-03.csv: Request failed with status code 406
Downloading https://landregistry.data.gov.uk/data/ppd/monthly/file-230-04.csv ...
  Error downloading https://landregistry.data.gov.uk/data/ppd/monthly/file-230-04.csv: Request failed with status code 406
Downloading https://landregistry.data.gov.uk/data/ppd/monthly/file-230-05.csv ...
  Error downloading https://landregistry.data.gov.uk/data/ppd/monthly/file-230-05.csv: Request failed with status code 406
Downloading https://landregistry.data.gov.uk/data/ppd/monthly/file-230-06.csv ...
  Error downloading https://landregistry.data.gov.uk/data/ppd/monthly/file-230-06.csv: Request failed with status code 406
Downloading https://landregistry.data.gov.uk/data/ppd/monthly/file-230-07.csv ...
  Error downloading https://landregistry.data.gov.uk/data/ppd/monthly/file-230-07.csv: Request failed with status code 406
Downloading https://landregistry.data.gov.uk/data/ppd/monthly/file-230-08.csv ...
  Error downloading https://landregistry.data.gov.uk/data/ppd/monthly/file-230-08.csv: Request failed with status code 406
Downloading https://landregistry.data.gov.uk/data/ppd/monthly/file-230-09.csv ...
  Error downloading https://landregistry.data.gov.uk/data/ppd/monthly/file-230-09.csv: Request failed with status code 406
Downloading https://landregistry.data.gov.uk/data/ppd/monthly/file-230-10.csv ...
  Error downloading https://landregistry.data.gov.uk/data/ppd/monthly/file-230-10.csv: Request failed with status code 406
Downloading https://landregistry.data.gov.uk/data/ppd/monthly/file-230-11.csv ...
  Error downloading https://landregistry.data.gov.uk/data/ppd/monthly/file-230-11.csv: Request failed with status code 406
Downloading https://landregistry.data.gov.uk/data/ppd/monthly/file-230-12.csv ...
  Error downloading https://landregistry.data.gov.uk/data/ppd/monthly/file-230-12.csv: Request failed with status code 406
Downloading https://landregistry.data.gov.uk/data/ppd/monthly/file-231-01.csv ...
  Error downloading https://landregistry.data.gov.uk/data/ppd/monthly/file-231-01.csv: Request failed with status code 406
Downloading https://landregistry.data.gov.uk/data/ppd/monthly/file-231-02.csv ...
  Error downloading https://landregistry.data.gov.uk/data/ppd/monthly/file-231-02.csv: Request failed with status code 406
Downloading https://landregistry.data.gov.uk/data/ppd/monthly/file-231-03.csv ...
  Error downloading https://landregistry.data.gov.uk/data/ppd/monthly/file-231-03.csv: Request failed with status code 406
Downloading https://landregistry.data.gov.uk/data/ppd/monthly/file-231-04.csv ...
  Error downloading https://landregistry.data.gov.uk/data/ppd/monthly/file-231-04.csv: Request failed with status code 406
Downloading https://landregistry.data.gov.uk/data/ppd/monthly/file-231-05.csv ...
  Error downloading https://landregistry.data.gov.uk/data/ppd/monthly/file-231-05.csv: Request failed with status code 406
Downloading https://landregistry.data.gov.uk/data/ppd/monthly/file-231-06.csv ...
  Error downloading https://landregistry.data.gov.uk/data/ppd/monthly/file-231-06.csv: Request failed with status code 406
Downloading https://landregistry.data.gov.uk/data/ppd/monthly/file-231-07.csv ...
  Error downloading https://landregistry.data.gov.uk/data/ppd/monthly/file-231-07.csv: Request failed with status code 406
Downloading https://landregistry.data.gov.uk/data/ppd/monthly/file-231-08.csv ...
  Error downloading https://landregistry.data.gov.uk/data/ppd/monthly/file-231-08.csv: Request failed with status code 406
Downloading https://landregistry.data.gov.uk/data/ppd/monthly/file-231-09.csv ...
  Error downloading https://landregistry.data.gov.uk/data/ppd/monthly/file-231-09.csv: Request failed with status code 406
Downloading https://landregistry.data.gov.uk/data/ppd/monthly/file-231-10.csv ...
  Error downloading https://landregistry.data.gov.uk/data/ppd/monthly/file-231-10.csv: Request failed with status code 406
Downloading https://landregistry.data.gov.uk/data/ppd/monthly/file-231-11.csv ...
  Error downloading https://landregistry.data.gov.uk/data/ppd/monthly/file-231-11.csv: Request failed with status code 406
Downloading https://landregistry.data.gov.uk/data/ppd/monthly/file-231-12.csv ...
  Error downloading https://landregistry.data.gov.uk/data/ppd/monthly/file-231-12.csv: Request failed with status code 406
Downloading https://landregistry.data.gov.uk/data/ppd/monthly/file-232-01.csv ...
  Error downloading https://landregistry.data.gov.uk/data/ppd/monthly/file-232-01.csv: Request failed with status code 406
Downloading https://landregistry.data.gov.uk/data/ppd/monthly/file-232-02.csv ...
  Error downloading https://landregistry.data.gov.uk/data/ppd/monthly/file-232-02.csv: Request failed with status code 406
Downloading https://landregistry.data.gov.uk/data/ppd/monthly/file-232-03.csv ...
  Error downloading https://landregistry.data.gov.uk/data/ppd/monthly/file-232-03.csv: Request failed with status code 406
Downloading https://landregistry.data.gov.uk/data/ppd/monthly/file-232-04.csv ...
  Error downloading https://landregistry.data.gov.uk/data/ppd/monthly/file-232-04.csv: Request failed with status code 406
Downloading https://landregistry.data.gov.uk/data/ppd/monthly/file-232-05.csv ...
  Error downloading https://landregistry.data.gov.uk/data/ppd/monthly/file-232-05.csv: Request failed with status code 406
Downloading https://landregistry.data.gov.uk/data/ppd/monthly/file-232-06.csv ...
  Error downloading https://landregistry.data.gov.uk/data/ppd/monthly/file-232-06.csv: Request failed with status code 406
Downloading https://landregistry.data.gov.uk/data/ppd/monthly/file-232-07.csv ...
  Error downloading https://landregistry.data.gov.uk/data/ppd/monthly/file-232-07.csv: Request failed with status code 406
Downloading https://landregistry.data.gov.uk/data/ppd/monthly/file-232-08.csv ...
  Error downloading https://landregistry.data.gov.uk/data/ppd/monthly/file-232-08.csv: Request failed with status code 406
Downloading https://landregistry.data.gov.uk/data/ppd/monthly/file-232-09.csv ...
  Error downloading https://landregistry.data.gov.uk/data/ppd/monthly/file-232-09.csv: Request failed with status code 406
Downloading https://landregistry.data.gov.uk/data/ppd/monthly/file-232-10.csv ...
  Error downloading https://landregistry.data.gov.uk/data/ppd/monthly/file-232-10.csv: Request failed with status code 406
Downloading https://landregistry.data.gov.uk/data/ppd/monthly/file-232-11.csv ...
  Error downloading https://landregistry.data.gov.uk/data/ppd/monthly/file-232-11.csv: Request failed with status code 406
Downloading https://landregistry.data.gov.uk/data/ppd/monthly/file-232-12.csv ...
  Error downloading https://landregistry.data.gov.uk/data/ppd/monthly/file-232-12.csv: Request failed with status code 406
Downloading https://landregistry.data.gov.uk/data/ppd/monthly/file-233-01.csv ...
  Error downloading https://landregistry.data.gov.uk/data/ppd/monthly/file-233-01.csv: Request failed with status code 406
Downloading https://landregistry.data.gov.uk/data/ppd/monthly/file-233-02.csv ...
  Error downloading https://landregistry.data.gov.uk/data/ppd/monthly/file-233-02.csv: Request failed with status code 406
Downloading https://landregistry.data.gov.uk/data/ppd/monthly/file-233-03.csv ...
  Error downloading https://landregistry.data.gov.uk/data/ppd/monthly/file-233-03.csv: Request failed with status code 406
Downloading https://landregistry.data.gov.uk/data/ppd/monthly/file-233-04.csv ...
  Error downloading https://landregistry.data.gov.uk/data/ppd/monthly/file-233-04.csv: Request failed with status code 406
Downloading https://landregistry.data.gov.uk/data/ppd/monthly/file-233-05.csv ...
  Error downloading https://landregistry.data.gov.uk/data/ppd/monthly/file-233-05.csv: Request failed with status code 406
Downloading https://landregistry.data.gov.uk/data/ppd/monthly/file-233-06.csv ...
  Error downloading https://landregistry.data.gov.uk/data/ppd/monthly/file-233-06.csv: Request failed with status code 406
Downloading https://landregistry.data.gov.uk/data/ppd/monthly/file-233-07.csv ...
  Error downloading https://landregistry.data.gov.uk/data/ppd/monthly/file-233-07.csv: Request failed with status code 406
Downloading https://landregistry.data.gov.uk/data/ppd/monthly/file-233-08.csv ...
  Error downloading https://landregistry.data.gov.uk/data/ppd/monthly/file-233-08.csv: Request failed with status code 406
Downloading https://landregistry.data.gov.uk/data/ppd/monthly/file-233-09.csv ...
  Error downloading https://landregistry.data.gov.uk/data/ppd/monthly/file-233-09.csv: Request failed with status code 406
Downloading https://landregistry.data.gov.uk/data/ppd/monthly/file-233-10.csv ...
  Error downloading https://landregistry.data.gov.uk/data/ppd/monthly/file-233-10.csv: Request failed with status code 406
Downloading https://landregistry.data.gov.uk/data/ppd/monthly/file-233-11.csv ...
  Error downloading https://landregistry.data.gov.uk/data/ppd/monthly/file-233-11.csv: Request failed with status code 406
Downloading https://landregistry.data.gov.uk/data/ppd/monthly/file-233-12.csv ...
  Error downloading https://landregistry.data.gov.uk/data/ppd/monthly/file-233-12.csv: Request failed with status code 406
Downloading https://landregistry.data.gov.uk/data/ppd/monthly/file-234-01.csv ...
  Error downloading https://landregistry.data.gov.uk/data/ppd/monthly/file-234-01.csv: Request failed with status code 406
Downloading https://landregistry.data.gov.uk/data/ppd/monthly/file-234-02.csv ...
  Error downloading https://landregistry.data.gov.uk/data/ppd/monthly/file-234-02.csv: Request failed with status code 406
Downloading https://landregistry.data.gov.uk/data/ppd/monthly/file-234-03.csv ...
  Error downloading https://landregistry.data.gov.uk/data/ppd/monthly/file-234-03.csv: Request failed with status code 406
Downloading https://landregistry.data.gov.uk/data/ppd/monthly/file-234-04.csv ...
  Error downloading https://landregistry.data.gov.uk/data/ppd/monthly/file-234-04.csv: Request failed with status code 406
Downloading https://landregistry.data.gov.uk/data/ppd/monthly/file-234-05.csv ...
  Error downloading https://landregistry.data.gov.uk/data/ppd/monthly/file-234-05.csv: Request failed with status code 406
Downloading https://landregistry.data.gov.uk/data/ppd/monthly/file-234-06.csv ...
  Error downloading https://landregistry.data.gov.uk/data/ppd/monthly/file-234-06.csv: Request failed with status code 406
Downloading https://landregistry.data.gov.uk/data/ppd/monthly/file-234-07.csv ...
  Error downloading https://landregistry.data.gov.uk/data/ppd/monthly/file-234-07.csv: Request failed with status code 406
Downloading https://landregistry.data.gov.uk/data/ppd/monthly/file-234-08.csv ...
  Error downloading https://landregistry.data.gov.uk/data/ppd/monthly/file-234-08.csv: Request failed with status code 406
Downloading https://landregistry.data.gov.uk/data/ppd/monthly/file-234-09.csv ...
  Error downloading https://landregistry.data.gov.uk/data/ppd/monthly/file-234-09.csv: Request failed with status code 406
Downloading https://landregistry.data.gov.uk/data/ppd/monthly/file-234-10.csv ...
  Error downloading https://landregistry.data.gov.uk/data/ppd/monthly/file-234-10.csv: Request failed with status code 406
Downloading https://landregistry.data.gov.uk/data/ppd/monthly/file-234-11.csv ...
  Error downloading https://landregistry.data.gov.uk/data/ppd/monthly/file-234-11.csv: Request failed with status code 406
Downloading https://landregistry.data.gov.uk/data/ppd/monthly/file-234-12.csv ...
  Error downloading https://landregistry.data.gov.uk/data/ppd/monthly/file-234-12.csv: Request failed with status code 406
Downloading https://landregistry.data.gov.uk/data/ppd/monthly/file-235-01.csv ...
  Error downloading https://landregistry.data.gov.uk/data/ppd/monthly/file-235-01.csv: Request failed with status code 406
Downloading https://landregistry.data.gov.uk/data/ppd/monthly/file-235-02.csv ...
  Error downloading https://landregistry.data.gov.uk/data/ppd/monthly/file-235-02.csv: Request failed with status code 406
Downloading https://landregistry.data.gov.uk/data/ppd/monthly/file-235-03.csv ...
  Error downloading https://landregistry.data.gov.uk/data/ppd/monthly/file-235-03.csv: Request failed with status code 406
Downloading https://landregistry.data.gov.uk/data/ppd/monthly/file-235-04.csv ...
  Error downloading https://landregistry.data.gov.uk/data/ppd/monthly/file-235-04.csv: Request failed with status code 406
Downloading https://landregistry.data.gov.uk/data/ppd/monthly/file-235-05.csv ...
  Error downloading https://landregistry.data.gov.uk/data/ppd/monthly/file-235-05.csv: Request failed with status code 406
Downloading https://landregistry.data.gov.uk/data/ppd/monthly/file-235-06.csv ...
  Error downloading https://landregistry.data.gov.uk/data/ppd/monthly/file-235-06.csv: Request failed with status code 406
Downloading https://landregistry.data.gov.uk/data/ppd/monthly/file-235-07.csv ...
  Error downloading https://landregistry.data.gov.uk/data/ppd/monthly/file-235-07.csv: Request failed with status code 406
Downloading https://landregistry.data.gov.uk/data/ppd/monthly/file-235-08.csv ...
  Error downloading https://landregistry.data.gov.uk/data/ppd/monthly/file-235-08.csv: Request failed with status code 406
Downloading https://landregistry.data.gov.uk/data/ppd/monthly/file-235-09.csv ...
  Error downloading https://landregistry.data.gov.uk/data/ppd/monthly/file-235-09.csv: Request failed with status code 406
Downloading https://landregistry.data.gov.uk/data/ppd/monthly/file-235-10.csv ...
  Error downloading https://landregistry.data.gov.uk/data/ppd/monthly/file-235-10.csv: Request failed with status code 406
Downloading https://landregistry.data.gov.uk/data/ppd/monthly/file-235-11.csv ...
  Error downloading https://landregistry.data.gov.uk/data/ppd/monthly/file-235-11.csv: Request failed with status code 406
Downloading https://landregistry.data.gov.uk/data/ppd/monthly/file-235-12.csv ...
  Error downloading https://landregistry.data.gov.uk/data/ppd/monthly/file-235-12.csv: Request failed with status code 406
Downloading https://landregistry.data.gov.uk/data/ppd/monthly/file-236-01.csv ...
  Error downloading https://landregistry.data.gov.uk/data/ppd/monthly/file-236-01.csv: Request failed with status code 406
Downloading https://landregistry.data.gov.uk/data/ppd/monthly/file-236-02.csv ...
  Error downloading https://landregistry.data.gov.uk/data/ppd/monthly/file-236-02.csv: Request failed with status code 406
Downloading https://landregistry.data.gov.uk/data/ppd/monthly/file-236-03.csv ...
  Error downloading https://landregistry.data.gov.uk/data/ppd/monthly/file-236-03.csv: Request failed with status code 406
Downloading https://landregistry.data.gov.uk/data/ppd/monthly/file-236-04.csv ...
  Error downloading https://landregistry.data.gov.uk/data/ppd/monthly/file-236-04.csv: Request failed with status code 406
Downloading https://landregistry.data.gov.uk/data/ppd/monthly/file-236-05.csv ...
  Error downloading https://landregistry.data.gov.uk/data/ppd/monthly/file-236-05.csv: Request failed with status code 406
Downloading https://landregistry.data.gov.uk/data/ppd/monthly/file-236-06.csv ...
  Error downloading https://landregistry.data.gov.uk/data/ppd/monthly/file-236-06.csv: Request failed with status code 406
Downloading https://landregistry.data.gov.uk/data/ppd/monthly/file-236-07.csv ...
  Error downloading https://landregistry.data.gov.uk/data/ppd/monthly/file-236-07.csv: Request failed with status code 406
Downloading https://landregistry.data.gov.uk/data/ppd/monthly/file-236-08.csv ...
  Error downloading https://landregistry.data.gov.uk/data/ppd/monthly/file-236-08.csv: Request failed with status code 406
Downloading https://landregistry.data.gov.uk/data/ppd/monthly/file-236-09.csv ...
  Error downloading https://landregistry.data.gov.uk/data/ppd/monthly/file-236-09.csv: Request failed with status code 406
Downloading https://landregistry.data.gov.uk/data/ppd/monthly/file-236-10.csv ...
  Error downloading https://landregistry.data.gov.uk/data/ppd/monthly/file-236-10.csv: Request failed with status code 406
Downloading https://landregistry.data.gov.uk/data/ppd/monthly/file-236-11.csv ...
  Error downloading https://landregistry.data.gov.uk/data/ppd/monthly/file-236-11.csv: Request failed with status code 406
Downloading https://landregistry.data.gov.uk/data/ppd/monthly/file-236-12.csv ...
  Error downloading https://landregistry.data.gov.uk/data/ppd/monthly/file-236-12.csv: Request failed with status code 406
Downloading https://landregistry.data.gov.uk/data/ppd/monthly/file-237-01.csv ...
  Error downloading https://landregistry.data.gov.uk/data/ppd/monthly/file-237-01.csv: Request failed with status code 406
Downloading https://landregistry.data.gov.uk/data/ppd/monthly/file-237-02.csv ...
  Error downloading https://landregistry.data.gov.uk/data/ppd/monthly/file-237-02.csv: Request failed with status code 406
Downloading https://landregistry.data.gov.uk/data/ppd/monthly/file-237-03.csv ...
  Error downloading https://landregistry.data.gov.uk/data/ppd/monthly/file-237-03.csv: Request failed with status code 406
Downloading https://landregistry.data.gov.uk/data/ppd/monthly/file-237-04.csv ...
  Error downloading https://landregistry.data.gov.uk/data/ppd/monthly/file-237-04.csv: Request failed with status code 406
Downloading https://landregistry.data.gov.uk/data/ppd/monthly/file-237-05.csv ...
  Error downloading https://landregistry.data.gov.uk/data/ppd/monthly/file-237-05.csv: Request failed with status code 406
Downloading https://landregistry.data.gov.uk/data/ppd/monthly/file-237-06.csv ...
  Error downloading https://landregistry.data.gov.uk/data/ppd/monthly/file-237-06.csv: Request failed with status code 406
Downloading https://landregistry.data.gov.uk/data/ppd/monthly/file-237-07.csv ...
  Error downloading https://landregistry.data.gov.uk/data/ppd/monthly/file-237-07.csv: Request failed with status code 406
Downloading https://landregistry.data.gov.uk/data/ppd/monthly/file-237-08.csv ...
  Error downloading https://landregistry.data.gov.uk/data/ppd/monthly/file-237-08.csv: Request failed with status code 406
Downloading https://landregistry.data.gov.uk/data/ppd/monthly/file-237-09.csv ...
  Error downloading https://landregistry.data.gov.uk/data/ppd/monthly/file-237-09.csv: Request failed with status code 406
Downloading https://landregistry.data.gov.uk/data/ppd/monthly/file-237-10.csv ...
  Error downloading https://landregistry.data.gov.uk/data/ppd/monthly/file-237-10.csv: Request failed with status code 406
Downloading https://landregistry.data.gov.uk/data/ppd/monthly/file-237-11.csv ...
  Error downloading https://landregistry.data.gov.uk/data/ppd/monthly/file-237-11.csv: Request failed with status code 406
Downloading https://landregistry.data.gov.uk/data/ppd/monthly/file-237-12.csv ...
  Error downloading https://landregistry.data.gov.uk/data/ppd/monthly/file-237-12.csv: Request failed with status code 406
Downloading https://landregistry.data.gov.uk/data/ppd/monthly/file-238-01.csv ...
  Error downloading https://landregistry.data.gov.uk/data/ppd/monthly/file-238-01.csv: Request failed with status code 406
Downloading https://landregistry.data.gov.uk/data/ppd/monthly/file-238-02.csv ...
  Error downloading https://landregistry.data.gov.uk/data/ppd/monthly/file-238-02.csv: Request failed with status code 406
Downloading https://landregistry.data.gov.uk/data/ppd/monthly/file-238-03.csv ...
  Error downloading https://landregistry.data.gov.uk/data/ppd/monthly/file-238-03.csv: Request failed with status code 406
Downloading https://landregistry.data.gov.uk/data/ppd/monthly/file-238-04.csv ...
  Error downloading https://landregistry.data.gov.uk/data/ppd/monthly/file-238-04.csv: Request failed with status code 406
Downloading https://landregistry.data.gov.uk/data/ppd/monthly/file-238-05.csv ...
  Error downloading https://landregistry.data.gov.uk/data/ppd/monthly/file-238-05.csv: Request failed with status code 406
Downloading https://landregistry.data.gov.uk/data/ppd/monthly/file-238-06.csv ...
  Error downloading https://landregistry.data.gov.uk/data/ppd/monthly/file-238-06.csv: Request failed with status code 406
Downloading https://landregistry.data.gov.uk/data/ppd/monthly/file-238-07.csv ...
  Error downloading https://landregistry.data.gov.uk/data/ppd/monthly/file-238-07.csv: Request failed with status code 406
Downloading https://landregistry.data.gov.uk/data/ppd/monthly/file-238-08.csv ...
  Error downloading https://landregistry.data.gov.uk/data/ppd/monthly/file-238-08.csv: Request failed with status code 406
Downloading https://landregistry.data.gov.uk/data/ppd/monthly/file-238-09.csv ...
  Error downloading https://landregistry.data.gov.uk/data/ppd/monthly/file-238-09.csv: Request failed with status code 406
Downloading https://landregistry.data.gov.uk/data/ppd/monthly/file-238-10.csv ...
  Error downloading https://landregistry.data.gov.uk/data/ppd/monthly/file-238-10.csv: Request failed with status code 406
Downloading https://landregistry.data.gov.uk/data/ppd/monthly/file-238-11.csv ...
  Error downloading https://landregistry.data.gov.uk/data/ppd/monthly/file-238-11.csv: Request failed with status code 406
Downloading https://landregistry.data.gov.uk/data/ppd/monthly/file-238-12.csv ...
  Error downloading https://landregistry.data.gov.uk/data/ppd/monthly/file-238-12.csv: Request failed with status code 406
Downloading https://landregistry.data.gov.uk/data/ppd/monthly/file-239-01.csv ...
  Error downloading https://landregistry.data.gov.uk/data/ppd/monthly/file-239-01.csv: Request failed with status code 406
Downloading https://landregistry.data.gov.uk/data/ppd/monthly/file-239-02.csv ...
  Error downloading https://landregistry.data.gov.uk/data/ppd/monthly/file-239-02.csv: Request failed with status code 406
Downloading https://landregistry.data.gov.uk/data/ppd/monthly/file-239-03.csv ...
  Error downloading https://landregistry.data.gov.uk/data/ppd/monthly/file-239-03.csv: Request failed with status code 406
Downloading https://landregistry.data.gov.uk/data/ppd/monthly/file-239-04.csv ...
  Error downloading https://landregistry.data.gov.uk/data/ppd/monthly/file-239-04.csv: Request failed with status code 406
Downloading https://landregistry.data.gov.uk/data/ppd/monthly/file-239-05.csv ...
  Error downloading https://landregistry.data.gov.uk/data/ppd/monthly/file-239-05.csv: Request failed with status code 406
Downloading https://landregistry.data.gov.uk/data/ppd/monthly/file-239-06.csv ...
  Error downloading https://landregistry.data.gov.uk/data/ppd/monthly/file-239-06.csv: Request failed with status code 406
Downloading https://landregistry.data.gov.uk/data/ppd/monthly/file-239-07.csv ...
  Error downloading https://landregistry.data.gov.uk/data/ppd/monthly/file-239-07.csv: Request failed with status code 406
Downloading https://landregistry.data.gov.uk/data/ppd/monthly/file-239-08.csv ...
  Error downloading https://landregistry.data.gov.uk/data/ppd/monthly/file-239-08.csv: Request failed with status code 406
Downloading https://landregistry.data.gov.uk/data/ppd/monthly/file-239-09.csv ...
  Error downloading https://landregistry.data.gov.uk/data/ppd/monthly/file-239-09.csv: Request failed with status code 406
Downloading https://landregistry.data.gov.uk/data/ppd/monthly/file-239-10.csv ...
  Error downloading https://landregistry.data.gov.uk/data/ppd/monthly/file-239-10.csv: Request failed with status code 406
Downloading https://landregistry.data.gov.uk/data/ppd/monthly/file-239-11.csv ...
  Error downloading https://landregistry.data.gov.uk/data/ppd/monthly/file-239-11.csv: Request failed with status code 406
Downloading https://landregistry.data.gov.uk/data/ppd/monthly/file-239-12.csv ...
  Error downloading https://landregistry.data.gov.uk/data/ppd/monthly/file-239-12.csv: Request failed with status code 406
Downloading https://landregistry.data.gov.uk/data/ppd/monthly/file-240-01.csv ...
  Error downloading https://landregistry.data.gov.uk/data/ppd/monthly/file-240-01.csv: Request failed with status code 406
Downloading https://landregistry.data.gov.uk/data/ppd/monthly/file-240-02.csv ...
  Error downloading https://landregistry.data.gov.uk/data/ppd/monthly/file-240-02.csv: Request failed with status code 406
Downloading https://landregistry.data.gov.uk/data/ppd/monthly/file-240-03.csv ...
  Error downloading https://landregistry.data.gov.uk/data/ppd/monthly/file-240-03.csv: Request failed with status code 406
Downloading https://landregistry.data.gov.uk/data/ppd/monthly/file-240-04.csv ...
  Error downloading https://landregistry.data.gov.uk/data/ppd/monthly/file-240-04.csv: Request failed with status code 406
Downloading https://landregistry.data.gov.uk/data/ppd/monthly/file-240-05.csv ...
  Error downloading https://landregistry.data.gov.uk/data/ppd/monthly/file-240-05.csv: Request failed with status code 406
Downloading https://landregistry.data.gov.uk/data/ppd/monthly/file-240-06.csv ...
  Error downloading https://landregistry.data.gov.uk/data/ppd/monthly/file-240-06.csv: Request failed with status code 406
Downloading https://landregistry.data.gov.uk/data/ppd/monthly/file-240-07.csv ...
  Error downloading https://landregistry.data.gov.uk/data/ppd/monthly/file-240-07.csv: Request failed with status code 406
Downloading https://landregistry.data.gov.uk/data/ppd/monthly/file-240-08.csv ...
  Error downloading https://landregistry.data.gov.uk/data/ppd/monthly/file-240-08.csv: Request failed with status code 406
Downloading https://landregistry.data.gov.uk/data/ppd/monthly/file-240-09.csv ...
  Error downloading https://landregistry.data.gov.uk/data/ppd/monthly/file-240-09.csv: Request failed with status code 406
Downloading https://landregistry.data.gov.uk/data/ppd/monthly/file-240-10.csv ...
  Error downloading https://landregistry.data.gov.uk/data/ppd/monthly/file-240-10.csv: Request failed with status code 406
Downloading https://landregistry.data.gov.uk/data/ppd/monthly/file-240-11.csv ...
  Error downloading https://landregistry.data.gov.uk/data/ppd/monthly/file-240-11.csv: Request failed with status code 406
Downloading https://landregistry.data.gov.uk/data/ppd/monthly/file-240-12.csv ...
  Error downloading https://landregistry.data.gov.uk/data/ppd/monthly/file-240-12.csv: Request failed with status code 406
Downloading https://landregistry.data.gov.uk/data/ppd/monthly/file-241-01.csv ...
  Error downloading https://landregistry.data.gov.uk/data/ppd/monthly/file-241-01.csv: Request failed with status code 406
Downloading https://landregistry.data.gov.uk/data/ppd/monthly/file-241-02.csv ...
  Error downloading https://landregistry.data.gov.uk/data/ppd/monthly/file-241-02.csv: Request failed with status code 406
Downloading https://landregistry.data.gov.uk/data/ppd/monthly/file-241-03.csv ...
  Error downloading https://landregistry.data.gov.uk/data/ppd/monthly/file-241-03.csv: Request failed with status code 406
Downloading https://landregistry.data.gov.uk/data/ppd/monthly/file-241-04.csv ...
  Error downloading https://landregistry.data.gov.uk/data/ppd/monthly/file-241-04.csv: Request failed with status code 406
Downloading https://landregistry.data.gov.uk/data/ppd/monthly/file-241-05.csv ...
  Error downloading https://landregistry.data.gov.uk/data/ppd/monthly/file-241-05.csv: Request failed with status code 406
Downloading https://landregistry.data.gov.uk/data/ppd/monthly/file-241-06.csv ...
  Error downloading https://landregistry.data.gov.uk/data/ppd/monthly/file-241-06.csv: Request failed with status code 406
Downloading https://landregistry.data.gov.uk/data/ppd/monthly/file-241-07.csv ...
  Error downloading https://landregistry.data.gov.uk/data/ppd/monthly/file-241-07.csv: Request failed with status code 406
Downloading https://landregistry.data.gov.uk/data/ppd/monthly/file-241-08.csv ...
  Error downloading https://landregistry.data.gov.uk/data/ppd/monthly/file-241-08.csv: Request failed with status code 406
Downloading https://landregistry.data.gov.uk/data/ppd/monthly/file-241-09.csv ...
  Error downloading https://landregistry.data.gov.uk/data/ppd/monthly/file-241-09.csv: Request failed with status code 406
Downloading https://landregistry.data.gov.uk/data/ppd/monthly/file-241-10.csv ...
  Error downloading https://landregistry.data.gov.uk/data/ppd/monthly/file-241-10.csv: Request failed with status code 406
Downloading https://landregistry.data.gov.uk/data/ppd/monthly/file-241-11.csv ...
  Error downloading https://landregistry.data.gov.uk/data/ppd/monthly/file-241-11.csv: Request failed with status code 406
Downloading https://landregistry.data.gov.uk/data/ppd/monthly/file-241-12.csv ...
  Error downloading https://landregistry.data.gov.uk/data/ppd/monthly/file-241-12.csv: Request failed with status code 406
Downloading https://landregistry.data.gov.uk/data/ppd/monthly/file-242-01.csv ...
  Error downloading https://landregistry.data.gov.uk/data/ppd/monthly/file-242-01.csv: Request failed with status code 406
Downloading https://landregistry.data.gov.uk/data/ppd/monthly/file-242-02.csv ...
  Error downloading https://landregistry.data.gov.uk/data/ppd/monthly/file-242-02.csv: Request failed with status code 406
Downloading https://landregistry.data.gov.uk/data/ppd/monthly/file-242-03.csv ...
  Error downloading https://landregistry.data.gov.uk/data/ppd/monthly/file-242-03.csv: Request failed with status code 406
Downloading https://landregistry.data.gov.uk/data/ppd/monthly/file-242-04.csv ...
  Error downloading https://landregistry.data.gov.uk/data/ppd/monthly/file-242-04.csv: Request failed with status code 406
Downloading https://landregistry.data.gov.uk/data/ppd/monthly/file-242-05.csv ...
  Error downloading https://landregistry.data.gov.uk/data/ppd/monthly/file-242-05.csv: Request failed with status code 406
Downloading https://landregistry.data.gov.uk/data/ppd/monthly/file-242-06.csv ...
  Error downloading https://landregistry.data.gov.uk/data/ppd/monthly/file-242-06.csv: Request failed with status code 406
Downloading https://landregistry.data.gov.uk/data/ppd/monthly/file-242-07.csv ...
  Error downloading https://landregistry.data.gov.uk/data/ppd/monthly/file-242-07.csv: Request failed with status code 406
Downloading https://landregistry.data.gov.uk/data/ppd/monthly/file-242-08.csv ...
  Error downloading https://landregistry.data.gov.uk/data/ppd/monthly/file-242-08.csv: Request failed with status code 406
Downloading https://landregistry.data.gov.uk/data/ppd/monthly/file-242-09.csv ...
  Error downloading https://landregistry.data.gov.uk/data/ppd/monthly/file-242-09.csv: Request failed with status code 406
Downloading https://landregistry.data.gov.uk/data/ppd/monthly/file-242-10.csv ...
  Error downloading https://landregistry.data.gov.uk/data/ppd/monthly/file-242-10.csv: Request failed with status code 406
Downloading https://landregistry.data.gov.uk/data/ppd/monthly/file-242-11.csv ...
  Error downloading https://landregistry.data.gov.uk/data/ppd/monthly/file-242-11.csv: Request failed with status code 406
Downloading https://landregistry.data.gov.uk/data/ppd/monthly/file-242-12.csv ...
  Error downloading https://landregistry.data.gov.uk/data/ppd/monthly/file-242-12.csv: Request failed with status code 406
Downloading https://landregistry.data.gov.uk/data/ppd/monthly/file-243-01.csv ...
  Error downloading https://landregistry.data.gov.uk/data/ppd/monthly/file-243-01.csv: Request failed with status code 406
Downloading https://landregistry.data.gov.uk/data/ppd/monthly/file-243-02.csv ...
  Error downloading https://landregistry.data.gov.uk/data/ppd/monthly/file-243-02.csv: Request failed with status code 406
Downloading https://landregistry.data.gov.uk/data/ppd/monthly/file-243-03.csv ...
  Error downloading https://landregistry.data.gov.uk/data/ppd/monthly/file-243-03.csv: Request failed with status code 406
Downloading https://landregistry.data.gov.uk/data/ppd/monthly/file-243-04.csv ...
  Error downloading https://landregistry.data.gov.uk/data/ppd/monthly/file-243-04.csv: Request failed with status code 406
Downloading https://landregistry.data.gov.uk/data/ppd/monthly/file-243-05.csv ...
  Error downloading https://landregistry.data.gov.uk/data/ppd/monthly/file-243-05.csv: Request failed with status code 406
Downloading https://landregistry.data.gov.uk/data/ppd/monthly/file-243-06.csv ...
  Error downloading https://landregistry.data.gov.uk/data/ppd/monthly/file-243-06.csv: Request failed with status code 406
Downloading https://landregistry.data.gov.uk/data/ppd/monthly/file-243-07.csv ...
  Error downloading https://landregistry.data.gov.uk/data/ppd/monthly/file-243-07.csv: Request failed with status code 406
Downloading https://landregistry.data.gov.uk/data/ppd/monthly/file-243-08.csv ...
  Error downloading https://landregistry.data.gov.uk/data/ppd/monthly/file-243-08.csv: Request failed with status code 406
Downloading https://landregistry.data.gov.uk/data/ppd/monthly/file-243-09.csv ...
  Error downloading https://landregistry.data.gov.uk/data/ppd/monthly/file-243-09.csv: Request failed with status code 406
Downloading https://landregistry.data.gov.uk/data/ppd/monthly/file-243-10.csv ...
  Error downloading https://landregistry.data.gov.uk/data/ppd/monthly/file-243-10.csv: Request failed with status code 406
Downloading https://landregistry.data.gov.uk/data/ppd/monthly/file-243-11.csv ...
  Error downloading https://landregistry.data.gov.uk/data/ppd/monthly/file-243-11.csv: Request failed with status code 406
Downloading https://landregistry.data.gov.uk/data/ppd/monthly/file-243-12.csv ...
  Error downloading https://landregistry.data.gov.uk/data/ppd/monthly/file-243-12.csv: Request failed with status code 406
Downloading https://landregistry.data.gov.uk/data/ppd/monthly/file-244-01.csv ...
  Error downloading https://landregistry.data.gov.uk/data/ppd/monthly/file-244-01.csv: Request failed with status code 406
Downloading https://landregistry.data.gov.uk/data/ppd/monthly/file-244-02.csv ...
  Error downloading https://landregistry.data.gov.uk/data/ppd/monthly/file-244-02.csv: Request failed with status code 406
Downloading https://landregistry.data.gov.uk/data/ppd/monthly/file-244-03.csv ...
  Error downloading https://landregistry.data.gov.uk/data/ppd/monthly/file-244-03.csv: Request failed with status code 406
Downloading https://landregistry.data.gov.uk/data/ppd/monthly/file-244-04.csv ...
  Error downloading https://landregistry.data.gov.uk/data/ppd/monthly/file-244-04.csv: Request failed with status code 406
Downloading https://landregistry.data.gov.uk/data/ppd/monthly/file-244-05.csv ...
  Error downloading https://landregistry.data.gov.uk/data/ppd/monthly/file-244-05.csv: Request failed with status code 406
Downloading https://landregistry.data.gov.uk/data/ppd/monthly/file-244-06.csv ...
  Error downloading https://landregistry.data.gov.uk/data/ppd/monthly/file-244-06.csv: Request failed with status code 406
Downloading https://landregistry.data.gov.uk/data/ppd/monthly/file-244-07.csv ...
  Error downloading https://landregistry.data.gov.uk/data/ppd/monthly/file-244-07.csv: Request failed with status code 406
Downloading https://landregistry.data.gov.uk/data/ppd/monthly/file-244-08.csv ...
  Error downloading https://landregistry.data.gov.uk/data/ppd/monthly/file-244-08.csv: Request failed with status code 406
Downloading https://landregistry.data.gov.uk/data/ppd/monthly/file-244-09.csv ...
  Error downloading https://landregistry.data.gov.uk/data/ppd/monthly/file-244-09.csv: Request failed with status code 406
Downloading https://landregistry.data.gov.uk/data/ppd/monthly/file-244-10.csv ...
  Error downloading https://landregistry.data.gov.uk/data/ppd/monthly/file-244-10.csv: Request failed with status code 406
Downloading https://landregistry.data.gov.uk/data/ppd/monthly/file-244-11.csv ...
  Error downloading https://landregistry.data.gov.uk/data/ppd/monthly/file-244-11.csv: Request failed with status code 406
Downloading https://landregistry.data.gov.uk/data/ppd/monthly/file-244-12.csv ...
  Error downloading https://landregistry.data.gov.uk/data/ppd/monthly/file-244-12.csv: Request failed with status code 406
Downloading https://landregistry.data.gov.uk/data/ppd/monthly/file-245-01.csv ...
  Error downloading https://landregistry.data.gov.uk/data/ppd/monthly/file-245-01.csv: Request failed with status code 406
Downloading https://landregistry.data.gov.uk/data/ppd/monthly/file-245-02.csv ...
  Error downloading https://landregistry.data.gov.uk/data/ppd/monthly/file-245-02.csv: Request failed with status code 406
Downloading https://landregistry.data.gov.uk/data/ppd/monthly/file-245-03.csv ...
  Error downloading https://landregistry.data.gov.uk/data/ppd/monthly/file-245-03.csv: Request failed with status code 406
Downloading https://landregistry.data.gov.uk/data/ppd/monthly/file-245-04.csv ...
  Error downloading https://landregistry.data.gov.uk/data/ppd/monthly/file-245-04.csv: Request failed with status code 406
Downloading https://landregistry.data.gov.uk/data/ppd/monthly/file-245-05.csv ...
  Error downloading https://landregistry.data.gov.uk/data/ppd/monthly/file-245-05.csv: Request failed with status code 406
Downloading https://landregistry.data.gov.uk/data/ppd/monthly/file-245-06.csv ...
  Error downloading https://landregistry.data.gov.uk/data/ppd/monthly/file-245-06.csv: Request failed with status code 406
Downloading https://landregistry.data.gov.uk/data/ppd/monthly/file-245-07.csv ...
  Error downloading https://landregistry.data.gov.uk/data/ppd/monthly/file-245-07.csv: Request failed with status code 406
Downloading https://landregistry.data.gov.uk/data/ppd/monthly/file-245-08.csv ...
  Error downloading https://landregistry.data.gov.uk/data/ppd/monthly/file-245-08.csv: Request failed with status code 406
Downloading https://landregistry.data.gov.uk/data/ppd/monthly/file-245-09.csv ...
  Error downloading https://landregistry.data.gov.uk/data/ppd/monthly/file-245-09.csv: Request failed with status code 406
Downloading https://landregistry.data.gov.uk/data/ppd/monthly/file-245-10.csv ...
  Error downloading https://landregistry.data.gov.uk/data/ppd/monthly/file-245-10.csv: Request failed with status code 406
Downloading https://landregistry.data.gov.uk/data/ppd/monthly/file-245-11.csv ...
  Error downloading https://landregistry.data.gov.uk/data/ppd/monthly/file-245-11.csv: Request failed with status code 406
Downloading https://landregistry.data.gov.uk/data/ppd/monthly/file-245-12.csv ...
  Error downloading https://landregistry.data.gov.uk/data/ppd/monthly/file-245-12.csv: Request failed with status code 406
Downloading https://landregistry.data.gov.uk/data/ppd/monthly/file-246-01.csv ...
  Error downloading https://landregistry.data.gov.uk/data/ppd/monthly/file-246-01.csv: Request failed with status code 406
Downloading https://landregistry.data.gov.uk/data/ppd/monthly/file-246-02.csv ...
  Error downloading https://landregistry.data.gov.uk/data/ppd/monthly/file-246-02.csv: Request failed with status code 406
Downloading https://landregistry.data.gov.uk/data/ppd/monthly/file-246-03.csv ...
  Error downloading https://landregistry.data.gov.uk/data/ppd/monthly/file-246-03.csv: Request failed with status code 406
Downloading https://landregistry.data.gov.uk/data/ppd/monthly/file-246-04.csv ...
  Error downloading https://landregistry.data.gov.uk/data/ppd/monthly/file-246-04.csv: Request failed with status code 406
Downloading https://landregistry.data.gov.uk/data/ppd/monthly/file-246-05.csv ...
  Error downloading https://landregistry.data.gov.uk/data/ppd/monthly/file-246-05.csv: Request failed with status code 406
Downloading https://landregistry.data.gov.uk/data/ppd/monthly/file-246-06.csv ...
  Error downloading https://landregistry.data.gov.uk/data/ppd/monthly/file-246-06.csv: Request failed with status code 406
Downloading https://landregistry.data.gov.uk/data/ppd/monthly/file-246-07.csv ...
  Error downloading https://landregistry.data.gov.uk/data/ppd/monthly/file-246-07.csv: Request failed with status code 406
Downloading https://landregistry.data.gov.uk/data/ppd/monthly/file-246-08.csv ...
  Error downloading https://landregistry.data.gov.uk/data/ppd/monthly/file-246-08.csv: Request failed with status code 406
Downloading https://landregistry.data.gov.uk/data/ppd/monthly/file-246-09.csv ...
  Error downloading https://landregistry.data.gov.uk/data/ppd/monthly/file-246-09.csv: Request failed with status code 406
Downloading https://landregistry.data.gov.uk/data/ppd/monthly/file-246-10.csv ...
  Error downloading https://landregistry.data.gov.uk/data/ppd/monthly/file-246-10.csv: Request failed with status code 406
Downloading https://landregistry.data.gov.uk/data/ppd/monthly/file-246-11.csv ...
  Error downloading https://landregistry.data.gov.uk/data/ppd/monthly/file-246-11.csv: Request failed with status code 406
Downloading https://landregistry.data.gov.uk/data/ppd/monthly/file-246-12.csv ...
  Error downloading https://landregistry.data.gov.uk/data/ppd/monthly/file-246-12.csv: Request failed with status code 406
Downloading https://landregistry.data.gov.uk/data/ppd/monthly/file-247-01.csv ...
  Error downloading https://landregistry.data.gov.uk/data/ppd/monthly/file-247-01.csv: Request failed with status code 406
Downloading https://landregistry.data.gov.uk/data/ppd/monthly/file-247-02.csv ...
  Error downloading https://landregistry.data.gov.uk/data/ppd/monthly/file-247-02.csv: Request failed with status code 406
Downloading https://landregistry.data.gov.uk/data/ppd/monthly/file-247-03.csv ...
  Error downloading https://landregistry.data.gov.uk/data/ppd/monthly/file-247-03.csv: Request failed with status code 406
Downloading https://landregistry.data.gov.uk/data/ppd/monthly/file-247-04.csv ...
  Error downloading https://landregistry.data.gov.uk/data/ppd/monthly/file-247-04.csv: Request failed with status code 406
Downloading https://landregistry.data.gov.uk/data/ppd/monthly/file-247-05.csv ...
  Error downloading https://landregistry.data.gov.uk/data/ppd/monthly/file-247-05.csv: Request failed with status code 406
Downloading https://landregistry.data.gov.uk/data/ppd/monthly/file-247-06.csv ...
  Error downloading https://landregistry.data.gov.uk/data/ppd/monthly/file-247-06.csv: Request failed with status code 406
Downloading https://landregistry.data.gov.uk/data/ppd/monthly/file-247-07.csv ...
  Error downloading https://landregistry.data.gov.uk/data/ppd/monthly/file-247-07.csv: Request failed with status code 406
Downloading https://landregistry.data.gov.uk/data/ppd/monthly/file-247-08.csv ...
  Error downloading https://landregistry.data.gov.uk/data/ppd/monthly/file-247-08.csv: Request failed with status code 406
Downloading https://landregistry.data.gov.uk/data/ppd/monthly/file-247-09.csv ...
  Error downloading https://landregistry.data.gov.uk/data/ppd/monthly/file-247-09.csv: Request failed with status code 406
Downloading https://landregistry.data.gov.uk/data/ppd/monthly/file-247-10.csv ...
  Error downloading https://landregistry.data.gov.uk/data/ppd/monthly/file-247-10.csv: Request failed with status code 406
Downloading https://landregistry.data.gov.uk/data/ppd/monthly/file-247-11.csv ...
  Error downloading https://landregistry.data.gov.uk/data/ppd/monthly/file-247-11.csv: Request failed with status code 406
Downloading https://landregistry.data.gov.uk/data/ppd/monthly/file-247-12.csv ...
  Error downloading https://landregistry.data.gov.uk/data/ppd/monthly/file-247-12.csv: Request failed with status code 406
Downloading https://landregistry.data.gov.uk/data/ppd/monthly/file-248-01.csv ...
  Error downloading https://landregistry.data.gov.uk/data/ppd/monthly/file-248-01.csv: Request failed with status code 406
Downloading https://landregistry.data.gov.uk/data/ppd/monthly/file-248-02.csv ...
  Error downloading https://landregistry.data.gov.uk/data/ppd/monthly/file-248-02.csv: Request failed with status code 406
Downloading https://landregistry.data.gov.uk/data/ppd/monthly/file-248-03.csv ...
  Error downloading https://landregistry.data.gov.uk/data/ppd/monthly/file-248-03.csv: Request failed with status code 406
Downloading https://landregistry.data.gov.uk/data/ppd/monthly/file-248-04.csv ...
  Error downloading https://landregistry.data.gov.uk/data/ppd/monthly/file-248-04.csv: Request failed with status code 406
Downloading https://landregistry.data.gov.uk/data/ppd/monthly/file-248-05.csv ...
  Error downloading https://landregistry.data.gov.uk/data/ppd/monthly/file-248-05.csv: Request failed with status code 406
Downloading https://landregistry.data.gov.uk/data/ppd/monthly/file-248-06.csv ...
  Error downloading https://landregistry.data.gov.uk/data/ppd/monthly/file-248-06.csv: Request failed with status code 406
Downloading https://landregistry.data.gov.uk/data/ppd/monthly/file-248-07.csv ...
  Error downloading https://landregistry.data.gov.uk/data/ppd/monthly/file-248-07.csv: Request failed with status code 406
Downloading https://landregistry.data.gov.uk/data/ppd/monthly/file-248-08.csv ...
  Error downloading https://landregistry.data.gov.uk/data/ppd/monthly/file-248-08.csv: Request failed with status code 406
Downloading https://landregistry.data.gov.uk/data/ppd/monthly/file-248-09.csv ...
  Error downloading https://landregistry.data.gov.uk/data/ppd/monthly/file-248-09.csv: Request failed with status code 406
Downloading https://landregistry.data.gov.uk/data/ppd/monthly/file-248-10.csv ...
  Error downloading https://landregistry.data.gov.uk/data/ppd/monthly/file-248-10.csv: Request failed with status code 406
Downloading https://landregistry.data.gov.uk/data/ppd/monthly/file-248-11.csv ...
  Error downloading https://landregistry.data.gov.uk/data/ppd/monthly/file-248-11.csv: Request failed with status code 406
Downloading https://landregistry.data.gov.uk/data/ppd/monthly/file-248-12.csv ...
  Error downloading https://landregistry.data.gov.uk/data/ppd/monthly/file-248-12.csv: Request failed with status code 406
Downloading https://landregistry.data.gov.uk/data/ppd/monthly/file-249-01.csv ...
  Error downloading https://landregistry.data.gov.uk/data/ppd/monthly/file-249-01.csv: Request failed with status code 406
Downloading https://landregistry.data.gov.uk/data/ppd/monthly/file-249-02.csv ...
  Error downloading https://landregistry.data.gov.uk/data/ppd/monthly/file-249-02.csv: Request failed with status code 406
Downloading https://landregistry.data.gov.uk/data/ppd/monthly/file-249-03.csv ...
  Error downloading https://landregistry.data.gov.uk/data/ppd/monthly/file-249-03.csv: Request failed with status code 406
Downloading https://landregistry.data.gov.uk/data/ppd/monthly/file-249-04.csv ...
  Error downloading https://landregistry.data.gov.uk/data/ppd/monthly/file-249-04.csv: Request failed with status code 406
Downloading https://landregistry.data.gov.uk/data/ppd/monthly/file-249-05.csv ...
  Error downloading https://landregistry.data.gov.uk/data/ppd/monthly/file-249-05.csv: Request failed with status code 406
Downloading https://landregistry.data.gov.uk/data/ppd/monthly/file-249-06.csv ...
  Error downloading https://landregistry.data.gov.uk/data/ppd/monthly/file-249-06.csv: Request failed with status code 406
Downloading https://landregistry.data.gov.uk/data/ppd/monthly/file-249-07.csv ...
  Error downloading https://landregistry.data.gov.uk/data/ppd/monthly/file-249-07.csv: Request failed with status code 406
Downloading https://landregistry.data.gov.uk/data/ppd/monthly/file-249-08.csv ...
  Error downloading https://landregistry.data.gov.uk/data/ppd/monthly/file-249-08.csv: Request failed with status code 406
Downloading https://landregistry.data.gov.uk/data/ppd/monthly/file-249-09.csv ...
  Error downloading https://landregistry.data.gov.uk/data/ppd/monthly/file-249-09.csv: Request failed with status code 406
Downloading https://landregistry.data.gov.uk/data/ppd/monthly/file-249-10.csv ...
  Error downloading https://landregistry.data.gov.uk/data/ppd/monthly/file-249-10.csv: Request failed with status code 406
Downloading https://landregistry.data.gov.uk/data/ppd/monthly/file-249-11.csv ...
  Error downloading https://landregistry.data.gov.uk/data/ppd/monthly/file-249-11.csv: Request failed with status code 406
Downloading https://landregistry.data.gov.uk/data/ppd/monthly/file-249-12.csv ...
  Error downloading https://landregistry.data.gov.uk/data/ppd/monthly/file-249-12.csv: Request failed with status code 406
Downloading https://landregistry.data.gov.uk/data/ppd/monthly/file-250-01.csv ...
  Error downloading https://landregistry.data.gov.uk/data/ppd/monthly/file-250-01.csv: Request failed with status code 406
Downloading https://landregistry.data.gov.uk/data/ppd/monthly/file-250-02.csv ...
  Error downloading https://landregistry.data.gov.uk/data/ppd/monthly/file-250-02.csv: Request failed with status code 406
Downloading https://landregistry.data.gov.uk/data/ppd/monthly/file-250-03.csv ...
  Error downloading https://landregistry.data.gov.uk/data/ppd/monthly/file-250-03.csv: Request failed with status code 406
Downloading https://landregistry.data.gov.uk/data/ppd/monthly/file-250-04.csv ...
  Error downloading https://landregistry.data.gov.uk/data/ppd/monthly/file-250-04.csv: Request failed with status code 406
Downloading https://landregistry.data.gov.uk/data/ppd/monthly/file-250-05.csv ...
  Error downloading https://landregistry.data.gov.uk/data/ppd/monthly/file-250-05.csv: Request failed with status code 406
Downloading https://landregistry.data.gov.uk/data/ppd/monthly/file-250-06.csv ...
  Error downloading https://landregistry.data.gov.uk/data/ppd/monthly/file-250-06.csv: Request failed with status code 406
Downloading https://landregistry.data.gov.uk/data/ppd/monthly/file-250-07.csv ...
  Error downloading https://landregistry.data.gov.uk/data/ppd/monthly/file-250-07.csv: Request failed with status code 406
Downloading https://landregistry.data.gov.uk/data/ppd/monthly/file-250-08.csv ...
  Error downloading https://landregistry.data.gov.uk/data/ppd/monthly/file-250-08.csv: Request failed with status code 406
Downloading https://landregistry.data.gov.uk/data/ppd/monthly/file-250-09.csv ...
  Error downloading https://landregistry.data.gov.uk/data/ppd/monthly/file-250-09.csv: Request failed with status code 406
Downloading https://landregistry.data.gov.uk/data/ppd/monthly/file-250-10.csv ...
  Error downloading https://landregistry.data.gov.uk/data/ppd/monthly/file-250-10.csv: Request failed with status code 406
Downloading https://landregistry.data.gov.uk/data/ppd/monthly/file-250-11.csv ...
  Error downloading https://landregistry.data.gov.uk/data/ppd/monthly/file-250-11.csv: Request failed with status code 406
Downloading https://landregistry.data.gov.uk/data/ppd/monthly/file-250-12.csv ...
  Error downloading https://landregistry.data.gov.uk/data/ppd/monthly/file-250-12.csv: Request failed with status code 406
Downloading https://landregistry.data.gov.uk/data/ppd/monthly/file-251-01.csv ...
  Error downloading https://landregistry.data.gov.uk/data/ppd/monthly/file-251-01.csv: Request failed with status code 406
Downloading https://landregistry.data.gov.uk/data/ppd/monthly/file-251-02.csv ...
  Error downloading https://landregistry.data.gov.uk/data/ppd/monthly/file-251-02.csv: Request failed with status code 406
Downloading https://landregistry.data.gov.uk/data/ppd/monthly/file-251-03.csv ...
  Error downloading https://landregistry.data.gov.uk/data/ppd/monthly/file-251-03.csv: Request failed with status code 406
Downloading https://landregistry.data.gov.uk/data/ppd/monthly/file-251-04.csv ...
  Error downloading https://landregistry.data.gov.uk/data/ppd/monthly/file-251-04.csv: Request failed with status code 406
Downloading https://landregistry.data.gov.uk/data/ppd/monthly/file-251-05.csv ...
  Error downloading https://landregistry.data.gov.uk/data/ppd/monthly/file-251-05.csv: Request failed with status code 406
Downloading https://landregistry.data.gov.uk/data/ppd/monthly/file-251-06.csv ...
  Error downloading https://landregistry.data.gov.uk/data/ppd/monthly/file-251-06.csv: Request failed with status code 406
Downloading https://landregistry.data.gov.uk/data/ppd/monthly/file-251-07.csv ...
  Error downloading https://landregistry.data.gov.uk/data/ppd/monthly/file-251-07.csv: Request failed with status code 406
Downloading https://landregistry.data.gov.uk/data/ppd/monthly/file-251-08.csv ...
  Error downloading https://landregistry.data.gov.uk/data/ppd/monthly/file-251-08.csv: Request failed with status code 406
Downloading https://landregistry.data.gov.uk/data/ppd/monthly/file-251-09.csv ...
  Error downloading https://landregistry.data.gov.uk/data/ppd/monthly/file-251-09.csv: Request failed with status code 406
Downloading https://landregistry.data.gov.uk/data/ppd/monthly/file-251-10.csv ...
  Error downloading https://landregistry.data.gov.uk/data/ppd/monthly/file-251-10.csv: Request failed with status code 406
Downloading https://landregistry.data.gov.uk/data/ppd/monthly/file-251-11.csv ...
  Error downloading https://landregistry.data.gov.uk/data/ppd/monthly/file-251-11.csv: Request failed with status code 406
Downloading https://landregistry.data.gov.uk/data/ppd/monthly/file-251-12.csv ...
  Error downloading https://landregistry.data.gov.uk/data/ppd/monthly/file-251-12.csv: Request failed with status code 406
Downloading https://landregistry.data.gov.uk/data/ppd/monthly/file-252-01.csv ...
  Error downloading https://landregistry.data.gov.uk/data/ppd/monthly/file-252-01.csv: Request failed with status code 406
Downloading https://landregistry.data.gov.uk/data/ppd/monthly/file-252-02.csv ...
  Error downloading https://landregistry.data.gov.uk/data/ppd/monthly/file-252-02.csv: Request failed with status code 406
Downloading https://landregistry.data.gov.uk/data/ppd/monthly/file-252-03.csv ...
  Error downloading https://landregistry.data.gov.uk/data/ppd/monthly/file-252-03.csv: Request failed with status code 406
Downloading https://landregistry.data.gov.uk/data/ppd/monthly/file-252-04.csv ...
  Error downloading https://landregistry.data.gov.uk/data/ppd/monthly/file-252-04.csv: Request failed with status code 406
Downloading https://landregistry.data.gov.uk/data/ppd/monthly/file-252-05.csv ...
  Error downloading https://landregistry.data.gov.uk/data/ppd/monthly/file-252-05.csv: Request failed with status code 406
Downloading https://landregistry.data.gov.uk/data/ppd/monthly/file-252-06.csv ...
  Error downloading https://landregistry.data.gov.uk/data/ppd/monthly/file-252-06.csv: Request failed with status code 406
Downloading https://landregistry.data.gov.uk/data/ppd/monthly/file-252-07.csv ...
  Error downloading https://landregistry.data.gov.uk/data/ppd/monthly/file-252-07.csv: Request failed with status code 406
Downloading https://landregistry.data.gov.uk/data/ppd/monthly/file-252-08.csv ...
  Error downloading https://landregistry.data.gov.uk/data/ppd/monthly/file-252-08.csv: Request failed with status code 406
Downloading https://landregistry.data.gov.uk/data/ppd/monthly/file-252-09.csv ...
  Error downloading https://landregistry.data.gov.uk/data/ppd/monthly/file-252-09.csv: Request failed with status code 406
Downloading https://landregistry.data.gov.uk/data/ppd/monthly/file-252-10.csv ...
  Error downloading https://landregistry.data.gov.uk/data/ppd/monthly/file-252-10.csv: Request failed with status code 406
Downloading https://landregistry.data.gov.uk/data/ppd/monthly/file-252-11.csv ...
  Error downloading https://landregistry.data.gov.uk/data/ppd/monthly/file-252-11.csv: Request failed with status code 406
Downloading https://landregistry.data.gov.uk/data/ppd/monthly/file-252-12.csv ...
  Error downloading https://landregistry.data.gov.uk/data/ppd/monthly/file-252-12.csv: Request failed with status code 406
Downloading https://landregistry.data.gov.uk/data/ppd/monthly/file-253-01.csv ...
  Error downloading https://landregistry.data.gov.uk/data/ppd/monthly/file-253-01.csv: Request failed with status code 406
Downloading https://landregistry.data.gov.uk/data/ppd/monthly/file-253-02.csv ...
  Error downloading https://landregistry.data.gov.uk/data/ppd/monthly/file-253-02.csv: Request failed with status code 406
Downloading https://landregistry.data.gov.uk/data/ppd/monthly/file-253-03.csv ...
  Error downloading https://landregistry.data.gov.uk/data/ppd/monthly/file-253-03.csv: Request failed with status code 406
Downloading https://landregistry.data.gov.uk/data/ppd/monthly/file-253-04.csv ...
  Error downloading https://landregistry.data.gov.uk/data/ppd/monthly/file-253-04.csv: Request failed with status code 406
Downloading https://landregistry.data.gov.uk/data/ppd/monthly/file-253-05.csv ...
  Error downloading https://landregistry.data.gov.uk/data/ppd/monthly/file-253-05.csv: Request failed with status code 406
Downloading https://landregistry.data.gov.uk/data/ppd/monthly/file-253-06.csv ...
  Error downloading https://landregistry.data.gov.uk/data/ppd/monthly/file-253-06.csv: Request failed with status code 406
Downloading https://landregistry.data.gov.uk/data/ppd/monthly/file-253-07.csv ...
  Error downloading https://landregistry.data.gov.uk/data/ppd/monthly/file-253-07.csv: Request failed with status code 406
Downloading https://landregistry.data.gov.uk/data/ppd/monthly/file-253-08.csv ...
  Error downloading https://landregistry.data.gov.uk/data/ppd/monthly/file-253-08.csv: Request failed with status code 406
Downloading https://landregistry.data.gov.uk/data/ppd/monthly/file-253-09.csv ...
  Error downloading https://landregistry.data.gov.uk/data/ppd/monthly/file-253-09.csv: Request failed with status code 406
Downloading https://landregistry.data.gov.uk/data/ppd/monthly/file-253-10.csv ...
  Error downloading https://landregistry.data.gov.uk/data/ppd/monthly/file-253-10.csv: Request failed with status code 406
Downloading https://landregistry.data.gov.uk/data/ppd/monthly/file-253-11.csv ...
  Error downloading https://landregistry.data.gov.uk/data/ppd/monthly/file-253-11.csv: Request failed with status code 406
Downloading https://landregistry.data.gov.uk/data/ppd/monthly/file-253-12.csv ...
  Error downloading https://landregistry.data.gov.uk/data/ppd/monthly/file-253-12.csv: Request failed with status code 406
Downloading https://landregistry.data.gov.uk/data/ppd/monthly/file-254-01.csv ...
  Error downloading https://landregistry.data.gov.uk/data/ppd/monthly/file-254-01.csv: Request failed with status code 406
Downloading https://landregistry.data.gov.uk/data/ppd/monthly/file-254-02.csv ...
  Error downloading https://landregistry.data.gov.uk/data/ppd/monthly/file-254-02.csv: Request failed with status code 406
Downloading https://landregistry.data.gov.uk/data/ppd/monthly/file-254-03.csv ...
  Error downloading https://landregistry.data.gov.uk/data/ppd/monthly/file-254-03.csv: Request failed with status code 406
Downloading https://landregistry.data.gov.uk/data/ppd/monthly/file-254-04.csv ...
  Error downloading https://landregistry.data.gov.uk/data/ppd/monthly/file-254-04.csv: Request failed with status code 406
Downloading https://landregistry.data.gov.uk/data/ppd/monthly/file-254-05.csv ...
  Error downloading https://landregistry.data.gov.uk/data/ppd/monthly/file-254-05.csv: Request failed with status code 406
Downloading https://landregistry.data.gov.uk/data/ppd/monthly/file-254-06.csv ...
  Error downloading https://landregistry.data.gov.uk/data/ppd/monthly/file-254-06.csv: Request failed with status code 406
Downloading https://landregistry.data.gov.uk/data/ppd/monthly/file-254-07.csv ...
  Error downloading https://landregistry.data.gov.uk/data/ppd/monthly/file-254-07.csv: Request failed with status code 406
Downloading https://landregistry.data.gov.uk/data/ppd/monthly/file-254-08.csv ...
  Error downloading https://landregistry.data.gov.uk/data/ppd/monthly/file-254-08.csv: Request failed with status code 406
Downloading https://landregistry.data.gov.uk/data/ppd/monthly/file-254-09.csv ...
  Error downloading https://landregistry.data.gov.uk/data/ppd/monthly/file-254-09.csv: Request failed with status code 406
Downloading https://landregistry.data.gov.uk/data/ppd/monthly/file-254-10.csv ...
  Error downloading https://landregistry.data.gov.uk/data/ppd/monthly/file-254-10.csv: Request failed with status code 406
Downloading https://landregistry.data.gov.uk/data/ppd/monthly/file-254-11.csv ...
  Error downloading https://landregistry.data.gov.uk/data/ppd/monthly/file-254-11.csv: Request failed with status code 406
Downloading https://landregistry.data.gov.uk/data/ppd/monthly/file-254-12.csv ...
  Error downloading https://landregistry.data.gov.uk/data/ppd/monthly/file-254-12.csv: Request failed with status code 406
Downloading https://landregistry.data.gov.uk/data/ppd/monthly/file-255-01.csv ...
  Error downloading https://landregistry.data.gov.uk/data/ppd/monthly/file-255-01.csv: Request failed with status code 406
Downloading https://landregistry.data.gov.uk/data/ppd/monthly/file-255-02.csv ...
  Error downloading https://landregistry.data.gov.uk/data/ppd/monthly/file-255-02.csv: Request failed with status code 406
Downloading https://landregistry.data.gov.uk/data/ppd/monthly/file-255-03.csv ...
  Error downloading https://landregistry.data.gov.uk/data/ppd/monthly/file-255-03.csv: Request failed with status code 406
Downloading https://landregistry.data.gov.uk/data/ppd/monthly/file-255-04.csv ...
  Error downloading https://landregistry.data.gov.uk/data/ppd/monthly/file-255-04.csv: Request failed with status code 406
Downloading https://landregistry.data.gov.uk/data/ppd/monthly/file-255-05.csv ...
  Error downloading https://landregistry.data.gov.uk/data/ppd/monthly/file-255-05.csv: Request failed with status code 406
Downloading https://landregistry.data.gov.uk/data/ppd/monthly/file-255-06.csv ...
  Error downloading https://landregistry.data.gov.uk/data/ppd/monthly/file-255-06.csv: Request failed with status code 406
Downloading https://landregistry.data.gov.uk/data/ppd/monthly/file-255-07.csv ...
  Error downloading https://landregistry.data.gov.uk/data/ppd/monthly/file-255-07.csv: Request failed with status code 406
Downloading https://landregistry.data.gov.uk/data/ppd/monthly/file-255-08.csv ...
  Error downloading https://landregistry.data.gov.uk/data/ppd/monthly/file-255-08.csv: Request failed with status code 406
Downloading https://landregistry.data.gov.uk/data/ppd/monthly/file-255-09.csv ...
  Error downloading https://landregistry.data.gov.uk/data/ppd/monthly/file-255-09.csv: Request failed with status code 406
Downloading https://landregistry.data.gov.uk/data/ppd/monthly/file-255-10.csv ...
  Error downloading https://landregistry.data.gov.uk/data/ppd/monthly/file-255-10.csv: Request failed with status code 406
Downloading https://landregistry.data.gov.uk/data/ppd/monthly/file-255-11.csv ...
  Error downloading https://landregistry.data.gov.uk/data/ppd/monthly/file-255-11.csv: Request failed with status code 406
Downloading https://landregistry.data.gov.uk/data/ppd/monthly/file-255-12.csv ...
  Error downloading https://landregistry.data.gov.uk/data/ppd/monthly/file-255-12.csv: Request failed with status code 406
Downloading https://landregistry.data.gov.uk/data/ppd/monthly/file-256-01.csv ...
  Error downloading https://landregistry.data.gov.uk/data/ppd/monthly/file-256-01.csv: Request failed with status code 406
Downloading https://landregistry.data.gov.uk/data/ppd/monthly/file-256-02.csv ...
  Error downloading https://landregistry.data.gov.uk/data/ppd/monthly/file-256-02.csv: Request failed with status code 406
Downloading https://landregistry.data.gov.uk/data/ppd/monthly/file-256-03.csv ...
  Error downloading https://landregistry.data.gov.uk/data/ppd/monthly/file-256-03.csv: Request failed with status code 406
Downloading https://landregistry.data.gov.uk/data/ppd/monthly/file-256-04.csv ...
  Error downloading https://landregistry.data.gov.uk/data/ppd/monthly/file-256-04.csv: Request failed with status code 406
Downloading https://landregistry.data.gov.uk/data/ppd/monthly/file-256-05.csv ...
  Error downloading https://landregistry.data.gov.uk/data/ppd/monthly/file-256-05.csv: Request failed with status code 406
Downloading https://landregistry.data.gov.uk/data/ppd/monthly/file-256-06.csv ...
  Error downloading https://landregistry.data.gov.uk/data/ppd/monthly/file-256-06.csv: Request failed with status code 406
Downloading https://landregistry.data.gov.uk/data/ppd/monthly/file-256-07.csv ...
  Error downloading https://landregistry.data.gov.uk/data/ppd/monthly/file-256-07.csv: Request failed with status code 406
Downloading https://landregistry.data.gov.uk/data/ppd/monthly/file-256-08.csv ...
  Error downloading https://landregistry.data.gov.uk/data/ppd/monthly/file-256-08.csv: Request failed with status code 406
Downloading https://landregistry.data.gov.uk/data/ppd/monthly/file-256-09.csv ...
  Error downloading https://landregistry.data.gov.uk/data/ppd/monthly/file-256-09.csv: Request failed with status code 406
Downloading https://landregistry.data.gov.uk/data/ppd/monthly/file-256-10.csv ...
  Error downloading https://landregistry.data.gov.uk/data/ppd/monthly/file-256-10.csv: Request failed with status code 406
Downloading https://landregistry.data.gov.uk/data/ppd/monthly/file-256-11.csv ...
  Error downloading https://landregistry.data.gov.uk/data/ppd/monthly/file-256-11.csv: Request failed with status code 406
Downloading https://landregistry.data.gov.uk/data/ppd/monthly/file-256-12.csv ...
  Error downloading https://landregistry.data.gov.uk/data/ppd/monthly/file-256-12.csv: Request failed with status code 406
Downloading https://landregistry.data.gov.uk/data/ppd/monthly/file-257-01.csv ...
  Error downloading https://landregistry.data.gov.uk/data/ppd/monthly/file-257-01.csv: Request failed with status code 406
Downloading https://landregistry.data.gov.uk/data/ppd/monthly/file-257-02.csv ...
  Error downloading https://landregistry.data.gov.uk/data/ppd/monthly/file-257-02.csv: Request failed with status code 406
Downloading https://landregistry.data.gov.uk/data/ppd/monthly/file-257-03.csv ...
  Error downloading https://landregistry.data.gov.uk/data/ppd/monthly/file-257-03.csv: Request failed with status code 406
Downloading https://landregistry.data.gov.uk/data/ppd/monthly/file-257-04.csv ...
  Error downloading https://landregistry.data.gov.uk/data/ppd/monthly/file-257-04.csv: Request failed with status code 406
Downloading https://landregistry.data.gov.uk/data/ppd/monthly/file-257-05.csv ...
  Error downloading https://landregistry.data.gov.uk/data/ppd/monthly/file-257-05.csv: Request failed with status code 406
Downloading https://landregistry.data.gov.uk/data/ppd/monthly/file-257-06.csv ...
  Error downloading https://landregistry.data.gov.uk/data/ppd/monthly/file-257-06.csv: Request failed with status code 406
Downloading https://landregistry.data.gov.uk/data/ppd/monthly/file-257-07.csv ...
  Error downloading https://landregistry.data.gov.uk/data/ppd/monthly/file-257-07.csv: Request failed with status code 406
Downloading https://landregistry.data.gov.uk/data/ppd/monthly/file-257-08.csv ...
  Error downloading https://landregistry.data.gov.uk/data/ppd/monthly/file-257-08.csv: Request failed with status code 406
Downloading https://landregistry.data.gov.uk/data/ppd/monthly/file-257-09.csv ...
  Error downloading https://landregistry.data.gov.uk/data/ppd/monthly/file-257-09.csv: Request failed with status code 406
Downloading https://landregistry.data.gov.uk/data/ppd/monthly/file-257-10.csv ...
  Error downloading https://landregistry.data.gov.uk/data/ppd/monthly/file-257-10.csv: Request failed with status code 406
Downloading https://landregistry.data.gov.uk/data/ppd/monthly/file-257-11.csv ...
  Error downloading https://landregistry.data.gov.uk/data/ppd/monthly/file-257-11.csv: Request failed with status code 406
Downloading https://landregistry.data.gov.uk/data/ppd/monthly/file-257-12.csv ...
  Error downloading https://landregistry.data.gov.uk/data/ppd/monthly/file-257-12.csv: Request failed with status code 406
Downloading https://landregistry.data.gov.uk/data/ppd/monthly/file-258-01.csv ...
  Error downloading https://landregistry.data.gov.uk/data/ppd/monthly/file-258-01.csv: Request failed with status code 406
Downloading https://landregistry.data.gov.uk/data/ppd/monthly/file-258-02.csv ...
  Error downloading https://landregistry.data.gov.uk/data/ppd/monthly/file-258-02.csv: Request failed with status code 406
Downloading https://landregistry.data.gov.uk/data/ppd/monthly/file-258-03.csv ...
  Error downloading https://landregistry.data.gov.uk/data/ppd/monthly/file-258-03.csv: Request failed with status code 406
Downloading https://landregistry.data.gov.uk/data/ppd/monthly/file-258-04.csv ...
  Error downloading https://landregistry.data.gov.uk/data/ppd/monthly/file-258-04.csv: Request failed with status code 406
Downloading https://landregistry.data.gov.uk/data/ppd/monthly/file-258-05.csv ...
  Error downloading https://landregistry.data.gov.uk/data/ppd/monthly/file-258-05.csv: Request failed with status code 406
Downloading https://landregistry.data.gov.uk/data/ppd/monthly/file-258-06.csv ...
  Error downloading https://landregistry.data.gov.uk/data/ppd/monthly/file-258-06.csv: Request failed with status code 406
Downloading https://landregistry.data.gov.uk/data/ppd/monthly/file-258-07.csv ...
  Error downloading https://landregistry.data.gov.uk/data/ppd/monthly/file-258-07.csv: Request failed with status code 406
Downloading https://landregistry.data.gov.uk/data/ppd/monthly/file-258-08.csv ...
  Error downloading https://landregistry.data.gov.uk/data/ppd/monthly/file-258-08.csv: Request failed with status code 406
Downloading https://landregistry.data.gov.uk/data/ppd/monthly/file-258-09.csv ...
  Error downloading https://landregistry.data.gov.uk/data/ppd/monthly/file-258-09.csv: Request failed with status code 406
Downloading https://landregistry.data.gov.uk/data/ppd/monthly/file-258-10.csv ...
  Error downloading https://landregistry.data.gov.uk/data/ppd/monthly/file-258-10.csv: Request failed with status code 406
Downloading https://landregistry.data.gov.uk/data/ppd/monthly/file-258-11.csv ...
  Error downloading https://landregistry.data.gov.uk/data/ppd/monthly/file-258-11.csv: Request failed with status code 406
Downloading https://landregistry.data.gov.uk/data/ppd/monthly/file-258-12.csv ...
  Error downloading https://landregistry.data.gov.uk/data/ppd/monthly/file-258-12.csv: Request failed with status code 406
Downloading https://landregistry.data.gov.uk/data/ppd/monthly/file-259-01.csv ...
  Error downloading https://landregistry.data.gov.uk/data/ppd/monthly/file-259-01.csv: Request failed with status code 406
Downloading https://landregistry.data.gov.uk/data/ppd/monthly/file-259-02.csv ...
  Error downloading https://landregistry.data.gov.uk/data/ppd/monthly/file-259-02.csv: Request failed with status code 406
Downloading https://landregistry.data.gov.uk/data/ppd/monthly/file-259-03.csv ...
  Error downloading https://landregistry.data.gov.uk/data/ppd/monthly/file-259-03.csv: Request failed with status code 406
Downloading https://landregistry.data.gov.uk/data/ppd/monthly/file-259-04.csv ...
  Error downloading https://landregistry.data.gov.uk/data/ppd/monthly/file-259-04.csv: Request failed with status code 406
Downloading https://landregistry.data.gov.uk/data/ppd/monthly/file-259-05.csv ...
  Error downloading https://landregistry.data.gov.uk/data/ppd/monthly/file-259-05.csv: Request failed with status code 406
Downloading https://landregistry.data.gov.uk/data/ppd/monthly/file-259-06.csv ...
  Error downloading https://landregistry.data.gov.uk/data/ppd/monthly/file-259-06.csv: Request failed with status code 406
Downloading https://landregistry.data.gov.uk/data/ppd/monthly/file-259-07.csv ...
  Error downloading https://landregistry.data.gov.uk/data/ppd/monthly/file-259-07.csv: Request failed with status code 406
Downloading https://landregistry.data.gov.uk/data/ppd/monthly/file-259-08.csv ...
  Error downloading https://landregistry.data.gov.uk/data/ppd/monthly/file-259-08.csv: Request failed with status code 406
Downloading https://landregistry.data.gov.uk/data/ppd/monthly/file-259-09.csv ...
  Error downloading https://landregistry.data.gov.uk/data/ppd/monthly/file-259-09.csv: Request failed with status code 406
Downloading https://landregistry.data.gov.uk/data/ppd/monthly/file-259-10.csv ...
  Error downloading https://landregistry.data.gov.uk/data/ppd/monthly/file-259-10.csv: Request failed with status code 406
Downloading https://landregistry.data.gov.uk/data/ppd/monthly/file-259-11.csv ...
  Error downloading https://landregistry.data.gov.uk/data/ppd/monthly/file-259-11.csv: Request failed with status code 406
Downloading https://landregistry.data.gov.uk/data/ppd/monthly/file-259-12.csv ...
  Error downloading https://landregistry.data.gov.uk/data/ppd/monthly/file-259-12.csv: Request failed with status code 406
Downloading https://landregistry.data.gov.uk/data/ppd/monthly/file-260-01.csv ...
  Error downloading https://landregistry.data.gov.uk/data/ppd/monthly/file-260-01.csv: Request failed with status code 406
Downloading https://landregistry.data.gov.uk/data/ppd/monthly/file-260-02.csv ...
  Error downloading https://landregistry.data.gov.uk/data/ppd/monthly/file-260-02.csv: Request failed with status code 406
Downloading https://landregistry.data.gov.uk/data/ppd/monthly/file-260-03.csv ...
  Error downloading https://landregistry.data.gov.uk/data/ppd/monthly/file-260-03.csv: Request failed with status code 406
Downloading https://landregistry.data.gov.uk/data/ppd/monthly/file-260-04.csv ...
  Error downloading https://landregistry.data.gov.uk/data/ppd/monthly/file-260-04.csv: Request failed with status code 406
Downloading https://landregistry.data.gov.uk/data/ppd/monthly/file-260-05.csv ...
  Error downloading https://landregistry.data.gov.uk/data/ppd/monthly/file-260-05.csv: Request failed with status code 406
Downloading https://landregistry.data.gov.uk/data/ppd/monthly/file-260-06.csv ...
  Error downloading https://landregistry.data.gov.uk/data/ppd/monthly/file-260-06.csv: Request failed with status code 406
Downloading https://landregistry.data.gov.uk/data/ppd/monthly/file-260-07.csv ...
  Error downloading https://landregistry.data.gov.uk/data/ppd/monthly/file-260-07.csv: Request failed with status code 406
Downloading https://landregistry.data.gov.uk/data/ppd/monthly/file-260-08.csv ...
  Error downloading https://landregistry.data.gov.uk/data/ppd/monthly/file-260-08.csv: Request failed with status code 406
Downloading https://landregistry.data.gov.uk/data/ppd/monthly/file-260-09.csv ...
  Error downloading https://landregistry.data.gov.uk/data/ppd/monthly/file-260-09.csv: Request failed with status code 406
Downloading https://landregistry.data.gov.uk/data/ppd/monthly/file-260-10.csv ...
  Error downloading https://landregistry.data.gov.uk/data/ppd/monthly/file-260-10.csv: Request failed with status code 406
Downloading https://landregistry.data.gov.uk/data/ppd/monthly/file-260-11.csv ...
  Error downloading https://landregistry.data.gov.uk/data/ppd/monthly/file-260-11.csv: Request failed with status code 406
Downloading https://landregistry.data.gov.uk/data/ppd/monthly/file-260-12.csv ...
  Error downloading https://landregistry.data.gov.uk/data/ppd/monthly/file-260-12.csv: Request failed with status code 406
Downloading https://landregistry.data.gov.uk/data/ppd/monthly/file-261-01.csv ...
  Error downloading https://landregistry.data.gov.uk/data/ppd/monthly/file-261-01.csv: Request failed with status code 406
Downloading https://landregistry.data.gov.uk/data/ppd/monthly/file-261-02.csv ...
  Error downloading https://landregistry.data.gov.uk/data/ppd/monthly/file-261-02.csv: Request failed with status code 406
Downloading https://landregistry.data.gov.uk/data/ppd/monthly/file-261-03.csv ...
  Error downloading https://landregistry.data.gov.uk/data/ppd/monthly/file-261-03.csv: Request failed with status code 406
Downloading https://landregistry.data.gov.uk/data/ppd/monthly/file-261-04.csv ...
  Error downloading https://landregistry.data.gov.uk/data/ppd/monthly/file-261-04.csv: Request failed with status code 406
Downloading https://landregistry.data.gov.uk/data/ppd/monthly/file-261-05.csv ...
  Error downloading https://landregistry.data.gov.uk/data/ppd/monthly/file-261-05.csv: Request failed with status code 406
Downloading https://landregistry.data.gov.uk/data/ppd/monthly/file-261-06.csv ...
  Error downloading https://landregistry.data.gov.uk/data/ppd/monthly/file-261-06.csv: Request failed with status code 406
Downloading https://landregistry.data.gov.uk/data/ppd/monthly/file-261-07.csv ...
  Error downloading https://landregistry.data.gov.uk/data/ppd/monthly/file-261-07.csv: Request failed with status code 406
Downloading https://landregistry.data.gov.uk/data/ppd/monthly/file-261-08.csv ...
  Error downloading https://landregistry.data.gov.uk/data/ppd/monthly/file-261-08.csv: Request failed with status code 406
Downloading https://landregistry.data.gov.uk/data/ppd/monthly/file-261-09.csv ...
  Error downloading https://landregistry.data.gov.uk/data/ppd/monthly/file-261-09.csv: Request failed with status code 406
Downloading https://landregistry.data.gov.uk/data/ppd/monthly/file-261-10.csv ...
  Error downloading https://landregistry.data.gov.uk/data/ppd/monthly/file-261-10.csv: Request failed with status code 406
Downloading https://landregistry.data.gov.uk/data/ppd/monthly/file-261-11.csv ...
  Error downloading https://landregistry.data.gov.uk/data/ppd/monthly/file-261-11.csv: Request failed with status code 406
Downloading https://landregistry.data.gov.uk/data/ppd/monthly/file-261-12.csv ...
  Error downloading https://landregistry.data.gov.uk/data/ppd/monthly/file-261-12.csv: Request failed with status code 406
Downloading https://landregistry.data.gov.uk/data/ppd/monthly/file-262-01.csv ...
  Error downloading https://landregistry.data.gov.uk/data/ppd/monthly/file-262-01.csv: Request failed with status code 406
Downloading https://landregistry.data.gov.uk/data/ppd/monthly/file-262-02.csv ...
  Error downloading https://landregistry.data.gov.uk/data/ppd/monthly/file-262-02.csv: Request failed with status code 406
Downloading https://landregistry.data.gov.uk/data/ppd/monthly/file-262-03.csv ...
  Error downloading https://landregistry.data.gov.uk/data/ppd/monthly/file-262-03.csv: Request failed with status code 406
Downloading https://landregistry.data.gov.uk/data/ppd/monthly/file-262-04.csv ...
  Error downloading https://landregistry.data.gov.uk/data/ppd/monthly/file-262-04.csv: Request failed with status code 406
Downloading https://landregistry.data.gov.uk/data/ppd/monthly/file-262-05.csv ...
  Error downloading https://landregistry.data.gov.uk/data/ppd/monthly/file-262-05.csv: Request failed with status code 406
Downloading https://landregistry.data.gov.uk/data/ppd/monthly/file-262-06.csv ...
  Error downloading https://landregistry.data.gov.uk/data/ppd/monthly/file-262-06.csv: Request failed with status code 406
Downloading https://landregistry.data.gov.uk/data/ppd/monthly/file-262-07.csv ...
  Error downloading https://landregistry.data.gov.uk/data/ppd/monthly/file-262-07.csv: Request failed with status code 406
Downloading https://landregistry.data.gov.uk/data/ppd/monthly/file-262-08.csv ...
  Error downloading https://landregistry.data.gov.uk/data/ppd/monthly/file-262-08.csv: Request failed with status code 406
Downloading https://landregistry.data.gov.uk/data/ppd/monthly/file-262-09.csv ...
  Error downloading https://landregistry.data.gov.uk/data/ppd/monthly/file-262-09.csv: Request failed with status code 406
Downloading https://landregistry.data.gov.uk/data/ppd/monthly/file-262-10.csv ...
  Error downloading https://landregistry.data.gov.uk/data/ppd/monthly/file-262-10.csv: Request failed with status code 406
Downloading https://landregistry.data.gov.uk/data/ppd/monthly/file-262-11.csv ...
  Error downloading https://landregistry.data.gov.uk/data/ppd/monthly/file-262-11.csv: Request failed with status code 406
Downloading https://landregistry.data.gov.uk/data/ppd/monthly/file-262-12.csv ...
  Error downloading https://landregistry.data.gov.uk/data/ppd/monthly/file-262-12.csv: Request failed with status code 406
Downloading https://landregistry.data.gov.uk/data/ppd/monthly/file-263-01.csv ...
  Error downloading https://landregistry.data.gov.uk/data/ppd/monthly/file-263-01.csv: Request failed with status code 406
Downloading https://landregistry.data.gov.uk/data/ppd/monthly/file-263-02.csv ...
  Error downloading https://landregistry.data.gov.uk/data/ppd/monthly/file-263-02.csv: Request failed with status code 406
Downloading https://landregistry.data.gov.uk/data/ppd/monthly/file-263-03.csv ...
  Error downloading https://landregistry.data.gov.uk/data/ppd/monthly/file-263-03.csv: Request failed with status code 406
Downloading https://landregistry.data.gov.uk/data/ppd/monthly/file-263-04.csv ...
  Error downloading https://landregistry.data.gov.uk/data/ppd/monthly/file-263-04.csv: Request failed with status code 406
Downloading https://landregistry.data.gov.uk/data/ppd/monthly/file-263-05.csv ...
  Error downloading https://landregistry.data.gov.uk/data/ppd/monthly/file-263-05.csv: Request failed with status code 406
Downloading https://landregistry.data.gov.uk/data/ppd/monthly/file-263-06.csv ...
  Error downloading https://landregistry.data.gov.uk/data/ppd/monthly/file-263-06.csv: Request failed with status code 406
Downloading https://landregistry.data.gov.uk/data/ppd/monthly/file-263-07.csv ...
  Error downloading https://landregistry.data.gov.uk/data/ppd/monthly/file-263-07.csv: Request failed with status code 406
Downloading https://landregistry.data.gov.uk/data/ppd/monthly/file-263-08.csv ...
  Error downloading https://landregistry.data.gov.uk/data/ppd/monthly/file-263-08.csv: Request failed with status code 406
Downloading https://landregistry.data.gov.uk/data/ppd/monthly/file-263-09.csv ...
  Error downloading https://landregistry.data.gov.uk/data/ppd/monthly/file-263-09.csv: Request failed with status code 406
Downloading https://landregistry.data.gov.uk/data/ppd/monthly/file-263-10.csv ...
  Error downloading https://landregistry.data.gov.uk/data/ppd/monthly/file-263-10.csv: Request failed with status code 406
Downloading https://landregistry.data.gov.uk/data/ppd/monthly/file-263-11.csv ...
  Error downloading https://landregistry.data.gov.uk/data/ppd/monthly/file-263-11.csv: Request failed with status code 406
Downloading https://landregistry.data.gov.uk/data/ppd/monthly/file-263-12.csv ...
  Error downloading https://landregistry.data.gov.uk/data/ppd/monthly/file-263-12.csv: Request failed with status code 406
Downloading https://landregistry.data.gov.uk/data/ppd/monthly/file-264-01.csv ...
  Error downloading https://landregistry.data.gov.uk/data/ppd/monthly/file-264-01.csv: Request failed with status code 406
Downloading https://landregistry.data.gov.uk/data/ppd/monthly/file-264-02.csv ...
  Error downloading https://landregistry.data.gov.uk/data/ppd/monthly/file-264-02.csv: Request failed with status code 406
Downloading https://landregistry.data.gov.uk/data/ppd/monthly/file-264-03.csv ...
  Error downloading https://landregistry.data.gov.uk/data/ppd/monthly/file-264-03.csv: Request failed with status code 406
Downloading https://landregistry.data.gov.uk/data/ppd/monthly/file-264-04.csv ...
  Error downloading https://landregistry.data.gov.uk/data/ppd/monthly/file-264-04.csv: Request failed with status code 406
Downloading https://landregistry.data.gov.uk/data/ppd/monthly/file-264-05.csv ...
  Error downloading https://landregistry.data.gov.uk/data/ppd/monthly/file-264-05.csv: Request failed with status code 406
Downloading https://landregistry.data.gov.uk/data/ppd/monthly/file-264-06.csv ...
  Error downloading https://landregistry.data.gov.uk/data/ppd/monthly/file-264-06.csv: Request failed with status code 406
Downloading https://landregistry.data.gov.uk/data/ppd/monthly/file-264-07.csv ...
  Error downloading https://landregistry.data.gov.uk/data/ppd/monthly/file-264-07.csv: Request failed with status code 406
Downloading https://landregistry.data.gov.uk/data/ppd/monthly/file-264-08.csv ...
  Error downloading https://landregistry.data.gov.uk/data/ppd/monthly/file-264-08.csv: Request failed with status code 406
Downloading https://landregistry.data.gov.uk/data/ppd/monthly/file-264-09.csv ...
  Error downloading https://landregistry.data.gov.uk/data/ppd/monthly/file-264-09.csv: Request failed with status code 406
Downloading https://landregistry.data.gov.uk/data/ppd/monthly/file-264-10.csv ...
  Error downloading https://landregistry.data.gov.uk/data/ppd/monthly/file-264-10.csv: Request failed with status code 406
Downloading https://landregistry.data.gov.uk/data/ppd/monthly/file-264-11.csv ...
  Error downloading https://landregistry.data.gov.uk/data/ppd/monthly/file-264-11.csv: Request failed with status code 406
Downloading https://landregistry.data.gov.uk/data/ppd/monthly/file-264-12.csv ...
  Error downloading https://landregistry.data.gov.uk/data/ppd/monthly/file-264-12.csv: Request failed with status code 406
Downloading https://landregistry.data.gov.uk/data/ppd/monthly/file-265-01.csv ...
  Error downloading https://landregistry.data.gov.uk/data/ppd/monthly/file-265-01.csv: Request failed with status code 406
Downloading https://landregistry.data.gov.uk/data/ppd/monthly/file-265-02.csv ...
  Error downloading https://landregistry.data.gov.uk/data/ppd/monthly/file-265-02.csv: Request failed with status code 406
Downloading https://landregistry.data.gov.uk/data/ppd/monthly/file-265-03.csv ...
  Error downloading https://landregistry.data.gov.uk/data/ppd/monthly/file-265-03.csv: Request failed with status code 406
Downloading https://landregistry.data.gov.uk/data/ppd/monthly/file-265-04.csv ...
  Error downloading https://landregistry.data.gov.uk/data/ppd/monthly/file-265-04.csv: Request failed with status code 406
Downloading https://landregistry.data.gov.uk/data/ppd/monthly/file-265-05.csv ...
  Error downloading https://landregistry.data.gov.uk/data/ppd/monthly/file-265-05.csv: Request failed with status code 406
Downloading https://landregistry.data.gov.uk/data/ppd/monthly/file-265-06.csv ...
  Error downloading https://landregistry.data.gov.uk/data/ppd/monthly/file-265-06.csv: Request failed with status code 406
Downloading https://landregistry.data.gov.uk/data/ppd/monthly/file-265-07.csv ...
  Error downloading https://landregistry.data.gov.uk/data/ppd/monthly/file-265-07.csv: Request failed with status code 406
Downloading https://landregistry.data.gov.uk/data/ppd/monthly/file-265-08.csv ...
  Error downloading https://landregistry.data.gov.uk/data/ppd/monthly/file-265-08.csv: Request failed with status code 406
Downloading https://landregistry.data.gov.uk/data/ppd/monthly/file-265-09.csv ...
  Error downloading https://landregistry.data.gov.uk/data/ppd/monthly/file-265-09.csv: Request failed with status code 406
Downloading https://landregistry.data.gov.uk/data/ppd/monthly/file-265-10.csv ...
  Error downloading https://landregistry.data.gov.uk/data/ppd/monthly/file-265-10.csv: Request failed with status code 406
Downloading https://landregistry.data.gov.uk/data/ppd/monthly/file-265-11.csv ...
  Error downloading https://landregistry.data.gov.uk/data/ppd/monthly/file-265-11.csv: Request failed with status code 406
Downloading https://landregistry.data.gov.uk/data/ppd/monthly/file-265-12.csv ...
  Error downloading https://landregistry.data.gov.uk/data/ppd/monthly/file-265-12.csv: Request failed with status code 406
Downloading https://landregistry.data.gov.uk/data/ppd/monthly/file-266-01.csv ...
  Error downloading https://landregistry.data.gov.uk/data/ppd/monthly/file-266-01.csv: Request failed with status code 406
Downloading https://landregistry.data.gov.uk/data/ppd/monthly/file-266-02.csv ...
  Error downloading https://landregistry.data.gov.uk/data/ppd/monthly/file-266-02.csv: Request failed with status code 406
Downloading https://landregistry.data.gov.uk/data/ppd/monthly/file-266-03.csv ...
  Error downloading https://landregistry.data.gov.uk/data/ppd/monthly/file-266-03.csv: Request failed with status code 406
Downloading https://landregistry.data.gov.uk/data/ppd/monthly/file-266-04.csv ...
  Error downloading https://landregistry.data.gov.uk/data/ppd/monthly/file-266-04.csv: Request failed with status code 406
Downloading https://landregistry.data.gov.uk/data/ppd/monthly/file-266-05.csv ...
  Error downloading https://landregistry.data.gov.uk/data/ppd/monthly/file-266-05.csv: Request failed with status code 406
Downloading https://landregistry.data.gov.uk/data/ppd/monthly/file-266-06.csv ...
  Error downloading https://landregistry.data.gov.uk/data/ppd/monthly/file-266-06.csv: Request failed with status code 406
Downloading https://landregistry.data.gov.uk/data/ppd/monthly/file-266-07.csv ...
  Error downloading https://landregistry.data.gov.uk/data/ppd/monthly/file-266-07.csv: Request failed with status code 406
Downloading https://landregistry.data.gov.uk/data/ppd/monthly/file-266-08.csv ...
  Error downloading https://landregistry.data.gov.uk/data/ppd/monthly/file-266-08.csv: Request failed with status code 406
Downloading https://landregistry.data.gov.uk/data/ppd/monthly/file-266-09.csv ...
  Error downloading https://landregistry.data.gov.uk/data/ppd/monthly/file-266-09.csv: Request failed with status code 406
Downloading https://landregistry.data.gov.uk/data/ppd/monthly/file-266-10.csv ...
  Error downloading https://landregistry.data.gov.uk/data/ppd/monthly/file-266-10.csv: Request failed with status code 406
Downloading https://landregistry.data.gov.uk/data/ppd/monthly/file-266-11.csv ...
  Error downloading https://landregistry.data.gov.uk/data/ppd/monthly/file-266-11.csv: Request failed with status code 406
Downloading https://landregistry.data.gov.uk/data/ppd/monthly/file-266-12.csv ...
  Error downloading https://landregistry.data.gov.uk/data/ppd/monthly/file-266-12.csv: Request failed with status code 406
Downloading https://landregistry.data.gov.uk/data/ppd/monthly/file-267-01.csv ...
  Error downloading https://landregistry.data.gov.uk/data/ppd/monthly/file-267-01.csv: Request failed with status code 406
Downloading https://landregistry.data.gov.uk/data/ppd/monthly/file-267-02.csv ...
  Error downloading https://landregistry.data.gov.uk/data/ppd/monthly/file-267-02.csv: Request failed with status code 406
Downloading https://landregistry.data.gov.uk/data/ppd/monthly/file-267-03.csv ...
  Error downloading https://landregistry.data.gov.uk/data/ppd/monthly/file-267-03.csv: Request failed with status code 406
Downloading https://landregistry.data.gov.uk/data/ppd/monthly/file-267-04.csv ...
  Error downloading https://landregistry.data.gov.uk/data/ppd/monthly/file-267-04.csv: Request failed with status code 406
Downloading https://landregistry.data.gov.uk/data/ppd/monthly/file-267-05.csv ...
  Error downloading https://landregistry.data.gov.uk/data/ppd/monthly/file-267-05.csv: Request failed with status code 406
Downloading https://landregistry.data.gov.uk/data/ppd/monthly/file-267-06.csv ...
  Error downloading https://landregistry.data.gov.uk/data/ppd/monthly/file-267-06.csv: Request failed with status code 406
Downloading https://landregistry.data.gov.uk/data/ppd/monthly/file-267-07.csv ...
  Error downloading https://landregistry.data.gov.uk/data/ppd/monthly/file-267-07.csv: Request failed with status code 406
Downloading https://landregistry.data.gov.uk/data/ppd/monthly/file-267-08.csv ...
  Error downloading https://landregistry.data.gov.uk/data/ppd/monthly/file-267-08.csv: Request failed with status code 406
Downloading https://landregistry.data.gov.uk/data/ppd/monthly/file-267-09.csv ...
  Error downloading https://landregistry.data.gov.uk/data/ppd/monthly/file-267-09.csv: Request failed with status code 406
Downloading https://landregistry.data.gov.uk/data/ppd/monthly/file-267-10.csv ...
  Error downloading https://landregistry.data.gov.uk/data/ppd/monthly/file-267-10.csv: Request failed with status code 406
Downloading https://landregistry.data.gov.uk/data/ppd/monthly/file-267-11.csv ...
  Error downloading https://landregistry.data.gov.uk/data/ppd/monthly/file-267-11.csv: Request failed with status code 406
Downloading https://landregistry.data.gov.uk/data/ppd/monthly/file-267-12.csv ...
  Error downloading https://landregistry.data.gov.uk/data/ppd/monthly/file-267-12.csv: Request failed with status code 406
Downloading https://landregistry.data.gov.uk/data/ppd/monthly/file-268-01.csv ...
  Error downloading https://landregistry.data.gov.uk/data/ppd/monthly/file-268-01.csv: Request failed with status code 406
Downloading https://landregistry.data.gov.uk/data/ppd/monthly/file-268-02.csv ...
  Error downloading https://landregistry.data.gov.uk/data/ppd/monthly/file-268-02.csv: Request failed with status code 406
Downloading https://landregistry.data.gov.uk/data/ppd/monthly/file-268-03.csv ...
  Error downloading https://landregistry.data.gov.uk/data/ppd/monthly/file-268-03.csv: Request failed with status code 406
Downloading https://landregistry.data.gov.uk/data/ppd/monthly/file-268-04.csv ...
  Error downloading https://landregistry.data.gov.uk/data/ppd/monthly/file-268-04.csv: Request failed with status code 406
Downloading https://landregistry.data.gov.uk/data/ppd/monthly/file-268-05.csv ...
  Error downloading https://landregistry.data.gov.uk/data/ppd/monthly/file-268-05.csv: Request failed with status code 406
Downloading https://landregistry.data.gov.uk/data/ppd/monthly/file-268-06.csv ...
  Error downloading https://landregistry.data.gov.uk/data/ppd/monthly/file-268-06.csv: Request failed with status code 406
Downloading https://landregistry.data.gov.uk/data/ppd/monthly/file-268-07.csv ...
  Error downloading https://landregistry.data.gov.uk/data/ppd/monthly/file-268-07.csv: Request failed with status code 406
Downloading https://landregistry.data.gov.uk/data/ppd/monthly/file-268-08.csv ...
  Error downloading https://landregistry.data.gov.uk/data/ppd/monthly/file-268-08.csv: Request failed with status code 406
Downloading https://landregistry.data.gov.uk/data/ppd/monthly/file-268-09.csv ...
  Error downloading https://landregistry.data.gov.uk/data/ppd/monthly/file-268-09.csv: Request failed with status code 406
Downloading https://landregistry.data.gov.uk/data/ppd/monthly/file-268-10.csv ...
  Error downloading https://landregistry.data.gov.uk/data/ppd/monthly/file-268-10.csv: Request failed with status code 406
Downloading https://landregistry.data.gov.uk/data/ppd/monthly/file-268-11.csv ...
  Error downloading https://landregistry.data.gov.uk/data/ppd/monthly/file-268-11.csv: Request failed with status code 406
Downloading https://landregistry.data.gov.uk/data/ppd/monthly/file-268-12.csv ...
  Error downloading https://landregistry.data.gov.uk/data/ppd/monthly/file-268-12.csv: Request failed with status code 406
Downloading https://landregistry.data.gov.uk/data/ppd/monthly/file-269-01.csv ...
  Error downloading https://landregistry.data.gov.uk/data/ppd/monthly/file-269-01.csv: Request failed with status code 406
Downloading https://landregistry.data.gov.uk/data/ppd/monthly/file-269-02.csv ...
  Error downloading https://landregistry.data.gov.uk/data/ppd/monthly/file-269-02.csv: Request failed with status code 406
Downloading https://landregistry.data.gov.uk/data/ppd/monthly/file-269-03.csv ...
  Error downloading https://landregistry.data.gov.uk/data/ppd/monthly/file-269-03.csv: Request failed with status code 406
Downloading https://landregistry.data.gov.uk/data/ppd/monthly/file-269-04.csv ...
  Error downloading https://landregistry.data.gov.uk/data/ppd/monthly/file-269-04.csv: Request failed with status code 406
Downloading https://landregistry.data.gov.uk/data/ppd/monthly/file-269-05.csv ...
  Error downloading https://landregistry.data.gov.uk/data/ppd/monthly/file-269-05.csv: Request failed with status code 406
Downloading https://landregistry.data.gov.uk/data/ppd/monthly/file-269-06.csv ...
  Error downloading https://landregistry.data.gov.uk/data/ppd/monthly/file-269-06.csv: Request failed with status code 406
Downloading https://landregistry.data.gov.uk/data/ppd/monthly/file-269-07.csv ...
  Error downloading https://landregistry.data.gov.uk/data/ppd/monthly/file-269-07.csv: Request failed with status code 406
Downloading https://landregistry.data.gov.uk/data/ppd/monthly/file-269-08.csv ...
  Error downloading https://landregistry.data.gov.uk/data/ppd/monthly/file-269-08.csv: Request failed with status code 406
Downloading https://landregistry.data.gov.uk/data/ppd/monthly/file-269-09.csv ...
  Error downloading https://landregistry.data.gov.uk/data/ppd/monthly/file-269-09.csv: Request failed with status code 406
Downloading https://landregistry.data.gov.uk/data/ppd/monthly/file-269-10.csv ...
  Error downloading https://landregistry.data.gov.uk/data/ppd/monthly/file-269-10.csv: Request failed with status code 406
Downloading https://landregistry.data.gov.uk/data/ppd/monthly/file-269-11.csv ...
  Error downloading https://landregistry.data.gov.uk/data/ppd/monthly/file-269-11.csv: Request failed with status code 406
Downloading https://landregistry.data.gov.uk/data/ppd/monthly/file-269-12.csv ...
  Error downloading https://landregistry.data.gov.uk/data/ppd/monthly/file-269-12.csv: Request failed with status code 406
Downloading https://landregistry.data.gov.uk/data/ppd/monthly/file-270-01.csv ...
  Error downloading https://landregistry.data.gov.uk/data/ppd/monthly/file-270-01.csv: Request failed with status code 406
Downloading https://landregistry.data.gov.uk/data/ppd/monthly/file-270-02.csv ...
  Error downloading https://landregistry.data.gov.uk/data/ppd/monthly/file-270-02.csv: Request failed with status code 406
Downloading https://landregistry.data.gov.uk/data/ppd/monthly/file-270-03.csv ...
  Error downloading https://landregistry.data.gov.uk/data/ppd/monthly/file-270-03.csv: Request failed with status code 406
Downloading https://landregistry.data.gov.uk/data/ppd/monthly/file-270-04.csv ...
  Error downloading https://landregistry.data.gov.uk/data/ppd/monthly/file-270-04.csv: Request failed with status code 406
Downloading https://landregistry.data.gov.uk/data/ppd/monthly/file-270-05.csv ...
  Error downloading https://landregistry.data.gov.uk/data/ppd/monthly/file-270-05.csv: Request failed with status code 406
Downloading https://landregistry.data.gov.uk/data/ppd/monthly/file-270-06.csv ...
  Error downloading https://landregistry.data.gov.uk/data/ppd/monthly/file-270-06.csv: Request failed with status code 406
Downloading https://landregistry.data.gov.uk/data/ppd/monthly/file-270-07.csv ...
  Error downloading https://landregistry.data.gov.uk/data/ppd/monthly/file-270-07.csv: Request failed with status code 406
Downloading https://landregistry.data.gov.uk/data/ppd/monthly/file-270-08.csv ...
  Error downloading https://landregistry.data.gov.uk/data/ppd/monthly/file-270-08.csv: Request failed with status code 406
Downloading https://landregistry.data.gov.uk/data/ppd/monthly/file-270-09.csv ...
  Error downloading https://landregistry.data.gov.uk/data/ppd/monthly/file-270-09.csv: Request failed with status code 406
Downloading https://landregistry.data.gov.uk/data/ppd/monthly/file-270-10.csv ...
  Error downloading https://landregistry.data.gov.uk/data/ppd/monthly/file-270-10.csv: Request failed with status code 406
Downloading https://landregistry.data.gov.uk/data/ppd/monthly/file-270-11.csv ...
  Error downloading https://landregistry.data.gov.uk/data/ppd/monthly/file-270-11.csv: Request failed with status code 406
Downloading https://landregistry.data.gov.uk/data/ppd/monthly/file-270-12.csv ...
  Error downloading https://landregistry.data.gov.uk/data/ppd/monthly/file-270-12.csv: Request failed with status code 406
Downloading https://landregistry.data.gov.uk/data/ppd/monthly/file-271-01.csv ...
  Error downloading https://landregistry.data.gov.uk/data/ppd/monthly/file-271-01.csv: Request failed with status code 406
Downloading https://landregistry.data.gov.uk/data/ppd/monthly/file-271-02.csv ...
  Error downloading https://landregistry.data.gov.uk/data/ppd/monthly/file-271-02.csv: Request failed with status code 406
Downloading https://landregistry.data.gov.uk/data/ppd/monthly/file-271-03.csv ...
  Error downloading https://landregistry.data.gov.uk/data/ppd/monthly/file-271-03.csv: Request failed with status code 406
Downloading https://landregistry.data.gov.uk/data/ppd/monthly/file-271-04.csv ...
  Error downloading https://landregistry.data.gov.uk/data/ppd/monthly/file-271-04.csv: Request failed with status code 406
Downloading https://landregistry.data.gov.uk/data/ppd/monthly/file-271-05.csv ...
  Error downloading https://landregistry.data.gov.uk/data/ppd/monthly/file-271-05.csv: Request failed with status code 406
Downloading https://landregistry.data.gov.uk/data/ppd/monthly/file-271-06.csv ...
  Error downloading https://landregistry.data.gov.uk/data/ppd/monthly/file-271-06.csv: Request failed with status code 406
Downloading https://landregistry.data.gov.uk/data/ppd/monthly/file-271-07.csv ...
  Error downloading https://landregistry.data.gov.uk/data/ppd/monthly/file-271-07.csv: Request failed with status code 406
Downloading https://landregistry.data.gov.uk/data/ppd/monthly/file-271-08.csv ...
  Error downloading https://landregistry.data.gov.uk/data/ppd/monthly/file-271-08.csv: Request failed with status code 406
Downloading https://landregistry.data.gov.uk/data/ppd/monthly/file-271-09.csv ...
  Error downloading https://landregistry.data.gov.uk/data/ppd/monthly/file-271-09.csv: Request failed with status code 406
Downloading https://landregistry.data.gov.uk/data/ppd/monthly/file-271-10.csv ...
  Error downloading https://landregistry.data.gov.uk/data/ppd/monthly/file-271-10.csv: Request failed with status code 406
Downloading https://landregistry.data.gov.uk/data/ppd/monthly/file-271-11.csv ...
  Error downloading https://landregistry.data.gov.uk/data/ppd/monthly/file-271-11.csv: Request failed with status code 406
Downloading https://landregistry.data.gov.uk/data/ppd/monthly/file-271-12.csv ...
  Error downloading https://landregistry.data.gov.uk/data/ppd/monthly/file-271-12.csv: Request failed with status code 406
Downloading https://landregistry.data.gov.uk/data/ppd/monthly/file-272-01.csv ...
  Error downloading https://landregistry.data.gov.uk/data/ppd/monthly/file-272-01.csv: Request failed with status code 406
Downloading https://landregistry.data.gov.uk/data/ppd/monthly/file-272-02.csv ...
  Error downloading https://landregistry.data.gov.uk/data/ppd/monthly/file-272-02.csv: Request failed with status code 406
Downloading https://landregistry.data.gov.uk/data/ppd/monthly/file-272-03.csv ...
  Error downloading https://landregistry.data.gov.uk/data/ppd/monthly/file-272-03.csv: Request failed with status code 406
Downloading https://landregistry.data.gov.uk/data/ppd/monthly/file-272-04.csv ...
  Error downloading https://landregistry.data.gov.uk/data/ppd/monthly/file-272-04.csv: Request failed with status code 406
Downloading https://landregistry.data.gov.uk/data/ppd/monthly/file-272-05.csv ...
  Error downloading https://landregistry.data.gov.uk/data/ppd/monthly/file-272-05.csv: Request failed with status code 406
Downloading https://landregistry.data.gov.uk/data/ppd/monthly/file-272-06.csv ...
  Error downloading https://landregistry.data.gov.uk/data/ppd/monthly/file-272-06.csv: Request failed with status code 406
Downloading https://landregistry.data.gov.uk/data/ppd/monthly/file-272-07.csv ...
  Error downloading https://landregistry.data.gov.uk/data/ppd/monthly/file-272-07.csv: Request failed with status code 406
Downloading https://landregistry.data.gov.uk/data/ppd/monthly/file-272-08.csv ...
  Error downloading https://landregistry.data.gov.uk/data/ppd/monthly/file-272-08.csv: Request failed with status code 406
Downloading https://landregistry.data.gov.uk/data/ppd/monthly/file-272-09.csv ...
  Error downloading https://landregistry.data.gov.uk/data/ppd/monthly/file-272-09.csv: Request failed with status code 406
Downloading https://landregistry.data.gov.uk/data/ppd/monthly/file-272-10.csv ...
  Error downloading https://landregistry.data.gov.uk/data/ppd/monthly/file-272-10.csv: Request failed with status code 406
Downloading https://landregistry.data.gov.uk/data/ppd/monthly/file-272-11.csv ...
  Error downloading https://landregistry.data.gov.uk/data/ppd/monthly/file-272-11.csv: Request failed with status code 406
Downloading https://landregistry.data.gov.uk/data/ppd/monthly/file-272-12.csv ...
  Error downloading https://landregistry.data.gov.uk/data/ppd/monthly/file-272-12.csv: Request failed with status code 406
Downloading https://landregistry.data.gov.uk/data/ppd/monthly/file-273-01.csv ...
  Error downloading https://landregistry.data.gov.uk/data/ppd/monthly/file-273-01.csv: Request failed with status code 406
Downloading https://landregistry.data.gov.uk/data/ppd/monthly/file-273-02.csv ...
  Error downloading https://landregistry.data.gov.uk/data/ppd/monthly/file-273-02.csv: Request failed with status code 406
Downloading https://landregistry.data.gov.uk/data/ppd/monthly/file-273-03.csv ...
  Error downloading https://landregistry.data.gov.uk/data/ppd/monthly/file-273-03.csv: Request failed with status code 406
Downloading https://landregistry.data.gov.uk/data/ppd/monthly/file-273-04.csv ...
  Error downloading https://landregistry.data.gov.uk/data/ppd/monthly/file-273-04.csv: Request failed with status code 406
Downloading https://landregistry.data.gov.uk/data/ppd/monthly/file-273-05.csv ...
  Error downloading https://landregistry.data.gov.uk/data/ppd/monthly/file-273-05.csv: Request failed with status code 406
Downloading https://landregistry.data.gov.uk/data/ppd/monthly/file-273-06.csv ...
  Error downloading https://landregistry.data.gov.uk/data/ppd/monthly/file-273-06.csv: Request failed with status code 406
Downloading https://landregistry.data.gov.uk/data/ppd/monthly/file-273-07.csv ...
  Error downloading https://landregistry.data.gov.uk/data/ppd/monthly/file-273-07.csv: Request failed with status code 406
Downloading https://landregistry.data.gov.uk/data/ppd/monthly/file-273-08.csv ...
  Error downloading https://landregistry.data.gov.uk/data/ppd/monthly/file-273-08.csv: Request failed with status code 406
Downloading https://landregistry.data.gov.uk/data/ppd/monthly/file-273-09.csv ...
  Error downloading https://landregistry.data.gov.uk/data/ppd/monthly/file-273-09.csv: Request failed with status code 406
Downloading https://landregistry.data.gov.uk/data/ppd/monthly/file-273-10.csv ...
  Error downloading https://landregistry.data.gov.uk/data/ppd/monthly/file-273-10.csv: Request failed with status code 406
Downloading https://landregistry.data.gov.uk/data/ppd/monthly/file-273-11.csv ...
  Error downloading https://landregistry.data.gov.uk/data/ppd/monthly/file-273-11.csv: Request failed with status code 406
Downloading https://landregistry.data.gov.uk/data/ppd/monthly/file-273-12.csv ...
  Error downloading https://landregistry.data.gov.uk/data/ppd/monthly/file-273-12.csv: Request failed with status code 406
Downloading https://landregistry.data.gov.uk/data/ppd/monthly/file-274-01.csv ...
  Error downloading https://landregistry.data.gov.uk/data/ppd/monthly/file-274-01.csv: Request failed with status code 406
Downloading https://landregistry.data.gov.uk/data/ppd/monthly/file-274-02.csv ...
  Error downloading https://landregistry.data.gov.uk/data/ppd/monthly/file-274-02.csv: Request failed with status code 406
Downloading https://landregistry.data.gov.uk/data/ppd/monthly/file-274-03.csv ...
  Error downloading https://landregistry.data.gov.uk/data/ppd/monthly/file-274-03.csv: Request failed with status code 406
Downloading https://landregistry.data.gov.uk/data/ppd/monthly/file-274-04.csv ...
  Error downloading https://landregistry.data.gov.uk/data/ppd/monthly/file-274-04.csv: Request failed with status code 406
Downloading https://landregistry.data.gov.uk/data/ppd/monthly/file-274-05.csv ...
  Error downloading https://landregistry.data.gov.uk/data/ppd/monthly/file-274-05.csv: Request failed with status code 406
Downloading https://landregistry.data.gov.uk/data/ppd/monthly/file-274-06.csv ...
  Error downloading https://landregistry.data.gov.uk/data/ppd/monthly/file-274-06.csv: Request failed with status code 406
Downloading https://landregistry.data.gov.uk/data/ppd/monthly/file-274-07.csv ...
  Error downloading https://landregistry.data.gov.uk/data/ppd/monthly/file-274-07.csv: Request failed with status code 406
Downloading https://landregistry.data.gov.uk/data/ppd/monthly/file-274-08.csv ...
  Error downloading https://landregistry.data.gov.uk/data/ppd/monthly/file-274-08.csv: Request failed with status code 406
Downloading https://landregistry.data.gov.uk/data/ppd/monthly/file-274-09.csv ...
  Error downloading https://landregistry.data.gov.uk/data/ppd/monthly/file-274-09.csv: Request failed with status code 406
Downloading https://landregistry.data.gov.uk/data/ppd/monthly/file-274-10.csv ...
  Error downloading https://landregistry.data.gov.uk/data/ppd/monthly/file-274-10.csv: Request failed with status code 406
Downloading https://landregistry.data.gov.uk/data/ppd/monthly/file-274-11.csv ...
  Error downloading https://landregistry.data.gov.uk/data/ppd/monthly/file-274-11.csv: Request failed with status code 406
Downloading https://landregistry.data.gov.uk/data/ppd/monthly/file-274-12.csv ...
  Error downloading https://landregistry.data.gov.uk/data/ppd/monthly/file-274-12.csv: Request failed with status code 406
Downloading https://landregistry.data.gov.uk/data/ppd/monthly/file-275-01.csv ...
  Error downloading https://landregistry.data.gov.uk/data/ppd/monthly/file-275-01.csv: Request failed with status code 406
Downloading https://landregistry.data.gov.uk/data/ppd/monthly/file-275-02.csv ...
  Error downloading https://landregistry.data.gov.uk/data/ppd/monthly/file-275-02.csv: Request failed with status code 406
Downloading https://landregistry.data.gov.uk/data/ppd/monthly/file-275-03.csv ...
  Error downloading https://landregistry.data.gov.uk/data/ppd/monthly/file-275-03.csv: Request failed with status code 406
Downloading https://landregistry.data.gov.uk/data/ppd/monthly/file-275-04.csv ...
  Error downloading https://landregistry.data.gov.uk/data/ppd/monthly/file-275-04.csv: Request failed with status code 406
Downloading https://landregistry.data.gov.uk/data/ppd/monthly/file-275-05.csv ...
  Error downloading https://landregistry.data.gov.uk/data/ppd/monthly/file-275-05.csv: Request failed with status code 406
Downloading https://landregistry.data.gov.uk/data/ppd/monthly/file-275-06.csv ...
  Error downloading https://landregistry.data.gov.uk/data/ppd/monthly/file-275-06.csv: Request failed with status code 406
Downloading https://landregistry.data.gov.uk/data/ppd/monthly/file-275-07.csv ...
  Error downloading https://landregistry.data.gov.uk/data/ppd/monthly/file-275-07.csv: Request failed with status code 406
Downloading https://landregistry.data.gov.uk/data/ppd/monthly/file-275-08.csv ...
  Error downloading https://landregistry.data.gov.uk/data/ppd/monthly/file-275-08.csv: Request failed with status code 406
Downloading https://landregistry.data.gov.uk/data/ppd/monthly/file-275-09.csv ...
  Error downloading https://landregistry.data.gov.uk/data/ppd/monthly/file-275-09.csv: Request failed with status code 406
Downloading https://landregistry.data.gov.uk/data/ppd/monthly/file-275-10.csv ...
  Error downloading https://landregistry.data.gov.uk/data/ppd/monthly/file-275-10.csv: Request failed with status code 406
Downloading https://landregistry.data.gov.uk/data/ppd/monthly/file-275-11.csv ...
  Error downloading https://landregistry.data.gov.uk/data/ppd/monthly/file-275-11.csv: Request failed with status code 406
Downloading https://landregistry.data.gov.uk/data/ppd/monthly/file-275-12.csv ...
  Error downloading https://landregistry.data.gov.uk/data/ppd/monthly/file-275-12.csv: Request failed with status code 406
Downloading https://landregistry.data.gov.uk/data/ppd/monthly/file-276-01.csv ...
  Error downloading https://landregistry.data.gov.uk/data/ppd/monthly/file-276-01.csv: Request failed with status code 406
Downloading https://landregistry.data.gov.uk/data/ppd/monthly/file-276-02.csv ...
  Error downloading https://landregistry.data.gov.uk/data/ppd/monthly/file-276-02.csv: Request failed with status code 406
Downloading https://landregistry.data.gov.uk/data/ppd/monthly/file-276-03.csv ...
  Error downloading https://landregistry.data.gov.uk/data/ppd/monthly/file-276-03.csv: Request failed with status code 406
Downloading https://landregistry.data.gov.uk/data/ppd/monthly/file-276-04.csv ...
  Error downloading https://landregistry.data.gov.uk/data/ppd/monthly/file-276-04.csv: Request failed with status code 406
Downloading https://landregistry.data.gov.uk/data/ppd/monthly/file-276-05.csv ...
  Error downloading https://landregistry.data.gov.uk/data/ppd/monthly/file-276-05.csv: Request failed with status code 406
Downloading https://landregistry.data.gov.uk/data/ppd/monthly/file-276-06.csv ...
  Error downloading https://landregistry.data.gov.uk/data/ppd/monthly/file-276-06.csv: Request failed with status code 406
Downloading https://landregistry.data.gov.uk/data/ppd/monthly/file-276-07.csv ...
  Error downloading https://landregistry.data.gov.uk/data/ppd/monthly/file-276-07.csv: Request failed with status code 406
Downloading https://landregistry.data.gov.uk/data/ppd/monthly/file-276-08.csv ...
  Error downloading https://landregistry.data.gov.uk/data/ppd/monthly/file-276-08.csv: Request failed with status code 406
Downloading https://landregistry.data.gov.uk/data/ppd/monthly/file-276-09.csv ...
  Error downloading https://landregistry.data.gov.uk/data/ppd/monthly/file-276-09.csv: Request failed with status code 406
Downloading https://landregistry.data.gov.uk/data/ppd/monthly/file-276-10.csv ...
  Error downloading https://landregistry.data.gov.uk/data/ppd/monthly/file-276-10.csv: Request failed with status code 406
Downloading https://landregistry.data.gov.uk/data/ppd/monthly/file-276-11.csv ...
  Error downloading https://landregistry.data.gov.uk/data/ppd/monthly/file-276-11.csv: Request failed with status code 406
Downloading https://landregistry.data.gov.uk/data/ppd/monthly/file-276-12.csv ...
  Error downloading https://landregistry.data.gov.uk/data/ppd/monthly/file-276-12.csv: Request failed with status code 406
Downloading https://landregistry.data.gov.uk/data/ppd/monthly/file-277-01.csv ...
  Error downloading https://landregistry.data.gov.uk/data/ppd/monthly/file-277-01.csv: Request failed with status code 406
Downloading https://landregistry.data.gov.uk/data/ppd/monthly/file-277-02.csv ...
  Error downloading https://landregistry.data.gov.uk/data/ppd/monthly/file-277-02.csv: Request failed with status code 406
Downloading https://landregistry.data.gov.uk/data/ppd/monthly/file-277-03.csv ...
  Error downloading https://landregistry.data.gov.uk/data/ppd/monthly/file-277-03.csv: Request failed with status code 406
Downloading https://landregistry.data.gov.uk/data/ppd/monthly/file-277-04.csv ...
  Error downloading https://landregistry.data.gov.uk/data/ppd/monthly/file-277-04.csv: Request failed with status code 406
Downloading https://landregistry.data.gov.uk/data/ppd/monthly/file-277-05.csv ...
  Error downloading https://landregistry.data.gov.uk/data/ppd/monthly/file-277-05.csv: Request failed with status code 406
Downloading https://landregistry.data.gov.uk/data/ppd/monthly/file-277-06.csv ...
  Error downloading https://landregistry.data.gov.uk/data/ppd/monthly/file-277-06.csv: Request failed with status code 406
Downloading https://landregistry.data.gov.uk/data/ppd/monthly/file-277-07.csv ...
  Error downloading https://landregistry.data.gov.uk/data/ppd/monthly/file-277-07.csv: Request failed with status code 406
Downloading https://landregistry.data.gov.uk/data/ppd/monthly/file-277-08.csv ...
  Error downloading https://landregistry.data.gov.uk/data/ppd/monthly/file-277-08.csv: Request failed with status code 406
Downloading https://landregistry.data.gov.uk/data/ppd/monthly/file-277-09.csv ...
  Error downloading https://landregistry.data.gov.uk/data/ppd/monthly/file-277-09.csv: Request failed with status code 406
Downloading https://landregistry.data.gov.uk/data/ppd/monthly/file-277-10.csv ...
  Error downloading https://landregistry.data.gov.uk/data/ppd/monthly/file-277-10.csv: Request failed with status code 406
Downloading https://landregistry.data.gov.uk/data/ppd/monthly/file-277-11.csv ...
  Error downloading https://landregistry.data.gov.uk/data/ppd/monthly/file-277-11.csv: Request failed with status code 406
Downloading https://landregistry.data.gov.uk/data/ppd/monthly/file-277-12.csv ...
  Error downloading https://landregistry.data.gov.uk/data/ppd/monthly/file-277-12.csv: Request failed with status code 406
Downloading https://landregistry.data.gov.uk/data/ppd/monthly/file-278-01.csv ...
  Error downloading https://landregistry.data.gov.uk/data/ppd/monthly/file-278-01.csv: Request failed with status code 406
Downloading https://landregistry.data.gov.uk/data/ppd/monthly/file-278-02.csv ...
  Error downloading https://landregistry.data.gov.uk/data/ppd/monthly/file-278-02.csv: Request failed with status code 406
Downloading https://landregistry.data.gov.uk/data/ppd/monthly/file-278-03.csv ...
  Error downloading https://landregistry.data.gov.uk/data/ppd/monthly/file-278-03.csv: Request failed with status code 406
Downloading https://landregistry.data.gov.uk/data/ppd/monthly/file-278-04.csv ...
  Error downloading https://landregistry.data.gov.uk/data/ppd/monthly/file-278-04.csv: Request failed with status code 406
Downloading https://landregistry.data.gov.uk/data/ppd/monthly/file-278-05.csv ...
  Error downloading https://landregistry.data.gov.uk/data/ppd/monthly/file-278-05.csv: Request failed with status code 406
Downloading https://landregistry.data.gov.uk/data/ppd/monthly/file-278-06.csv ...
  Error downloading https://landregistry.data.gov.uk/data/ppd/monthly/file-278-06.csv: Request failed with status code 406
Downloading https://landregistry.data.gov.uk/data/ppd/monthly/file-278-07.csv ...
  Error downloading https://landregistry.data.gov.uk/data/ppd/monthly/file-278-07.csv: Request failed with status code 406
Downloading https://landregistry.data.gov.uk/data/ppd/monthly/file-278-08.csv ...
  Error downloading https://landregistry.data.gov.uk/data/ppd/monthly/file-278-08.csv: Request failed with status code 406
Downloading https://landregistry.data.gov.uk/data/ppd/monthly/file-278-09.csv ...
  Error downloading https://landregistry.data.gov.uk/data/ppd/monthly/file-278-09.csv: Request failed with status code 406
Downloading https://landregistry.data.gov.uk/data/ppd/monthly/file-278-10.csv ...
  Error downloading https://landregistry.data.gov.uk/data/ppd/monthly/file-278-10.csv: Request failed with status code 406
Downloading https://landregistry.data.gov.uk/data/ppd/monthly/file-278-11.csv ...
  Error downloading https://landregistry.data.gov.uk/data/ppd/monthly/file-278-11.csv: Request failed with status code 406
Downloading https://landregistry.data.gov.uk/data/ppd/monthly/file-278-12.csv ...
  Error downloading https://landregistry.data.gov.uk/data/ppd/monthly/file-278-12.csv: Request failed with status code 406
Downloading https://landregistry.data.gov.uk/data/ppd/monthly/file-279-01.csv ...
  Error downloading https://landregistry.data.gov.uk/data/ppd/monthly/file-279-01.csv: Request failed with status code 406
Downloading https://landregistry.data.gov.uk/data/ppd/monthly/file-279-02.csv ...
  Error downloading https://landregistry.data.gov.uk/data/ppd/monthly/file-279-02.csv: Request failed with status code 406
Downloading https://landregistry.data.gov.uk/data/ppd/monthly/file-279-03.csv ...
  Error downloading https://landregistry.data.gov.uk/data/ppd/monthly/file-279-03.csv: Request failed with status code 406
Downloading https://landregistry.data.gov.uk/data/ppd/monthly/file-279-04.csv ...
  Error downloading https://landregistry.data.gov.uk/data/ppd/monthly/file-279-04.csv: Request failed with status code 406
Downloading https://landregistry.data.gov.uk/data/ppd/monthly/file-279-05.csv ...
  Error downloading https://landregistry.data.gov.uk/data/ppd/monthly/file-279-05.csv: Request failed with status code 406
Downloading https://landregistry.data.gov.uk/data/ppd/monthly/file-279-06.csv ...
  Error downloading https://landregistry.data.gov.uk/data/ppd/monthly/file-279-06.csv: Request failed with status code 406
Downloading https://landregistry.data.gov.uk/data/ppd/monthly/file-279-07.csv ...
  Error downloading https://landregistry.data.gov.uk/data/ppd/monthly/file-279-07.csv: Request failed with status code 406
Downloading https://landregistry.data.gov.uk/data/ppd/monthly/file-279-08.csv ...
  Error downloading https://landregistry.data.gov.uk/data/ppd/monthly/file-279-08.csv: Request failed with status code 406
Downloading https://landregistry.data.gov.uk/data/ppd/monthly/file-279-09.csv ...
  Error downloading https://landregistry.data.gov.uk/data/ppd/monthly/file-279-09.csv: Request failed with status code 406
Downloading https://landregistry.data.gov.uk/data/ppd/monthly/file-279-10.csv ...
  Error downloading https://landregistry.data.gov.uk/data/ppd/monthly/file-279-10.csv: Request failed with status code 406
Downloading https://landregistry.data.gov.uk/data/ppd/monthly/file-279-11.csv ...
  Error downloading https://landregistry.data.gov.uk/data/ppd/monthly/file-279-11.csv: Request failed with status code 406
Downloading https://landregistry.data.gov.uk/data/ppd/monthly/file-279-12.csv ...
  Error downloading https://landregistry.data.gov.uk/data/ppd/monthly/file-279-12.csv: Request failed with status code 406
Downloading https://landregistry.data.gov.uk/data/ppd/monthly/file-280-01.csv ...
  Error downloading https://landregistry.data.gov.uk/data/ppd/monthly/file-280-01.csv: Request failed with status code 406
Downloading https://landregistry.data.gov.uk/data/ppd/monthly/file-280-02.csv ...
  Error downloading https://landregistry.data.gov.uk/data/ppd/monthly/file-280-02.csv: Request failed with status code 406
Downloading https://landregistry.data.gov.uk/data/ppd/monthly/file-280-03.csv ...
  Error downloading https://landregistry.data.gov.uk/data/ppd/monthly/file-280-03.csv: Request failed with status code 406
Downloading https://landregistry.data.gov.uk/data/ppd/monthly/file-280-04.csv ...
  Error downloading https://landregistry.data.gov.uk/data/ppd/monthly/file-280-04.csv: Request failed with status code 406
Downloading https://landregistry.data.gov.uk/data/ppd/monthly/file-280-05.csv ...
  Error downloading https://landregistry.data.gov.uk/data/ppd/monthly/file-280-05.csv: Request failed with status code 406
Downloading https://landregistry.data.gov.uk/data/ppd/monthly/file-280-06.csv ...
  Error downloading https://landregistry.data.gov.uk/data/ppd/monthly/file-280-06.csv: Request failed with status code 406
Downloading https://landregistry.data.gov.uk/data/ppd/monthly/file-280-07.csv ...
  Error downloading https://landregistry.data.gov.uk/data/ppd/monthly/file-280-07.csv: Request failed with status code 406
Downloading https://landregistry.data.gov.uk/data/ppd/monthly/file-280-08.csv ...
  Error downloading https://landregistry.data.gov.uk/data/ppd/monthly/file-280-08.csv: Request failed with status code 406
Downloading https://landregistry.data.gov.uk/data/ppd/monthly/file-280-09.csv ...
  Error downloading https://landregistry.data.gov.uk/data/ppd/monthly/file-280-09.csv: Request failed with status code 406
Downloading https://landregistry.data.gov.uk/data/ppd/monthly/file-280-10.csv ...
  Error downloading https://landregistry.data.gov.uk/data/ppd/monthly/file-280-10.csv: Request failed with status code 406
Downloading https://landregistry.data.gov.uk/data/ppd/monthly/file-280-11.csv ...
  Error downloading https://landregistry.data.gov.uk/data/ppd/monthly/file-280-11.csv: Request failed with status code 406
Downloading https://landregistry.data.gov.uk/data/ppd/monthly/file-280-12.csv ...
  Error downloading https://landregistry.data.gov.uk/data/ppd/monthly/file-280-12.csv: Request failed with status code 406
Downloading https://landregistry.data.gov.uk/data/ppd/monthly/file-281-01.csv ...
  Error downloading https://landregistry.data.gov.uk/data/ppd/monthly/file-281-01.csv: Request failed with status code 406
Downloading https://landregistry.data.gov.uk/data/ppd/monthly/file-281-02.csv ...
  Error downloading https://landregistry.data.gov.uk/data/ppd/monthly/file-281-02.csv: Request failed with status code 406
Downloading https://landregistry.data.gov.uk/data/ppd/monthly/file-281-03.csv ...
  Error downloading https://landregistry.data.gov.uk/data/ppd/monthly/file-281-03.csv: Request failed with status code 406
Downloading https://landregistry.data.gov.uk/data/ppd/monthly/file-281-04.csv ...
  Error downloading https://landregistry.data.gov.uk/data/ppd/monthly/file-281-04.csv: Request failed with status code 406
Downloading https://landregistry.data.gov.uk/data/ppd/monthly/file-281-05.csv ...
  Error downloading https://landregistry.data.gov.uk/data/ppd/monthly/file-281-05.csv: Request failed with status code 406
Downloading https://landregistry.data.gov.uk/data/ppd/monthly/file-281-06.csv ...
  Error downloading https://landregistry.data.gov.uk/data/ppd/monthly/file-281-06.csv: Request failed with status code 406
Downloading https://landregistry.data.gov.uk/data/ppd/monthly/file-281-07.csv ...
  Error downloading https://landregistry.data.gov.uk/data/ppd/monthly/file-281-07.csv: Request failed with status code 406
Downloading https://landregistry.data.gov.uk/data/ppd/monthly/file-281-08.csv ...
  Error downloading https://landregistry.data.gov.uk/data/ppd/monthly/file-281-08.csv: Request failed with status code 406
Downloading https://landregistry.data.gov.uk/data/ppd/monthly/file-281-09.csv ...
  Error downloading https://landregistry.data.gov.uk/data/ppd/monthly/file-281-09.csv: Request failed with status code 406
Downloading https://landregistry.data.gov.uk/data/ppd/monthly/file-281-10.csv ...
  Error downloading https://landregistry.data.gov.uk/data/ppd/monthly/file-281-10.csv: Request failed with status code 406
Downloading https://landregistry.data.gov.uk/data/ppd/monthly/file-281-11.csv ...
  Error downloading https://landregistry.data.gov.uk/data/ppd/monthly/file-281-11.csv: Request failed with status code 406
Downloading https://landregistry.data.gov.uk/data/ppd/monthly/file-281-12.csv ...
  Error downloading https://landregistry.data.gov.uk/data/ppd/monthly/file-281-12.csv: Request failed with status code 406
Downloading https://landregistry.data.gov.uk/data/ppd/monthly/file-282-01.csv ...
  Error downloading https://landregistry.data.gov.uk/data/ppd/monthly/file-282-01.csv: Request failed with status code 406
Downloading https://landregistry.data.gov.uk/data/ppd/monthly/file-282-02.csv ...
  Error downloading https://landregistry.data.gov.uk/data/ppd/monthly/file-282-02.csv: Request failed with status code 406
Downloading https://landregistry.data.gov.uk/data/ppd/monthly/file-282-03.csv ...
  Error downloading https://landregistry.data.gov.uk/data/ppd/monthly/file-282-03.csv: Request failed with status code 406
Downloading https://landregistry.data.gov.uk/data/ppd/monthly/file-282-04.csv ...
  Error downloading https://landregistry.data.gov.uk/data/ppd/monthly/file-282-04.csv: Request failed with status code 406
Downloading https://landregistry.data.gov.uk/data/ppd/monthly/file-282-05.csv ...
  Error downloading https://landregistry.data.gov.uk/data/ppd/monthly/file-282-05.csv: Request failed with status code 406
Downloading https://landregistry.data.gov.uk/data/ppd/monthly/file-282-06.csv ...
  Error downloading https://landregistry.data.gov.uk/data/ppd/monthly/file-282-06.csv: Request failed with status code 406
Downloading https://landregistry.data.gov.uk/data/ppd/monthly/file-282-07.csv ...
  Error downloading https://landregistry.data.gov.uk/data/ppd/monthly/file-282-07.csv: Request failed with status code 406
Downloading https://landregistry.data.gov.uk/data/ppd/monthly/file-282-08.csv ...
  Error downloading https://landregistry.data.gov.uk/data/ppd/monthly/file-282-08.csv: Request failed with status code 406
Downloading https://landregistry.data.gov.uk/data/ppd/monthly/file-282-09.csv ...
  Error downloading https://landregistry.data.gov.uk/data/ppd/monthly/file-282-09.csv: Request failed with status code 406
Downloading https://landregistry.data.gov.uk/data/ppd/monthly/file-282-10.csv ...
  Error downloading https://landregistry.data.gov.uk/data/ppd/monthly/file-282-10.csv: Request failed with status code 406
Downloading https://landregistry.data.gov.uk/data/ppd/monthly/file-282-11.csv ...
  Error downloading https://landregistry.data.gov.uk/data/ppd/monthly/file-282-11.csv: Request failed with status code 406
Downloading https://landregistry.data.gov.uk/data/ppd/monthly/file-282-12.csv ...
  Error downloading https://landregistry.data.gov.uk/data/ppd/monthly/file-282-12.csv: Request failed with status code 406
Downloading https://landregistry.data.gov.uk/data/ppd/monthly/file-283-01.csv ...
  Error downloading https://landregistry.data.gov.uk/data/ppd/monthly/file-283-01.csv: Request failed with status code 406
Downloading https://landregistry.data.gov.uk/data/ppd/monthly/file-283-02.csv ...
  Error downloading https://landregistry.data.gov.uk/data/ppd/monthly/file-283-02.csv: Request failed with status code 406
Downloading https://landregistry.data.gov.uk/data/ppd/monthly/file-283-03.csv ...
  Error downloading https://landregistry.data.gov.uk/data/ppd/monthly/file-283-03.csv: Request failed with status code 406
Downloading https://landregistry.data.gov.uk/data/ppd/monthly/file-283-04.csv ...
  Error downloading https://landregistry.data.gov.uk/data/ppd/monthly/file-283-04.csv: Request failed with status code 406
Downloading https://landregistry.data.gov.uk/data/ppd/monthly/file-283-05.csv ...
  Error downloading https://landregistry.data.gov.uk/data/ppd/monthly/file-283-05.csv: Request failed with status code 406
Downloading https://landregistry.data.gov.uk/data/ppd/monthly/file-283-06.csv ...
  Error downloading https://landregistry.data.gov.uk/data/ppd/monthly/file-283-06.csv: Request failed with status code 406
Downloading https://landregistry.data.gov.uk/data/ppd/monthly/file-283-07.csv ...
  Error downloading https://landregistry.data.gov.uk/data/ppd/monthly/file-283-07.csv: Request failed with status code 406
Downloading https://landregistry.data.gov.uk/data/ppd/monthly/file-283-08.csv ...
  Error downloading https://landregistry.data.gov.uk/data/ppd/monthly/file-283-08.csv: Request failed with status code 406
Downloading https://landregistry.data.gov.uk/data/ppd/monthly/file-283-09.csv ...
  Error downloading https://landregistry.data.gov.uk/data/ppd/monthly/file-283-09.csv: Request failed with status code 406
Downloading https://landregistry.data.gov.uk/data/ppd/monthly/file-283-10.csv ...
  Error downloading https://landregistry.data.gov.uk/data/ppd/monthly/file-283-10.csv: Request failed with status code 406
Downloading https://landregistry.data.gov.uk/data/ppd/monthly/file-283-11.csv ...
  Error downloading https://landregistry.data.gov.uk/data/ppd/monthly/file-283-11.csv: Request failed with status code 406
Downloading https://landregistry.data.gov.uk/data/ppd/monthly/file-283-12.csv ...
  Error downloading https://landregistry.data.gov.uk/data/ppd/monthly/file-283-12.csv: Request failed with status code 406
Downloading https://landregistry.data.gov.uk/data/ppd/monthly/file-284-01.csv ...
  Error downloading https://landregistry.data.gov.uk/data/ppd/monthly/file-284-01.csv: Request failed with status code 406
Downloading https://landregistry.data.gov.uk/data/ppd/monthly/file-284-02.csv ...
  Error downloading https://landregistry.data.gov.uk/data/ppd/monthly/file-284-02.csv: Request failed with status code 406
Downloading https://landregistry.data.gov.uk/data/ppd/monthly/file-284-03.csv ...
  Error downloading https://landregistry.data.gov.uk/data/ppd/monthly/file-284-03.csv: Request failed with status code 406
Downloading https://landregistry.data.gov.uk/data/ppd/monthly/file-284-04.csv ...
  Error downloading https://landregistry.data.gov.uk/data/ppd/monthly/file-284-04.csv: Request failed with status code 406
Downloading https://landregistry.data.gov.uk/data/ppd/monthly/file-284-05.csv ...
  Error downloading https://landregistry.data.gov.uk/data/ppd/monthly/file-284-05.csv: Request failed with status code 406
Downloading https://landregistry.data.gov.uk/data/ppd/monthly/file-284-06.csv ...
  Error downloading https://landregistry.data.gov.uk/data/ppd/monthly/file-284-06.csv: Request failed with status code 406
Downloading https://landregistry.data.gov.uk/data/ppd/monthly/file-284-07.csv ...
  Error downloading https://landregistry.data.gov.uk/data/ppd/monthly/file-284-07.csv: Request failed with status code 406
Downloading https://landregistry.data.gov.uk/data/ppd/monthly/file-284-08.csv ...
  Error downloading https://landregistry.data.gov.uk/data/ppd/monthly/file-284-08.csv: Request failed with status code 406
Downloading https://landregistry.data.gov.uk/data/ppd/monthly/file-284-09.csv ...
  Error downloading https://landregistry.data.gov.uk/data/ppd/monthly/file-284-09.csv: Request failed with status code 406
Downloading https://landregistry.data.gov.uk/data/ppd/monthly/file-284-10.csv ...
  Error downloading https://landregistry.data.gov.uk/data/ppd/monthly/file-284-10.csv: Request failed with status code 406
Downloading https://landregistry.data.gov.uk/data/ppd/monthly/file-284-11.csv ...
  Error downloading https://landregistry.data.gov.uk/data/ppd/monthly/file-284-11.csv: Request failed with status code 406
Downloading https://landregistry.data.gov.uk/data/ppd/monthly/file-284-12.csv ...
  Error downloading https://landregistry.data.gov.uk/data/ppd/monthly/file-284-12.csv: Request failed with status code 406
Downloading https://landregistry.data.gov.uk/data/ppd/monthly/file-285-01.csv ...
  Error downloading https://landregistry.data.gov.uk/data/ppd/monthly/file-285-01.csv: Request failed with status code 406
Downloading https://landregistry.data.gov.uk/data/ppd/monthly/file-285-02.csv ...
  Error downloading https://landregistry.data.gov.uk/data/ppd/monthly/file-285-02.csv: Request failed with status code 406
Downloading https://landregistry.data.gov.uk/data/ppd/monthly/file-285-03.csv ...
  Error downloading https://landregistry.data.gov.uk/data/ppd/monthly/file-285-03.csv: Request failed with status code 406
Downloading https://landregistry.data.gov.uk/data/ppd/monthly/file-285-04.csv ...
  Error downloading https://landregistry.data.gov.uk/data/ppd/monthly/file-285-04.csv: Request failed with status code 406
Downloading https://landregistry.data.gov.uk/data/ppd/monthly/file-285-05.csv ...
  Error downloading https://landregistry.data.gov.uk/data/ppd/monthly/file-285-05.csv: Request failed with status code 406
Downloading https://landregistry.data.gov.uk/data/ppd/monthly/file-285-06.csv ...
  Error downloading https://landregistry.data.gov.uk/data/ppd/monthly/file-285-06.csv: Request failed with status code 406
Downloading https://landregistry.data.gov.uk/data/ppd/monthly/file-285-07.csv ...
  Error downloading https://landregistry.data.gov.uk/data/ppd/monthly/file-285-07.csv: Request failed with status code 406
Downloading https://landregistry.data.gov.uk/data/ppd/monthly/file-285-08.csv ...
  Error downloading https://landregistry.data.gov.uk/data/ppd/monthly/file-285-08.csv: Request failed with status code 406
Downloading https://landregistry.data.gov.uk/data/ppd/monthly/file-285-09.csv ...
  Error downloading https://landregistry.data.gov.uk/data/ppd/monthly/file-285-09.csv: Request failed with status code 406
Downloading https://landregistry.data.gov.uk/data/ppd/monthly/file-285-10.csv ...
  Error downloading https://landregistry.data.gov.uk/data/ppd/monthly/file-285-10.csv: Request failed with status code 406
Downloading https://landregistry.data.gov.uk/data/ppd/monthly/file-285-11.csv ...
  Error downloading https://landregistry.data.gov.uk/data/ppd/monthly/file-285-11.csv: Request failed with status code 406
Downloading https://landregistry.data.gov.uk/data/ppd/monthly/file-285-12.csv ...
  Error downloading https://landregistry.data.gov.uk/data/ppd/monthly/file-285-12.csv: Request failed with status code 406
Downloading https://landregistry.data.gov.uk/data/ppd/monthly/file-286-01.csv ...
  Error downloading https://landregistry.data.gov.uk/data/ppd/monthly/file-286-01.csv: Request failed with status code 406
Downloading https://landregistry.data.gov.uk/data/ppd/monthly/file-286-02.csv ...
  Error downloading https://landregistry.data.gov.uk/data/ppd/monthly/file-286-02.csv: Request failed with status code 406
Downloading https://landregistry.data.gov.uk/data/ppd/monthly/file-286-03.csv ...
  Error downloading https://landregistry.data.gov.uk/data/ppd/monthly/file-286-03.csv: Request failed with status code 406
Downloading https://landregistry.data.gov.uk/data/ppd/monthly/file-286-04.csv ...
  Error downloading https://landregistry.data.gov.uk/data/ppd/monthly/file-286-04.csv: Request failed with status code 406
Downloading https://landregistry.data.gov.uk/data/ppd/monthly/file-286-05.csv ...
  Error downloading https://landregistry.data.gov.uk/data/ppd/monthly/file-286-05.csv: Request failed with status code 406
Downloading https://landregistry.data.gov.uk/data/ppd/monthly/file-286-06.csv ...
  Error downloading https://landregistry.data.gov.uk/data/ppd/monthly/file-286-06.csv: Request failed with status code 406
Downloading https://landregistry.data.gov.uk/data/ppd/monthly/file-286-07.csv ...
  Error downloading https://landregistry.data.gov.uk/data/ppd/monthly/file-286-07.csv: Request failed with status code 406
Downloading https://landregistry.data.gov.uk/data/ppd/monthly/file-286-08.csv ...
  Error downloading https://landregistry.data.gov.uk/data/ppd/monthly/file-286-08.csv: Request failed with status code 406
Downloading https://landregistry.data.gov.uk/data/ppd/monthly/file-286-09.csv ...
  Error downloading https://landregistry.data.gov.uk/data/ppd/monthly/file-286-09.csv: Request failed with status code 406
Downloading https://landregistry.data.gov.uk/data/ppd/monthly/file-286-10.csv ...
  Error downloading https://landregistry.data.gov.uk/data/ppd/monthly/file-286-10.csv: Request failed with status code 406
Downloading https://landregistry.data.gov.uk/data/ppd/monthly/file-286-11.csv ...
  Error downloading https://landregistry.data.gov.uk/data/ppd/monthly/file-286-11.csv: Request failed with status code 406
Downloading https://landregistry.data.gov.uk/data/ppd/monthly/file-286-12.csv ...
  Error downloading https://landregistry.data.gov.uk/data/ppd/monthly/file-286-12.csv: Request failed with status code 406
Downloading https://landregistry.data.gov.uk/data/ppd/monthly/file-287-01.csv ...
  Error downloading https://landregistry.data.gov.uk/data/ppd/monthly/file-287-01.csv: Request failed with status code 406
Downloading https://landregistry.data.gov.uk/data/ppd/monthly/file-287-02.csv ...
  Error downloading https://landregistry.data.gov.uk/data/ppd/monthly/file-287-02.csv: Request failed with status code 406
Downloading https://landregistry.data.gov.uk/data/ppd/monthly/file-287-03.csv ...
  Error downloading https://landregistry.data.gov.uk/data/ppd/monthly/file-287-03.csv: Request failed with status code 406
Downloading https://landregistry.data.gov.uk/data/ppd/monthly/file-287-04.csv ...
  Error downloading https://landregistry.data.gov.uk/data/ppd/monthly/file-287-04.csv: Request failed with status code 406
Downloading https://landregistry.data.gov.uk/data/ppd/monthly/file-287-05.csv ...
  Error downloading https://landregistry.data.gov.uk/data/ppd/monthly/file-287-05.csv: Request failed with status code 406
Downloading https://landregistry.data.gov.uk/data/ppd/monthly/file-287-06.csv ...
  Error downloading https://landregistry.data.gov.uk/data/ppd/monthly/file-287-06.csv: Request failed with status code 406
Downloading https://landregistry.data.gov.uk/data/ppd/monthly/file-287-07.csv ...
  Error downloading https://landregistry.data.gov.uk/data/ppd/monthly/file-287-07.csv: Request failed with status code 406
Downloading https://landregistry.data.gov.uk/data/ppd/monthly/file-287-08.csv ...
  Error downloading https://landregistry.data.gov.uk/data/ppd/monthly/file-287-08.csv: Request failed with status code 406
Downloading https://landregistry.data.gov.uk/data/ppd/monthly/file-287-09.csv ...
  Error downloading https://landregistry.data.gov.uk/data/ppd/monthly/file-287-09.csv: Request failed with status code 406
Downloading https://landregistry.data.gov.uk/data/ppd/monthly/file-287-10.csv ...
  Error downloading https://landregistry.data.gov.uk/data/ppd/monthly/file-287-10.csv: Request failed with status code 406
Downloading https://landregistry.data.gov.uk/data/ppd/monthly/file-287-11.csv ...
  Error downloading https://landregistry.data.gov.uk/data/ppd/monthly/file-287-11.csv: Request failed with status code 406
Downloading https://landregistry.data.gov.uk/data/ppd/monthly/file-287-12.csv ...
  Error downloading https://landregistry.data.gov.uk/data/ppd/monthly/file-287-12.csv: Request failed with status code 406
Downloading https://landregistry.data.gov.uk/data/ppd/monthly/file-288-01.csv ...
  Error downloading https://landregistry.data.gov.uk/data/ppd/monthly/file-288-01.csv: Request failed with status code 406
Downloading https://landregistry.data.gov.uk/data/ppd/monthly/file-288-02.csv ...
  Error downloading https://landregistry.data.gov.uk/data/ppd/monthly/file-288-02.csv: Request failed with status code 406
Downloading https://landregistry.data.gov.uk/data/ppd/monthly/file-288-03.csv ...
  Error downloading https://landregistry.data.gov.uk/data/ppd/monthly/file-288-03.csv: Request failed with status code 406
Downloading https://landregistry.data.gov.uk/data/ppd/monthly/file-288-04.csv ...
  Error downloading https://landregistry.data.gov.uk/data/ppd/monthly/file-288-04.csv: Request failed with status code 406
Downloading https://landregistry.data.gov.uk/data/ppd/monthly/file-288-05.csv ...
  Error downloading https://landregistry.data.gov.uk/data/ppd/monthly/file-288-05.csv: Request failed with status code 406
Downloading https://landregistry.data.gov.uk/data/ppd/monthly/file-288-06.csv ...
  Error downloading https://landregistry.data.gov.uk/data/ppd/monthly/file-288-06.csv: Request failed with status code 406
Downloading https://landregistry.data.gov.uk/data/ppd/monthly/file-288-07.csv ...
  Error downloading https://landregistry.data.gov.uk/data/ppd/monthly/file-288-07.csv: Request failed with status code 406
Downloading https://landregistry.data.gov.uk/data/ppd/monthly/file-288-08.csv ...
  Error downloading https://landregistry.data.gov.uk/data/ppd/monthly/file-288-08.csv: Request failed with status code 406
Downloading https://landregistry.data.gov.uk/data/ppd/monthly/file-288-09.csv ...
  Error downloading https://landregistry.data.gov.uk/data/ppd/monthly/file-288-09.csv: Request failed with status code 406
Downloading https://landregistry.data.gov.uk/data/ppd/monthly/file-288-10.csv ...
  Error downloading https://landregistry.data.gov.uk/data/ppd/monthly/file-288-10.csv: Request failed with status code 406
Downloading https://landregistry.data.gov.uk/data/ppd/monthly/file-288-11.csv ...
  Error downloading https://landregistry.data.gov.uk/data/ppd/monthly/file-288-11.csv: Request failed with status code 406
Downloading https://landregistry.data.gov.uk/data/ppd/monthly/file-288-12.csv ...
  Error downloading https://landregistry.data.gov.uk/data/ppd/monthly/file-288-12.csv: Request failed with status code 406
Downloading https://landregistry.data.gov.uk/data/ppd/monthly/file-289-01.csv ...
  Error downloading https://landregistry.data.gov.uk/data/ppd/monthly/file-289-01.csv: Request failed with status code 406
Downloading https://landregistry.data.gov.uk/data/ppd/monthly/file-289-02.csv ...
  Error downloading https://landregistry.data.gov.uk/data/ppd/monthly/file-289-02.csv: Request failed with status code 406
Downloading https://landregistry.data.gov.uk/data/ppd/monthly/file-289-03.csv ...
  Error downloading https://landregistry.data.gov.uk/data/ppd/monthly/file-289-03.csv: Request failed with status code 406
Downloading https://landregistry.data.gov.uk/data/ppd/monthly/file-289-04.csv ...
  Error downloading https://landregistry.data.gov.uk/data/ppd/monthly/file-289-04.csv: Request failed with status code 406
Downloading https://landregistry.data.gov.uk/data/ppd/monthly/file-289-05.csv ...
  Error downloading https://landregistry.data.gov.uk/data/ppd/monthly/file-289-05.csv: Request failed with status code 406
Downloading https://landregistry.data.gov.uk/data/ppd/monthly/file-289-06.csv ...
  Error downloading https://landregistry.data.gov.uk/data/ppd/monthly/file-289-06.csv: Request failed with status code 406
Downloading https://landregistry.data.gov.uk/data/ppd/monthly/file-289-07.csv ...
  Error downloading https://landregistry.data.gov.uk/data/ppd/monthly/file-289-07.csv: Request failed with status code 406
Downloading https://landregistry.data.gov.uk/data/ppd/monthly/file-289-08.csv ...
  Error downloading https://landregistry.data.gov.uk/data/ppd/monthly/file-289-08.csv: Request failed with status code 406
Downloading https://landregistry.data.gov.uk/data/ppd/monthly/file-289-09.csv ...
  Error downloading https://landregistry.data.gov.uk/data/ppd/monthly/file-289-09.csv: Request failed with status code 406
Downloading https://landregistry.data.gov.uk/data/ppd/monthly/file-289-10.csv ...
  Error downloading https://landregistry.data.gov.uk/data/ppd/monthly/file-289-10.csv: Request failed with status code 406
Downloading https://landregistry.data.gov.uk/data/ppd/monthly/file-289-11.csv ...
  Error downloading https://landregistry.data.gov.uk/data/ppd/monthly/file-289-11.csv: Request failed with status code 406
Downloading https://landregistry.data.gov.uk/data/ppd/monthly/file-289-12.csv ...
  Error downloading https://landregistry.data.gov.uk/data/ppd/monthly/file-289-12.csv: Request failed with status code 406
Downloading https://landregistry.data.gov.uk/data/ppd/monthly/file-290-01.csv ...
  Error downloading https://landregistry.data.gov.uk/data/ppd/monthly/file-290-01.csv: Request failed with status code 406
Downloading https://landregistry.data.gov.uk/data/ppd/monthly/file-290-02.csv ...
  Error downloading https://landregistry.data.gov.uk/data/ppd/monthly/file-290-02.csv: Request failed with status code 406
Downloading https://landregistry.data.gov.uk/data/ppd/monthly/file-290-03.csv ...
  Error downloading https://landregistry.data.gov.uk/data/ppd/monthly/file-290-03.csv: Request failed with status code 406
Downloading https://landregistry.data.gov.uk/data/ppd/monthly/file-290-04.csv ...
  Error downloading https://landregistry.data.gov.uk/data/ppd/monthly/file-290-04.csv: Request failed with status code 406
Downloading https://landregistry.data.gov.uk/data/ppd/monthly/file-290-05.csv ...
  Error downloading https://landregistry.data.gov.uk/data/ppd/monthly/file-290-05.csv: Request failed with status code 406
Downloading https://landregistry.data.gov.uk/data/ppd/monthly/file-290-06.csv ...
  Error downloading https://landregistry.data.gov.uk/data/ppd/monthly/file-290-06.csv: Request failed with status code 406
Downloading https://landregistry.data.gov.uk/data/ppd/monthly/file-290-07.csv ...
  Error downloading https://landregistry.data.gov.uk/data/ppd/monthly/file-290-07.csv: Request failed with status code 406
Downloading https://landregistry.data.gov.uk/data/ppd/monthly/file-290-08.csv ...
  Error downloading https://landregistry.data.gov.uk/data/ppd/monthly/file-290-08.csv: Request failed with status code 406
Downloading https://landregistry.data.gov.uk/data/ppd/monthly/file-290-09.csv ...
  Error downloading https://landregistry.data.gov.uk/data/ppd/monthly/file-290-09.csv: Request failed with status code 406
Downloading https://landregistry.data.gov.uk/data/ppd/monthly/file-290-10.csv ...
  Error downloading https://landregistry.data.gov.uk/data/ppd/monthly/file-290-10.csv: Request failed with status code 406
Downloading https://landregistry.data.gov.uk/data/ppd/monthly/file-290-11.csv ...
  Error downloading https://landregistry.data.gov.uk/data/ppd/monthly/file-290-11.csv: Request failed with status code 406
Downloading https://landregistry.data.gov.uk/data/ppd/monthly/file-290-12.csv ...
  Error downloading https://landregistry.data.gov.uk/data/ppd/monthly/file-290-12.csv: Request failed with status code 406
Downloading https://landregistry.data.gov.uk/data/ppd/monthly/file-291-01.csv ...
  Error downloading https://landregistry.data.gov.uk/data/ppd/monthly/file-291-01.csv: Request failed with status code 406
Downloading https://landregistry.data.gov.uk/data/ppd/monthly/file-291-02.csv ...
  Error downloading https://landregistry.data.gov.uk/data/ppd/monthly/file-291-02.csv: Request failed with status code 406
Downloading https://landregistry.data.gov.uk/data/ppd/monthly/file-291-03.csv ...
  Error downloading https://landregistry.data.gov.uk/data/ppd/monthly/file-291-03.csv: Request failed with status code 406
Downloading https://landregistry.data.gov.uk/data/ppd/monthly/file-291-04.csv ...
  Error downloading https://landregistry.data.gov.uk/data/ppd/monthly/file-291-04.csv: Request failed with status code 406
Downloading https://landregistry.data.gov.uk/data/ppd/monthly/file-291-05.csv ...
  Error downloading https://landregistry.data.gov.uk/data/ppd/monthly/file-291-05.csv: Request failed with status code 406
Downloading https://landregistry.data.gov.uk/data/ppd/monthly/file-291-06.csv ...
  Error downloading https://landregistry.data.gov.uk/data/ppd/monthly/file-291-06.csv: Request failed with status code 406
Downloading https://landregistry.data.gov.uk/data/ppd/monthly/file-291-07.csv ...
  Error downloading https://landregistry.data.gov.uk/data/ppd/monthly/file-291-07.csv: Request failed with status code 406
Downloading https://landregistry.data.gov.uk/data/ppd/monthly/file-291-08.csv ...
  Error downloading https://landregistry.data.gov.uk/data/ppd/monthly/file-291-08.csv: Request failed with status code 406
Downloading https://landregistry.data.gov.uk/data/ppd/monthly/file-291-09.csv ...
  Error downloading https://landregistry.data.gov.uk/data/ppd/monthly/file-291-09.csv: Request failed with status code 406
Downloading https://landregistry.data.gov.uk/data/ppd/monthly/file-291-10.csv ...
  Error downloading https://landregistry.data.gov.uk/data/ppd/monthly/file-291-10.csv: Request failed with status code 406
Downloading https://landregistry.data.gov.uk/data/ppd/monthly/file-291-11.csv ...
  Error downloading https://landregistry.data.gov.uk/data/ppd/monthly/file-291-11.csv: Request failed with status code 406
Downloading https://landregistry.data.gov.uk/data/ppd/monthly/file-291-12.csv ...
  Error downloading https://landregistry.data.gov.uk/data/ppd/monthly/file-291-12.csv: Request failed with status code 406
Downloading https://landregistry.data.gov.uk/data/ppd/monthly/file-292-01.csv ...
  Error downloading https://landregistry.data.gov.uk/data/ppd/monthly/file-292-01.csv: Request failed with status code 406
Downloading https://landregistry.data.gov.uk/data/ppd/monthly/file-292-02.csv ...
  Error downloading https://landregistry.data.gov.uk/data/ppd/monthly/file-292-02.csv: Request failed with status code 406
Downloading https://landregistry.data.gov.uk/data/ppd/monthly/file-292-03.csv ...
  Error downloading https://landregistry.data.gov.uk/data/ppd/monthly/file-292-03.csv: Request failed with status code 406
Downloading https://landregistry.data.gov.uk/data/ppd/monthly/file-292-04.csv ...
  Error downloading https://landregistry.data.gov.uk/data/ppd/monthly/file-292-04.csv: Request failed with status code 406
Downloading https://landregistry.data.gov.uk/data/ppd/monthly/file-292-05.csv ...
  Error downloading https://landregistry.data.gov.uk/data/ppd/monthly/file-292-05.csv: Request failed with status code 406
Downloading https://landregistry.data.gov.uk/data/ppd/monthly/file-292-06.csv ...
  Error downloading https://landregistry.data.gov.uk/data/ppd/monthly/file-292-06.csv: Request failed with status code 406
Downloading https://landregistry.data.gov.uk/data/ppd/monthly/file-292-07.csv ...
  Error downloading https://landregistry.data.gov.uk/data/ppd/monthly/file-292-07.csv: Request failed with status code 406
Downloading https://landregistry.data.gov.uk/data/ppd/monthly/file-292-08.csv ...
  Error downloading https://landregistry.data.gov.uk/data/ppd/monthly/file-292-08.csv: Request failed with status code 406
Downloading https://landregistry.data.gov.uk/data/ppd/monthly/file-292-09.csv ...
  Error downloading https://landregistry.data.gov.uk/data/ppd/monthly/file-292-09.csv: Request failed with status code 406
Downloading https://landregistry.data.gov.uk/data/ppd/monthly/file-292-10.csv ...
  Error downloading https://landregistry.data.gov.uk/data/ppd/monthly/file-292-10.csv: Request failed with status code 406
Downloading https://landregistry.data.gov.uk/data/ppd/monthly/file-292-11.csv ...
  Error downloading https://landregistry.data.gov.uk/data/ppd/monthly/file-292-11.csv: Request failed with status code 406
Downloading https://landregistry.data.gov.uk/data/ppd/monthly/file-292-12.csv ...
  Error downloading https://landregistry.data.gov.uk/data/ppd/monthly/file-292-12.csv: Request failed with status code 406
Downloading https://landregistry.data.gov.uk/data/ppd/monthly/file-293-01.csv ...
  Error downloading https://landregistry.data.gov.uk/data/ppd/monthly/file-293-01.csv: Request failed with status code 406
Downloading https://landregistry.data.gov.uk/data/ppd/monthly/file-293-02.csv ...
  Error downloading https://landregistry.data.gov.uk/data/ppd/monthly/file-293-02.csv: Request failed with status code 406
Downloading https://landregistry.data.gov.uk/data/ppd/monthly/file-293-03.csv ...
  Error downloading https://landregistry.data.gov.uk/data/ppd/monthly/file-293-03.csv: Request failed with status code 406
Downloading https://landregistry.data.gov.uk/data/ppd/monthly/file-293-04.csv ...
  Error downloading https://landregistry.data.gov.uk/data/ppd/monthly/file-293-04.csv: Request failed with status code 406
Downloading https://landregistry.data.gov.uk/data/ppd/monthly/file-293-05.csv ...
  Error downloading https://landregistry.data.gov.uk/data/ppd/monthly/file-293-05.csv: Request failed with status code 406
Downloading https://landregistry.data.gov.uk/data/ppd/monthly/file-293-06.csv ...
  Error downloading https://landregistry.data.gov.uk/data/ppd/monthly/file-293-06.csv: Request failed with status code 406
Downloading https://landregistry.data.gov.uk/data/ppd/monthly/file-293-07.csv ...
  Error downloading https://landregistry.data.gov.uk/data/ppd/monthly/file-293-07.csv: Request failed with status code 406
Downloading https://landregistry.data.gov.uk/data/ppd/monthly/file-293-08.csv ...
  Error downloading https://landregistry.data.gov.uk/data/ppd/monthly/file-293-08.csv: Request failed with status code 406
Downloading https://landregistry.data.gov.uk/data/ppd/monthly/file-293-09.csv ...
  Error downloading https://landregistry.data.gov.uk/data/ppd/monthly/file-293-09.csv: Request failed with status code 406
Downloading https://landregistry.data.gov.uk/data/ppd/monthly/file-293-10.csv ...
  Error downloading https://landregistry.data.gov.uk/data/ppd/monthly/file-293-10.csv: Request failed with status code 406
Downloading https://landregistry.data.gov.uk/data/ppd/monthly/file-293-11.csv ...
  Error downloading https://landregistry.data.gov.uk/data/ppd/monthly/file-293-11.csv: Request failed with status code 406
Downloading https://landregistry.data.gov.uk/data/ppd/monthly/file-293-12.csv ...
  Error downloading https://landregistry.data.gov.uk/data/ppd/monthly/file-293-12.csv: Request failed with status code 406
Downloading https://landregistry.data.gov.uk/data/ppd/monthly/file-294-01.csv ...
  Error downloading https://landregistry.data.gov.uk/data/ppd/monthly/file-294-01.csv: Request failed with status code 406
Downloading https://landregistry.data.gov.uk/data/ppd/monthly/file-294-02.csv ...
  Error downloading https://landregistry.data.gov.uk/data/ppd/monthly/file-294-02.csv: Request failed with status code 406
Downloading https://landregistry.data.gov.uk/data/ppd/monthly/file-294-03.csv ...
  Error downloading https://landregistry.data.gov.uk/data/ppd/monthly/file-294-03.csv: Request failed with status code 406
Downloading https://landregistry.data.gov.uk/data/ppd/monthly/file-294-04.csv ...
  Error downloading https://landregistry.data.gov.uk/data/ppd/monthly/file-294-04.csv: Request failed with status code 406
Downloading https://landregistry.data.gov.uk/data/ppd/monthly/file-294-05.csv ...
  Error downloading https://landregistry.data.gov.uk/data/ppd/monthly/file-294-05.csv: Request failed with status code 406
Downloading https://landregistry.data.gov.uk/data/ppd/monthly/file-294-06.csv ...
  Error downloading https://landregistry.data.gov.uk/data/ppd/monthly/file-294-06.csv: Request failed with status code 406
Downloading https://landregistry.data.gov.uk/data/ppd/monthly/file-294-07.csv ...
  Error downloading https://landregistry.data.gov.uk/data/ppd/monthly/file-294-07.csv: Request failed with status code 406
Downloading https://landregistry.data.gov.uk/data/ppd/monthly/file-294-08.csv ...
  Error downloading https://landregistry.data.gov.uk/data/ppd/monthly/file-294-08.csv: Request failed with status code 406
Downloading https://landregistry.data.gov.uk/data/ppd/monthly/file-294-09.csv ...
  Error downloading https://landregistry.data.gov.uk/data/ppd/monthly/file-294-09.csv: Request failed with status code 406
Downloading https://landregistry.data.gov.uk/data/ppd/monthly/file-294-10.csv ...
  Error downloading https://landregistry.data.gov.uk/data/ppd/monthly/file-294-10.csv: Request failed with status code 406
Downloading https://landregistry.data.gov.uk/data/ppd/monthly/file-294-11.csv ...
  Error downloading https://landregistry.data.gov.uk/data/ppd/monthly/file-294-11.csv: Request failed with status code 406
Downloading https://landregistry.data.gov.uk/data/ppd/monthly/file-294-12.csv ...
  Error downloading https://landregistry.data.gov.uk/data/ppd/monthly/file-294-12.csv: Request failed with status code 406
Downloading https://landregistry.data.gov.uk/data/ppd/monthly/file-295-01.csv ...
  Error downloading https://landregistry.data.gov.uk/data/ppd/monthly/file-295-01.csv: Request failed with status code 406
Downloading https://landregistry.data.gov.uk/data/ppd/monthly/file-295-02.csv ...
  Error downloading https://landregistry.data.gov.uk/data/ppd/monthly/file-295-02.csv: Request failed with status code 406
Downloading https://landregistry.data.gov.uk/data/ppd/monthly/file-295-03.csv ...
  Error downloading https://landregistry.data.gov.uk/data/ppd/monthly/file-295-03.csv: Request failed with status code 406
Downloading https://landregistry.data.gov.uk/data/ppd/monthly/file-295-04.csv ...
  Error downloading https://landregistry.data.gov.uk/data/ppd/monthly/file-295-04.csv: Request failed with status code 406
Downloading https://landregistry.data.gov.uk/data/ppd/monthly/file-295-05.csv ...
  Error downloading https://landregistry.data.gov.uk/data/ppd/monthly/file-295-05.csv: Request failed with status code 406
Downloading https://landregistry.data.gov.uk/data/ppd/monthly/file-295-06.csv ...
  Error downloading https://landregistry.data.gov.uk/data/ppd/monthly/file-295-06.csv: Request failed with status code 406
Downloading https://landregistry.data.gov.uk/data/ppd/monthly/file-295-07.csv ...
  Error downloading https://landregistry.data.gov.uk/data/ppd/monthly/file-295-07.csv: Request failed with status code 406
Downloading https://landregistry.data.gov.uk/data/ppd/monthly/file-295-08.csv ...
  Error downloading https://landregistry.data.gov.uk/data/ppd/monthly/file-295-08.csv: Request failed with status code 406
Downloading https://landregistry.data.gov.uk/data/ppd/monthly/file-295-09.csv ...
  Error downloading https://landregistry.data.gov.uk/data/ppd/monthly/file-295-09.csv: Request failed with status code 406
Downloading https://landregistry.data.gov.uk/data/ppd/monthly/file-295-10.csv ...
  Error downloading https://landregistry.data.gov.uk/data/ppd/monthly/file-295-10.csv: Request failed with status code 406
Downloading https://landregistry.data.gov.uk/data/ppd/monthly/file-295-11.csv ...
  Error downloading https://landregistry.data.gov.uk/data/ppd/monthly/file-295-11.csv: Request failed with status code 406
Downloading https://landregistry.data.gov.uk/data/ppd/monthly/file-295-12.csv ...
  Error downloading https://landregistry.data.gov.uk/data/ppd/monthly/file-295-12.csv: Request failed with status code 406
Downloading https://landregistry.data.gov.uk/data/ppd/monthly/file-296-01.csv ...
  Error downloading https://landregistry.data.gov.uk/data/ppd/monthly/file-296-01.csv: Request failed with status code 406
Downloading https://landregistry.data.gov.uk/data/ppd/monthly/file-296-02.csv ...
  Error downloading https://landregistry.data.gov.uk/data/ppd/monthly/file-296-02.csv: Request failed with status code 406
Downloading https://landregistry.data.gov.uk/data/ppd/monthly/file-296-03.csv ...
  Error downloading https://landregistry.data.gov.uk/data/ppd/monthly/file-296-03.csv: Request failed with status code 406
Downloading https://landregistry.data.gov.uk/data/ppd/monthly/file-296-04.csv ...
  Error downloading https://landregistry.data.gov.uk/data/ppd/monthly/file-296-04.csv: Request failed with status code 406
Downloading https://landregistry.data.gov.uk/data/ppd/monthly/file-296-05.csv ...
  Error downloading https://landregistry.data.gov.uk/data/ppd/monthly/file-296-05.csv: Request failed with status code 406
Downloading https://landregistry.data.gov.uk/data/ppd/monthly/file-296-06.csv ...
  Error downloading https://landregistry.data.gov.uk/data/ppd/monthly/file-296-06.csv: Request failed with status code 406
Downloading https://landregistry.data.gov.uk/data/ppd/monthly/file-296-07.csv ...
  Error downloading https://landregistry.data.gov.uk/data/ppd/monthly/file-296-07.csv: Request failed with status code 406
Downloading https://landregistry.data.gov.uk/data/ppd/monthly/file-296-08.csv ...
  Error downloading https://landregistry.data.gov.uk/data/ppd/monthly/file-296-08.csv: Request failed with status code 406
Downloading https://landregistry.data.gov.uk/data/ppd/monthly/file-296-09.csv ...
  Error downloading https://landregistry.data.gov.uk/data/ppd/monthly/file-296-09.csv: Request failed with status code 406
Downloading https://landregistry.data.gov.uk/data/ppd/monthly/file-296-10.csv ...
  Error downloading https://landregistry.data.gov.uk/data/ppd/monthly/file-296-10.csv: Request failed with status code 406
Downloading https://landregistry.data.gov.uk/data/ppd/monthly/file-296-11.csv ...
  Error downloading https://landregistry.data.gov.uk/data/ppd/monthly/file-296-11.csv: Request failed with status code 406
Downloading https://landregistry.data.gov.uk/data/ppd/monthly/file-296-12.csv ...
  Error downloading https://landregistry.data.gov.uk/data/ppd/monthly/file-296-12.csv: Request failed with status code 406
Downloading https://landregistry.data.gov.uk/data/ppd/monthly/file-297-01.csv ...
  Error downloading https://landregistry.data.gov.uk/data/ppd/monthly/file-297-01.csv: Request failed with status code 406
Downloading https://landregistry.data.gov.uk/data/ppd/monthly/file-297-02.csv ...
  Error downloading https://landregistry.data.gov.uk/data/ppd/monthly/file-297-02.csv: Request failed with status code 406
Downloading https://landregistry.data.gov.uk/data/ppd/monthly/file-297-03.csv ...
  Error downloading https://landregistry.data.gov.uk/data/ppd/monthly/file-297-03.csv: Request failed with status code 406
Downloading https://landregistry.data.gov.uk/data/ppd/monthly/file-297-04.csv ...
  Error downloading https://landregistry.data.gov.uk/data/ppd/monthly/file-297-04.csv: Request failed with status code 406
Downloading https://landregistry.data.gov.uk/data/ppd/monthly/file-297-05.csv ...
  Error downloading https://landregistry.data.gov.uk/data/ppd/monthly/file-297-05.csv: Request failed with status code 406
Downloading https://landregistry.data.gov.uk/data/ppd/monthly/file-297-06.csv ...
  Error downloading https://landregistry.data.gov.uk/data/ppd/monthly/file-297-06.csv: Request failed with status code 406
Downloading https://landregistry.data.gov.uk/data/ppd/monthly/file-297-07.csv ...
  Error downloading https://landregistry.data.gov.uk/data/ppd/monthly/file-297-07.csv: Request failed with status code 406
Downloading https://landregistry.data.gov.uk/data/ppd/monthly/file-297-08.csv ...
  Error downloading https://landregistry.data.gov.uk/data/ppd/monthly/file-297-08.csv: Request failed with status code 406
Downloading https://landregistry.data.gov.uk/data/ppd/monthly/file-297-09.csv ...
  Error downloading https://landregistry.data.gov.uk/data/ppd/monthly/file-297-09.csv: Request failed with status code 406
Downloading https://landregistry.data.gov.uk/data/ppd/monthly/file-297-10.csv ...
  Error downloading https://landregistry.data.gov.uk/data/ppd/monthly/file-297-10.csv: Request failed with status code 406
Downloading https://landregistry.data.gov.uk/data/ppd/monthly/file-297-11.csv ...
  Error downloading https://landregistry.data.gov.uk/data/ppd/monthly/file-297-11.csv: Request failed with status code 406
Downloading https://landregistry.data.gov.uk/data/ppd/monthly/file-297-12.csv ...
  Error downloading https://landregistry.data.gov.uk/data/ppd/monthly/file-297-12.csv: Request failed with status code 406
Downloading https://landregistry.data.gov.uk/data/ppd/monthly/file-298-01.csv ...
  Error downloading https://landregistry.data.gov.uk/data/ppd/monthly/file-298-01.csv: Request failed with status code 406
Downloading https://landregistry.data.gov.uk/data/ppd/monthly/file-298-02.csv ...
  Error downloading https://landregistry.data.gov.uk/data/ppd/monthly/file-298-02.csv: Request failed with status code 406
Downloading https://landregistry.data.gov.uk/data/ppd/monthly/file-298-03.csv ...
  Error downloading https://landregistry.data.gov.uk/data/ppd/monthly/file-298-03.csv: Request failed with status code 406
Downloading https://landregistry.data.gov.uk/data/ppd/monthly/file-298-04.csv ...
  Error downloading https://landregistry.data.gov.uk/data/ppd/monthly/file-298-04.csv: Request failed with status code 406
Downloading https://landregistry.data.gov.uk/data/ppd/monthly/file-298-05.csv ...
  Error downloading https://landregistry.data.gov.uk/data/ppd/monthly/file-298-05.csv: Request failed with status code 406
Downloading https://landregistry.data.gov.uk/data/ppd/monthly/file-298-06.csv ...
  Error downloading https://landregistry.data.gov.uk/data/ppd/monthly/file-298-06.csv: Request failed with status code 406
Downloading https://landregistry.data.gov.uk/data/ppd/monthly/file-298-07.csv ...
  Error downloading https://landregistry.data.gov.uk/data/ppd/monthly/file-298-07.csv: Request failed with status code 406
Downloading https://landregistry.data.gov.uk/data/ppd/monthly/file-298-08.csv ...
  Error downloading https://landregistry.data.gov.uk/data/ppd/monthly/file-298-08.csv: Request failed with status code 406
Downloading https://landregistry.data.gov.uk/data/ppd/monthly/file-298-09.csv ...
  Error downloading https://landregistry.data.gov.uk/data/ppd/monthly/file-298-09.csv: Request failed with status code 406
Downloading https://landregistry.data.gov.uk/data/ppd/monthly/file-298-10.csv ...
  Error downloading https://landregistry.data.gov.uk/data/ppd/monthly/file-298-10.csv: Request failed with status code 406
Downloading https://landregistry.data.gov.uk/data/ppd/monthly/file-298-11.csv ...
  Error downloading https://landregistry.data.gov.uk/data/ppd/monthly/file-298-11.csv: Request failed with status code 406
Downloading https://landregistry.data.gov.uk/data/ppd/monthly/file-298-12.csv ...
  Error downloading https://landregistry.data.gov.uk/data/ppd/monthly/file-298-12.csv: Request failed with status code 406
Downloading https://landregistry.data.gov.uk/data/ppd/monthly/file-299-01.csv ...
  Error downloading https://landregistry.data.gov.uk/data/ppd/monthly/file-299-01.csv: Request failed with status code 406
Downloading https://landregistry.data.gov.uk/data/ppd/monthly/file-299-02.csv ...
  Error downloading https://landregistry.data.gov.uk/data/ppd/monthly/file-299-02.csv: Request failed with status code 406
Downloading https://landregistry.data.gov.uk/data/ppd/monthly/file-299-03.csv ...
  Error downloading https://landregistry.data.gov.uk/data/ppd/monthly/file-299-03.csv: Request failed with status code 406
Downloading https://landregistry.data.gov.uk/data/ppd/monthly/file-299-04.csv ...
  Error downloading https://landregistry.data.gov.uk/data/ppd/monthly/file-299-04.csv: Request failed with status code 406
Downloading https://landregistry.data.gov.uk/data/ppd/monthly/file-299-05.csv ...
  Error downloading https://landregistry.data.gov.uk/data/ppd/monthly/file-299-05.csv: Request failed with status code 406
Downloading https://landregistry.data.gov.uk/data/ppd/monthly/file-299-06.csv ...
  Error downloading https://landregistry.data.gov.uk/data/ppd/monthly/file-299-06.csv: Request failed with status code 406
Downloading https://landregistry.data.gov.uk/data/ppd/monthly/file-299-07.csv ...
  Error downloading https://landregistry.data.gov.uk/data/ppd/monthly/file-299-07.csv: Request failed with status code 406
Downloading https://landregistry.data.gov.uk/data/ppd/monthly/file-299-08.csv ...
  Error downloading https://landregistry.data.gov.uk/data/ppd/monthly/file-299-08.csv: Request failed with status code 406
Downloading https://landregistry.data.gov.uk/data/ppd/monthly/file-299-09.csv ...
  Error downloading https://landregistry.data.gov.uk/data/ppd/monthly/file-299-09.csv: Request failed with status code 406
Downloading https://landregistry.data.gov.uk/data/ppd/monthly/file-299-10.csv ...
  Error downloading https://landregistry.data.gov.uk/data/ppd/monthly/file-299-10.csv: Request failed with status code 406
Downloading https://landregistry.data.gov.uk/data/ppd/monthly/file-299-11.csv ...
  Error downloading https://landregistry.data.gov.uk/data/ppd/monthly/file-299-11.csv: Request failed with status code 406
Downloading https://landregistry.data.gov.uk/data/ppd/monthly/file-299-12.csv ...
  Error downloading https://landregistry.data.gov.uk/data/ppd/monthly/file-299-12.csv: Request failed with status code 406
Downloading https://landregistry.data.gov.uk/data/ppd/monthly/file-300-01.csv ...
  Error downloading https://landregistry.data.gov.uk/data/ppd/monthly/file-300-01.csv: Request failed with status code 406
Downloading https://landregistry.data.gov.uk/data/ppd/monthly/file-300-02.csv ...
  Error downloading https://landregistry.data.gov.uk/data/ppd/monthly/file-300-02.csv: Request failed with status code 406
Downloading https://landregistry.data.gov.uk/data/ppd/monthly/file-300-03.csv ...
  Error downloading https://landregistry.data.gov.uk/data/ppd/monthly/file-300-03.csv: Request failed with status code 406
Downloading https://landregistry.data.gov.uk/data/ppd/monthly/file-300-04.csv ...
  Error downloading https://landregistry.data.gov.uk/data/ppd/monthly/file-300-04.csv: Request failed with status code 406
Downloading https://landregistry.data.gov.uk/data/ppd/monthly/file-300-05.csv ...
  Error downloading https://landregistry.data.gov.uk/data/ppd/monthly/file-300-05.csv: Request failed with status code 406
Downloading https://landregistry.data.gov.uk/data/ppd/monthly/file-300-06.csv ...
  Error downloading https://landregistry.data.gov.uk/data/ppd/monthly/file-300-06.csv: Request failed with status code 406
Downloading https://landregistry.data.gov.uk/data/ppd/monthly/file-300-07.csv ...
  Error downloading https://landregistry.data.gov.uk/data/ppd/monthly/file-300-07.csv: Request failed with status code 406
Downloading https://landregistry.data.gov.uk/data/ppd/monthly/file-300-08.csv ...
  Error downloading https://landregistry.data.gov.uk/data/ppd/monthly/file-300-08.csv: Request failed with status code 406
Downloading https://landregistry.data.gov.uk/data/ppd/monthly/file-300-09.csv ...
  Error downloading https://landregistry.data.gov.uk/data/ppd/monthly/file-300-09.csv: Request failed with status code 406
Downloading https://landregistry.data.gov.uk/data/ppd/monthly/file-300-10.csv ...
  Error downloading https://landregistry.data.gov.uk/data/ppd/monthly/file-300-10.csv: Request failed with status code 406
Downloading https://landregistry.data.gov.uk/data/ppd/monthly/file-300-11.csv ...
  Error downloading https://landregistry.data.gov.uk/data/ppd/monthly/file-300-11.csv: Request failed with status code 406
Downloading https://landregistry.data.gov.uk/data/ppd/monthly/file-300-12.csv ...
  Error downloading https://landregistry.data.gov.uk/data/ppd/monthly/file-300-12.csv: Request failed with status code 406
Downloading https://landregistry.data.gov.uk/data/ppd/monthly/file-301-01.csv ...
  Error downloading https://landregistry.data.gov.uk/data/ppd/monthly/file-301-01.csv: Request failed with status code 406
Downloading https://landregistry.data.gov.uk/data/ppd/monthly/file-301-02.csv ...
  Error downloading https://landregistry.data.gov.uk/data/ppd/monthly/file-301-02.csv: Request failed with status code 406
Downloading https://landregistry.data.gov.uk/data/ppd/monthly/file-301-03.csv ...
  Error downloading https://landregistry.data.gov.uk/data/ppd/monthly/file-301-03.csv: Request failed with status code 406
Downloading https://landregistry.data.gov.uk/data/ppd/monthly/file-301-04.csv ...
  Error downloading https://landregistry.data.gov.uk/data/ppd/monthly/file-301-04.csv: Request failed with status code 406
Downloading https://landregistry.data.gov.uk/data/ppd/monthly/file-301-05.csv ...
  Error downloading https://landregistry.data.gov.uk/data/ppd/monthly/file-301-05.csv: Request failed with status code 406
Downloading https://landregistry.data.gov.uk/data/ppd/monthly/file-301-06.csv ...
  Error downloading https://landregistry.data.gov.uk/data/ppd/monthly/file-301-06.csv: Request failed with status code 406
Downloading https://landregistry.data.gov.uk/data/ppd/monthly/file-301-07.csv ...
  Error downloading https://landregistry.data.gov.uk/data/ppd/monthly/file-301-07.csv: Request failed with status code 406
Downloading https://landregistry.data.gov.uk/data/ppd/monthly/file-301-08.csv ...
  Error downloading https://landregistry.data.gov.uk/data/ppd/monthly/file-301-08.csv: Request failed with status code 406
Downloading https://landregistry.data.gov.uk/data/ppd/monthly/file-301-09.csv ...
  Error downloading https://landregistry.data.gov.uk/data/ppd/monthly/file-301-09.csv: Request failed with status code 406
Downloading https://landregistry.data.gov.uk/data/ppd/monthly/file-301-10.csv ...
  Error downloading https://landregistry.data.gov.uk/data/ppd/monthly/file-301-10.csv: Request failed with status code 406
Downloading https://landregistry.data.gov.uk/data/ppd/monthly/file-301-11.csv ...
  Error downloading https://landregistry.data.gov.uk/data/ppd/monthly/file-301-11.csv: Request failed with status code 406
Downloading https://landregistry.data.gov.uk/data/ppd/monthly/file-301-12.csv ...
  Error downloading https://landregistry.data.gov.uk/data/ppd/monthly/file-301-12.csv: Request failed with status code 406
Downloading https://landregistry.data.gov.uk/data/ppd/monthly/file-302-01.csv ...
  Error downloading https://landregistry.data.gov.uk/data/ppd/monthly/file-302-01.csv: Request failed with status code 406
Downloading https://landregistry.data.gov.uk/data/ppd/monthly/file-302-02.csv ...
  Error downloading https://landregistry.data.gov.uk/data/ppd/monthly/file-302-02.csv: Request failed with status code 406
Downloading https://landregistry.data.gov.uk/data/ppd/monthly/file-302-03.csv ...
  Error downloading https://landregistry.data.gov.uk/data/ppd/monthly/file-302-03.csv: Request failed with status code 406
Downloading https://landregistry.data.gov.uk/data/ppd/monthly/file-302-04.csv ...
  Error downloading https://landregistry.data.gov.uk/data/ppd/monthly/file-302-04.csv: Request failed with status code 406
Downloading https://landregistry.data.gov.uk/data/ppd/monthly/file-302-05.csv ...
  Error downloading https://landregistry.data.gov.uk/data/ppd/monthly/file-302-05.csv: Request failed with status code 406
Downloading https://landregistry.data.gov.uk/data/ppd/monthly/file-302-06.csv ...
  Error downloading https://landregistry.data.gov.uk/data/ppd/monthly/file-302-06.csv: Request failed with status code 406
Downloading https://landregistry.data.gov.uk/data/ppd/monthly/file-302-07.csv ...
  Error downloading https://landregistry.data.gov.uk/data/ppd/monthly/file-302-07.csv: Request failed with status code 406
Downloading https://landregistry.data.gov.uk/data/ppd/monthly/file-302-08.csv ...
  Error downloading https://landregistry.data.gov.uk/data/ppd/monthly/file-302-08.csv: Request failed with status code 406
Downloading https://landregistry.data.gov.uk/data/ppd/monthly/file-302-09.csv ...
  Error downloading https://landregistry.data.gov.uk/data/ppd/monthly/file-302-09.csv: Request failed with status code 406
Downloading https://landregistry.data.gov.uk/data/ppd/monthly/file-302-10.csv ...
  Error downloading https://landregistry.data.gov.uk/data/ppd/monthly/file-302-10.csv: Request failed with status code 406
Downloading https://landregistry.data.gov.uk/data/ppd/monthly/file-302-11.csv ...
  Error downloading https://landregistry.data.gov.uk/data/ppd/monthly/file-302-11.csv: Request failed with status code 406
Downloading https://landregistry.data.gov.uk/data/ppd/monthly/file-302-12.csv ...
  Error downloading https://landregistry.data.gov.uk/data/ppd/monthly/file-302-12.csv: Request failed with status code 406
Downloading https://landregistry.data.gov.uk/data/ppd/monthly/file-303-01.csv ...
  Error downloading https://landregistry.data.gov.uk/data/ppd/monthly/file-303-01.csv: Request failed with status code 406
Downloading https://landregistry.data.gov.uk/data/ppd/monthly/file-303-02.csv ...
  Error downloading https://landregistry.data.gov.uk/data/ppd/monthly/file-303-02.csv: Request failed with status code 406
Downloading https://landregistry.data.gov.uk/data/ppd/monthly/file-303-03.csv ...
  Error downloading https://landregistry.data.gov.uk/data/ppd/monthly/file-303-03.csv: Request failed with status code 406
Downloading https://landregistry.data.gov.uk/data/ppd/monthly/file-303-04.csv ...
  Error downloading https://landregistry.data.gov.uk/data/ppd/monthly/file-303-04.csv: Request failed with status code 406
Downloading https://landregistry.data.gov.uk/data/ppd/monthly/file-303-05.csv ...
  Error downloading https://landregistry.data.gov.uk/data/ppd/monthly/file-303-05.csv: Request failed with status code 406
Downloading https://landregistry.data.gov.uk/data/ppd/monthly/file-303-06.csv ...
  Error downloading https://landregistry.data.gov.uk/data/ppd/monthly/file-303-06.csv: Request failed with status code 406
Downloading https://landregistry.data.gov.uk/data/ppd/monthly/file-303-07.csv ...
  Error downloading https://landregistry.data.gov.uk/data/ppd/monthly/file-303-07.csv: Request failed with status code 406
Downloading https://landregistry.data.gov.uk/data/ppd/monthly/file-303-08.csv ...
  Error downloading https://landregistry.data.gov.uk/data/ppd/monthly/file-303-08.csv: Request failed with status code 406
Downloading https://landregistry.data.gov.uk/data/ppd/monthly/file-303-09.csv ...
  Error downloading https://landregistry.data.gov.uk/data/ppd/monthly/file-303-09.csv: Request failed with status code 406
Downloading https://landregistry.data.gov.uk/data/ppd/monthly/file-303-10.csv ...
  Error downloading https://landregistry.data.gov.uk/data/ppd/monthly/file-303-10.csv: Request failed with status code 406
Downloading https://landregistry.data.gov.uk/data/ppd/monthly/file-303-11.csv ...
  Error downloading https://landregistry.data.gov.uk/data/ppd/monthly/file-303-11.csv: Request failed with status code 406
Downloading https://landregistry.data.gov.uk/data/ppd/monthly/file-303-12.csv ...
  Error downloading https://landregistry.data.gov.uk/data/ppd/monthly/file-303-12.csv: Request failed with status code 406
Downloading https://landregistry.data.gov.uk/data/ppd/monthly/file-304-01.csv ...
  Error downloading https://landregistry.data.gov.uk/data/ppd/monthly/file-304-01.csv: Request failed with status code 406
Downloading https://landregistry.data.gov.uk/data/ppd/monthly/file-304-02.csv ...
  Error downloading https://landregistry.data.gov.uk/data/ppd/monthly/file-304-02.csv: Request failed with status code 406
Downloading https://landregistry.data.gov.uk/data/ppd/monthly/file-304-03.csv ...
  Error downloading https://landregistry.data.gov.uk/data/ppd/monthly/file-304-03.csv: Request failed with status code 406
Downloading https://landregistry.data.gov.uk/data/ppd/monthly/file-304-04.csv ...
  Error downloading https://landregistry.data.gov.uk/data/ppd/monthly/file-304-04.csv: Request failed with status code 406
Downloading https://landregistry.data.gov.uk/data/ppd/monthly/file-304-05.csv ...
  Error downloading https://landregistry.data.gov.uk/data/ppd/monthly/file-304-05.csv: Request failed with status code 406
Downloading https://landregistry.data.gov.uk/data/ppd/monthly/file-304-06.csv ...
  Error downloading https://landregistry.data.gov.uk/data/ppd/monthly/file-304-06.csv: Request failed with status code 406
Downloading https://landregistry.data.gov.uk/data/ppd/monthly/file-304-07.csv ...
  Error downloading https://landregistry.data.gov.uk/data/ppd/monthly/file-304-07.csv: Request failed with status code 406
Downloading https://landregistry.data.gov.uk/data/ppd/monthly/file-304-08.csv ...
  Error downloading https://landregistry.data.gov.uk/data/ppd/monthly/file-304-08.csv: Request failed with status code 406
Downloading https://landregistry.data.gov.uk/data/ppd/monthly/file-304-09.csv ...
  Error downloading https://landregistry.data.gov.uk/data/ppd/monthly/file-304-09.csv: Request failed with status code 406
Downloading https://landregistry.data.gov.uk/data/ppd/monthly/file-304-10.csv ...
  Error downloading https://landregistry.data.gov.uk/data/ppd/monthly/file-304-10.csv: Request failed with status code 406
Downloading https://landregistry.data.gov.uk/data/ppd/monthly/file-304-11.csv ...
  Error downloading https://landregistry.data.gov.uk/data/ppd/monthly/file-304-11.csv: Request failed with status code 406
Downloading https://landregistry.data.gov.uk/data/ppd/monthly/file-304-12.csv ...
  Error downloading https://landregistry.data.gov.uk/data/ppd/monthly/file-304-12.csv: Request failed with status code 406
Downloading https://landregistry.data.gov.uk/data/ppd/monthly/file-305-01.csv ...
  Error downloading https://landregistry.data.gov.uk/data/ppd/monthly/file-305-01.csv: Request failed with status code 406
Downloading https://landregistry.data.gov.uk/data/ppd/monthly/file-305-02.csv ...
  Error downloading https://landregistry.data.gov.uk/data/ppd/monthly/file-305-02.csv: Request failed with status code 406
Downloading https://landregistry.data.gov.uk/data/ppd/monthly/file-305-03.csv ...
  Error downloading https://landregistry.data.gov.uk/data/ppd/monthly/file-305-03.csv: Request failed with status code 406
Downloading https://landregistry.data.gov.uk/data/ppd/monthly/file-305-04.csv ...
  Error downloading https://landregistry.data.gov.uk/data/ppd/monthly/file-305-04.csv: Request failed with status code 406
Downloading https://landregistry.data.gov.uk/data/ppd/monthly/file-305-05.csv ...
  Error downloading https://landregistry.data.gov.uk/data/ppd/monthly/file-305-05.csv: Request failed with status code 406
Downloading https://landregistry.data.gov.uk/data/ppd/monthly/file-305-06.csv ...
  Error downloading https://landregistry.data.gov.uk/data/ppd/monthly/file-305-06.csv: Request failed with status code 406
Downloading https://landregistry.data.gov.uk/data/ppd/monthly/file-305-07.csv ...
  Error downloading https://landregistry.data.gov.uk/data/ppd/monthly/file-305-07.csv: Request failed with status code 406
Downloading https://landregistry.data.gov.uk/data/ppd/monthly/file-305-08.csv ...
  Error downloading https://landregistry.data.gov.uk/data/ppd/monthly/file-305-08.csv: Request failed with status code 406
Downloading https://landregistry.data.gov.uk/data/ppd/monthly/file-305-09.csv ...
  Error downloading https://landregistry.data.gov.uk/data/ppd/monthly/file-305-09.csv: Request failed with status code 406
Downloading https://landregistry.data.gov.uk/data/ppd/monthly/file-305-10.csv ...
  Error downloading https://landregistry.data.gov.uk/data/ppd/monthly/file-305-10.csv: Request failed with status code 406
Downloading https://landregistry.data.gov.uk/data/ppd/monthly/file-305-11.csv ...
  Error downloading https://landregistry.data.gov.uk/data/ppd/monthly/file-305-11.csv: Request failed with status code 406
Downloading https://landregistry.data.gov.uk/data/ppd/monthly/file-305-12.csv ...
  Error downloading https://landregistry.data.gov.uk/data/ppd/monthly/file-305-12.csv: Request failed with status code 406
Downloading https://landregistry.data.gov.uk/data/ppd/monthly/file-306-01.csv ...
  Error downloading https://landregistry.data.gov.uk/data/ppd/monthly/file-306-01.csv: Request failed with status code 406
Downloading https://landregistry.data.gov.uk/data/ppd/monthly/file-306-02.csv ...
  Error downloading https://landregistry.data.gov.uk/data/ppd/monthly/file-306-02.csv: Request failed with status code 406
Downloading https://landregistry.data.gov.uk/data/ppd/monthly/file-306-03.csv ...
  Error downloading https://landregistry.data.gov.uk/data/ppd/monthly/file-306-03.csv: Request failed with status code 406
Downloading https://landregistry.data.gov.uk/data/ppd/monthly/file-306-04.csv ...
  Error downloading https://landregistry.data.gov.uk/data/ppd/monthly/file-306-04.csv: Request failed with status code 406
Downloading https://landregistry.data.gov.uk/data/ppd/monthly/file-306-05.csv ...
  Error downloading https://landregistry.data.gov.uk/data/ppd/monthly/file-306-05.csv: Request failed with status code 406
Downloading https://landregistry.data.gov.uk/data/ppd/monthly/file-306-06.csv ...
  Error downloading https://landregistry.data.gov.uk/data/ppd/monthly/file-306-06.csv: Request failed with status code 406
Downloading https://landregistry.data.gov.uk/data/ppd/monthly/file-306-07.csv ...
  Error downloading https://landregistry.data.gov.uk/data/ppd/monthly/file-306-07.csv: Request failed with status code 406
Downloading https://landregistry.data.gov.uk/data/ppd/monthly/file-306-08.csv ...
  Error downloading https://landregistry.data.gov.uk/data/ppd/monthly/file-306-08.csv: Request failed with status code 406
Downloading https://landregistry.data.gov.uk/data/ppd/monthly/file-306-09.csv ...
  Error downloading https://landregistry.data.gov.uk/data/ppd/monthly/file-306-09.csv: Request failed with status code 406
Downloading https://landregistry.data.gov.uk/data/ppd/monthly/file-306-10.csv ...
  Error downloading https://landregistry.data.gov.uk/data/ppd/monthly/file-306-10.csv: Request failed with status code 406
Downloading https://landregistry.data.gov.uk/data/ppd/monthly/file-306-11.csv ...
  Error downloading https://landregistry.data.gov.uk/data/ppd/monthly/file-306-11.csv: Request failed with status code 406
Downloading https://landregistry.data.gov.uk/data/ppd/monthly/file-306-12.csv ...
  Error downloading https://landregistry.data.gov.uk/data/ppd/monthly/file-306-12.csv: Request failed with status code 406
Downloading https://landregistry.data.gov.uk/data/ppd/monthly/file-307-01.csv ...
  Error downloading https://landregistry.data.gov.uk/data/ppd/monthly/file-307-01.csv: Request failed with status code 406
Downloading https://landregistry.data.gov.uk/data/ppd/monthly/file-307-02.csv ...
  Error downloading https://landregistry.data.gov.uk/data/ppd/monthly/file-307-02.csv: Request failed with status code 406
Downloading https://landregistry.data.gov.uk/data/ppd/monthly/file-307-03.csv ...
  Error downloading https://landregistry.data.gov.uk/data/ppd/monthly/file-307-03.csv: Request failed with status code 406
Downloading https://landregistry.data.gov.uk/data/ppd/monthly/file-307-04.csv ...
  Error downloading https://landregistry.data.gov.uk/data/ppd/monthly/file-307-04.csv: Request failed with status code 406
Downloading https://landregistry.data.gov.uk/data/ppd/monthly/file-307-05.csv ...
  Error downloading https://landregistry.data.gov.uk/data/ppd/monthly/file-307-05.csv: Request failed with status code 406
Downloading https://landregistry.data.gov.uk/data/ppd/monthly/file-307-06.csv ...
  Error downloading https://landregistry.data.gov.uk/data/ppd/monthly/file-307-06.csv: Request failed with status code 406
Downloading https://landregistry.data.gov.uk/data/ppd/monthly/file-307-07.csv ...
  Error downloading https://landregistry.data.gov.uk/data/ppd/monthly/file-307-07.csv: Request failed with status code 406
Downloading https://landregistry.data.gov.uk/data/ppd/monthly/file-307-08.csv ...
  Error downloading https://landregistry.data.gov.uk/data/ppd/monthly/file-307-08.csv: Request failed with status code 406
Downloading https://landregistry.data.gov.uk/data/ppd/monthly/file-307-09.csv ...
  Error downloading https://landregistry.data.gov.uk/data/ppd/monthly/file-307-09.csv: Request failed with status code 406
Downloading https://landregistry.data.gov.uk/data/ppd/monthly/file-307-10.csv ...
  Error downloading https://landregistry.data.gov.uk/data/ppd/monthly/file-307-10.csv: Request failed with status code 406
Downloading https://landregistry.data.gov.uk/data/ppd/monthly/file-307-11.csv ...
  Error downloading https://landregistry.data.gov.uk/data/ppd/monthly/file-307-11.csv: Request failed with status code 406
Downloading https://landregistry.data.gov.uk/data/ppd/monthly/file-307-12.csv ...
  Error downloading https://landregistry.data.gov.uk/data/ppd/monthly/file-307-12.csv: Request failed with status code 406
Downloading https://landregistry.data.gov.uk/data/ppd/monthly/file-308-01.csv ...
  Error downloading https://landregistry.data.gov.uk/data/ppd/monthly/file-308-01.csv: Request failed with status code 406
Downloading https://landregistry.data.gov.uk/data/ppd/monthly/file-308-02.csv ...
  Error downloading https://landregistry.data.gov.uk/data/ppd/monthly/file-308-02.csv: Request failed with status code 406
Downloading https://landregistry.data.gov.uk/data/ppd/monthly/file-308-03.csv ...
  Error downloading https://landregistry.data.gov.uk/data/ppd/monthly/file-308-03.csv: Request failed with status code 406
Downloading https://landregistry.data.gov.uk/data/ppd/monthly/file-308-04.csv ...
  Error downloading https://landregistry.data.gov.uk/data/ppd/monthly/file-308-04.csv: Request failed with status code 406
Downloading https://landregistry.data.gov.uk/data/ppd/monthly/file-308-05.csv ...
  Error downloading https://landregistry.data.gov.uk/data/ppd/monthly/file-308-05.csv: Request failed with status code 406
Downloading https://landregistry.data.gov.uk/data/ppd/monthly/file-308-06.csv ...
  Error downloading https://landregistry.data.gov.uk/data/ppd/monthly/file-308-06.csv: Request failed with status code 406
Downloading https://landregistry.data.gov.uk/data/ppd/monthly/file-308-07.csv ...
  Error downloading https://landregistry.data.gov.uk/data/ppd/monthly/file-308-07.csv: Request failed with status code 406
Downloading https://landregistry.data.gov.uk/data/ppd/monthly/file-308-08.csv ...
  Error downloading https://landregistry.data.gov.uk/data/ppd/monthly/file-308-08.csv: Request failed with status code 406
Downloading https://landregistry.data.gov.uk/data/ppd/monthly/file-308-09.csv ...
  Error downloading https://landregistry.data.gov.uk/data/ppd/monthly/file-308-09.csv: Request failed with status code 406
Downloading https://landregistry.data.gov.uk/data/ppd/monthly/file-308-10.csv ...
  Error downloading https://landregistry.data.gov.uk/data/ppd/monthly/file-308-10.csv: Request failed with status code 406
Downloading https://landregistry.data.gov.uk/data/ppd/monthly/file-308-11.csv ...
  Error downloading https://landregistry.data.gov.uk/data/ppd/monthly/file-308-11.csv: Request failed with status code 406
Downloading https://landregistry.data.gov.uk/data/ppd/monthly/file-308-12.csv ...
  Error downloading https://landregistry.data.gov.uk/data/ppd/monthly/file-308-12.csv: Request failed with status code 406
Downloading https://landregistry.data.gov.uk/data/ppd/monthly/file-309-01.csv ...
  Error downloading https://landregistry.data.gov.uk/data/ppd/monthly/file-309-01.csv: Request failed with status code 406
Downloading https://landregistry.data.gov.uk/data/ppd/monthly/file-309-02.csv ...
  Error downloading https://landregistry.data.gov.uk/data/ppd/monthly/file-309-02.csv: Request failed with status code 406
Downloading https://landregistry.data.gov.uk/data/ppd/monthly/file-309-03.csv ...
  Error downloading https://landregistry.data.gov.uk/data/ppd/monthly/file-309-03.csv: Request failed with status code 406
Downloading https://landregistry.data.gov.uk/data/ppd/monthly/file-309-04.csv ...
  Error downloading https://landregistry.data.gov.uk/data/ppd/monthly/file-309-04.csv: Request failed with status code 406
Downloading https://landregistry.data.gov.uk/data/ppd/monthly/file-309-05.csv ...
  Error downloading https://landregistry.data.gov.uk/data/ppd/monthly/file-309-05.csv: Request failed with status code 406
Downloading https://landregistry.data.gov.uk/data/ppd/monthly/file-309-06.csv ...
  Error downloading https://landregistry.data.gov.uk/data/ppd/monthly/file-309-06.csv: Request failed with status code 406
Downloading https://landregistry.data.gov.uk/data/ppd/monthly/file-309-07.csv ...
  Error downloading https://landregistry.data.gov.uk/data/ppd/monthly/file-309-07.csv: Request failed with status code 406
Downloading https://landregistry.data.gov.uk/data/ppd/monthly/file-309-08.csv ...
  Error downloading https://landregistry.data.gov.uk/data/ppd/monthly/file-309-08.csv: Request failed with status code 406
Downloading https://landregistry.data.gov.uk/data/ppd/monthly/file-309-09.csv ...
  Error downloading https://landregistry.data.gov.uk/data/ppd/monthly/file-309-09.csv: Request failed with status code 406
Downloading https://landregistry.data.gov.uk/data/ppd/monthly/file-309-10.csv ...
  Error downloading https://landregistry.data.gov.uk/data/ppd/monthly/file-309-10.csv: Request failed with status code 406
Downloading https://landregistry.data.gov.uk/data/ppd/monthly/file-309-11.csv ...
  Error downloading https://landregistry.data.gov.uk/data/ppd/monthly/file-309-11.csv: Request failed with status code 406
Downloading https://landregistry.data.gov.uk/data/ppd/monthly/file-309-12.csv ...
  Error downloading https://landregistry.data.gov.uk/data/ppd/monthly/file-309-12.csv: Request failed with status code 406
Downloading https://landregistry.data.gov.uk/data/ppd/monthly/file-310-01.csv ...
  Error downloading https://landregistry.data.gov.uk/data/ppd/monthly/file-310-01.csv: Request failed with status code 406
Downloading https://landregistry.data.gov.uk/data/ppd/monthly/file-310-02.csv ...
  Error downloading https://landregistry.data.gov.uk/data/ppd/monthly/file-310-02.csv: Request failed with status code 406
Downloading https://landregistry.data.gov.uk/data/ppd/monthly/file-310-03.csv ...
  Error downloading https://landregistry.data.gov.uk/data/ppd/monthly/file-310-03.csv: Request failed with status code 406
Downloading https://landregistry.data.gov.uk/data/ppd/monthly/file-310-04.csv ...
  Error downloading https://landregistry.data.gov.uk/data/ppd/monthly/file-310-04.csv: Request failed with status code 406
Downloading https://landregistry.data.gov.uk/data/ppd/monthly/file-310-05.csv ...
  Error downloading https://landregistry.data.gov.uk/data/ppd/monthly/file-310-05.csv: Request failed with status code 406
Downloading https://landregistry.data.gov.uk/data/ppd/monthly/file-310-06.csv ...
  Error downloading https://landregistry.data.gov.uk/data/ppd/monthly/file-310-06.csv: Request failed with status code 406
Downloading https://landregistry.data.gov.uk/data/ppd/monthly/file-310-07.csv ...
  Error downloading https://landregistry.data.gov.uk/data/ppd/monthly/file-310-07.csv: Request failed with status code 406
Downloading https://landregistry.data.gov.uk/data/ppd/monthly/file-310-08.csv ...
  Error downloading https://landregistry.data.gov.uk/data/ppd/monthly/file-310-08.csv: Request failed with status code 406
Downloading https://landregistry.data.gov.uk/data/ppd/monthly/file-310-09.csv ...
  Error downloading https://landregistry.data.gov.uk/data/ppd/monthly/file-310-09.csv: Request failed with status code 406
Downloading https://landregistry.data.gov.uk/data/ppd/monthly/file-310-10.csv ...
  Error downloading https://landregistry.data.gov.uk/data/ppd/monthly/file-310-10.csv: Request failed with status code 406
Downloading https://landregistry.data.gov.uk/data/ppd/monthly/file-310-11.csv ...
  Error downloading https://landregistry.data.gov.uk/data/ppd/monthly/file-310-11.csv: Request failed with status code 406
Downloading https://landregistry.data.gov.uk/data/ppd/monthly/file-310-12.csv ...
  Error downloading https://landregistry.data.gov.uk/data/ppd/monthly/file-310-12.csv: Request failed with status code 406
Downloading https://landregistry.data.gov.uk/data/ppd/monthly/file-311-01.csv ...
  Error downloading https://landregistry.data.gov.uk/data/ppd/monthly/file-311-01.csv: Request failed with status code 406
Downloading https://landregistry.data.gov.uk/data/ppd/monthly/file-311-02.csv ...
  Error downloading https://landregistry.data.gov.uk/data/ppd/monthly/file-311-02.csv: Request failed with status code 406
Downloading https://landregistry.data.gov.uk/data/ppd/monthly/file-311-03.csv ...
  Error downloading https://landregistry.data.gov.uk/data/ppd/monthly/file-311-03.csv: Request failed with status code 406
Downloading https://landregistry.data.gov.uk/data/ppd/monthly/file-311-04.csv ...
  Error downloading https://landregistry.data.gov.uk/data/ppd/monthly/file-311-04.csv: Request failed with status code 406
Downloading https://landregistry.data.gov.uk/data/ppd/monthly/file-311-05.csv ...
  Error downloading https://landregistry.data.gov.uk/data/ppd/monthly/file-311-05.csv: Request failed with status code 406
Downloading https://landregistry.data.gov.uk/data/ppd/monthly/file-311-06.csv ...
  Error downloading https://landregistry.data.gov.uk/data/ppd/monthly/file-311-06.csv: Request failed with status code 406
Downloading https://landregistry.data.gov.uk/data/ppd/monthly/file-311-07.csv ...
  Error downloading https://landregistry.data.gov.uk/data/ppd/monthly/file-311-07.csv: Request failed with status code 406
Downloading https://landregistry.data.gov.uk/data/ppd/monthly/file-311-08.csv ...
  Error downloading https://landregistry.data.gov.uk/data/ppd/monthly/file-311-08.csv: Request failed with status code 406
Downloading https://landregistry.data.gov.uk/data/ppd/monthly/file-311-09.csv ...
  Error downloading https://landregistry.data.gov.uk/data/ppd/monthly/file-311-09.csv: Request failed with status code 406
Downloading https://landregistry.data.gov.uk/data/ppd/monthly/file-311-10.csv ...
  Error downloading https://landregistry.data.gov.uk/data/ppd/monthly/file-311-10.csv: Request failed with status code 406
Downloading https://landregistry.data.gov.uk/data/ppd/monthly/file-311-11.csv ...
  Error downloading https://landregistry.data.gov.uk/data/ppd/monthly/file-311-11.csv: Request failed with status code 406
Downloading https://landregistry.data.gov.uk/data/ppd/monthly/file-311-12.csv ...
  Error downloading https://landregistry.data.gov.uk/data/ppd/monthly/file-311-12.csv: Request failed with status code 406
Downloading https://landregistry.data.gov.uk/data/ppd/monthly/file-312-01.csv ...
  Error downloading https://landregistry.data.gov.uk/data/ppd/monthly/file-312-01.csv: Request failed with status code 406
Downloading https://landregistry.data.gov.uk/data/ppd/monthly/file-312-02.csv ...
  Error downloading https://landregistry.data.gov.uk/data/ppd/monthly/file-312-02.csv: Request failed with status code 406
Downloading https://landregistry.data.gov.uk/data/ppd/monthly/file-312-03.csv ...
  Error downloading https://landregistry.data.gov.uk/data/ppd/monthly/file-312-03.csv: Request failed with status code 406
Downloading https://landregistry.data.gov.uk/data/ppd/monthly/file-312-04.csv ...
  Error downloading https://landregistry.data.gov.uk/data/ppd/monthly/file-312-04.csv: Request failed with status code 406
Downloading https://landregistry.data.gov.uk/data/ppd/monthly/file-312-05.csv ...
  Error downloading https://landregistry.data.gov.uk/data/ppd/monthly/file-312-05.csv: Request failed with status code 406
Downloading https://landregistry.data.gov.uk/data/ppd/monthly/file-312-06.csv ...
  Error downloading https://landregistry.data.gov.uk/data/ppd/monthly/file-312-06.csv: Request failed with status code 406
Downloading https://landregistry.data.gov.uk/data/ppd/monthly/file-312-07.csv ...
  Error downloading https://landregistry.data.gov.uk/data/ppd/monthly/file-312-07.csv: Request failed with status code 406
Downloading https://landregistry.data.gov.uk/data/ppd/monthly/file-312-08.csv ...
  Error downloading https://landregistry.data.gov.uk/data/ppd/monthly/file-312-08.csv: Request failed with status code 406
Downloading https://landregistry.data.gov.uk/data/ppd/monthly/file-312-09.csv ...
  Error downloading https://landregistry.data.gov.uk/data/ppd/monthly/file-312-09.csv: Request failed with status code 406
Downloading https://landregistry.data.gov.uk/data/ppd/monthly/file-312-10.csv ...
  Error downloading https://landregistry.data.gov.uk/data/ppd/monthly/file-312-10.csv: Request failed with status code 406
Downloading https://landregistry.data.gov.uk/data/ppd/monthly/file-312-11.csv ...
  Error downloading https://landregistry.data.gov.uk/data/ppd/monthly/file-312-11.csv: Request failed with status code 406
Downloading https://landregistry.data.gov.uk/data/ppd/monthly/file-312-12.csv ...
  Error downloading https://landregistry.data.gov.uk/data/ppd/monthly/file-312-12.csv: Request failed with status code 406
Downloading https://landregistry.data.gov.uk/data/ppd/monthly/file-313-01.csv ...
  Error downloading https://landregistry.data.gov.uk/data/ppd/monthly/file-313-01.csv: Request failed with status code 406
Downloading https://landregistry.data.gov.uk/data/ppd/monthly/file-313-02.csv ...
  Error downloading https://landregistry.data.gov.uk/data/ppd/monthly/file-313-02.csv: Request failed with status code 406
Downloading https://landregistry.data.gov.uk/data/ppd/monthly/file-313-03.csv ...
  Error downloading https://landregistry.data.gov.uk/data/ppd/monthly/file-313-03.csv: Request failed with status code 406
Downloading https://landregistry.data.gov.uk/data/ppd/monthly/file-313-04.csv ...
  Error downloading https://landregistry.data.gov.uk/data/ppd/monthly/file-313-04.csv: Request failed with status code 406
Downloading https://landregistry.data.gov.uk/data/ppd/monthly/file-313-05.csv ...
  Error downloading https://landregistry.data.gov.uk/data/ppd/monthly/file-313-05.csv: Request failed with status code 406
Downloading https://landregistry.data.gov.uk/data/ppd/monthly/file-313-06.csv ...
  Error downloading https://landregistry.data.gov.uk/data/ppd/monthly/file-313-06.csv: Request failed with status code 406
Downloading https://landregistry.data.gov.uk/data/ppd/monthly/file-313-07.csv ...
  Error downloading https://landregistry.data.gov.uk/data/ppd/monthly/file-313-07.csv: Request failed with status code 406
Downloading https://landregistry.data.gov.uk/data/ppd/monthly/file-313-08.csv ...
  Error downloading https://landregistry.data.gov.uk/data/ppd/monthly/file-313-08.csv: Request failed with status code 406
Downloading https://landregistry.data.gov.uk/data/ppd/monthly/file-313-09.csv ...
  Error downloading https://landregistry.data.gov.uk/data/ppd/monthly/file-313-09.csv: Request failed with status code 406
Downloading https://landregistry.data.gov.uk/data/ppd/monthly/file-313-10.csv ...
  Error downloading https://landregistry.data.gov.uk/data/ppd/monthly/file-313-10.csv: Request failed with status code 406
Downloading https://landregistry.data.gov.uk/data/ppd/monthly/file-313-11.csv ...
  Error downloading https://landregistry.data.gov.uk/data/ppd/monthly/file-313-11.csv: Request failed with status code 406
Downloading https://landregistry.data.gov.uk/data/ppd/monthly/file-313-12.csv ...
  Error downloading https://landregistry.data.gov.uk/data/ppd/monthly/file-313-12.csv: Request failed with status code 406
Downloading https://landregistry.data.gov.uk/data/ppd/monthly/file-314-01.csv ...
  Error downloading https://landregistry.data.gov.uk/data/ppd/monthly/file-314-01.csv: Request failed with status code 406
Downloading https://landregistry.data.gov.uk/data/ppd/monthly/file-314-02.csv ...
  Error downloading https://landregistry.data.gov.uk/data/ppd/monthly/file-314-02.csv: Request failed with status code 406
Downloading https://landregistry.data.gov.uk/data/ppd/monthly/file-314-03.csv ...
  Error downloading https://landregistry.data.gov.uk/data/ppd/monthly/file-314-03.csv: Request failed with status code 406
Downloading https://landregistry.data.gov.uk/data/ppd/monthly/file-314-04.csv ...
  Error downloading https://landregistry.data.gov.uk/data/ppd/monthly/file-314-04.csv: Request failed with status code 406
Downloading https://landregistry.data.gov.uk/data/ppd/monthly/file-314-05.csv ...
  Error downloading https://landregistry.data.gov.uk/data/ppd/monthly/file-314-05.csv: Request failed with status code 406
Downloading https://landregistry.data.gov.uk/data/ppd/monthly/file-314-06.csv ...
  Error downloading https://landregistry.data.gov.uk/data/ppd/monthly/file-314-06.csv: Request failed with status code 406
Downloading https://landregistry.data.gov.uk/data/ppd/monthly/file-314-07.csv ...
  Error downloading https://landregistry.data.gov.uk/data/ppd/monthly/file-314-07.csv: Request failed with status code 406
Downloading https://landregistry.data.gov.uk/data/ppd/monthly/file-314-08.csv ...
  Error downloading https://landregistry.data.gov.uk/data/ppd/monthly/file-314-08.csv: Request failed with status code 406
Downloading https://landregistry.data.gov.uk/data/ppd/monthly/file-314-09.csv ...
  Error downloading https://landregistry.data.gov.uk/data/ppd/monthly/file-314-09.csv: Request failed with status code 406
Downloading https://landregistry.data.gov.uk/data/ppd/monthly/file-314-10.csv ...
  Error downloading https://landregistry.data.gov.uk/data/ppd/monthly/file-314-10.csv: Request failed with status code 406
Downloading https://landregistry.data.gov.uk/data/ppd/monthly/file-314-11.csv ...
  Error downloading https://landregistry.data.gov.uk/data/ppd/monthly/file-314-11.csv: Request failed with status code 406
Downloading https://landregistry.data.gov.uk/data/ppd/monthly/file-314-12.csv ...
  Error downloading https://landregistry.data.gov.uk/data/ppd/monthly/file-314-12.csv: Request failed with status code 406
Downloading https://landregistry.data.gov.uk/data/ppd/monthly/file-315-01.csv ...
  Error downloading https://landregistry.data.gov.uk/data/ppd/monthly/file-315-01.csv: Request failed with status code 406
Downloading https://landregistry.data.gov.uk/data/ppd/monthly/file-315-02.csv ...
  Error downloading https://landregistry.data.gov.uk/data/ppd/monthly/file-315-02.csv: Request failed with status code 406
Downloading https://landregistry.data.gov.uk/data/ppd/monthly/file-315-03.csv ...
  Error downloading https://landregistry.data.gov.uk/data/ppd/monthly/file-315-03.csv: Request failed with status code 406
Downloading https://landregistry.data.gov.uk/data/ppd/monthly/file-315-04.csv ...
  Error downloading https://landregistry.data.gov.uk/data/ppd/monthly/file-315-04.csv: Request failed with status code 406
Downloading https://landregistry.data.gov.uk/data/ppd/monthly/file-315-05.csv ...
  Error downloading https://landregistry.data.gov.uk/data/ppd/monthly/file-315-05.csv: Request failed with status code 406
Downloading https://landregistry.data.gov.uk/data/ppd/monthly/file-315-06.csv ...
  Error downloading https://landregistry.data.gov.uk/data/ppd/monthly/file-315-06.csv: Request failed with status code 406
Downloading https://landregistry.data.gov.uk/data/ppd/monthly/file-315-07.csv ...
  Error downloading https://landregistry.data.gov.uk/data/ppd/monthly/file-315-07.csv: Request failed with status code 406
Downloading https://landregistry.data.gov.uk/data/ppd/monthly/file-315-08.csv ...
  Error downloading https://landregistry.data.gov.uk/data/ppd/monthly/file-315-08.csv: Request failed with status code 406
Downloading https://landregistry.data.gov.uk/data/ppd/monthly/file-315-09.csv ...
  Error downloading https://landregistry.data.gov.uk/data/ppd/monthly/file-315-09.csv: Request failed with status code 406
Downloading https://landregistry.data.gov.uk/data/ppd/monthly/file-315-10.csv ...
  Error downloading https://landregistry.data.gov.uk/data/ppd/monthly/file-315-10.csv: Request failed with status code 406
Downloading https://landregistry.data.gov.uk/data/ppd/monthly/file-315-11.csv ...
  Error downloading https://landregistry.data.gov.uk/data/ppd/monthly/file-315-11.csv: Request failed with status code 406
Downloading https://landregistry.data.gov.uk/data/ppd/monthly/file-315-12.csv ...
  Error downloading https://landregistry.data.gov.uk/data/ppd/monthly/file-315-12.csv: Request failed with status code 406
Downloading https://landregistry.data.gov.uk/data/ppd/monthly/file-316-01.csv ...
  Error downloading https://landregistry.data.gov.uk/data/ppd/monthly/file-316-01.csv: Request failed with status code 406
Downloading https://landregistry.data.gov.uk/data/ppd/monthly/file-316-02.csv ...
  Error downloading https://landregistry.data.gov.uk/data/ppd/monthly/file-316-02.csv: Request failed with status code 406
Downloading https://landregistry.data.gov.uk/data/ppd/monthly/file-316-03.csv ...
  Error downloading https://landregistry.data.gov.uk/data/ppd/monthly/file-316-03.csv: Request failed with status code 406
Downloading https://landregistry.data.gov.uk/data/ppd/monthly/file-316-04.csv ...
  Error downloading https://landregistry.data.gov.uk/data/ppd/monthly/file-316-04.csv: Request failed with status code 406
Downloading https://landregistry.data.gov.uk/data/ppd/monthly/file-316-05.csv ...
  Error downloading https://landregistry.data.gov.uk/data/ppd/monthly/file-316-05.csv: Request failed with status code 406
Downloading https://landregistry.data.gov.uk/data/ppd/monthly/file-316-06.csv ...
  Error downloading https://landregistry.data.gov.uk/data/ppd/monthly/file-316-06.csv: Request failed with status code 406
Downloading https://landregistry.data.gov.uk/data/ppd/monthly/file-316-07.csv ...
  Error downloading https://landregistry.data.gov.uk/data/ppd/monthly/file-316-07.csv: Request failed with status code 406
Downloading https://landregistry.data.gov.uk/data/ppd/monthly/file-316-08.csv ...
  Error downloading https://landregistry.data.gov.uk/data/ppd/monthly/file-316-08.csv: Request failed with status code 406
Downloading https://landregistry.data.gov.uk/data/ppd/monthly/file-316-09.csv ...
  Error downloading https://landregistry.data.gov.uk/data/ppd/monthly/file-316-09.csv: Request failed with status code 406
Downloading https://landregistry.data.gov.uk/data/ppd/monthly/file-316-10.csv ...
  Error downloading https://landregistry.data.gov.uk/data/ppd/monthly/file-316-10.csv: Request failed with status code 406
Downloading https://landregistry.data.gov.uk/data/ppd/monthly/file-316-11.csv ...
  Error downloading https://landregistry.data.gov.uk/data/ppd/monthly/file-316-11.csv: Request failed with status code 406
Downloading https://landregistry.data.gov.uk/data/ppd/monthly/file-316-12.csv ...
  Error downloading https://landregistry.data.gov.uk/data/ppd/monthly/file-316-12.csv: Request failed with status code 406
Downloading https://landregistry.data.gov.uk/data/ppd/monthly/file-317-01.csv ...
  Error downloading https://landregistry.data.gov.uk/data/ppd/monthly/file-317-01.csv: Request failed with status code 406
Downloading https://landregistry.data.gov.uk/data/ppd/monthly/file-317-02.csv ...
  Error downloading https://landregistry.data.gov.uk/data/ppd/monthly/file-317-02.csv: Request failed with status code 406
Downloading https://landregistry.data.gov.uk/data/ppd/monthly/file-317-03.csv ...
  Error downloading https://landregistry.data.gov.uk/data/ppd/monthly/file-317-03.csv: Request failed with status code 406
Downloading https://landregistry.data.gov.uk/data/ppd/monthly/file-317-04.csv ...
  Error downloading https://landregistry.data.gov.uk/data/ppd/monthly/file-317-04.csv: Request failed with status code 406
Downloading https://landregistry.data.gov.uk/data/ppd/monthly/file-317-05.csv ...
  Error downloading https://landregistry.data.gov.uk/data/ppd/monthly/file-317-05.csv: Request failed with status code 406
Downloading https://landregistry.data.gov.uk/data/ppd/monthly/file-317-06.csv ...
  Error downloading https://landregistry.data.gov.uk/data/ppd/monthly/file-317-06.csv: Request failed with status code 406
Downloading https://landregistry.data.gov.uk/data/ppd/monthly/file-317-07.csv ...
  Error downloading https://landregistry.data.gov.uk/data/ppd/monthly/file-317-07.csv: Request failed with status code 406
Downloading https://landregistry.data.gov.uk/data/ppd/monthly/file-317-08.csv ...
  Error downloading https://landregistry.data.gov.uk/data/ppd/monthly/file-317-08.csv: Request failed with status code 406
Downloading https://landregistry.data.gov.uk/data/ppd/monthly/file-317-09.csv ...
  Error downloading https://landregistry.data.gov.uk/data/ppd/monthly/file-317-09.csv: Request failed with status code 406
Downloading https://landregistry.data.gov.uk/data/ppd/monthly/file-317-10.csv ...
  Error downloading https://landregistry.data.gov.uk/data/ppd/monthly/file-317-10.csv: Request failed with status code 406
Downloading https://landregistry.data.gov.uk/data/ppd/monthly/file-317-11.csv ...
  Error downloading https://landregistry.data.gov.uk/data/ppd/monthly/file-317-11.csv: Request failed with status code 406
Downloading https://landregistry.data.gov.uk/data/ppd/monthly/file-317-12.csv ...
  Error downloading https://landregistry.data.gov.uk/data/ppd/monthly/file-317-12.csv: Request failed with status code 406
Downloading https://landregistry.data.gov.uk/data/ppd/monthly/file-318-01.csv ...
  Error downloading https://landregistry.data.gov.uk/data/ppd/monthly/file-318-01.csv: Request failed with status code 406
Downloading https://landregistry.data.gov.uk/data/ppd/monthly/file-318-02.csv ...
  Error downloading https://landregistry.data.gov.uk/data/ppd/monthly/file-318-02.csv: Request failed with status code 406
Downloading https://landregistry.data.gov.uk/data/ppd/monthly/file-318-03.csv ...
  Error downloading https://landregistry.data.gov.uk/data/ppd/monthly/file-318-03.csv: Request failed with status code 406
Downloading https://landregistry.data.gov.uk/data/ppd/monthly/file-318-04.csv ...
  Error downloading https://landregistry.data.gov.uk/data/ppd/monthly/file-318-04.csv: Request failed with status code 406
Downloading https://landregistry.data.gov.uk/data/ppd/monthly/file-318-05.csv ...
  Error downloading https://landregistry.data.gov.uk/data/ppd/monthly/file-318-05.csv: Request failed with status code 406
Downloading https://landregistry.data.gov.uk/data/ppd/monthly/file-318-06.csv ...
  Error downloading https://landregistry.data.gov.uk/data/ppd/monthly/file-318-06.csv: Request failed with status code 406
Downloading https://landregistry.data.gov.uk/data/ppd/monthly/file-318-07.csv ...
  Error downloading https://landregistry.data.gov.uk/data/ppd/monthly/file-318-07.csv: Request failed with status code 406
Downloading https://landregistry.data.gov.uk/data/ppd/monthly/file-318-08.csv ...
  Error downloading https://landregistry.data.gov.uk/data/ppd/monthly/file-318-08.csv: Request failed with status code 406
Downloading https://landregistry.data.gov.uk/data/ppd/monthly/file-318-09.csv ...
  Error downloading https://landregistry.data.gov.uk/data/ppd/monthly/file-318-09.csv: Request failed with status code 406
Downloading https://landregistry.data.gov.uk/data/ppd/monthly/file-318-10.csv ...
  Error downloading https://landregistry.data.gov.uk/data/ppd/monthly/file-318-10.csv: Request failed with status code 406
Downloading https://landregistry.data.gov.uk/data/ppd/monthly/file-318-11.csv ...
  Error downloading https://landregistry.data.gov.uk/data/ppd/monthly/file-318-11.csv: Request failed with status code 406
Downloading https://landregistry.data.gov.uk/data/ppd/monthly/file-318-12.csv ...
  Error downloading https://landregistry.data.gov.uk/data/ppd/monthly/file-318-12.csv: Request failed with status code 406
Downloading https://landregistry.data.gov.uk/data/ppd/monthly/file-319-01.csv ...
  Error downloading https://landregistry.data.gov.uk/data/ppd/monthly/file-319-01.csv: Request failed with status code 406
Downloading https://landregistry.data.gov.uk/data/ppd/monthly/file-319-02.csv ...
  Error downloading https://landregistry.data.gov.uk/data/ppd/monthly/file-319-02.csv: Request failed with status code 406
Downloading https://landregistry.data.gov.uk/data/ppd/monthly/file-319-03.csv ...
  Error downloading https://landregistry.data.gov.uk/data/ppd/monthly/file-319-03.csv: Request failed with status code 406
Downloading https://landregistry.data.gov.uk/data/ppd/monthly/file-319-04.csv ...
  Error downloading https://landregistry.data.gov.uk/data/ppd/monthly/file-319-04.csv: Request failed with status code 406
Downloading https://landregistry.data.gov.uk/data/ppd/monthly/file-319-05.csv ...
  Error downloading https://landregistry.data.gov.uk/data/ppd/monthly/file-319-05.csv: Request failed with status code 406
Downloading https://landregistry.data.gov.uk/data/ppd/monthly/file-319-06.csv ...
  Error downloading https://landregistry.data.gov.uk/data/ppd/monthly/file-319-06.csv: Request failed with status code 406
Downloading https://landregistry.data.gov.uk/data/ppd/monthly/file-319-07.csv ...
  Error downloading https://landregistry.data.gov.uk/data/ppd/monthly/file-319-07.csv: Request failed with status code 406
Downloading https://landregistry.data.gov.uk/data/ppd/monthly/file-319-08.csv ...
  Error downloading https://landregistry.data.gov.uk/data/ppd/monthly/file-319-08.csv: Request failed with status code 406
Downloading https://landregistry.data.gov.uk/data/ppd/monthly/file-319-09.csv ...
  Error downloading https://landregistry.data.gov.uk/data/ppd/monthly/file-319-09.csv: Request failed with status code 406
Downloading https://landregistry.data.gov.uk/data/ppd/monthly/file-319-10.csv ...
  Error downloading https://landregistry.data.gov.uk/data/ppd/monthly/file-319-10.csv: Request failed with status code 406
Downloading https://landregistry.data.gov.uk/data/ppd/monthly/file-319-11.csv ...
  Error downloading https://landregistry.data.gov.uk/data/ppd/monthly/file-319-11.csv: Request failed with status code 406
Downloading https://landregistry.data.gov.uk/data/ppd/monthly/file-319-12.csv ...
  Error downloading https://landregistry.data.gov.uk/data/ppd/monthly/file-319-12.csv: Request failed with status code 406
Downloading https://landregistry.data.gov.uk/data/ppd/monthly/file-320-01.csv ...
  Error downloading https://landregistry.data.gov.uk/data/ppd/monthly/file-320-01.csv: Request failed with status code 406
Downloading https://landregistry.data.gov.uk/data/ppd/monthly/file-320-02.csv ...
  Error downloading https://landregistry.data.gov.uk/data/ppd/monthly/file-320-02.csv: Request failed with status code 406
Downloading https://landregistry.data.gov.uk/data/ppd/monthly/file-320-03.csv ...
  Error downloading https://landregistry.data.gov.uk/data/ppd/monthly/file-320-03.csv: Request failed with status code 406
Downloading https://landregistry.data.gov.uk/data/ppd/monthly/file-320-04.csv ...
  Error downloading https://landregistry.data.gov.uk/data/ppd/monthly/file-320-04.csv: Request failed with status code 406
Downloading https://landregistry.data.gov.uk/data/ppd/monthly/file-320-05.csv ...
  Error downloading https://landregistry.data.gov.uk/data/ppd/monthly/file-320-05.csv: Request failed with status code 406
Downloading https://landregistry.data.gov.uk/data/ppd/monthly/file-320-06.csv ...
  Error downloading https://landregistry.data.gov.uk/data/ppd/monthly/file-320-06.csv: Request failed with status code 406
Downloading https://landregistry.data.gov.uk/data/ppd/monthly/file-320-07.csv ...
  Error downloading https://landregistry.data.gov.uk/data/ppd/monthly/file-320-07.csv: Request failed with status code 406
Downloading https://landregistry.data.gov.uk/data/ppd/monthly/file-320-08.csv ...
  Error downloading https://landregistry.data.gov.uk/data/ppd/monthly/file-320-08.csv: Request failed with status code 406
Downloading https://landregistry.data.gov.uk/data/ppd/monthly/file-320-09.csv ...
  Error downloading https://landregistry.data.gov.uk/data/ppd/monthly/file-320-09.csv: Request failed with status code 406
Downloading https://landregistry.data.gov.uk/data/ppd/monthly/file-320-10.csv ...
  Error downloading https://landregistry.data.gov.uk/data/ppd/monthly/file-320-10.csv: Request failed with status code 406
Downloading https://landregistry.data.gov.uk/data/ppd/monthly/file-320-11.csv ...
  Error downloading https://landregistry.data.gov.uk/data/ppd/monthly/file-320-11.csv: Request failed with status code 406
Downloading https://landregistry.data.gov.uk/data/ppd/monthly/file-320-12.csv ...
  Error downloading https://landregistry.data.gov.uk/data/ppd/monthly/file-320-12.csv: Request failed with status code 406
Downloading https://landregistry.data.gov.uk/data/ppd/monthly/file-321-01.csv ...
  Error downloading https://landregistry.data.gov.uk/data/ppd/monthly/file-321-01.csv: Request failed with status code 406
Downloading https://landregistry.data.gov.uk/data/ppd/monthly/file-321-02.csv ...
  Error downloading https://landregistry.data.gov.uk/data/ppd/monthly/file-321-02.csv: Request failed with status code 406
Downloading https://landregistry.data.gov.uk/data/ppd/monthly/file-321-03.csv ...
  Error downloading https://landregistry.data.gov.uk/data/ppd/monthly/file-321-03.csv: Request failed with status code 406
Downloading https://landregistry.data.gov.uk/data/ppd/monthly/file-321-04.csv ...
  Error downloading https://landregistry.data.gov.uk/data/ppd/monthly/file-321-04.csv: Request failed with status code 406
Downloading https://landregistry.data.gov.uk/data/ppd/monthly/file-321-05.csv ...
  Error downloading https://landregistry.data.gov.uk/data/ppd/monthly/file-321-05.csv: Request failed with status code 406
Downloading https://landregistry.data.gov.uk/data/ppd/monthly/file-321-06.csv ...
  Error downloading https://landregistry.data.gov.uk/data/ppd/monthly/file-321-06.csv: Request failed with status code 406
Downloading https://landregistry.data.gov.uk/data/ppd/monthly/file-321-07.csv ...
  Error downloading https://landregistry.data.gov.uk/data/ppd/monthly/file-321-07.csv: Request failed with status code 406
Downloading https://landregistry.data.gov.uk/data/ppd/monthly/file-321-08.csv ...
  Error downloading https://landregistry.data.gov.uk/data/ppd/monthly/file-321-08.csv: Request failed with status code 406
Downloading https://landregistry.data.gov.uk/data/ppd/monthly/file-321-09.csv ...
  Error downloading https://landregistry.data.gov.uk/data/ppd/monthly/file-321-09.csv: Request failed with status code 406
Downloading https://landregistry.data.gov.uk/data/ppd/monthly/file-321-10.csv ...
  Error downloading https://landregistry.data.gov.uk/data/ppd/monthly/file-321-10.csv: Request failed with status code 406
Downloading https://landregistry.data.gov.uk/data/ppd/monthly/file-321-11.csv ...
  Error downloading https://landregistry.data.gov.uk/data/ppd/monthly/file-321-11.csv: Request failed with status code 406
Downloading https://landregistry.data.gov.uk/data/ppd/monthly/file-321-12.csv ...
  Error downloading https://landregistry.data.gov.uk/data/ppd/monthly/file-321-12.csv: Request failed with status code 406
Downloading https://landregistry.data.gov.uk/data/ppd/monthly/file-322-01.csv ...
  Error downloading https://landregistry.data.gov.uk/data/ppd/monthly/file-322-01.csv: Request failed with status code 406
Downloading https://landregistry.data.gov.uk/data/ppd/monthly/file-322-02.csv ...
  Error downloading https://landregistry.data.gov.uk/data/ppd/monthly/file-322-02.csv: Request failed with status code 406
Downloading https://landregistry.data.gov.uk/data/ppd/monthly/file-322-03.csv ...
  Error downloading https://landregistry.data.gov.uk/data/ppd/monthly/file-322-03.csv: Request failed with status code 406
Downloading https://landregistry.data.gov.uk/data/ppd/monthly/file-322-04.csv ...
  Error downloading https://landregistry.data.gov.uk/data/ppd/monthly/file-322-04.csv: Request failed with status code 406
Downloading https://landregistry.data.gov.uk/data/ppd/monthly/file-322-05.csv ...
  Error downloading https://landregistry.data.gov.uk/data/ppd/monthly/file-322-05.csv: Request failed with status code 406
Downloading https://landregistry.data.gov.uk/data/ppd/monthly/file-322-06.csv ...
  Error downloading https://landregistry.data.gov.uk/data/ppd/monthly/file-322-06.csv: Request failed with status code 406
Downloading https://landregistry.data.gov.uk/data/ppd/monthly/file-322-07.csv ...
  Error downloading https://landregistry.data.gov.uk/data/ppd/monthly/file-322-07.csv: Request failed with status code 406
Downloading https://landregistry.data.gov.uk/data/ppd/monthly/file-322-08.csv ...
  Error downloading https://landregistry.data.gov.uk/data/ppd/monthly/file-322-08.csv: Request failed with status code 406
Downloading https://landregistry.data.gov.uk/data/ppd/monthly/file-322-09.csv ...
  Error downloading https://landregistry.data.gov.uk/data/ppd/monthly/file-322-09.csv: Request failed with status code 406
Downloading https://landregistry.data.gov.uk/data/ppd/monthly/file-322-10.csv ...
  Error downloading https://landregistry.data.gov.uk/data/ppd/monthly/file-322-10.csv: Request failed with status code 406
Downloading https://landregistry.data.gov.uk/data/ppd/monthly/file-322-11.csv ...
  Error downloading https://landregistry.data.gov.uk/data/ppd/monthly/file-322-11.csv: Request failed with status code 406
Downloading https://landregistry.data.gov.uk/data/ppd/monthly/file-322-12.csv ...
  Error downloading https://landregistry.data.gov.uk/data/ppd/monthly/file-322-12.csv: Request failed with status code 406
Downloading https://landregistry.data.gov.uk/data/ppd/monthly/file-323-01.csv ...
  Error downloading https://landregistry.data.gov.uk/data/ppd/monthly/file-323-01.csv: Request failed with status code 406
Downloading https://landregistry.data.gov.uk/data/ppd/monthly/file-323-02.csv ...
  Error downloading https://landregistry.data.gov.uk/data/ppd/monthly/file-323-02.csv: Request failed with status code 406
Downloading https://landregistry.data.gov.uk/data/ppd/monthly/file-323-03.csv ...
  Error downloading https://landregistry.data.gov.uk/data/ppd/monthly/file-323-03.csv: Request failed with status code 406
Downloading https://landregistry.data.gov.uk/data/ppd/monthly/file-323-04.csv ...
  Error downloading https://landregistry.data.gov.uk/data/ppd/monthly/file-323-04.csv: Request failed with status code 406
Downloading https://landregistry.data.gov.uk/data/ppd/monthly/file-323-05.csv ...
  Error downloading https://landregistry.data.gov.uk/data/ppd/monthly/file-323-05.csv: Request failed with status code 406
Downloading https://landregistry.data.gov.uk/data/ppd/monthly/file-323-06.csv ...
  Error downloading https://landregistry.data.gov.uk/data/ppd/monthly/file-323-06.csv: Request failed with status code 406
Downloading https://landregistry.data.gov.uk/data/ppd/monthly/file-323-07.csv ...
  Error downloading https://landregistry.data.gov.uk/data/ppd/monthly/file-323-07.csv: Request failed with status code 406
Downloading https://landregistry.data.gov.uk/data/ppd/monthly/file-323-08.csv ...
  Error downloading https://landregistry.data.gov.uk/data/ppd/monthly/file-323-08.csv: Request failed with status code 406
Downloading https://landregistry.data.gov.uk/data/ppd/monthly/file-323-09.csv ...
  Error downloading https://landregistry.data.gov.uk/data/ppd/monthly/file-323-09.csv: Request failed with status code 406
Downloading https://landregistry.data.gov.uk/data/ppd/monthly/file-323-10.csv ...
  Error downloading https://landregistry.data.gov.uk/data/ppd/monthly/file-323-10.csv: Request failed with status code 406
Downloading https://landregistry.data.gov.uk/data/ppd/monthly/file-323-11.csv ...
  Error downloading https://landregistry.data.gov.uk/data/ppd/monthly/file-323-11.csv: Request failed with status code 406
Downloading https://landregistry.data.gov.uk/data/ppd/monthly/file-323-12.csv ...
  Error downloading https://landregistry.data.gov.uk/data/ppd/monthly/file-323-12.csv: Request failed with status code 406
Downloading https://landregistry.data.gov.uk/data/ppd/monthly/file-324-01.csv ...
  Error downloading https://landregistry.data.gov.uk/data/ppd/monthly/file-324-01.csv: Request failed with status code 406
Downloading https://landregistry.data.gov.uk/data/ppd/monthly/file-324-02.csv ...
  Error downloading https://landregistry.data.gov.uk/data/ppd/monthly/file-324-02.csv: Request failed with status code 406
Downloading https://landregistry.data.gov.uk/data/ppd/monthly/file-324-03.csv ...
  Error downloading https://landregistry.data.gov.uk/data/ppd/monthly/file-324-03.csv: Request failed with status code 406
Downloading https://landregistry.data.gov.uk/data/ppd/monthly/file-324-04.csv ...
  Error downloading https://landregistry.data.gov.uk/data/ppd/monthly/file-324-04.csv: Request failed with status code 406
Downloading https://landregistry.data.gov.uk/data/ppd/monthly/file-324-05.csv ...
  Error downloading https://landregistry.data.gov.uk/data/ppd/monthly/file-324-05.csv: Request failed with status code 406
Downloading https://landregistry.data.gov.uk/data/ppd/monthly/file-324-06.csv ...
  Error downloading https://landregistry.data.gov.uk/data/ppd/monthly/file-324-06.csv: Request failed with status code 406
Downloading https://landregistry.data.gov.uk/data/ppd/monthly/file-324-07.csv ...
  Error downloading https://landregistry.data.gov.uk/data/ppd/monthly/file-324-07.csv: Request failed with status code 406
Downloading https://landregistry.data.gov.uk/data/ppd/monthly/file-324-08.csv ...
  Error downloading https://landregistry.data.gov.uk/data/ppd/monthly/file-324-08.csv: Request failed with status code 406
Downloading https://landregistry.data.gov.uk/data/ppd/monthly/file-324-09.csv ...
  Error downloading https://landregistry.data.gov.uk/data/ppd/monthly/file-324-09.csv: Request failed with status code 406
Downloading https://landregistry.data.gov.uk/data/ppd/monthly/file-324-10.csv ...
  Error downloading https://landregistry.data.gov.uk/data/ppd/monthly/file-324-10.csv: Request failed with status code 406
Downloading https://landregistry.data.gov.uk/data/ppd/monthly/file-324-11.csv ...
  Error downloading https://landregistry.data.gov.uk/data/ppd/monthly/file-324-11.csv: Request failed with status code 406
Downloading https://landregistry.data.gov.uk/data/ppd/monthly/file-324-12.csv ...
  Error downloading https://landregistry.data.gov.uk/data/ppd/monthly/file-324-12.csv: Request failed with status code 406
Downloading https://landregistry.data.gov.uk/data/ppd/monthly/file-325-01.csv ...
  Error downloading https://landregistry.data.gov.uk/data/ppd/monthly/file-325-01.csv: Request failed with status code 406
Downloading https://landregistry.data.gov.uk/data/ppd/monthly/file-325-02.csv ...
  Error downloading https://landregistry.data.gov.uk/data/ppd/monthly/file-325-02.csv: Request failed with status code 406
Downloading https://landregistry.data.gov.uk/data/ppd/monthly/file-325-03.csv ...
  Error downloading https://landregistry.data.gov.uk/data/ppd/monthly/file-325-03.csv: Request failed with status code 406
Downloading https://landregistry.data.gov.uk/data/ppd/monthly/file-325-04.csv ...
  Error downloading https://landregistry.data.gov.uk/data/ppd/monthly/file-325-04.csv: Request failed with status code 406
Downloading https://landregistry.data.gov.uk/data/ppd/monthly/file-325-05.csv ...
  Error downloading https://landregistry.data.gov.uk/data/ppd/monthly/file-325-05.csv: Request failed with status code 406
Downloading https://landregistry.data.gov.uk/data/ppd/monthly/file-325-06.csv ...
  Error downloading https://landregistry.data.gov.uk/data/ppd/monthly/file-325-06.csv: Request failed with status code 406
Downloading https://landregistry.data.gov.uk/data/ppd/monthly/file-325-07.csv ...
  Error downloading https://landregistry.data.gov.uk/data/ppd/monthly/file-325-07.csv: Request failed with status code 406
Downloading https://landregistry.data.gov.uk/data/ppd/monthly/file-325-08.csv ...
  Error downloading https://landregistry.data.gov.uk/data/ppd/monthly/file-325-08.csv: Request failed with status code 406
Downloading https://landregistry.data.gov.uk/data/ppd/monthly/file-325-09.csv ...
  Error downloading https://landregistry.data.gov.uk/data/ppd/monthly/file-325-09.csv: Request failed with status code 406
Downloading https://landregistry.data.gov.uk/data/ppd/monthly/file-325-10.csv ...
  Error downloading https://landregistry.data.gov.uk/data/ppd/monthly/file-325-10.csv: Request failed with status code 406
Downloading https://landregistry.data.gov.uk/data/ppd/monthly/file-325-11.csv ...
  Error downloading https://landregistry.data.gov.uk/data/ppd/monthly/file-325-11.csv: Request failed with status code 406
Downloading https://landregistry.data.gov.uk/data/ppd/monthly/file-325-12.csv ...
  Error downloading https://landregistry.data.gov.uk/data/ppd/monthly/file-325-12.csv: Request failed with status code 406
Downloading https://landregistry.data.gov.uk/data/ppd/monthly/file-326-01.csv ...
  Error downloading https://landregistry.data.gov.uk/data/ppd/monthly/file-326-01.csv: Request failed with status code 406
Downloading https://landregistry.data.gov.uk/data/ppd/monthly/file-326-02.csv ...
  Error downloading https://landregistry.data.gov.uk/data/ppd/monthly/file-326-02.csv: Request failed with status code 406
Downloading https://landregistry.data.gov.uk/data/ppd/monthly/file-326-03.csv ...
  Error downloading https://landregistry.data.gov.uk/data/ppd/monthly/file-326-03.csv: Request failed with status code 406
Downloading https://landregistry.data.gov.uk/data/ppd/monthly/file-326-04.csv ...
  Error downloading https://landregistry.data.gov.uk/data/ppd/monthly/file-326-04.csv: Request failed with status code 406
Downloading https://landregistry.data.gov.uk/data/ppd/monthly/file-326-05.csv ...
  Error downloading https://landregistry.data.gov.uk/data/ppd/monthly/file-326-05.csv: Request failed with status code 406
Downloading https://landregistry.data.gov.uk/data/ppd/monthly/file-326-06.csv ...
  Error downloading https://landregistry.data.gov.uk/data/ppd/monthly/file-326-06.csv: Request failed with status code 406
Downloading https://landregistry.data.gov.uk/data/ppd/monthly/file-326-07.csv ...
  Error downloading https://landregistry.data.gov.uk/data/ppd/monthly/file-326-07.csv: Request failed with status code 406
Downloading https://landregistry.data.gov.uk/data/ppd/monthly/file-326-08.csv ...
  Error downloading https://landregistry.data.gov.uk/data/ppd/monthly/file-326-08.csv: Request failed with status code 406
Downloading https://landregistry.data.gov.uk/data/ppd/monthly/file-326-09.csv ...
  Error downloading https://landregistry.data.gov.uk/data/ppd/monthly/file-326-09.csv: Request failed with status code 406
Downloading https://landregistry.data.gov.uk/data/ppd/monthly/file-326-10.csv ...
  Error downloading https://landregistry.data.gov.uk/data/ppd/monthly/file-326-10.csv: Request failed with status code 406
Downloading https://landregistry.data.gov.uk/data/ppd/monthly/file-326-11.csv ...
  Error downloading https://landregistry.data.gov.uk/data/ppd/monthly/file-326-11.csv: Request failed with status code 406
Downloading https://landregistry.data.gov.uk/data/ppd/monthly/file-326-12.csv ...
  Error downloading https://landregistry.data.gov.uk/data/ppd/monthly/file-326-12.csv: Request failed with status code 406
Downloading https://landregistry.data.gov.uk/data/ppd/monthly/file-327-01.csv ...
  Error downloading https://landregistry.data.gov.uk/data/ppd/monthly/file-327-01.csv: Request failed with status code 406
Downloading https://landregistry.data.gov.uk/data/ppd/monthly/file-327-02.csv ...
  Error downloading https://landregistry.data.gov.uk/data/ppd/monthly/file-327-02.csv: Request failed with status code 406
Downloading https://landregistry.data.gov.uk/data/ppd/monthly/file-327-03.csv ...
  Error downloading https://landregistry.data.gov.uk/data/ppd/monthly/file-327-03.csv: Request failed with status code 406
Downloading https://landregistry.data.gov.uk/data/ppd/monthly/file-327-04.csv ...
  Error downloading https://landregistry.data.gov.uk/data/ppd/monthly/file-327-04.csv: Request failed with status code 406
Downloading https://landregistry.data.gov.uk/data/ppd/monthly/file-327-05.csv ...
  Error downloading https://landregistry.data.gov.uk/data/ppd/monthly/file-327-05.csv: Request failed with status code 406
Downloading https://landregistry.data.gov.uk/data/ppd/monthly/file-327-06.csv ...
  Error downloading https://landregistry.data.gov.uk/data/ppd/monthly/file-327-06.csv: Request failed with status code 406
Downloading https://landregistry.data.gov.uk/data/ppd/monthly/file-327-07.csv ...
  Error downloading https://landregistry.data.gov.uk/data/ppd/monthly/file-327-07.csv: Request failed with status code 406
Downloading https://landregistry.data.gov.uk/data/ppd/monthly/file-327-08.csv ...
  Error downloading https://landregistry.data.gov.uk/data/ppd/monthly/file-327-08.csv: Request failed with status code 406
Downloading https://landregistry.data.gov.uk/data/ppd/monthly/file-327-09.csv ...
  Error downloading https://landregistry.data.gov.uk/data/ppd/monthly/file-327-09.csv: Request failed with status code 406
Downloading https://landregistry.data.gov.uk/data/ppd/monthly/file-327-10.csv ...
  Error downloading https://landregistry.data.gov.uk/data/ppd/monthly/file-327-10.csv: Request failed with status code 406
Downloading https://landregistry.data.gov.uk/data/ppd/monthly/file-327-11.csv ...
  Error downloading https://landregistry.data.gov.uk/data/ppd/monthly/file-327-11.csv: Request failed with status code 406
Downloading https://landregistry.data.gov.uk/data/ppd/monthly/file-327-12.csv ...
  Error downloading https://landregistry.data.gov.uk/data/ppd/monthly/file-327-12.csv: Request failed with status code 406
Downloading https://landregistry.data.gov.uk/data/ppd/monthly/file-328-01.csv ...
  Error downloading https://landregistry.data.gov.uk/data/ppd/monthly/file-328-01.csv: Request failed with status code 406
Downloading https://landregistry.data.gov.uk/data/ppd/monthly/file-328-02.csv ...
  Error downloading https://landregistry.data.gov.uk/data/ppd/monthly/file-328-02.csv: Request failed with status code 406
Downloading https://landregistry.data.gov.uk/data/ppd/monthly/file-328-03.csv ...
  Error downloading https://landregistry.data.gov.uk/data/ppd/monthly/file-328-03.csv: Request failed with status code 406
Downloading https://landregistry.data.gov.uk/data/ppd/monthly/file-328-04.csv ...
  Error downloading https://landregistry.data.gov.uk/data/ppd/monthly/file-328-04.csv: Request failed with status code 406
Downloading https://landregistry.data.gov.uk/data/ppd/monthly/file-328-05.csv ...
  Error downloading https://landregistry.data.gov.uk/data/ppd/monthly/file-328-05.csv: Request failed with status code 406
Downloading https://landregistry.data.gov.uk/data/ppd/monthly/file-328-06.csv ...
  Error downloading https://landregistry.data.gov.uk/data/ppd/monthly/file-328-06.csv: Request failed with status code 406
Downloading https://landregistry.data.gov.uk/data/ppd/monthly/file-328-07.csv ...
  Error downloading https://landregistry.data.gov.uk/data/ppd/monthly/file-328-07.csv: Request failed with status code 406
Downloading https://landregistry.data.gov.uk/data/ppd/monthly/file-328-08.csv ...
  Error downloading https://landregistry.data.gov.uk/data/ppd/monthly/file-328-08.csv: Request failed with status code 406
Downloading https://landregistry.data.gov.uk/data/ppd/monthly/file-328-09.csv ...
  Error downloading https://landregistry.data.gov.uk/data/ppd/monthly/file-328-09.csv: Request failed with status code 406
Downloading https://landregistry.data.gov.uk/data/ppd/monthly/file-328-10.csv ...
  Error downloading https://landregistry.data.gov.uk/data/ppd/monthly/file-328-10.csv: Request failed with status code 406
Downloading https://landregistry.data.gov.uk/data/ppd/monthly/file-328-11.csv ...
  Error downloading https://landregistry.data.gov.uk/data/ppd/monthly/file-328-11.csv: Request failed with status code 406
Downloading https://landregistry.data.gov.uk/data/ppd/monthly/file-328-12.csv ...
  Error downloading https://landregistry.data.gov.uk/data/ppd/monthly/file-328-12.csv: Request failed with status code 406
Downloading https://landregistry.data.gov.uk/data/ppd/monthly/file-329-01.csv ...
  Error downloading https://landregistry.data.gov.uk/data/ppd/monthly/file-329-01.csv: Request failed with status code 406
Downloading https://landregistry.data.gov.uk/data/ppd/monthly/file-329-02.csv ...
  Error downloading https://landregistry.data.gov.uk/data/ppd/monthly/file-329-02.csv: Request failed with status code 406
Downloading https://landregistry.data.gov.uk/data/ppd/monthly/file-329-03.csv ...
  Error downloading https://landregistry.data.gov.uk/data/ppd/monthly/file-329-03.csv: Request failed with status code 406
Downloading https://landregistry.data.gov.uk/data/ppd/monthly/file-329-04.csv ...
  Error downloading https://landregistry.data.gov.uk/data/ppd/monthly/file-329-04.csv: Request failed with status code 406
Downloading https://landregistry.data.gov.uk/data/ppd/monthly/file-329-05.csv ...
  Error downloading https://landregistry.data.gov.uk/data/ppd/monthly/file-329-05.csv: Request failed with status code 406
Downloading https://landregistry.data.gov.uk/data/ppd/monthly/file-329-06.csv ...
  Error downloading https://landregistry.data.gov.uk/data/ppd/monthly/file-329-06.csv: Request failed with status code 406
Downloading https://landregistry.data.gov.uk/data/ppd/monthly/file-329-07.csv ...
  Error downloading https://landregistry.data.gov.uk/data/ppd/monthly/file-329-07.csv: Request failed with status code 406
Downloading https://landregistry.data.gov.uk/data/ppd/monthly/file-329-08.csv ...
  Error downloading https://landregistry.data.gov.uk/data/ppd/monthly/file-329-08.csv: Request failed with status code 406
Downloading https://landregistry.data.gov.uk/data/ppd/monthly/file-329-09.csv ...
  Error downloading https://landregistry.data.gov.uk/data/ppd/monthly/file-329-09.csv: Request failed with status code 406
Downloading https://landregistry.data.gov.uk/data/ppd/monthly/file-329-10.csv ...
  Error downloading https://landregistry.data.gov.uk/data/ppd/monthly/file-329-10.csv: Request failed with status code 406
Downloading https://landregistry.data.gov.uk/data/ppd/monthly/file-329-11.csv ...
  Error downloading https://landregistry.data.gov.uk/data/ppd/monthly/file-329-11.csv: Request failed with status code 406
Downloading https://landregistry.data.gov.uk/data/ppd/monthly/file-329-12.csv ...
  Error downloading https://landregistry.data.gov.uk/data/ppd/monthly/file-329-12.csv: Request failed with status code 406
Downloading https://landregistry.data.gov.uk/data/ppd/monthly/file-330-01.csv ...
  Error downloading https://landregistry.data.gov.uk/data/ppd/monthly/file-330-01.csv: Request failed with status code 406
Downloading https://landregistry.data.gov.uk/data/ppd/monthly/file-330-02.csv ...
  Error downloading https://landregistry.data.gov.uk/data/ppd/monthly/file-330-02.csv: Request failed with status code 406
Downloading https://landregistry.data.gov.uk/data/ppd/monthly/file-330-03.csv ...
  Error downloading https://landregistry.data.gov.uk/data/ppd/monthly/file-330-03.csv: Request failed with status code 406
Downloading https://landregistry.data.gov.uk/data/ppd/monthly/file-330-04.csv ...
  Error downloading https://landregistry.data.gov.uk/data/ppd/monthly/file-330-04.csv: Request failed with status code 406
Downloading https://landregistry.data.gov.uk/data/ppd/monthly/file-330-05.csv ...
  Error downloading https://landregistry.data.gov.uk/data/ppd/monthly/file-330-05.csv: Request failed with status code 406
Downloading https://landregistry.data.gov.uk/data/ppd/monthly/file-330-06.csv ...
  Error downloading https://landregistry.data.gov.uk/data/ppd/monthly/file-330-06.csv: Request failed with status code 406
Downloading https://landregistry.data.gov.uk/data/ppd/monthly/file-330-07.csv ...
  Error downloading https://landregistry.data.gov.uk/data/ppd/monthly/file-330-07.csv: Request failed with status code 406
Downloading https://landregistry.data.gov.uk/data/ppd/monthly/file-330-08.csv ...
  Error downloading https://landregistry.data.gov.uk/data/ppd/monthly/file-330-08.csv: Request failed with status code 406
Downloading https://landregistry.data.gov.uk/data/ppd/monthly/file-330-09.csv ...
  Error downloading https://landregistry.data.gov.uk/data/ppd/monthly/file-330-09.csv: Request failed with status code 406
Downloading https://landregistry.data.gov.uk/data/ppd/monthly/file-330-10.csv ...
  Error downloading https://landregistry.data.gov.uk/data/ppd/monthly/file-330-10.csv: Request failed with status code 406
Downloading https://landregistry.data.gov.uk/data/ppd/monthly/file-330-11.csv ...
  Error downloading https://landregistry.data.gov.uk/data/ppd/monthly/file-330-11.csv: Request failed with status code 406
Downloading https://landregistry.data.gov.uk/data/ppd/monthly/file-330-12.csv ...
  Error downloading https://landregistry.data.gov.uk/data/ppd/monthly/file-330-12.csv: Request failed with status code 406
Downloading https://landregistry.data.gov.uk/data/ppd/monthly/file-331-01.csv ...
  Error downloading https://landregistry.data.gov.uk/data/ppd/monthly/file-331-01.csv: Request failed with status code 406
Downloading https://landregistry.data.gov.uk/data/ppd/monthly/file-331-02.csv ...
  Error downloading https://landregistry.data.gov.uk/data/ppd/monthly/file-331-02.csv: Request failed with status code 406
Downloading https://landregistry.data.gov.uk/data/ppd/monthly/file-331-03.csv ...
  Error downloading https://landregistry.data.gov.uk/data/ppd/monthly/file-331-03.csv: Request failed with status code 406
Downloading https://landregistry.data.gov.uk/data/ppd/monthly/file-331-04.csv ...
  Error downloading https://landregistry.data.gov.uk/data/ppd/monthly/file-331-04.csv: Request failed with status code 406
Downloading https://landregistry.data.gov.uk/data/ppd/monthly/file-331-05.csv ...
  Error downloading https://landregistry.data.gov.uk/data/ppd/monthly/file-331-05.csv: Request failed with status code 406
Downloading https://landregistry.data.gov.uk/data/ppd/monthly/file-331-06.csv ...
  Error downloading https://landregistry.data.gov.uk/data/ppd/monthly/file-331-06.csv: Request failed with status code 406
Downloading https://landregistry.data.gov.uk/data/ppd/monthly/file-331-07.csv ...
  Error downloading https://landregistry.data.gov.uk/data/ppd/monthly/file-331-07.csv: Request failed with status code 406
Downloading https://landregistry.data.gov.uk/data/ppd/monthly/file-331-08.csv ...
  Error downloading https://landregistry.data.gov.uk/data/ppd/monthly/file-331-08.csv: Request failed with status code 406
Downloading https://landregistry.data.gov.uk/data/ppd/monthly/file-331-09.csv ...
  Error downloading https://landregistry.data.gov.uk/data/ppd/monthly/file-331-09.csv: Request failed with status code 406
Downloading https://landregistry.data.gov.uk/data/ppd/monthly/file-331-10.csv ...
  Error downloading https://landregistry.data.gov.uk/data/ppd/monthly/file-331-10.csv: Request failed with status code 406
Downloading https://landregistry.data.gov.uk/data/ppd/monthly/file-331-11.csv ...
  Error downloading https://landregistry.data.gov.uk/data/ppd/monthly/file-331-11.csv: Request failed with status code 406
Downloading https://landregistry.data.gov.uk/data/ppd/monthly/file-331-12.csv ...
  Error downloading https://landregistry.data.gov.uk/data/ppd/monthly/file-331-12.csv: Request failed with status code 406
Downloading https://landregistry.data.gov.uk/data/ppd/monthly/file-332-01.csv ...
  Error downloading https://landregistry.data.gov.uk/data/ppd/monthly/file-332-01.csv: Request failed with status code 406
Downloading https://landregistry.data.gov.uk/data/ppd/monthly/file-332-02.csv ...
  Error downloading https://landregistry.data.gov.uk/data/ppd/monthly/file-332-02.csv: Request failed with status code 406
Downloading https://landregistry.data.gov.uk/data/ppd/monthly/file-332-03.csv ...
  Error downloading https://landregistry.data.gov.uk/data/ppd/monthly/file-332-03.csv: Request failed with status code 406
Downloading https://landregistry.data.gov.uk/data/ppd/monthly/file-332-04.csv ...
  Error downloading https://landregistry.data.gov.uk/data/ppd/monthly/file-332-04.csv: Request failed with status code 406
Downloading https://landregistry.data.gov.uk/data/ppd/monthly/file-332-05.csv ...
  Error downloading https://landregistry.data.gov.uk/data/ppd/monthly/file-332-05.csv: Request failed with status code 406
Downloading https://landregistry.data.gov.uk/data/ppd/monthly/file-332-06.csv ...
  Error downloading https://landregistry.data.gov.uk/data/ppd/monthly/file-332-06.csv: Request failed with status code 406
Downloading https://landregistry.data.gov.uk/data/ppd/monthly/file-332-07.csv ...
  Error downloading https://landregistry.data.gov.uk/data/ppd/monthly/file-332-07.csv: Request failed with status code 406
Downloading https://landregistry.data.gov.uk/data/ppd/monthly/file-332-08.csv ...
  Error downloading https://landregistry.data.gov.uk/data/ppd/monthly/file-332-08.csv: Request failed with status code 406
Downloading https://landregistry.data.gov.uk/data/ppd/monthly/file-332-09.csv ...
  Error downloading https://landregistry.data.gov.uk/data/ppd/monthly/file-332-09.csv: Request failed with status code 406
Downloading https://landregistry.data.gov.uk/data/ppd/monthly/file-332-10.csv ...
  Error downloading https://landregistry.data.gov.uk/data/ppd/monthly/file-332-10.csv: Request failed with status code 406
Downloading https://landregistry.data.gov.uk/data/ppd/monthly/file-332-11.csv ...
  Error downloading https://landregistry.data.gov.uk/data/ppd/monthly/file-332-11.csv: Request failed with status code 406
Downloading https://landregistry.data.gov.uk/data/ppd/monthly/file-332-12.csv ...
  Error downloading https://landregistry.data.gov.uk/data/ppd/monthly/file-332-12.csv: Request failed with status code 406
Downloading https://landregistry.data.gov.uk/data/ppd/monthly/file-333-01.csv ...
  Error downloading https://landregistry.data.gov.uk/data/ppd/monthly/file-333-01.csv: Request failed with status code 406
Downloading https://landregistry.data.gov.uk/data/ppd/monthly/file-333-02.csv ...
  Error downloading https://landregistry.data.gov.uk/data/ppd/monthly/file-333-02.csv: Request failed with status code 406
Downloading https://landregistry.data.gov.uk/data/ppd/monthly/file-333-03.csv ...
  Error downloading https://landregistry.data.gov.uk/data/ppd/monthly/file-333-03.csv: Request failed with status code 406
Downloading https://landregistry.data.gov.uk/data/ppd/monthly/file-333-04.csv ...
  Error downloading https://landregistry.data.gov.uk/data/ppd/monthly/file-333-04.csv: Request failed with status code 406
Downloading https://landregistry.data.gov.uk/data/ppd/monthly/file-333-05.csv ...
  Error downloading https://landregistry.data.gov.uk/data/ppd/monthly/file-333-05.csv: Request failed with status code 406
Downloading https://landregistry.data.gov.uk/data/ppd/monthly/file-333-06.csv ...
  Error downloading https://landregistry.data.gov.uk/data/ppd/monthly/file-333-06.csv: Request failed with status code 406
Downloading https://landregistry.data.gov.uk/data/ppd/monthly/file-333-07.csv ...
  Error downloading https://landregistry.data.gov.uk/data/ppd/monthly/file-333-07.csv: Request failed with status code 406
Downloading https://landregistry.data.gov.uk/data/ppd/monthly/file-333-08.csv ...
  Error downloading https://landregistry.data.gov.uk/data/ppd/monthly/file-333-08.csv: Request failed with status code 406
Downloading https://landregistry.data.gov.uk/data/ppd/monthly/file-333-09.csv ...
  Error downloading https://landregistry.data.gov.uk/data/ppd/monthly/file-333-09.csv: Request failed with status code 406
Downloading https://landregistry.data.gov.uk/data/ppd/monthly/file-333-10.csv ...
  Error downloading https://landregistry.data.gov.uk/data/ppd/monthly/file-333-10.csv: Request failed with status code 406
Downloading https://landregistry.data.gov.uk/data/ppd/monthly/file-333-11.csv ...
  Error downloading https://landregistry.data.gov.uk/data/ppd/monthly/file-333-11.csv: Request failed with status code 406
Downloading https://landregistry.data.gov.uk/data/ppd/monthly/file-333-12.csv ...
  Error downloading https://landregistry.data.gov.uk/data/ppd/monthly/file-333-12.csv: Request failed with status code 406
Downloading https://landregistry.data.gov.uk/data/ppd/monthly/file-334-01.csv ...
  Error downloading https://landregistry.data.gov.uk/data/ppd/monthly/file-334-01.csv: Request failed with status code 406
Downloading https://landregistry.data.gov.uk/data/ppd/monthly/file-334-02.csv ...
  Error downloading https://landregistry.data.gov.uk/data/ppd/monthly/file-334-02.csv: Request failed with status code 406
Downloading https://landregistry.data.gov.uk/data/ppd/monthly/file-334-03.csv ...
  Error downloading https://landregistry.data.gov.uk/data/ppd/monthly/file-334-03.csv: Request failed with status code 406
Downloading https://landregistry.data.gov.uk/data/ppd/monthly/file-334-04.csv ...
  Error downloading https://landregistry.data.gov.uk/data/ppd/monthly/file-334-04.csv: Request failed with status code 406
Downloading https://landregistry.data.gov.uk/data/ppd/monthly/file-334-05.csv ...
  Error downloading https://landregistry.data.gov.uk/data/ppd/monthly/file-334-05.csv: Request failed with status code 406
Downloading https://landregistry.data.gov.uk/data/ppd/monthly/file-334-06.csv ...
  Error downloading https://landregistry.data.gov.uk/data/ppd/monthly/file-334-06.csv: Request failed with status code 406
Downloading https://landregistry.data.gov.uk/data/ppd/monthly/file-334-07.csv ...
  Error downloading https://landregistry.data.gov.uk/data/ppd/monthly/file-334-07.csv: Request failed with status code 406
Downloading https://landregistry.data.gov.uk/data/ppd/monthly/file-334-08.csv ...
  Error downloading https://landregistry.data.gov.uk/data/ppd/monthly/file-334-08.csv: Request failed with status code 406
Downloading https://landregistry.data.gov.uk/data/ppd/monthly/file-334-09.csv ...
  Error downloading https://landregistry.data.gov.uk/data/ppd/monthly/file-334-09.csv: Request failed with status code 406
Downloading https://landregistry.data.gov.uk/data/ppd/monthly/file-334-10.csv ...
  Error downloading https://landregistry.data.gov.uk/data/ppd/monthly/file-334-10.csv: Request failed with status code 406
Downloading https://landregistry.data.gov.uk/data/ppd/monthly/file-334-11.csv ...
  Error downloading https://landregistry.data.gov.uk/data/ppd/monthly/file-334-11.csv: Request failed with status code 406
Downloading https://landregistry.data.gov.uk/data/ppd/monthly/file-334-12.csv ...
  Error downloading https://landregistry.data.gov.uk/data/ppd/monthly/file-334-12.csv: Request failed with status code 406
Downloading https://landregistry.data.gov.uk/data/ppd/monthly/file-335-01.csv ...
  Error downloading https://landregistry.data.gov.uk/data/ppd/monthly/file-335-01.csv: Request failed with status code 406
Downloading https://landregistry.data.gov.uk/data/ppd/monthly/file-335-02.csv ...
  Error downloading https://landregistry.data.gov.uk/data/ppd/monthly/file-335-02.csv: Request failed with status code 406
Downloading https://landregistry.data.gov.uk/data/ppd/monthly/file-335-03.csv ...
  Error downloading https://landregistry.data.gov.uk/data/ppd/monthly/file-335-03.csv: Request failed with status code 406
Downloading https://landregistry.data.gov.uk/data/ppd/monthly/file-335-04.csv ...
  Error downloading https://landregistry.data.gov.uk/data/ppd/monthly/file-335-04.csv: Request failed with status code 406
Downloading https://landregistry.data.gov.uk/data/ppd/monthly/file-335-05.csv ...
  Error downloading https://landregistry.data.gov.uk/data/ppd/monthly/file-335-05.csv: Request failed with status code 406
Downloading https://landregistry.data.gov.uk/data/ppd/monthly/file-335-06.csv ...
  Error downloading https://landregistry.data.gov.uk/data/ppd/monthly/file-335-06.csv: Request failed with status code 406
Downloading https://landregistry.data.gov.uk/data/ppd/monthly/file-335-07.csv ...
  Error downloading https://landregistry.data.gov.uk/data/ppd/monthly/file-335-07.csv: Request failed with status code 406
Downloading https://landregistry.data.gov.uk/data/ppd/monthly/file-335-08.csv ...
  Error downloading https://landregistry.data.gov.uk/data/ppd/monthly/file-335-08.csv: Request failed with status code 406
Downloading https://landregistry.data.gov.uk/data/ppd/monthly/file-335-09.csv ...
  Error downloading https://landregistry.data.gov.uk/data/ppd/monthly/file-335-09.csv: Request failed with status code 406
Downloading https://landregistry.data.gov.uk/data/ppd/monthly/file-335-10.csv ...
  Error downloading https://landregistry.data.gov.uk/data/ppd/monthly/file-335-10.csv: Request failed with status code 406
Downloading https://landregistry.data.gov.uk/data/ppd/monthly/file-335-11.csv ...
  Error downloading https://landregistry.data.gov.uk/data/ppd/monthly/file-335-11.csv: Request failed with status code 406
Downloading https://landregistry.data.gov.uk/data/ppd/monthly/file-335-12.csv ...
  Error downloading https://landregistry.data.gov.uk/data/ppd/monthly/file-335-12.csv: Request failed with status code 406
Downloading https://landregistry.data.gov.uk/data/ppd/monthly/file-336-01.csv ...
  Error downloading https://landregistry.data.gov.uk/data/ppd/monthly/file-336-01.csv: Request failed with status code 406
Downloading https://landregistry.data.gov.uk/data/ppd/monthly/file-336-02.csv ...
  Error downloading https://landregistry.data.gov.uk/data/ppd/monthly/file-336-02.csv: Request failed with status code 406
Downloading https://landregistry.data.gov.uk/data/ppd/monthly/file-336-03.csv ...
  Error downloading https://landregistry.data.gov.uk/data/ppd/monthly/file-336-03.csv: Request failed with status code 406
Downloading https://landregistry.data.gov.uk/data/ppd/monthly/file-336-04.csv ...
  Error downloading https://landregistry.data.gov.uk/data/ppd/monthly/file-336-04.csv: Request failed with status code 406
Downloading https://landregistry.data.gov.uk/data/ppd/monthly/file-336-05.csv ...
  Error downloading https://landregistry.data.gov.uk/data/ppd/monthly/file-336-05.csv: Request failed with status code 406
Downloading https://landregistry.data.gov.uk/data/ppd/monthly/file-336-06.csv ...
  Error downloading https://landregistry.data.gov.uk/data/ppd/monthly/file-336-06.csv: Request failed with status code 406
Downloading https://landregistry.data.gov.uk/data/ppd/monthly/file-336-07.csv ...
  Error downloading https://landregistry.data.gov.uk/data/ppd/monthly/file-336-07.csv: Request failed with status code 406
Downloading https://landregistry.data.gov.uk/data/ppd/monthly/file-336-08.csv ...
  Error downloading https://landregistry.data.gov.uk/data/ppd/monthly/file-336-08.csv: Request failed with status code 406
Downloading https://landregistry.data.gov.uk/data/ppd/monthly/file-336-09.csv ...
  Error downloading https://landregistry.data.gov.uk/data/ppd/monthly/file-336-09.csv: Request failed with status code 406
Downloading https://landregistry.data.gov.uk/data/ppd/monthly/file-336-10.csv ...
  Error downloading https://landregistry.data.gov.uk/data/ppd/monthly/file-336-10.csv: Request failed with status code 406
Downloading https://landregistry.data.gov.uk/data/ppd/monthly/file-336-11.csv ...
  Error downloading https://landregistry.data.gov.uk/data/ppd/monthly/file-336-11.csv: Request failed with status code 406
Downloading https://landregistry.data.gov.uk/data/ppd/monthly/file-336-12.csv ...
  Error downloading https://landregistry.data.gov.uk/data/ppd/monthly/file-336-12.csv: Request failed with status code 406
Downloading https://landregistry.data.gov.uk/data/ppd/monthly/file-337-01.csv ...
  Error downloading https://landregistry.data.gov.uk/data/ppd/monthly/file-337-01.csv: Request failed with status code 406
Downloading https://landregistry.data.gov.uk/data/ppd/monthly/file-337-02.csv ...
  Error downloading https://landregistry.data.gov.uk/data/ppd/monthly/file-337-02.csv: Request failed with status code 406
Downloading https://landregistry.data.gov.uk/data/ppd/monthly/file-337-03.csv ...
  Error downloading https://landregistry.data.gov.uk/data/ppd/monthly/file-337-03.csv: Request failed with status code 406
Downloading https://landregistry.data.gov.uk/data/ppd/monthly/file-337-04.csv ...
  Error downloading https://landregistry.data.gov.uk/data/ppd/monthly/file-337-04.csv: Request failed with status code 406
Downloading https://landregistry.data.gov.uk/data/ppd/monthly/file-337-05.csv ...
  Error downloading https://landregistry.data.gov.uk/data/ppd/monthly/file-337-05.csv: Request failed with status code 406
Downloading https://landregistry.data.gov.uk/data/ppd/monthly/file-337-06.csv ...
  Error downloading https://landregistry.data.gov.uk/data/ppd/monthly/file-337-06.csv: Request failed with status code 406
Downloading https://landregistry.data.gov.uk/data/ppd/monthly/file-337-07.csv ...
  Error downloading https://landregistry.data.gov.uk/data/ppd/monthly/file-337-07.csv: Request failed with status code 406
Downloading https://landregistry.data.gov.uk/data/ppd/monthly/file-337-08.csv ...
  Error downloading https://landregistry.data.gov.uk/data/ppd/monthly/file-337-08.csv: Request failed with status code 406
Downloading https://landregistry.data.gov.uk/data/ppd/monthly/file-337-09.csv ...
  Error downloading https://landregistry.data.gov.uk/data/ppd/monthly/file-337-09.csv: Request failed with status code 406
Downloading https://landregistry.data.gov.uk/data/ppd/monthly/file-337-10.csv ...
  Error downloading https://landregistry.data.gov.uk/data/ppd/monthly/file-337-10.csv: Request failed with status code 406
Downloading https://landregistry.data.gov.uk/data/ppd/monthly/file-337-11.csv ...
  Error downloading https://landregistry.data.gov.uk/data/ppd/monthly/file-337-11.csv: Request failed with status code 406
Downloading https://landregistry.data.gov.uk/data/ppd/monthly/file-337-12.csv ...
  Error downloading https://landregistry.data.gov.uk/data/ppd/monthly/file-337-12.csv: Request failed with status code 406
Downloading https://landregistry.data.gov.uk/data/ppd/monthly/file-338-01.csv ...
  Error downloading https://landregistry.data.gov.uk/data/ppd/monthly/file-338-01.csv: Request failed with status code 406
Downloading https://landregistry.data.gov.uk/data/ppd/monthly/file-338-02.csv ...
  Error downloading https://landregistry.data.gov.uk/data/ppd/monthly/file-338-02.csv: Request failed with status code 406
Downloading https://landregistry.data.gov.uk/data/ppd/monthly/file-338-03.csv ...
  Error downloading https://landregistry.data.gov.uk/data/ppd/monthly/file-338-03.csv: Request failed with status code 406
Downloading https://landregistry.data.gov.uk/data/ppd/monthly/file-338-04.csv ...
  Error downloading https://landregistry.data.gov.uk/data/ppd/monthly/file-338-04.csv: Request failed with status code 406
Downloading https://landregistry.data.gov.uk/data/ppd/monthly/file-338-05.csv ...
  Error downloading https://landregistry.data.gov.uk/data/ppd/monthly/file-338-05.csv: Request failed with status code 406
Downloading https://landregistry.data.gov.uk/data/ppd/monthly/file-338-06.csv ...
  Error downloading https://landregistry.data.gov.uk/data/ppd/monthly/file-338-06.csv: Request failed with status code 406
Downloading https://landregistry.data.gov.uk/data/ppd/monthly/file-338-07.csv ...
  Error downloading https://landregistry.data.gov.uk/data/ppd/monthly/file-338-07.csv: Request failed with status code 406
Downloading https://landregistry.data.gov.uk/data/ppd/monthly/file-338-08.csv ...
  Error downloading https://landregistry.data.gov.uk/data/ppd/monthly/file-338-08.csv: Request failed with status code 406
Downloading https://landregistry.data.gov.uk/data/ppd/monthly/file-338-09.csv ...
  Error downloading https://landregistry.data.gov.uk/data/ppd/monthly/file-338-09.csv: Request failed with status code 406
Downloading https://landregistry.data.gov.uk/data/ppd/monthly/file-338-10.csv ...
  Error downloading https://landregistry.data.gov.uk/data/ppd/monthly/file-338-10.csv: Request failed with status code 406
Downloading https://landregistry.data.gov.uk/data/ppd/monthly/file-338-11.csv ...
  Error downloading https://landregistry.data.gov.uk/data/ppd/monthly/file-338-11.csv: Request failed with status code 406
Downloading https://landregistry.data.gov.uk/data/ppd/monthly/file-338-12.csv ...
  Error downloading https://landregistry.data.gov.uk/data/ppd/monthly/file-338-12.csv: Request failed with status code 406
Downloading https://landregistry.data.gov.uk/data/ppd/monthly/file-339-01.csv ...
  Error downloading https://landregistry.data.gov.uk/data/ppd/monthly/file-339-01.csv: Request failed with status code 406
Downloading https://landregistry.data.gov.uk/data/ppd/monthly/file-339-02.csv ...
  Error downloading https://landregistry.data.gov.uk/data/ppd/monthly/file-339-02.csv: Request failed with status code 406
Downloading https://landregistry.data.gov.uk/data/ppd/monthly/file-339-03.csv ...
  Error downloading https://landregistry.data.gov.uk/data/ppd/monthly/file-339-03.csv: Request failed with status code 406
Downloading https://landregistry.data.gov.uk/data/ppd/monthly/file-339-04.csv ...
  Error downloading https://landregistry.data.gov.uk/data/ppd/monthly/file-339-04.csv: Request failed with status code 406
Downloading https://landregistry.data.gov.uk/data/ppd/monthly/file-339-05.csv ...
  Error downloading https://landregistry.data.gov.uk/data/ppd/monthly/file-339-05.csv: Request failed with status code 406
Downloading https://landregistry.data.gov.uk/data/ppd/monthly/file-339-06.csv ...
  Error downloading https://landregistry.data.gov.uk/data/ppd/monthly/file-339-06.csv: Request failed with status code 406
Downloading https://landregistry.data.gov.uk/data/ppd/monthly/file-339-07.csv ...
  Error downloading https://landregistry.data.gov.uk/data/ppd/monthly/file-339-07.csv: Request failed with status code 406
Downloading https://landregistry.data.gov.uk/data/ppd/monthly/file-339-08.csv ...
  Error downloading https://landregistry.data.gov.uk/data/ppd/monthly/file-339-08.csv: Request failed with status code 406
Downloading https://landregistry.data.gov.uk/data/ppd/monthly/file-339-09.csv ...
  Error downloading https://landregistry.data.gov.uk/data/ppd/monthly/file-339-09.csv: Request failed with status code 406
Downloading https://landregistry.data.gov.uk/data/ppd/monthly/file-339-10.csv ...
  Error downloading https://landregistry.data.gov.uk/data/ppd/monthly/file-339-10.csv: Request failed with status code 406
Downloading https://landregistry.data.gov.uk/data/ppd/monthly/file-339-11.csv ...
  Error downloading https://landregistry.data.gov.uk/data/ppd/monthly/file-339-11.csv: Request failed with status code 406
Downloading https://landregistry.data.gov.uk/data/ppd/monthly/file-339-12.csv ...
  Error downloading https://landregistry.data.gov.uk/data/ppd/monthly/file-339-12.csv: Request failed with status code 406
Downloading https://landregistry.data.gov.uk/data/ppd/monthly/file-340-01.csv ...
  Error downloading https://landregistry.data.gov.uk/data/ppd/monthly/file-340-01.csv: Request failed with status code 406
Downloading https://landregistry.data.gov.uk/data/ppd/monthly/file-340-02.csv ...
  Error downloading https://landregistry.data.gov.uk/data/ppd/monthly/file-340-02.csv: Request failed with status code 406
Downloading https://landregistry.data.gov.uk/data/ppd/monthly/file-340-03.csv ...
  Error downloading https://landregistry.data.gov.uk/data/ppd/monthly/file-340-03.csv: Request failed with status code 406
Downloading https://landregistry.data.gov.uk/data/ppd/monthly/file-340-04.csv ...
  Error downloading https://landregistry.data.gov.uk/data/ppd/monthly/file-340-04.csv: Request failed with status code 406
Downloading https://landregistry.data.gov.uk/data/ppd/monthly/file-340-05.csv ...
  Error downloading https://landregistry.data.gov.uk/data/ppd/monthly/file-340-05.csv: Request failed with status code 406
Downloading https://landregistry.data.gov.uk/data/ppd/monthly/file-340-06.csv ...
  Error downloading https://landregistry.data.gov.uk/data/ppd/monthly/file-340-06.csv: Request failed with status code 406
Downloading https://landregistry.data.gov.uk/data/ppd/monthly/file-340-07.csv ...
  Error downloading https://landregistry.data.gov.uk/data/ppd/monthly/file-340-07.csv: Request failed with status code 406
Downloading https://landregistry.data.gov.uk/data/ppd/monthly/file-340-08.csv ...
  Error downloading https://landregistry.data.gov.uk/data/ppd/monthly/file-340-08.csv: Request failed with status code 406
Downloading https://landregistry.data.gov.uk/data/ppd/monthly/file-340-09.csv ...
  Error downloading https://landregistry.data.gov.uk/data/ppd/monthly/file-340-09.csv: Request failed with status code 406
Downloading https://landregistry.data.gov.uk/data/ppd/monthly/file-340-10.csv ...
  Error downloading https://landregistry.data.gov.uk/data/ppd/monthly/file-340-10.csv: Request failed with status code 406
Downloading https://landregistry.data.gov.uk/data/ppd/monthly/file-340-11.csv ...
  Error downloading https://landregistry.data.gov.uk/data/ppd/monthly/file-340-11.csv: Request failed with status code 406
Downloading https://landregistry.data.gov.uk/data/ppd/monthly/file-340-12.csv ...
  Error downloading https://landregistry.data.gov.uk/data/ppd/monthly/file-340-12.csv: Request failed with status code 406
Downloading https://landregistry.data.gov.uk/data/ppd/monthly/file-341-01.csv ...
  Error downloading https://landregistry.data.gov.uk/data/ppd/monthly/file-341-01.csv: Request failed with status code 406
Downloading https://landregistry.data.gov.uk/data/ppd/monthly/file-341-02.csv ...
  Error downloading https://landregistry.data.gov.uk/data/ppd/monthly/file-341-02.csv: Request failed with status code 406
Downloading https://landregistry.data.gov.uk/data/ppd/monthly/file-341-03.csv ...
  Error downloading https://landregistry.data.gov.uk/data/ppd/monthly/file-341-03.csv: Request failed with status code 406
Downloading https://landregistry.data.gov.uk/data/ppd/monthly/file-341-04.csv ...
  Error downloading https://landregistry.data.gov.uk/data/ppd/monthly/file-341-04.csv: Request failed with status code 406
Downloading https://landregistry.data.gov.uk/data/ppd/monthly/file-341-05.csv ...
  Error downloading https://landregistry.data.gov.uk/data/ppd/monthly/file-341-05.csv: Request failed with status code 406
Downloading https://landregistry.data.gov.uk/data/ppd/monthly/file-341-06.csv ...
  Error downloading https://landregistry.data.gov.uk/data/ppd/monthly/file-341-06.csv: Request failed with status code 406
Downloading https://landregistry.data.gov.uk/data/ppd/monthly/file-341-07.csv ...
  Error downloading https://landregistry.data.gov.uk/data/ppd/monthly/file-341-07.csv: Request failed with status code 406
Downloading https://landregistry.data.gov.uk/data/ppd/monthly/file-341-08.csv ...
  Error downloading https://landregistry.data.gov.uk/data/ppd/monthly/file-341-08.csv: Request failed with status code 406
Downloading https://landregistry.data.gov.uk/data/ppd/monthly/file-341-09.csv ...
  Error downloading https://landregistry.data.gov.uk/data/ppd/monthly/file-341-09.csv: Request failed with status code 406
Downloading https://landregistry.data.gov.uk/data/ppd/monthly/file-341-10.csv ...
  Error downloading https://landregistry.data.gov.uk/data/ppd/monthly/file-341-10.csv: Request failed with status code 406
Downloading https://landregistry.data.gov.uk/data/ppd/monthly/file-341-11.csv ...
  Error downloading https://landregistry.data.gov.uk/data/ppd/monthly/file-341-11.csv: Request failed with status code 406
Downloading https://landregistry.data.gov.uk/data/ppd/monthly/file-341-12.csv ...
  Error downloading https://landregistry.data.gov.uk/data/ppd/monthly/file-341-12.csv: Request failed with status code 406
Downloading https://landregistry.data.gov.uk/data/ppd/monthly/file-342-01.csv ...
  Error downloading https://landregistry.data.gov.uk/data/ppd/monthly/file-342-01.csv: Request failed with status code 406
Downloading https://landregistry.data.gov.uk/data/ppd/monthly/file-342-02.csv ...
  Error downloading https://landregistry.data.gov.uk/data/ppd/monthly/file-342-02.csv: Request failed with status code 406
Downloading https://landregistry.data.gov.uk/data/ppd/monthly/file-342-03.csv ...
  Error downloading https://landregistry.data.gov.uk/data/ppd/monthly/file-342-03.csv: Request failed with status code 406
Downloading https://landregistry.data.gov.uk/data/ppd/monthly/file-342-04.csv ...
  Error downloading https://landregistry.data.gov.uk/data/ppd/monthly/file-342-04.csv: Request failed with status code 406
Downloading https://landregistry.data.gov.uk/data/ppd/monthly/file-342-05.csv ...
  Error downloading https://landregistry.data.gov.uk/data/ppd/monthly/file-342-05.csv: Request failed with status code 406
Downloading https://landregistry.data.gov.uk/data/ppd/monthly/file-342-06.csv ...
  Error downloading https://landregistry.data.gov.uk/data/ppd/monthly/file-342-06.csv: Request failed with status code 406
Downloading https://landregistry.data.gov.uk/data/ppd/monthly/file-342-07.csv ...
  Error downloading https://landregistry.data.gov.uk/data/ppd/monthly/file-342-07.csv: Request failed with status code 406
Downloading https://landregistry.data.gov.uk/data/ppd/monthly/file-342-08.csv ...
  Error downloading https://landregistry.data.gov.uk/data/ppd/monthly/file-342-08.csv: Request failed with status code 406
Downloading https://landregistry.data.gov.uk/data/ppd/monthly/file-342-09.csv ...
  Error downloading https://landregistry.data.gov.uk/data/ppd/monthly/file-342-09.csv: Request failed with status code 406
Downloading https://landregistry.data.gov.uk/data/ppd/monthly/file-342-10.csv ...
  Error downloading https://landregistry.data.gov.uk/data/ppd/monthly/file-342-10.csv: Request failed with status code 406
Downloading https://landregistry.data.gov.uk/data/ppd/monthly/file-342-11.csv ...
  Error downloading https://landregistry.data.gov.uk/data/ppd/monthly/file-342-11.csv: Request failed with status code 406
Downloading https://landregistry.data.gov.uk/data/ppd/monthly/file-342-12.csv ...
  Error downloading https://landregistry.data.gov.uk/data/ppd/monthly/file-342-12.csv: Request failed with status code 406
Downloading https://landregistry.data.gov.uk/data/ppd/monthly/file-343-01.csv ...
  Error downloading https://landregistry.data.gov.uk/data/ppd/monthly/file-343-01.csv: Request failed with status code 406
Downloading https://landregistry.data.gov.uk/data/ppd/monthly/file-343-02.csv ...
  Error downloading https://landregistry.data.gov.uk/data/ppd/monthly/file-343-02.csv: Request failed with status code 406
Downloading https://landregistry.data.gov.uk/data/ppd/monthly/file-343-03.csv ...
  Error downloading https://landregistry.data.gov.uk/data/ppd/monthly/file-343-03.csv: Request failed with status code 406
Downloading https://landregistry.data.gov.uk/data/ppd/monthly/file-343-04.csv ...
  Error downloading https://landregistry.data.gov.uk/data/ppd/monthly/file-343-04.csv: Request failed with status code 406
Downloading https://landregistry.data.gov.uk/data/ppd/monthly/file-343-05.csv ...
  Error downloading https://landregistry.data.gov.uk/data/ppd/monthly/file-343-05.csv: Request failed with status code 406
Downloading https://landregistry.data.gov.uk/data/ppd/monthly/file-343-06.csv ...
  Error downloading https://landregistry.data.gov.uk/data/ppd/monthly/file-343-06.csv: Request failed with status code 406
Downloading https://landregistry.data.gov.uk/data/ppd/monthly/file-343-07.csv ...
  Error downloading https://landregistry.data.gov.uk/data/ppd/monthly/file-343-07.csv: Request failed with status code 406
Downloading https://landregistry.data.gov.uk/data/ppd/monthly/file-343-08.csv ...
  Error downloading https://landregistry.data.gov.uk/data/ppd/monthly/file-343-08.csv: Request failed with status code 406
Downloading https://landregistry.data.gov.uk/data/ppd/monthly/file-343-09.csv ...
  Error downloading https://landregistry.data.gov.uk/data/ppd/monthly/file-343-09.csv: Request failed with status code 406
Downloading https://landregistry.data.gov.uk/data/ppd/monthly/file-343-10.csv ...
  Error downloading https://landregistry.data.gov.uk/data/ppd/monthly/file-343-10.csv: Request failed with status code 406
Downloading https://landregistry.data.gov.uk/data/ppd/monthly/file-343-11.csv ...
  Error downloading https://landregistry.data.gov.uk/data/ppd/monthly/file-343-11.csv: Request failed with status code 406
Downloading https://landregistry.data.gov.uk/data/ppd/monthly/file-343-12.csv ...
  Error downloading https://landregistry.data.gov.uk/data/ppd/monthly/file-343-12.csv: Request failed with status code 406
Downloading https://landregistry.data.gov.uk/data/ppd/monthly/file-344-01.csv ...
  Error downloading https://landregistry.data.gov.uk/data/ppd/monthly/file-344-01.csv: Request failed with status code 406
Downloading https://landregistry.data.gov.uk/data/ppd/monthly/file-344-02.csv ...
  Error downloading https://landregistry.data.gov.uk/data/ppd/monthly/file-344-02.csv: Request failed with status code 406
Downloading https://landregistry.data.gov.uk/data/ppd/monthly/file-344-03.csv ...
  Error downloading https://landregistry.data.gov.uk/data/ppd/monthly/file-344-03.csv: Request failed with status code 406
Downloading https://landregistry.data.gov.uk/data/ppd/monthly/file-344-04.csv ...
  Error downloading https://landregistry.data.gov.uk/data/ppd/monthly/file-344-04.csv: Request failed with status code 406
Downloading https://landregistry.data.gov.uk/data/ppd/monthly/file-344-05.csv ...
  Error downloading https://landregistry.data.gov.uk/data/ppd/monthly/file-344-05.csv: Request failed with status code 406
Downloading https://landregistry.data.gov.uk/data/ppd/monthly/file-344-06.csv ...
  Error downloading https://landregistry.data.gov.uk/data/ppd/monthly/file-344-06.csv: Request failed with status code 406
Downloading https://landregistry.data.gov.uk/data/ppd/monthly/file-344-07.csv ...
  Error downloading https://landregistry.data.gov.uk/data/ppd/monthly/file-344-07.csv: Request failed with status code 406
Downloading https://landregistry.data.gov.uk/data/ppd/monthly/file-344-08.csv ...
  Error downloading https://landregistry.data.gov.uk/data/ppd/monthly/file-344-08.csv: Request failed with status code 406
Downloading https://landregistry.data.gov.uk/data/ppd/monthly/file-344-09.csv ...
  Error downloading https://landregistry.data.gov.uk/data/ppd/monthly/file-344-09.csv: Request failed with status code 406
Downloading https://landregistry.data.gov.uk/data/ppd/monthly/file-344-10.csv ...
  Error downloading https://landregistry.data.gov.uk/data/ppd/monthly/file-344-10.csv: Request failed with status code 406
Downloading https://landregistry.data.gov.uk/data/ppd/monthly/file-344-11.csv ...
  Error downloading https://landregistry.data.gov.uk/data/ppd/monthly/file-344-11.csv: Request failed with status code 406
Downloading https://landregistry.data.gov.uk/data/ppd/monthly/file-344-12.csv ...
  Error downloading https://landregistry.data.gov.uk/data/ppd/monthly/file-344-12.csv: Request failed with status code 406
Downloading https://landregistry.data.gov.uk/data/ppd/monthly/file-345-01.csv ...
  Error downloading https://landregistry.data.gov.uk/data/ppd/monthly/file-345-01.csv: Request failed with status code 406
Downloading https://landregistry.data.gov.uk/data/ppd/monthly/file-345-02.csv ...
  Error downloading https://landregistry.data.gov.uk/data/ppd/monthly/file-345-02.csv: Request failed with status code 406
Downloading https://landregistry.data.gov.uk/data/ppd/monthly/file-345-03.csv ...
  Error downloading https://landregistry.data.gov.uk/data/ppd/monthly/file-345-03.csv: Request failed with status code 406
Downloading https://landregistry.data.gov.uk/data/ppd/monthly/file-345-04.csv ...
  Error downloading https://landregistry.data.gov.uk/data/ppd/monthly/file-345-04.csv: Request failed with status code 406
Downloading https://landregistry.data.gov.uk/data/ppd/monthly/file-345-05.csv ...
  Error downloading https://landregistry.data.gov.uk/data/ppd/monthly/file-345-05.csv: Request failed with status code 406
Downloading https://landregistry.data.gov.uk/data/ppd/monthly/file-345-06.csv ...
  Error downloading https://landregistry.data.gov.uk/data/ppd/monthly/file-345-06.csv: Request failed with status code 406
Downloading https://landregistry.data.gov.uk/data/ppd/monthly/file-345-07.csv ...
  Error downloading https://landregistry.data.gov.uk/data/ppd/monthly/file-345-07.csv: Request failed with status code 406
Downloading https://landregistry.data.gov.uk/data/ppd/monthly/file-345-08.csv ...
  Error downloading https://landregistry.data.gov.uk/data/ppd/monthly/file-345-08.csv: Request failed with status code 406
Downloading https://landregistry.data.gov.uk/data/ppd/monthly/file-345-09.csv ...
  Error downloading https://landregistry.data.gov.uk/data/ppd/monthly/file-345-09.csv: Request failed with status code 406
Downloading https://landregistry.data.gov.uk/data/ppd/monthly/file-345-10.csv ...
  Error downloading https://landregistry.data.gov.uk/data/ppd/monthly/file-345-10.csv: Request failed with status code 406
Downloading https://landregistry.data.gov.uk/data/ppd/monthly/file-345-11.csv ...
  Error downloading https://landregistry.data.gov.uk/data/ppd/monthly/file-345-11.csv: Request failed with status code 406
Downloading https://landregistry.data.gov.uk/data/ppd/monthly/file-345-12.csv ...
  Error downloading https://landregistry.data.gov.uk/data/ppd/monthly/file-345-12.csv: Request failed with status code 406
Downloading https://landregistry.data.gov.uk/data/ppd/monthly/file-346-01.csv ...
  Error downloading https://landregistry.data.gov.uk/data/ppd/monthly/file-346-01.csv: Request failed with status code 406
Downloading https://landregistry.data.gov.uk/data/ppd/monthly/file-346-02.csv ...
  Error downloading https://landregistry.data.gov.uk/data/ppd/monthly/file-346-02.csv: Request failed with status code 406
Downloading https://landregistry.data.gov.uk/data/ppd/monthly/file-346-03.csv ...
  Error downloading https://landregistry.data.gov.uk/data/ppd/monthly/file-346-03.csv: Request failed with status code 406
Downloading https://landregistry.data.gov.uk/data/ppd/monthly/file-346-04.csv ...
  Error downloading https://landregistry.data.gov.uk/data/ppd/monthly/file-346-04.csv: Request failed with status code 406
Downloading https://landregistry.data.gov.uk/data/ppd/monthly/file-346-05.csv ...
  Error downloading https://landregistry.data.gov.uk/data/ppd/monthly/file-346-05.csv: Request failed with status code 406
Downloading https://landregistry.data.gov.uk/data/ppd/monthly/file-346-06.csv ...
  Error downloading https://landregistry.data.gov.uk/data/ppd/monthly/file-346-06.csv: Request failed with status code 406
Downloading https://landregistry.data.gov.uk/data/ppd/monthly/file-346-07.csv ...
  Error downloading https://landregistry.data.gov.uk/data/ppd/monthly/file-346-07.csv: Request failed with status code 406
Downloading https://landregistry.data.gov.uk/data/ppd/monthly/file-346-08.csv ...
  Error downloading https://landregistry.data.gov.uk/data/ppd/monthly/file-346-08.csv: Request failed with status code 406
Downloading https://landregistry.data.gov.uk/data/ppd/monthly/file-346-09.csv ...
  Error downloading https://landregistry.data.gov.uk/data/ppd/monthly/file-346-09.csv: Request failed with status code 406
Downloading https://landregistry.data.gov.uk/data/ppd/monthly/file-346-10.csv ...
  Error downloading https://landregistry.data.gov.uk/data/ppd/monthly/file-346-10.csv: Request failed with status code 406
Downloading https://landregistry.data.gov.uk/data/ppd/monthly/file-346-11.csv ...
  Error downloading https://landregistry.data.gov.uk/data/ppd/monthly/file-346-11.csv: Request failed with status code 406
Downloading https://landregistry.data.gov.uk/data/ppd/monthly/file-346-12.csv ...
  Error downloading https://landregistry.data.gov.uk/data/ppd/monthly/file-346-12.csv: Request failed with status code 406
Downloading https://landregistry.data.gov.uk/data/ppd/monthly/file-347-01.csv ...
  Error downloading https://landregistry.data.gov.uk/data/ppd/monthly/file-347-01.csv: Request failed with status code 406
Downloading https://landregistry.data.gov.uk/data/ppd/monthly/file-347-02.csv ...
  Error downloading https://landregistry.data.gov.uk/data/ppd/monthly/file-347-02.csv: Request failed with status code 406
Downloading https://landregistry.data.gov.uk/data/ppd/monthly/file-347-03.csv ...
  Error downloading https://landregistry.data.gov.uk/data/ppd/monthly/file-347-03.csv: Request failed with status code 406
Downloading https://landregistry.data.gov.uk/data/ppd/monthly/file-347-04.csv ...
  Error downloading https://landregistry.data.gov.uk/data/ppd/monthly/file-347-04.csv: Request failed with status code 406
Downloading https://landregistry.data.gov.uk/data/ppd/monthly/file-347-05.csv ...
  Error downloading https://landregistry.data.gov.uk/data/ppd/monthly/file-347-05.csv: Request failed with status code 406
Downloading https://landregistry.data.gov.uk/data/ppd/monthly/file-347-06.csv ...
  Error downloading https://landregistry.data.gov.uk/data/ppd/monthly/file-347-06.csv: Request failed with status code 406
Downloading https://landregistry.data.gov.uk/data/ppd/monthly/file-347-07.csv ...
  Error downloading https://landregistry.data.gov.uk/data/ppd/monthly/file-347-07.csv: Request failed with status code 406
Downloading https://landregistry.data.gov.uk/data/ppd/monthly/file-347-08.csv ...
  Error downloading https://landregistry.data.gov.uk/data/ppd/monthly/file-347-08.csv: Request failed with status code 406
Downloading https://landregistry.data.gov.uk/data/ppd/monthly/file-347-09.csv ...
  Error downloading https://landregistry.data.gov.uk/data/ppd/monthly/file-347-09.csv: Request failed with status code 406
Downloading https://landregistry.data.gov.uk/data/ppd/monthly/file-347-10.csv ...
  Error downloading https://landregistry.data.gov.uk/data/ppd/monthly/file-347-10.csv: Request failed with status code 406
Downloading https://landregistry.data.gov.uk/data/ppd/monthly/file-347-11.csv ...
  Error downloading https://landregistry.data.gov.uk/data/ppd/monthly/file-347-11.csv: Request failed with status code 406
Downloading https://landregistry.data.gov.uk/data/ppd/monthly/file-347-12.csv ...
  Error downloading https://landregistry.data.gov.uk/data/ppd/monthly/file-347-12.csv: Request failed with status code 406
Downloading https://landregistry.data.gov.uk/data/ppd/monthly/file-348-01.csv ...
  Error downloading https://landregistry.data.gov.uk/data/ppd/monthly/file-348-01.csv: Request failed with status code 406
Downloading https://landregistry.data.gov.uk/data/ppd/monthly/file-348-02.csv ...
  Error downloading https://landregistry.data.gov.uk/data/ppd/monthly/file-348-02.csv: Request failed with status code 406
Downloading https://landregistry.data.gov.uk/data/ppd/monthly/file-348-03.csv ...
  Error downloading https://landregistry.data.gov.uk/data/ppd/monthly/file-348-03.csv: Request failed with status code 406
Downloading https://landregistry.data.gov.uk/data/ppd/monthly/file-348-04.csv ...
  Error downloading https://landregistry.data.gov.uk/data/ppd/monthly/file-348-04.csv: Request failed with status code 406
Downloading https://landregistry.data.gov.uk/data/ppd/monthly/file-348-05.csv ...
  Error downloading https://landregistry.data.gov.uk/data/ppd/monthly/file-348-05.csv: Request failed with status code 406
Downloading https://landregistry.data.gov.uk/data/ppd/monthly/file-348-06.csv ...
  Error downloading https://landregistry.data.gov.uk/data/ppd/monthly/file-348-06.csv: Request failed with status code 406
Downloading https://landregistry.data.gov.uk/data/ppd/monthly/file-348-07.csv ...
  Error downloading https://landregistry.data.gov.uk/data/ppd/monthly/file-348-07.csv: Request failed with status code 406
Downloading https://landregistry.data.gov.uk/data/ppd/monthly/file-348-08.csv ...
  Error downloading https://landregistry.data.gov.uk/data/ppd/monthly/file-348-08.csv: Request failed with status code 406
Downloading https://landregistry.data.gov.uk/data/ppd/monthly/file-348-09.csv ...
  Error downloading https://landregistry.data.gov.uk/data/ppd/monthly/file-348-09.csv: Request failed with status code 406
Downloading https://landregistry.data.gov.uk/data/ppd/monthly/file-348-10.csv ...
  Error downloading https://landregistry.data.gov.uk/data/ppd/monthly/file-348-10.csv: Request failed with status code 406
Downloading https://landregistry.data.gov.uk/data/ppd/monthly/file-348-11.csv ...
  Error downloading https://landregistry.data.gov.uk/data/ppd/monthly/file-348-11.csv: Request failed with status code 406
Downloading https://landregistry.data.gov.uk/data/ppd/monthly/file-348-12.csv ...
  Error downloading https://landregistry.data.gov.uk/data/ppd/monthly/file-348-12.csv: Request failed with status code 406
Downloading https://landregistry.data.gov.uk/data/ppd/monthly/file-349-01.csv ...
  Error downloading https://landregistry.data.gov.uk/data/ppd/monthly/file-349-01.csv: Request failed with status code 406
Downloading https://landregistry.data.gov.uk/data/ppd/monthly/file-349-02.csv ...
  Error downloading https://landregistry.data.gov.uk/data/ppd/monthly/file-349-02.csv: Request failed with status code 406
Downloading https://landregistry.data.gov.uk/data/ppd/monthly/file-349-03.csv ...
  Error downloading https://landregistry.data.gov.uk/data/ppd/monthly/file-349-03.csv: Request failed with status code 406
Downloading https://landregistry.data.gov.uk/data/ppd/monthly/file-349-04.csv ...
  Error downloading https://landregistry.data.gov.uk/data/ppd/monthly/file-349-04.csv: Request failed with status code 406
Downloading https://landregistry.data.gov.uk/data/ppd/monthly/file-349-05.csv ...
  Error downloading https://landregistry.data.gov.uk/data/ppd/monthly/file-349-05.csv: Request failed with status code 406
Downloading https://landregistry.data.gov.uk/data/ppd/monthly/file-349-06.csv ...
  Error downloading https://landregistry.data.gov.uk/data/ppd/monthly/file-349-06.csv: Request failed with status code 406
Downloading https://landregistry.data.gov.uk/data/ppd/monthly/file-349-07.csv ...
  Error downloading https://landregistry.data.gov.uk/data/ppd/monthly/file-349-07.csv: Request failed with status code 406
Downloading https://landregistry.data.gov.uk/data/ppd/monthly/file-349-08.csv ...
  Error downloading https://landregistry.data.gov.uk/data/ppd/monthly/file-349-08.csv: Request failed with status code 406
Downloading https://landregistry.data.gov.uk/data/ppd/monthly/file-349-09.csv ...
  Error downloading https://landregistry.data.gov.uk/data/ppd/monthly/file-349-09.csv: Request failed with status code 406
Downloading https://landregistry.data.gov.uk/data/ppd/monthly/file-349-10.csv ...
  Error downloading https://landregistry.data.gov.uk/data/ppd/monthly/file-349-10.csv: Request failed with status code 406
Downloading https://landregistry.data.gov.uk/data/ppd/monthly/file-349-11.csv ...
  Error downloading https://landregistry.data.gov.uk/data/ppd/monthly/file-349-11.csv: Request failed with status code 406
Downloading https://landregistry.data.gov.uk/data/ppd/monthly/file-349-12.csv ...
  Error downloading https://landregistry.data.gov.uk/data/ppd/monthly/file-349-12.csv: Request failed with status code 406
Downloading https://landregistry.data.gov.uk/data/ppd/monthly/file-350-01.csv ...
  Error downloading https://landregistry.data.gov.uk/data/ppd/monthly/file-350-01.csv: Request failed with status code 406
Downloading https://landregistry.data.gov.uk/data/ppd/monthly/file-350-02.csv ...
  Error downloading https://landregistry.data.gov.uk/data/ppd/monthly/file-350-02.csv: Request failed with status code 406
Downloading https://landregistry.data.gov.uk/data/ppd/monthly/file-350-03.csv ...
  Error downloading https://landregistry.data.gov.uk/data/ppd/monthly/file-350-03.csv: Request failed with status code 406
Downloading https://landregistry.data.gov.uk/data/ppd/monthly/file-350-04.csv ...
  Error downloading https://landregistry.data.gov.uk/data/ppd/monthly/file-350-04.csv: Request failed with status code 406
Downloading https://landregistry.data.gov.uk/data/ppd/monthly/file-350-05.csv ...
  Error downloading https://landregistry.data.gov.uk/data/ppd/monthly/file-350-05.csv: Request failed with status code 406
Downloading https://landregistry.data.gov.uk/data/ppd/monthly/file-350-06.csv ...
  Error downloading https://landregistry.data.gov.uk/data/ppd/monthly/file-350-06.csv: Request failed with status code 406
Downloading https://landregistry.data.gov.uk/data/ppd/monthly/file-350-07.csv ...
  Error downloading https://landregistry.data.gov.uk/data/ppd/monthly/file-350-07.csv: Request failed with status code 406
Downloading https://landregistry.data.gov.uk/data/ppd/monthly/file-350-08.csv ...
  Error downloading https://landregistry.data.gov.uk/data/ppd/monthly/file-350-08.csv: Request failed with status code 406
Downloading https://landregistry.data.gov.uk/data/ppd/monthly/file-350-09.csv ...
  Error downloading https://landregistry.data.gov.uk/data/ppd/monthly/file-350-09.csv: Request failed with status code 406
Downloading https://landregistry.data.gov.uk/data/ppd/monthly/file-350-10.csv ...
  Error downloading https://landregistry.data.gov.uk/data/ppd/monthly/file-350-10.csv: Request failed with status code 406
Downloading https://landregistry.data.gov.uk/data/ppd/monthly/file-350-11.csv ...
  Error downloading https://landregistry.data.gov.uk/data/ppd/monthly/file-350-11.csv: Request failed with status code 406
Downloading https://landregistry.data.gov.uk/data/ppd/monthly/file-350-12.csv ...
  Error downloading https://landregistry.data.gov.uk/data/ppd/monthly/file-350-12.csv: Request failed with status code 406
Downloading https://landregistry.data.gov.uk/data/ppd/monthly/file-351-01.csv ...
  Error downloading https://landregistry.data.gov.uk/data/ppd/monthly/file-351-01.csv: Request failed with status code 406
Downloading https://landregistry.data.gov.uk/data/ppd/monthly/file-351-02.csv ...
  Error downloading https://landregistry.data.gov.uk/data/ppd/monthly/file-351-02.csv: Request failed with status code 406
Downloading https://landregistry.data.gov.uk/data/ppd/monthly/file-351-03.csv ...
  Error downloading https://landregistry.data.gov.uk/data/ppd/monthly/file-351-03.csv: Request failed with status code 406
Downloading https://landregistry.data.gov.uk/data/ppd/monthly/file-351-04.csv ...
  Error downloading https://landregistry.data.gov.uk/data/ppd/monthly/file-351-04.csv: Request failed with status code 406
Downloading https://landregistry.data.gov.uk/data/ppd/monthly/file-351-05.csv ...
  Error downloading https://landregistry.data.gov.uk/data/ppd/monthly/file-351-05.csv: Request failed with status code 406
Downloading https://landregistry.data.gov.uk/data/ppd/monthly/file-351-06.csv ...
  Error downloading https://landregistry.data.gov.uk/data/ppd/monthly/file-351-06.csv: Request failed with status code 406
Downloading https://landregistry.data.gov.uk/data/ppd/monthly/file-351-07.csv ...
  Error downloading https://landregistry.data.gov.uk/data/ppd/monthly/file-351-07.csv: Request failed with status code 406
Downloading https://landregistry.data.gov.uk/data/ppd/monthly/file-351-08.csv ...
  Error downloading https://landregistry.data.gov.uk/data/ppd/monthly/file-351-08.csv: Request failed with status code 406
Downloading https://landregistry.data.gov.uk/data/ppd/monthly/file-351-09.csv ...
  Error downloading https://landregistry.data.gov.uk/data/ppd/monthly/file-351-09.csv: Request failed with status code 406
Downloading https://landregistry.data.gov.uk/data/ppd/monthly/file-351-10.csv ...
  Error downloading https://landregistry.data.gov.uk/data/ppd/monthly/file-351-10.csv: Request failed with status code 406
Downloading https://landregistry.data.gov.uk/data/ppd/monthly/file-351-11.csv ...
  Error downloading https://landregistry.data.gov.uk/data/ppd/monthly/file-351-11.csv: Request failed with status code 406
Downloading https://landregistry.data.gov.uk/data/ppd/monthly/file-351-12.csv ...
  Error downloading https://landregistry.data.gov.uk/data/ppd/monthly/file-351-12.csv: Request failed with status code 406
Downloading https://landregistry.data.gov.uk/data/ppd/monthly/file-352-01.csv ...
  Error downloading https://landregistry.data.gov.uk/data/ppd/monthly/file-352-01.csv: Request failed with status code 406
Downloading https://landregistry.data.gov.uk/data/ppd/monthly/file-352-02.csv ...
  Error downloading https://landregistry.data.gov.uk/data/ppd/monthly/file-352-02.csv: Request failed with status code 406
Downloading https://landregistry.data.gov.uk/data/ppd/monthly/file-352-03.csv ...
  Error downloading https://landregistry.data.gov.uk/data/ppd/monthly/file-352-03.csv: Request failed with status code 406
Downloading https://landregistry.data.gov.uk/data/ppd/monthly/file-352-04.csv ...
  Error downloading https://landregistry.data.gov.uk/data/ppd/monthly/file-352-04.csv: Request failed with status code 406
Downloading https://landregistry.data.gov.uk/data/ppd/monthly/file-352-05.csv ...
  Error downloading https://landregistry.data.gov.uk/data/ppd/monthly/file-352-05.csv: Request failed with status code 406
Downloading https://landregistry.data.gov.uk/data/ppd/monthly/file-352-06.csv ...
  Error downloading https://landregistry.data.gov.uk/data/ppd/monthly/file-352-06.csv: Request failed with status code 406
Downloading https://landregistry.data.gov.uk/data/ppd/monthly/file-352-07.csv ...
  Error downloading https://landregistry.data.gov.uk/data/ppd/monthly/file-352-07.csv: Request failed with status code 406
Downloading https://landregistry.data.gov.uk/data/ppd/monthly/file-352-08.csv ...
  Error downloading https://landregistry.data.gov.uk/data/ppd/monthly/file-352-08.csv: Request failed with status code 406
Downloading https://landregistry.data.gov.uk/data/ppd/monthly/file-352-09.csv ...
  Error downloading https://landregistry.data.gov.uk/data/ppd/monthly/file-352-09.csv: Request failed with status code 406
Downloading https://landregistry.data.gov.uk/data/ppd/monthly/file-352-10.csv ...
  Error downloading https://landregistry.data.gov.uk/data/ppd/monthly/file-352-10.csv: Request failed with status code 406
Downloading https://landregistry.data.gov.uk/data/ppd/monthly/file-352-11.csv ...
  Error downloading https://landregistry.data.gov.uk/data/ppd/monthly/file-352-11.csv: Request failed with status code 406
Downloading https://landregistry.data.gov.uk/data/ppd/monthly/file-352-12.csv ...
  Error downloading https://landregistry.data.gov.uk/data/ppd/monthly/file-352-12.csv: Request failed with status code 406
Downloading https://landregistry.data.gov.uk/data/ppd/monthly/file-353-01.csv ...
  Error downloading https://landregistry.data.gov.uk/data/ppd/monthly/file-353-01.csv: Request failed with status code 406
Downloading https://landregistry.data.gov.uk/data/ppd/monthly/file-353-02.csv ...
  Error downloading https://landregistry.data.gov.uk/data/ppd/monthly/file-353-02.csv: Request failed with status code 406
Downloading https://landregistry.data.gov.uk/data/ppd/monthly/file-353-03.csv ...
  Error downloading https://landregistry.data.gov.uk/data/ppd/monthly/file-353-03.csv: Request failed with status code 406
Downloading https://landregistry.data.gov.uk/data/ppd/monthly/file-353-04.csv ...
  Error downloading https://landregistry.data.gov.uk/data/ppd/monthly/file-353-04.csv: Request failed with status code 406
Downloading https://landregistry.data.gov.uk/data/ppd/monthly/file-353-05.csv ...
  Error downloading https://landregistry.data.gov.uk/data/ppd/monthly/file-353-05.csv: Request failed with status code 406
Downloading https://landregistry.data.gov.uk/data/ppd/monthly/file-353-06.csv ...
  Error downloading https://landregistry.data.gov.uk/data/ppd/monthly/file-353-06.csv: Request failed with status code 406
Downloading https://landregistry.data.gov.uk/data/ppd/monthly/file-353-07.csv ...
  Error downloading https://landregistry.data.gov.uk/data/ppd/monthly/file-353-07.csv: Request failed with status code 406
Downloading https://landregistry.data.gov.uk/data/ppd/monthly/file-353-08.csv ...
  Error downloading https://landregistry.data.gov.uk/data/ppd/monthly/file-353-08.csv: Request failed with status code 406
Downloading https://landregistry.data.gov.uk/data/ppd/monthly/file-353-09.csv ...
  Error downloading https://landregistry.data.gov.uk/data/ppd/monthly/file-353-09.csv: Request failed with status code 406
Downloading https://landregistry.data.gov.uk/data/ppd/monthly/file-353-10.csv ...
  Error downloading https://landregistry.data.gov.uk/data/ppd/monthly/file-353-10.csv: Request failed with status code 406
Downloading https://landregistry.data.gov.uk/data/ppd/monthly/file-353-11.csv ...
  Error downloading https://landregistry.data.gov.uk/data/ppd/monthly/file-353-11.csv: Request failed with status code 406
Downloading https://landregistry.data.gov.uk/data/ppd/monthly/file-353-12.csv ...
  Error downloading https://landregistry.data.gov.uk/data/ppd/monthly/file-353-12.csv: Request failed with status code 406
Downloading https://landregistry.data.gov.uk/data/ppd/monthly/file-354-01.csv ...
  Error downloading https://landregistry.data.gov.uk/data/ppd/monthly/file-354-01.csv: Request failed with status code 406
Downloading https://landregistry.data.gov.uk/data/ppd/monthly/file-354-02.csv ...
  Error downloading https://landregistry.data.gov.uk/data/ppd/monthly/file-354-02.csv: Request failed with status code 406
Downloading https://landregistry.data.gov.uk/data/ppd/monthly/file-354-03.csv ...
  Error downloading https://landregistry.data.gov.uk/data/ppd/monthly/file-354-03.csv: Request failed with status code 406
Downloading https://landregistry.data.gov.uk/data/ppd/monthly/file-354-04.csv ...
  Error downloading https://landregistry.data.gov.uk/data/ppd/monthly/file-354-04.csv: Request failed with status code 406
Downloading https://landregistry.data.gov.uk/data/ppd/monthly/file-354-05.csv ...
  Error downloading https://landregistry.data.gov.uk/data/ppd/monthly/file-354-05.csv: Request failed with status code 406
Downloading https://landregistry.data.gov.uk/data/ppd/monthly/file-354-06.csv ...
  Error downloading https://landregistry.data.gov.uk/data/ppd/monthly/file-354-06.csv: Request failed with status code 406
Downloading https://landregistry.data.gov.uk/data/ppd/monthly/file-354-07.csv ...
  Error downloading https://landregistry.data.gov.uk/data/ppd/monthly/file-354-07.csv: Request failed with status code 406
Downloading https://landregistry.data.gov.uk/data/ppd/monthly/file-354-08.csv ...
  Error downloading https://landregistry.data.gov.uk/data/ppd/monthly/file-354-08.csv: Request failed with status code 406
Downloading https://landregistry.data.gov.uk/data/ppd/monthly/file-354-09.csv ...
  Error downloading https://landregistry.data.gov.uk/data/ppd/monthly/file-354-09.csv: Request failed with status code 406
Downloading https://landregistry.data.gov.uk/data/ppd/monthly/file-354-10.csv ...
  Error downloading https://landregistry.data.gov.uk/data/ppd/monthly/file-354-10.csv: Request failed with status code 406
Downloading https://landregistry.data.gov.uk/data/ppd/monthly/file-354-11.csv ...
  Error downloading https://landregistry.data.gov.uk/data/ppd/monthly/file-354-11.csv: Request failed with status code 406
Downloading https://landregistry.data.gov.uk/data/ppd/monthly/file-354-12.csv ...
  Error downloading https://landregistry.data.gov.uk/data/ppd/monthly/file-354-12.csv: Request failed with status code 406
Downloading https://landregistry.data.gov.uk/data/ppd/monthly/file-355-01.csv ...
  Error downloading https://landregistry.data.gov.uk/data/ppd/monthly/file-355-01.csv: Request failed with status code 406
Downloading https://landregistry.data.gov.uk/data/ppd/monthly/file-355-02.csv ...
  Error downloading https://landregistry.data.gov.uk/data/ppd/monthly/file-355-02.csv: Request failed with status code 406
Downloading https://landregistry.data.gov.uk/data/ppd/monthly/file-355-03.csv ...
  Error downloading https://landregistry.data.gov.uk/data/ppd/monthly/file-355-03.csv: Request failed with status code 406
Downloading https://landregistry.data.gov.uk/data/ppd/monthly/file-355-04.csv ...
  Error downloading https://landregistry.data.gov.uk/data/ppd/monthly/file-355-04.csv: Request failed with status code 406
Downloading https://landregistry.data.gov.uk/data/ppd/monthly/file-355-05.csv ...
  Error downloading https://landregistry.data.gov.uk/data/ppd/monthly/file-355-05.csv: Request failed with status code 406
Downloading https://landregistry.data.gov.uk/data/ppd/monthly/file-355-06.csv ...
  Error downloading https://landregistry.data.gov.uk/data/ppd/monthly/file-355-06.csv: Request failed with status code 406
Downloading https://landregistry.data.gov.uk/data/ppd/monthly/file-355-07.csv ...
  Error downloading https://landregistry.data.gov.uk/data/ppd/monthly/file-355-07.csv: Request failed with status code 406
Downloading https://landregistry.data.gov.uk/data/ppd/monthly/file-355-08.csv ...
  Error downloading https://landregistry.data.gov.uk/data/ppd/monthly/file-355-08.csv: Request failed with status code 406
Downloading https://landregistry.data.gov.uk/data/ppd/monthly/file-355-09.csv ...
  Error downloading https://landregistry.data.gov.uk/data/ppd/monthly/file-355-09.csv: Request failed with status code 406
Downloading https://landregistry.data.gov.uk/data/ppd/monthly/file-355-10.csv ...
  Error downloading https://landregistry.data.gov.uk/data/ppd/monthly/file-355-10.csv: Request failed with status code 406
Downloading https://landregistry.data.gov.uk/data/ppd/monthly/file-355-11.csv ...
  Error downloading https://landregistry.data.gov.uk/data/ppd/monthly/file-355-11.csv: Request failed with status code 406
Downloading https://landregistry.data.gov.uk/data/ppd/monthly/file-355-12.csv ...
  Error downloading https://landregistry.data.gov.uk/data/ppd/monthly/file-355-12.csv: Request failed with status code 406
Downloading https://landregistry.data.gov.uk/data/ppd/monthly/file-356-01.csv ...
  Error downloading https://landregistry.data.gov.uk/data/ppd/monthly/file-356-01.csv: Request failed with status code 406
Downloading https://landregistry.data.gov.uk/data/ppd/monthly/file-356-02.csv ...
  Error downloading https://landregistry.data.gov.uk/data/ppd/monthly/file-356-02.csv: Request failed with status code 406
Downloading https://landregistry.data.gov.uk/data/ppd/monthly/file-356-03.csv ...
  Error downloading https://landregistry.data.gov.uk/data/ppd/monthly/file-356-03.csv: Request failed with status code 406
Downloading https://landregistry.data.gov.uk/data/ppd/monthly/file-356-04.csv ...
  Error downloading https://landregistry.data.gov.uk/data/ppd/monthly/file-356-04.csv: Request failed with status code 406
Downloading https://landregistry.data.gov.uk/data/ppd/monthly/file-356-05.csv ...
  Error downloading https://landregistry.data.gov.uk/data/ppd/monthly/file-356-05.csv: Request failed with status code 406
Downloading https://landregistry.data.gov.uk/data/ppd/monthly/file-356-06.csv ...
  Error downloading https://landregistry.data.gov.uk/data/ppd/monthly/file-356-06.csv: Request failed with status code 406
Downloading https://landregistry.data.gov.uk/data/ppd/monthly/file-356-07.csv ...
  Error downloading https://landregistry.data.gov.uk/data/ppd/monthly/file-356-07.csv: Request failed with status code 406
Downloading https://landregistry.data.gov.uk/data/ppd/monthly/file-356-08.csv ...
  Error downloading https://landregistry.data.gov.uk/data/ppd/monthly/file-356-08.csv: Request failed with status code 406
Downloading https://landregistry.data.gov.uk/data/ppd/monthly/file-356-09.csv ...
  Error downloading https://landregistry.data.gov.uk/data/ppd/monthly/file-356-09.csv: Request failed with status code 406
Downloading https://landregistry.data.gov.uk/data/ppd/monthly/file-356-10.csv ...
  Error downloading https://landregistry.data.gov.uk/data/ppd/monthly/file-356-10.csv: Request failed with status code 406
Downloading https://landregistry.data.gov.uk/data/ppd/monthly/file-356-11.csv ...
  Error downloading https://landregistry.data.gov.uk/data/ppd/monthly/file-356-11.csv: Request failed with status code 406
Downloading https://landregistry.data.gov.uk/data/ppd/monthly/file-356-12.csv ...
  Error downloading https://landregistry.data.gov.uk/data/ppd/monthly/file-356-12.csv: Request failed with status code 406
Downloading https://landregistry.data.gov.uk/data/ppd/monthly/file-357-01.csv ...
  Error downloading https://landregistry.data.gov.uk/data/ppd/monthly/file-357-01.csv: Request failed with status code 406
Downloading https://landregistry.data.gov.uk/data/ppd/monthly/file-357-02.csv ...
  Error downloading https://landregistry.data.gov.uk/data/ppd/monthly/file-357-02.csv: Request failed with status code 406
Downloading https://landregistry.data.gov.uk/data/ppd/monthly/file-357-03.csv ...
  Error downloading https://landregistry.data.gov.uk/data/ppd/monthly/file-357-03.csv: Request failed with status code 406
Downloading https://landregistry.data.gov.uk/data/ppd/monthly/file-357-04.csv ...
  Error downloading https://landregistry.data.gov.uk/data/ppd/monthly/file-357-04.csv: Request failed with status code 406
Downloading https://landregistry.data.gov.uk/data/ppd/monthly/file-357-05.csv ...
  Error downloading https://landregistry.data.gov.uk/data/ppd/monthly/file-357-05.csv: Request failed with status code 406
Downloading https://landregistry.data.gov.uk/data/ppd/monthly/file-357-06.csv ...
  Error downloading https://landregistry.data.gov.uk/data/ppd/monthly/file-357-06.csv: Request failed with status code 406
Downloading https://landregistry.data.gov.uk/data/ppd/monthly/file-357-07.csv ...
  Error downloading https://landregistry.data.gov.uk/data/ppd/monthly/file-357-07.csv: Request failed with status code 406
Downloading https://landregistry.data.gov.uk/data/ppd/monthly/file-357-08.csv ...
  Error downloading https://landregistry.data.gov.uk/data/ppd/monthly/file-357-08.csv: Request failed with status code 406
Downloading https://landregistry.data.gov.uk/data/ppd/monthly/file-357-09.csv ...
  Error downloading https://landregistry.data.gov.uk/data/ppd/monthly/file-357-09.csv: Request failed with status code 406
Downloading https://landregistry.data.gov.uk/data/ppd/monthly/file-357-10.csv ...
  Error downloading https://landregistry.data.gov.uk/data/ppd/monthly/file-357-10.csv: Request failed with status code 406
Downloading https://landregistry.data.gov.uk/data/ppd/monthly/file-357-11.csv ...
  Error downloading https://landregistry.data.gov.uk/data/ppd/monthly/file-357-11.csv: Request failed with status code 406
Downloading https://landregistry.data.gov.uk/data/ppd/monthly/file-357-12.csv ...
  Error downloading https://landregistry.data.gov.uk/data/ppd/monthly/file-357-12.csv: Request failed with status code 406
Downloading https://landregistry.data.gov.uk/data/ppd/monthly/file-358-01.csv ...
  Error downloading https://landregistry.data.gov.uk/data/ppd/monthly/file-358-01.csv: Request failed with status code 406
Downloading https://landregistry.data.gov.uk/data/ppd/monthly/file-358-02.csv ...
  Error downloading https://landregistry.data.gov.uk/data/ppd/monthly/file-358-02.csv: Request failed with status code 406
Downloading https://landregistry.data.gov.uk/data/ppd/monthly/file-358-03.csv ...
  Error downloading https://landregistry.data.gov.uk/data/ppd/monthly/file-358-03.csv: Request failed with status code 406
Downloading https://landregistry.data.gov.uk/data/ppd/monthly/file-358-04.csv ...
  Error downloading https://landregistry.data.gov.uk/data/ppd/monthly/file-358-04.csv: Request failed with status code 406
Downloading https://landregistry.data.gov.uk/data/ppd/monthly/file-358-05.csv ...
  Error downloading https://landregistry.data.gov.uk/data/ppd/monthly/file-358-05.csv: Request failed with status code 406
Downloading https://landregistry.data.gov.uk/data/ppd/monthly/file-358-06.csv ...
  Error downloading https://landregistry.data.gov.uk/data/ppd/monthly/file-358-06.csv: Request failed with status code 406
Downloading https://landregistry.data.gov.uk/data/ppd/monthly/file-358-07.csv ...
  Error downloading https://landregistry.data.gov.uk/data/ppd/monthly/file-358-07.csv: Request failed with status code 406
Downloading https://landregistry.data.gov.uk/data/ppd/monthly/file-358-08.csv ...
  Error downloading https://landregistry.data.gov.uk/data/ppd/monthly/file-358-08.csv: Request failed with status code 406
Downloading https://landregistry.data.gov.uk/data/ppd/monthly/file-358-09.csv ...
  Error downloading https://landregistry.data.gov.uk/data/ppd/monthly/file-358-09.csv: Request failed with status code 406
Downloading https://landregistry.data.gov.uk/data/ppd/monthly/file-358-10.csv ...
  Error downloading https://landregistry.data.gov.uk/data/ppd/monthly/file-358-10.csv: Request failed with status code 406
Downloading https://landregistry.data.gov.uk/data/ppd/monthly/file-358-11.csv ...
  Error downloading https://landregistry.data.gov.uk/data/ppd/monthly/file-358-11.csv: Request failed with status code 406
Downloading https://landregistry.data.gov.uk/data/ppd/monthly/file-358-12.csv ...
  Error downloading https://landregistry.data.gov.uk/data/ppd/monthly/file-358-12.csv: Request failed with status code 406
Downloading https://landregistry.data.gov.uk/data/ppd/monthly/file-359-01.csv ...
  Error downloading https://landregistry.data.gov.uk/data/ppd/monthly/file-359-01.csv: Request failed with status code 406
Downloading https://landregistry.data.gov.uk/data/ppd/monthly/file-359-02.csv ...
  Error downloading https://landregistry.data.gov.uk/data/ppd/monthly/file-359-02.csv: Request failed with status code 406
Downloading https://landregistry.data.gov.uk/data/ppd/monthly/file-359-03.csv ...
  Error downloading https://landregistry.data.gov.uk/data/ppd/monthly/file-359-03.csv: Request failed with status code 406
Downloading https://landregistry.data.gov.uk/data/ppd/monthly/file-359-04.csv ...
  Error downloading https://landregistry.data.gov.uk/data/ppd/monthly/file-359-04.csv: Request failed with status code 406
Downloading https://landregistry.data.gov.uk/data/ppd/monthly/file-359-05.csv ...
  Error downloading https://landregistry.data.gov.uk/data/ppd/monthly/file-359-05.csv: Request failed with status code 406
Downloading https://landregistry.data.gov.uk/data/ppd/monthly/file-359-06.csv ...
  Error downloading https://landregistry.data.gov.uk/data/ppd/monthly/file-359-06.csv: Request failed with status code 406
Downloading https://landregistry.data.gov.uk/data/ppd/monthly/file-359-07.csv ...
  Error downloading https://landregistry.data.gov.uk/data/ppd/monthly/file-359-07.csv: Request failed with status code 406
Downloading https://landregistry.data.gov.uk/data/ppd/monthly/file-359-08.csv ...
  Error downloading https://landregistry.data.gov.uk/data/ppd/monthly/file-359-08.csv: Request failed with status code 406
Downloading https://landregistry.data.gov.uk/data/ppd/monthly/file-359-09.csv ...
  Error downloading https://landregistry.data.gov.uk/data/ppd/monthly/file-359-09.csv: Request failed with status code 406
Downloading https://landregistry.data.gov.uk/data/ppd/monthly/file-359-10.csv ...
  Error downloading https://landregistry.data.gov.uk/data/ppd/monthly/file-359-10.csv: Request failed with status code 406
Downloading https://landregistry.data.gov.uk/data/ppd/monthly/file-359-11.csv ...
  Error downloading https://landregistry.data.gov.uk/data/ppd/monthly/file-359-11.csv: Request failed with status code 406
Downloading https://landregistry.data.gov.uk/data/ppd/monthly/file-359-12.csv ...
  Error downloading https://landregistry.data.gov.uk/data/ppd/monthly/file-359-12.csv: Request failed with status code 406
Downloading https://landregistry.data.gov.uk/data/ppd/monthly/file-360-01.csv ...
  Error downloading https://landregistry.data.gov.uk/data/ppd/monthly/file-360-01.csv: Request failed with status code 406
Downloading https://landregistry.data.gov.uk/data/ppd/monthly/file-360-02.csv ...
  Error downloading https://landregistry.data.gov.uk/data/ppd/monthly/file-360-02.csv: Request failed with status code 406
Downloading https://landregistry.data.gov.uk/data/ppd/monthly/file-360-03.csv ...
  Error downloading https://landregistry.data.gov.uk/data/ppd/monthly/file-360-03.csv: Request failed with status code 406
Downloading https://landregistry.data.gov.uk/data/ppd/monthly/file-360-04.csv ...
  Error downloading https://landregistry.data.gov.uk/data/ppd/monthly/file-360-04.csv: Request failed with status code 406
Downloading https://landregistry.data.gov.uk/data/ppd/monthly/file-360-05.csv ...
  Error downloading https://landregistry.data.gov.uk/data/ppd/monthly/file-360-05.csv: Request failed with status code 406
Downloading https://landregistry.data.gov.uk/data/ppd/monthly/file-360-06.csv ...
  Error downloading https://landregistry.data.gov.uk/data/ppd/monthly/file-360-06.csv: Request failed with status code 406
Downloading https://landregistry.data.gov.uk/data/ppd/monthly/file-360-07.csv ...
  Error downloading https://landregistry.data.gov.uk/data/ppd/monthly/file-360-07.csv: Request failed with status code 406
Downloading https://landregistry.data.gov.uk/data/ppd/monthly/file-360-08.csv ...
  Error downloading https://landregistry.data.gov.uk/data/ppd/monthly/file-360-08.csv: Request failed with status code 406
Downloading https://landregistry.data.gov.uk/data/ppd/monthly/file-360-09.csv ...
  Error downloading https://landregistry.data.gov.uk/data/ppd/monthly/file-360-09.csv: Request failed with status code 406
Downloading https://landregistry.data.gov.uk/data/ppd/monthly/file-360-10.csv ...
  Error downloading https://landregistry.data.gov.uk/data/ppd/monthly/file-360-10.csv: Request failed with status code 406
Downloading https://landregistry.data.gov.uk/data/ppd/monthly/file-360-11.csv ...
  Error downloading https://landregistry.data.gov.uk/data/ppd/monthly/file-360-11.csv: Request failed with status code 406
Downloading https://landregistry.data.gov.uk/data/ppd/monthly/file-360-12.csv ...
  Error downloading https://landregistry.data.gov.uk/data/ppd/monthly/file-360-12.csv: Request failed with status code 406
Downloading https://landregistry.data.gov.uk/data/ppd/monthly/file-361-01.csv ...
  Error downloading https://landregistry.data.gov.uk/data/ppd/monthly/file-361-01.csv: Request failed with status code 406
Downloading https://landregistry.data.gov.uk/data/ppd/monthly/file-361-02.csv ...
  Error downloading https://landregistry.data.gov.uk/data/ppd/monthly/file-361-02.csv: Request failed with status code 406
Downloading https://landregistry.data.gov.uk/data/ppd/monthly/file-361-03.csv ...
  Error downloading https://landregistry.data.gov.uk/data/ppd/monthly/file-361-03.csv: Request failed with status code 406
Downloading https://landregistry.data.gov.uk/data/ppd/monthly/file-361-04.csv ...
  Error downloading https://landregistry.data.gov.uk/data/ppd/monthly/file-361-04.csv: Request failed with status code 406
Downloading https://landregistry.data.gov.uk/data/ppd/monthly/file-361-05.csv ...
  Error downloading https://landregistry.data.gov.uk/data/ppd/monthly/file-361-05.csv: Request failed with status code 406
Downloading https://landregistry.data.gov.uk/data/ppd/monthly/file-361-06.csv ...
  Error downloading https://landregistry.data.gov.uk/data/ppd/monthly/file-361-06.csv: Request failed with status code 406
Downloading https://landregistry.data.gov.uk/data/ppd/monthly/file-361-07.csv ...
  Error downloading https://landregistry.data.gov.uk/data/ppd/monthly/file-361-07.csv: Request failed with status code 406
Downloading https://landregistry.data.gov.uk/data/ppd/monthly/file-361-08.csv ...
  Error downloading https://landregistry.data.gov.uk/data/ppd/monthly/file-361-08.csv: Request failed with status code 406
Downloading https://landregistry.data.gov.uk/data/ppd/monthly/file-361-09.csv ...
  Error downloading https://landregistry.data.gov.uk/data/ppd/monthly/file-361-09.csv: Request failed with status code 406
Downloading https://landregistry.data.gov.uk/data/ppd/monthly/file-361-10.csv ...
  Error downloading https://landregistry.data.gov.uk/data/ppd/monthly/file-361-10.csv: Request failed with status code 406
Downloading https://landregistry.data.gov.uk/data/ppd/monthly/file-361-11.csv ...
  Error downloading https://landregistry.data.gov.uk/data/ppd/monthly/file-361-11.csv: Request failed with status code 406
Downloading https://landregistry.data.gov.uk/data/ppd/monthly/file-361-12.csv ...
  Error downloading https://landregistry.data.gov.uk/data/ppd/monthly/file-361-12.csv: Request failed with status code 406
Downloading https://landregistry.data.gov.uk/data/ppd/monthly/file-362-01.csv ...
  Error downloading https://landregistry.data.gov.uk/data/ppd/monthly/file-362-01.csv: Request failed with status code 406
Downloading https://landregistry.data.gov.uk/data/ppd/monthly/file-362-02.csv ...
  Error downloading https://landregistry.data.gov.uk/data/ppd/monthly/file-362-02.csv: Request failed with status code 406
Downloading https://landregistry.data.gov.uk/data/ppd/monthly/file-362-03.csv ...
  Error downloading https://landregistry.data.gov.uk/data/ppd/monthly/file-362-03.csv: Request failed with status code 406
Downloading https://landregistry.data.gov.uk/data/ppd/monthly/file-362-04.csv ...
  Error downloading https://landregistry.data.gov.uk/data/ppd/monthly/file-362-04.csv: Request failed with status code 406
Downloading https://landregistry.data.gov.uk/data/ppd/monthly/file-362-05.csv ...
  Error downloading https://landregistry.data.gov.uk/data/ppd/monthly/file-362-05.csv: Request failed with status code 406
Downloading https://landregistry.data.gov.uk/data/ppd/monthly/file-362-06.csv ...
  Error downloading https://landregistry.data.gov.uk/data/ppd/monthly/file-362-06.csv: Request failed with status code 406
Downloading https://landregistry.data.gov.uk/data/ppd/monthly/file-362-07.csv ...
  Error downloading https://landregistry.data.gov.uk/data/ppd/monthly/file-362-07.csv: Request failed with status code 406
Downloading https://landregistry.data.gov.uk/data/ppd/monthly/file-362-08.csv ...
  Error downloading https://landregistry.data.gov.uk/data/ppd/monthly/file-362-08.csv: Request failed with status code 406
Downloading https://landregistry.data.gov.uk/data/ppd/monthly/file-362-09.csv ...
  Error downloading https://landregistry.data.gov.uk/data/ppd/monthly/file-362-09.csv: Request failed with status code 406
Downloading https://landregistry.data.gov.uk/data/ppd/monthly/file-362-10.csv ...
  Error downloading https://landregistry.data.gov.uk/data/ppd/monthly/file-362-10.csv: Request failed with status code 406
Downloading https://landregistry.data.gov.uk/data/ppd/monthly/file-362-11.csv ...
  Error downloading https://landregistry.data.gov.uk/data/ppd/monthly/file-362-11.csv: Request failed with status code 406
Downloading https://landregistry.data.gov.uk/data/ppd/monthly/file-362-12.csv ...
  Error downloading https://landregistry.data.gov.uk/data/ppd/monthly/file-362-12.csv: Request failed with status code 406
Downloading https://landregistry.data.gov.uk/data/ppd/monthly/file-363-01.csv ...
  Error downloading https://landregistry.data.gov.uk/data/ppd/monthly/file-363-01.csv: Request failed with status code 406
Downloading https://landregistry.data.gov.uk/data/ppd/monthly/file-363-02.csv ...
  Error downloading https://landregistry.data.gov.uk/data/ppd/monthly/file-363-02.csv: Request failed with status code 406
Downloading https://landregistry.data.gov.uk/data/ppd/monthly/file-363-03.csv ...
  Error downloading https://landregistry.data.gov.uk/data/ppd/monthly/file-363-03.csv: Request failed with status code 406
Downloading https://landregistry.data.gov.uk/data/ppd/monthly/file-363-04.csv ...
  Error downloading https://landregistry.data.gov.uk/data/ppd/monthly/file-363-04.csv: Request failed with status code 406
Downloading https://landregistry.data.gov.uk/data/ppd/monthly/file-363-05.csv ...
  Error downloading https://landregistry.data.gov.uk/data/ppd/monthly/file-363-05.csv: Request failed with status code 406
Downloading https://landregistry.data.gov.uk/data/ppd/monthly/file-363-06.csv ...
  Error downloading https://landregistry.data.gov.uk/data/ppd/monthly/file-363-06.csv: Request failed with status code 406
Downloading https://landregistry.data.gov.uk/data/ppd/monthly/file-363-07.csv ...
  Error downloading https://landregistry.data.gov.uk/data/ppd/monthly/file-363-07.csv: Request failed with status code 406
Downloading https://landregistry.data.gov.uk/data/ppd/monthly/file-363-08.csv ...
  Error downloading https://landregistry.data.gov.uk/data/ppd/monthly/file-363-08.csv: Request failed with status code 406
Downloading https://landregistry.data.gov.uk/data/ppd/monthly/file-363-09.csv ...
  Error downloading https://landregistry.data.gov.uk/data/ppd/monthly/file-363-09.csv: Request failed with status code 406
Downloading https://landregistry.data.gov.uk/data/ppd/monthly/file-363-10.csv ...
  Error downloading https://landregistry.data.gov.uk/data/ppd/monthly/file-363-10.csv: Request failed with status code 406
Downloading https://landregistry.data.gov.uk/data/ppd/monthly/file-363-11.csv ...
  Error downloading https://landregistry.data.gov.uk/data/ppd/monthly/file-363-11.csv: Request failed with status code 406
Downloading https://landregistry.data.gov.uk/data/ppd/monthly/file-363-12.csv ...
  Error downloading https://landregistry.data.gov.uk/data/ppd/monthly/file-363-12.csv: Request failed with status code 406
Downloading https://landregistry.data.gov.uk/data/ppd/monthly/file-364-01.csv ...
  Error downloading https://landregistry.data.gov.uk/data/ppd/monthly/file-364-01.csv: Request failed with status code 406
Downloading https://landregistry.data.gov.uk/data/ppd/monthly/file-364-02.csv ...
  Error downloading https://landregistry.data.gov.uk/data/ppd/monthly/file-364-02.csv: Request failed with status code 406
Downloading https://landregistry.data.gov.uk/data/ppd/monthly/file-364-03.csv ...
  Error downloading https://landregistry.data.gov.uk/data/ppd/monthly/file-364-03.csv: Request failed with status code 406
Downloading https://landregistry.data.gov.uk/data/ppd/monthly/file-364-04.csv ...
  Error downloading https://landregistry.data.gov.uk/data/ppd/monthly/file-364-04.csv: Request failed with status code 406
Downloading https://landregistry.data.gov.uk/data/ppd/monthly/file-364-05.csv ...
  Error downloading https://landregistry.data.gov.uk/data/ppd/monthly/file-364-05.csv: Request failed with status code 406
Downloading https://landregistry.data.gov.uk/data/ppd/monthly/file-364-06.csv ...
  Error downloading https://landregistry.data.gov.uk/data/ppd/monthly/file-364-06.csv: Request failed with status code 406
Downloading https://landregistry.data.gov.uk/data/ppd/monthly/file-364-07.csv ...
  Error downloading https://landregistry.data.gov.uk/data/ppd/monthly/file-364-07.csv: Request failed with status code 406
Downloading https://landregistry.data.gov.uk/data/ppd/monthly/file-364-08.csv ...
  Error downloading https://landregistry.data.gov.uk/data/ppd/monthly/file-364-08.csv: Request failed with status code 406
Downloading https://landregistry.data.gov.uk/data/ppd/monthly/file-364-09.csv ...
  Error downloading https://landregistry.data.gov.uk/data/ppd/monthly/file-364-09.csv: Request failed with status code 406
Downloading https://landregistry.data.gov.uk/data/ppd/monthly/file-364-10.csv ...
  Error downloading https://landregistry.data.gov.uk/data/ppd/monthly/file-364-10.csv: Request failed with status code 406
Downloading https://landregistry.data.gov.uk/data/ppd/monthly/file-364-11.csv ...
  Error downloading https://landregistry.data.gov.uk/data/ppd/monthly/file-364-11.csv: Request failed with status code 406
Downloading https://landregistry.data.gov.uk/data/ppd/monthly/file-364-12.csv ...
  Error downloading https://landregistry.data.gov.uk/data/ppd/monthly/file-364-12.csv: Request failed with status code 406
Downloading https://landregistry.data.gov.uk/data/ppd/monthly/file-365-01.csv ...
  Error downloading https://landregistry.data.gov.uk/data/ppd/monthly/file-365-01.csv: Request failed with status code 406
Downloading https://landregistry.data.gov.uk/data/ppd/monthly/file-365-02.csv ...
  Error downloading https://landregistry.data.gov.uk/data/ppd/monthly/file-365-02.csv: Request failed with status code 406
Downloading https://landregistry.data.gov.uk/data/ppd/monthly/file-365-03.csv ...
  Error downloading https://landregistry.data.gov.uk/data/ppd/monthly/file-365-03.csv: Request failed with status code 406
Downloading https://landregistry.data.gov.uk/data/ppd/monthly/file-365-04.csv ...
  Error downloading https://landregistry.data.gov.uk/data/ppd/monthly/file-365-04.csv: Request failed with status code 406
Downloading https://landregistry.data.gov.uk/data/ppd/monthly/file-365-05.csv ...
  Error downloading https://landregistry.data.gov.uk/data/ppd/monthly/file-365-05.csv: Request failed with status code 406
Downloading https://landregistry.data.gov.uk/data/ppd/monthly/file-365-06.csv ...
  Error downloading https://landregistry.data.gov.uk/data/ppd/monthly/file-365-06.csv: Request failed with status code 406
Downloading https://landregistry.data.gov.uk/data/ppd/monthly/file-365-07.csv ...
  Error downloading https://landregistry.data.gov.uk/data/ppd/monthly/file-365-07.csv: Request failed with status code 406
Downloading https://landregistry.data.gov.uk/data/ppd/monthly/file-365-08.csv ...
  Error downloading https://landregistry.data.gov.uk/data/ppd/monthly/file-365-08.csv: Request failed with status code 406
Downloading https://landregistry.data.gov.uk/data/ppd/monthly/file-365-09.csv ...
  Error downloading https://landregistry.data.gov.uk/data/ppd/monthly/file-365-09.csv: Request failed with status code 406
Downloading https://landregistry.data.gov.uk/data/ppd/monthly/file-365-10.csv ...
  Error downloading https://landregistry.data.gov.uk/data/ppd/monthly/file-365-10.csv: Request failed with status code 406
Downloading https://landregistry.data.gov.uk/data/ppd/monthly/file-365-11.csv ...
  Error downloading https://landregistry.data.gov.uk/data/ppd/monthly/file-365-11.csv: Request failed with status code 406
Downloading https://landregistry.data.gov.uk/data/ppd/monthly/file-365-12.csv ...
  Error downloading https://landregistry.data.gov.uk/data/ppd/monthly/file-365-12.csv: Request failed with status code 406
Downloading https://landregistry.data.gov.uk/data/ppd/monthly/file-366-01.csv ...
  Error downloading https://landregistry.data.gov.uk/data/ppd/monthly/file-366-01.csv: Request failed with status code 406
Downloading https://landregistry.data.gov.uk/data/ppd/monthly/file-366-02.csv ...
  Error downloading https://landregistry.data.gov.uk/data/ppd/monthly/file-366-02.csv: Request failed with status code 406
Downloading https://landregistry.data.gov.uk/data/ppd/monthly/file-366-03.csv ...
  Error downloading https://landregistry.data.gov.uk/data/ppd/monthly/file-366-03.csv: Request failed with status code 406
Downloading https://landregistry.data.gov.uk/data/ppd/monthly/file-366-04.csv ...
  Error downloading https://landregistry.data.gov.uk/data/ppd/monthly/file-366-04.csv: Request failed with status code 406
Downloading https://landregistry.data.gov.uk/data/ppd/monthly/file-366-05.csv ...
  Error downloading https://landregistry.data.gov.uk/data/ppd/monthly/file-366-05.csv: Request failed with status code 406
Downloading https://landregistry.data.gov.uk/data/ppd/monthly/file-366-06.csv ...
  Error downloading https://landregistry.data.gov.uk/data/ppd/monthly/file-366-06.csv: Request failed with status code 406
Downloading https://landregistry.data.gov.uk/data/ppd/monthly/file-366-07.csv ...
  Error downloading https://landregistry.data.gov.uk/data/ppd/monthly/file-366-07.csv: Request failed with status code 406
Downloading https://landregistry.data.gov.uk/data/ppd/monthly/file-366-08.csv ...
  Error downloading https://landregistry.data.gov.uk/data/ppd/monthly/file-366-08.csv: Request failed with status code 406
Downloading https://landregistry.data.gov.uk/data/ppd/monthly/file-366-09.csv ...
  Error downloading https://landregistry.data.gov.uk/data/ppd/monthly/file-366-09.csv: Request failed with status code 406
Downloading https://landregistry.data.gov.uk/data/ppd/monthly/file-366-10.csv ...
  Error downloading https://landregistry.data.gov.uk/data/ppd/monthly/file-366-10.csv: Request failed with status code 406
Downloading https://landregistry.data.gov.uk/data/ppd/monthly/file-366-11.csv ...
  Error downloading https://landregistry.data.gov.uk/data/ppd/monthly/file-366-11.csv: Request failed with status code 406
Downloading https://landregistry.data.gov.uk/data/ppd/monthly/file-366-12.csv ...
  Error downloading https://landregistry.data.gov.uk/data/ppd/monthly/file-366-12.csv: Request failed with status code 406
Downloading https://landregistry.data.gov.uk/data/ppd/monthly/file-367-01.csv ...
  Error downloading https://landregistry.data.gov.uk/data/ppd/monthly/file-367-01.csv: Request failed with status code 406
Downloading https://landregistry.data.gov.uk/data/ppd/monthly/file-367-02.csv ...
  Error downloading https://landregistry.data.gov.uk/data/ppd/monthly/file-367-02.csv: Request failed with status code 406
Downloading https://landregistry.data.gov.uk/data/ppd/monthly/file-367-03.csv ...
  Error downloading https://landregistry.data.gov.uk/data/ppd/monthly/file-367-03.csv: Request failed with status code 406
Downloading https://landregistry.data.gov.uk/data/ppd/monthly/file-367-04.csv ...
  Error downloading https://landregistry.data.gov.uk/data/ppd/monthly/file-367-04.csv: Request failed with status code 406
Downloading https://landregistry.data.gov.uk/data/ppd/monthly/file-367-05.csv ...
  Error downloading https://landregistry.data.gov.uk/data/ppd/monthly/file-367-05.csv: Request failed with status code 406
Downloading https://landregistry.data.gov.uk/data/ppd/monthly/file-367-06.csv ...
  Error downloading https://landregistry.data.gov.uk/data/ppd/monthly/file-367-06.csv: Request failed with status code 406
Downloading https://landregistry.data.gov.uk/data/ppd/monthly/file-367-07.csv ...
  Error downloading https://landregistry.data.gov.uk/data/ppd/monthly/file-367-07.csv: Request failed with status code 406
Downloading https://landregistry.data.gov.uk/data/ppd/monthly/file-367-08.csv ...
  Error downloading https://landregistry.data.gov.uk/data/ppd/monthly/file-367-08.csv: Request failed with status code 406
Downloading https://landregistry.data.gov.uk/data/ppd/monthly/file-367-09.csv ...
  Error downloading https://landregistry.data.gov.uk/data/ppd/monthly/file-367-09.csv: Request failed with status code 406
Downloading https://landregistry.data.gov.uk/data/ppd/monthly/file-367-10.csv ...
  Error downloading https://landregistry.data.gov.uk/data/ppd/monthly/file-367-10.csv: Request failed with status code 406
Downloading https://landregistry.data.gov.uk/data/ppd/monthly/file-367-11.csv ...
  Error downloading https://landregistry.data.gov.uk/data/ppd/monthly/file-367-11.csv: Request failed with status code 406
Downloading https://landregistry.data.gov.uk/data/ppd/monthly/file-367-12.csv ...
  Error downloading https://landregistry.data.gov.uk/data/ppd/monthly/file-367-12.csv: Request failed with status code 406
Downloading https://landregistry.data.gov.uk/data/ppd/monthly/file-368-01.csv ...
  Error downloading https://landregistry.data.gov.uk/data/ppd/monthly/file-368-01.csv: Request failed with status code 406
Downloading https://landregistry.data.gov.uk/data/ppd/monthly/file-368-02.csv ...
  Error downloading https://landregistry.data.gov.uk/data/ppd/monthly/file-368-02.csv: Request failed with status code 406
Downloading https://landregistry.data.gov.uk/data/ppd/monthly/file-368-03.csv ...
  Error downloading https://landregistry.data.gov.uk/data/ppd/monthly/file-368-03.csv: Request failed with status code 406
Downloading https://landregistry.data.gov.uk/data/ppd/monthly/file-368-04.csv ...
  Error downloading https://landregistry.data.gov.uk/data/ppd/monthly/file-368-04.csv: Request failed with status code 406
Downloading https://landregistry.data.gov.uk/data/ppd/monthly/file-368-05.csv ...
  Error downloading https://landregistry.data.gov.uk/data/ppd/monthly/file-368-05.csv: Request failed with status code 406
Downloading https://landregistry.data.gov.uk/data/ppd/monthly/file-368-06.csv ...
  Error downloading https://landregistry.data.gov.uk/data/ppd/monthly/file-368-06.csv: Request failed with status code 406
Downloading https://landregistry.data.gov.uk/data/ppd/monthly/file-368-07.csv ...
  Error downloading https://landregistry.data.gov.uk/data/ppd/monthly/file-368-07.csv: Request failed with status code 406
Downloading https://landregistry.data.gov.uk/data/ppd/monthly/file-368-08.csv ...
  Error downloading https://landregistry.data.gov.uk/data/ppd/monthly/file-368-08.csv: Request failed with status code 406
Downloading https://landregistry.data.gov.uk/data/ppd/monthly/file-368-09.csv ...
  Error downloading https://landregistry.data.gov.uk/data/ppd/monthly/file-368-09.csv: Request failed with status code 406
Downloading https://landregistry.data.gov.uk/data/ppd/monthly/file-368-10.csv ...
  Error downloading https://landregistry.data.gov.uk/data/ppd/monthly/file-368-10.csv: Request failed with status code 406
Downloading https://landregistry.data.gov.uk/data/ppd/monthly/file-368-11.csv ...
  Error downloading https://landregistry.data.gov.uk/data/ppd/monthly/file-368-11.csv: Request failed with status code 406
Downloading https://landregistry.data.gov.uk/data/ppd/monthly/file-368-12.csv ...
  Error downloading https://landregistry.data.gov.uk/data/ppd/monthly/file-368-12.csv: Request failed with status code 406
Downloading https://landregistry.data.gov.uk/data/ppd/monthly/file-369-01.csv ...
  Error downloading https://landregistry.data.gov.uk/data/ppd/monthly/file-369-01.csv: Request failed with status code 406
Downloading https://landregistry.data.gov.uk/data/ppd/monthly/file-369-02.csv ...
  Error downloading https://landregistry.data.gov.uk/data/ppd/monthly/file-369-02.csv: Request failed with status code 406
Downloading https://landregistry.data.gov.uk/data/ppd/monthly/file-369-03.csv ...
  Error downloading https://landregistry.data.gov.uk/data/ppd/monthly/file-369-03.csv: Request failed with status code 406
Downloading https://landregistry.data.gov.uk/data/ppd/monthly/file-369-04.csv ...
  Error downloading https://landregistry.data.gov.uk/data/ppd/monthly/file-369-04.csv: Request failed with status code 406
Downloading https://landregistry.data.gov.uk/data/ppd/monthly/file-369-05.csv ...
  Error downloading https://landregistry.data.gov.uk/data/ppd/monthly/file-369-05.csv: Request failed with status code 406
Downloading https://landregistry.data.gov.uk/data/ppd/monthly/file-369-06.csv ...
  Error downloading https://landregistry.data.gov.uk/data/ppd/monthly/file-369-06.csv: Request failed with status code 406
Downloading https://landregistry.data.gov.uk/data/ppd/monthly/file-369-07.csv ...
  Error downloading https://landregistry.data.gov.uk/data/ppd/monthly/file-369-07.csv: Request failed with status code 406
Downloading https://landregistry.data.gov.uk/data/ppd/monthly/file-369-08.csv ...
  Error downloading https://landregistry.data.gov.uk/data/ppd/monthly/file-369-08.csv: Request failed with status code 406
Downloading https://landregistry.data.gov.uk/data/ppd/monthly/file-369-09.csv ...
  Error downloading https://landregistry.data.gov.uk/data/ppd/monthly/file-369-09.csv: Request failed with status code 406
Downloading https://landregistry.data.gov.uk/data/ppd/monthly/file-369-10.csv ...
  Error downloading https://landregistry.data.gov.uk/data/ppd/monthly/file-369-10.csv: Request failed with status code 406
Downloading https://landregistry.data.gov.uk/data/ppd/monthly/file-369-11.csv ...
  Error downloading https://landregistry.data.gov.uk/data/ppd/monthly/file-369-11.csv: Request failed with status code 406
Downloading https://landregistry.data.gov.uk/data/ppd/monthly/file-369-12.csv ...
  Error downloading https://landregistry.data.gov.uk/data/ppd/monthly/file-369-12.csv: Request failed with status code 406
Downloading https://landregistry.data.gov.uk/data/ppd/monthly/file-370-01.csv ...
  Error downloading https://landregistry.data.gov.uk/data/ppd/monthly/file-370-01.csv: Request failed with status code 406
Downloading https://landregistry.data.gov.uk/data/ppd/monthly/file-370-02.csv ...
  Error downloading https://landregistry.data.gov.uk/data/ppd/monthly/file-370-02.csv: Request failed with status code 406
Downloading https://landregistry.data.gov.uk/data/ppd/monthly/file-370-03.csv ...
  Error downloading https://landregistry.data.gov.uk/data/ppd/monthly/file-370-03.csv: Request failed with status code 406
Downloading https://landregistry.data.gov.uk/data/ppd/monthly/file-370-04.csv ...
  Error downloading https://landregistry.data.gov.uk/data/ppd/monthly/file-370-04.csv: Request failed with status code 406
Downloading https://landregistry.data.gov.uk/data/ppd/monthly/file-370-05.csv ...
  Error downloading https://landregistry.data.gov.uk/data/ppd/monthly/file-370-05.csv: Request failed with status code 406
Downloading https://landregistry.data.gov.uk/data/ppd/monthly/file-370-06.csv ...
  Error downloading https://landregistry.data.gov.uk/data/ppd/monthly/file-370-06.csv: Request failed with status code 406
Downloading https://landregistry.data.gov.uk/data/ppd/monthly/file-370-07.csv ...
  Error downloading https://landregistry.data.gov.uk/data/ppd/monthly/file-370-07.csv: Request failed with status code 406
Downloading https://landregistry.data.gov.uk/data/ppd/monthly/file-370-08.csv ...
  Error downloading https://landregistry.data.gov.uk/data/ppd/monthly/file-370-08.csv: Request failed with status code 406
Downloading https://landregistry.data.gov.uk/data/ppd/monthly/file-370-09.csv ...
  Error downloading https://landregistry.data.gov.uk/data/ppd/monthly/file-370-09.csv: Request failed with status code 406
Downloading https://landregistry.data.gov.uk/data/ppd/monthly/file-370-10.csv ...
  Error downloading https://landregistry.data.gov.uk/data/ppd/monthly/file-370-10.csv: Request failed with status code 406
Downloading https://landregistry.data.gov.uk/data/ppd/monthly/file-370-11.csv ...
  Error downloading https://landregistry.data.gov.uk/data/ppd/monthly/file-370-11.csv: Request failed with status code 406
Downloading https://landregistry.data.gov.uk/data/ppd/monthly/file-370-12.csv ...
  Error downloading https://landregistry.data.gov.uk/data/ppd/monthly/file-370-12.csv: Request failed with status code 406
Downloading https://landregistry.data.gov.uk/data/ppd/monthly/file-371-01.csv ...
  Error downloading https://landregistry.data.gov.uk/data/ppd/monthly/file-371-01.csv: Request failed with status code 406
Downloading https://landregistry.data.gov.uk/data/ppd/monthly/file-371-02.csv ...
  Error downloading https://landregistry.data.gov.uk/data/ppd/monthly/file-371-02.csv: Request failed with status code 406
Downloading https://landregistry.data.gov.uk/data/ppd/monthly/file-371-03.csv ...
  Error downloading https://landregistry.data.gov.uk/data/ppd/monthly/file-371-03.csv: Request failed with status code 406
Downloading https://landregistry.data.gov.uk/data/ppd/monthly/file-371-04.csv ...
  Error downloading https://landregistry.data.gov.uk/data/ppd/monthly/file-371-04.csv: Request failed with status code 406
Downloading https://landregistry.data.gov.uk/data/ppd/monthly/file-371-05.csv ...
  Error downloading https://landregistry.data.gov.uk/data/ppd/monthly/file-371-05.csv: Request failed with status code 406
Downloading https://landregistry.data.gov.uk/data/ppd/monthly/file-371-06.csv ...
  Error downloading https://landregistry.data.gov.uk/data/ppd/monthly/file-371-06.csv: Request failed with status code 406
Downloading https://landregistry.data.gov.uk/data/ppd/monthly/file-371-07.csv ...
  Error downloading https://landregistry.data.gov.uk/data/ppd/monthly/file-371-07.csv: Request failed with status code 406
Downloading https://landregistry.data.gov.uk/data/ppd/monthly/file-371-08.csv ...
  Error downloading https://landregistry.data.gov.uk/data/ppd/monthly/file-371-08.csv: Request failed with status code 406
Downloading https://landregistry.data.gov.uk/data/ppd/monthly/file-371-09.csv ...
  Error downloading https://landregistry.data.gov.uk/data/ppd/monthly/file-371-09.csv: Request failed with status code 406
Downloading https://landregistry.data.gov.uk/data/ppd/monthly/file-371-10.csv ...
  Error downloading https://landregistry.data.gov.uk/data/ppd/monthly/file-371-10.csv: Request failed with status code 406
Downloading https://landregistry.data.gov.uk/data/ppd/monthly/file-371-11.csv ...
  Error downloading https://landregistry.data.gov.uk/data/ppd/monthly/file-371-11.csv: Request failed with status code 406
Downloading https://landregistry.data.gov.uk/data/ppd/monthly/file-371-12.csv ...
  Error downloading https://landregistry.data.gov.uk/data/ppd/monthly/file-371-12.csv: Request failed with status code 406
Downloading https://landregistry.data.gov.uk/data/ppd/monthly/file-372-01.csv ...
  Error downloading https://landregistry.data.gov.uk/data/ppd/monthly/file-372-01.csv: Request failed with status code 406
Downloading https://landregistry.data.gov.uk/data/ppd/monthly/file-372-02.csv ...
  Error downloading https://landregistry.data.gov.uk/data/ppd/monthly/file-372-02.csv: Request failed with status code 406
Downloading https://landregistry.data.gov.uk/data/ppd/monthly/file-372-03.csv ...
  Error downloading https://landregistry.data.gov.uk/data/ppd/monthly/file-372-03.csv: Request failed with status code 406
Downloading https://landregistry.data.gov.uk/data/ppd/monthly/file-372-04.csv ...
  Error downloading https://landregistry.data.gov.uk/data/ppd/monthly/file-372-04.csv: Request failed with status code 406
Downloading https://landregistry.data.gov.uk/data/ppd/monthly/file-372-05.csv ...
  Error downloading https://landregistry.data.gov.uk/data/ppd/monthly/file-372-05.csv: Request failed with status code 406
Downloading https://landregistry.data.gov.uk/data/ppd/monthly/file-372-06.csv ...
  Error downloading https://landregistry.data.gov.uk/data/ppd/monthly/file-372-06.csv: Request failed with status code 406
Downloading https://landregistry.data.gov.uk/data/ppd/monthly/file-372-07.csv ...
  Error downloading https://landregistry.data.gov.uk/data/ppd/monthly/file-372-07.csv: Request failed with status code 406
Downloading https://landregistry.data.gov.uk/data/ppd/monthly/file-372-08.csv ...
  Error downloading https://landregistry.data.gov.uk/data/ppd/monthly/file-372-08.csv: Request failed with status code 406
Downloading https://landregistry.data.gov.uk/data/ppd/monthly/file-372-09.csv ...
  Error downloading https://landregistry.data.gov.uk/data/ppd/monthly/file-372-09.csv: Request failed with status code 406
Downloading https://landregistry.data.gov.uk/data/ppd/monthly/file-372-10.csv ...
  Error downloading https://landregistry.data.gov.uk/data/ppd/monthly/file-372-10.csv: Request failed with status code 406
Downloading https://landregistry.data.gov.uk/data/ppd/monthly/file-372-11.csv ...
  Error downloading https://landregistry.data.gov.uk/data/ppd/monthly/file-372-11.csv: Request failed with status code 406
Downloading https://landregistry.data.gov.uk/data/ppd/monthly/file-372-12.csv ...
  Error downloading https://landregistry.data.gov.uk/data/ppd/monthly/file-372-12.csv: Request failed with status code 406
Downloading https://landregistry.data.gov.uk/data/ppd/monthly/file-373-01.csv ...
  Error downloading https://landregistry.data.gov.uk/data/ppd/monthly/file-373-01.csv: Request failed with status code 406
Downloading https://landregistry.data.gov.uk/data/ppd/monthly/file-373-02.csv ...
  Error downloading https://landregistry.data.gov.uk/data/ppd/monthly/file-373-02.csv: Request failed with status code 406
Downloading https://landregistry.data.gov.uk/data/ppd/monthly/file-373-03.csv ...
  Error downloading https://landregistry.data.gov.uk/data/ppd/monthly/file-373-03.csv: Request failed with status code 406
Downloading https://landregistry.data.gov.uk/data/ppd/monthly/file-373-04.csv ...
  Error downloading https://landregistry.data.gov.uk/data/ppd/monthly/file-373-04.csv: Request failed with status code 406
Downloading https://landregistry.data.gov.uk/data/ppd/monthly/file-373-05.csv ...
  Error downloading https://landregistry.data.gov.uk/data/ppd/monthly/file-373-05.csv: Request failed with status code 406
Downloading https://landregistry.data.gov.uk/data/ppd/monthly/file-373-06.csv ...
  Error downloading https://landregistry.data.gov.uk/data/ppd/monthly/file-373-06.csv: Request failed with status code 406
Downloading https://landregistry.data.gov.uk/data/ppd/monthly/file-373-07.csv ...
  Error downloading https://landregistry.data.gov.uk/data/ppd/monthly/file-373-07.csv: Request failed with status code 406
Downloading https://landregistry.data.gov.uk/data/ppd/monthly/file-373-08.csv ...
  Error downloading https://landregistry.data.gov.uk/data/ppd/monthly/file-373-08.csv: Request failed with status code 406
Downloading https://landregistry.data.gov.uk/data/ppd/monthly/file-373-09.csv ...
  Error downloading https://landregistry.data.gov.uk/data/ppd/monthly/file-373-09.csv: Request failed with status code 406
Downloading https://landregistry.data.gov.uk/data/ppd/monthly/file-373-10.csv ...
  Error downloading https://landregistry.data.gov.uk/data/ppd/monthly/file-373-10.csv: Request failed with status code 406
Downloading https://landregistry.data.gov.uk/data/ppd/monthly/file-373-11.csv ...
  Error downloading https://landregistry.data.gov.uk/data/ppd/monthly/file-373-11.csv: Request failed with status code 406
Downloading https://landregistry.data.gov.uk/data/ppd/monthly/file-373-12.csv ...
  Error downloading https://landregistry.data.gov.uk/data/ppd/monthly/file-373-12.csv: Request failed with status code 406
Downloading https://landregistry.data.gov.uk/data/ppd/monthly/file-374-01.csv ...
  Error downloading https://landregistry.data.gov.uk/data/ppd/monthly/file-374-01.csv: Request failed with status code 406
Downloading https://landregistry.data.gov.uk/data/ppd/monthly/file-374-02.csv ...
  Error downloading https://landregistry.data.gov.uk/data/ppd/monthly/file-374-02.csv: Request failed with status code 406
Downloading https://landregistry.data.gov.uk/data/ppd/monthly/file-374-03.csv ...
  Error downloading https://landregistry.data.gov.uk/data/ppd/monthly/file-374-03.csv: Request failed with status code 406
Downloading https://landregistry.data.gov.uk/data/ppd/monthly/file-374-04.csv ...
  Error downloading https://landregistry.data.gov.uk/data/ppd/monthly/file-374-04.csv: Request failed with status code 406
Downloading https://landregistry.data.gov.uk/data/ppd/monthly/file-374-05.csv ...
  Error downloading https://landregistry.data.gov.uk/data/ppd/monthly/file-374-05.csv: Request failed with status code 406
Downloading https://landregistry.data.gov.uk/data/ppd/monthly/file-374-06.csv ...
  Error downloading https://landregistry.data.gov.uk/data/ppd/monthly/file-374-06.csv: Request failed with status code 406
Downloading https://landregistry.data.gov.uk/data/ppd/monthly/file-374-07.csv ...
  Error downloading https://landregistry.data.gov.uk/data/ppd/monthly/file-374-07.csv: Request failed with status code 406
Downloading https://landregistry.data.gov.uk/data/ppd/monthly/file-374-08.csv ...
  Error downloading https://landregistry.data.gov.uk/data/ppd/monthly/file-374-08.csv: Request failed with status code 406
Downloading https://landregistry.data.gov.uk/data/ppd/monthly/file-374-09.csv ...
  Error downloading https://landregistry.data.gov.uk/data/ppd/monthly/file-374-09.csv: Request failed with status code 406
Downloading https://landregistry.data.gov.uk/data/ppd/monthly/file-374-10.csv ...
  Error downloading https://landregistry.data.gov.uk/data/ppd/monthly/file-374-10.csv: Request failed with status code 406
Downloading https://landregistry.data.gov.uk/data/ppd/monthly/file-374-11.csv ...
  Error downloading https://landregistry.data.gov.uk/data/ppd/monthly/file-374-11.csv: Request failed with status code 406
Downloading https://landregistry.data.gov.uk/data/ppd/monthly/file-374-12.csv ...
  Error downloading https://landregistry.data.gov.uk/data/ppd/monthly/file-374-12.csv: Request failed with status code 406
Downloading https://landregistry.data.gov.uk/data/ppd/monthly/file-375-01.csv ...
  Error downloading https://landregistry.data.gov.uk/data/ppd/monthly/file-375-01.csv: Request failed with status code 406
Downloading https://landregistry.data.gov.uk/data/ppd/monthly/file-375-02.csv ...
  Error downloading https://landregistry.data.gov.uk/data/ppd/monthly/file-375-02.csv: Request failed with status code 406
Downloading https://landregistry.data.gov.uk/data/ppd/monthly/file-375-03.csv ...
  Error downloading https://landregistry.data.gov.uk/data/ppd/monthly/file-375-03.csv: Request failed with status code 406
Downloading https://landregistry.data.gov.uk/data/ppd/monthly/file-375-04.csv ...
  Error downloading https://landregistry.data.gov.uk/data/ppd/monthly/file-375-04.csv: Request failed with status code 406
Downloading https://landregistry.data.gov.uk/data/ppd/monthly/file-375-05.csv ...
  Error downloading https://landregistry.data.gov.uk/data/ppd/monthly/file-375-05.csv: Request failed with status code 406
Downloading https://landregistry.data.gov.uk/data/ppd/monthly/file-375-06.csv ...
  Error downloading https://landregistry.data.gov.uk/data/ppd/monthly/file-375-06.csv: Request failed with status code 406
Downloading https://landregistry.data.gov.uk/data/ppd/monthly/file-375-07.csv ...
  Error downloading https://landregistry.data.gov.uk/data/ppd/monthly/file-375-07.csv: Request failed with status code 406
Downloading https://landregistry.data.gov.uk/data/ppd/monthly/file-375-08.csv ...
  Error downloading https://landregistry.data.gov.uk/data/ppd/monthly/file-375-08.csv: Request failed with status code 406
Downloading https://landregistry.data.gov.uk/data/ppd/monthly/file-375-09.csv ...
  Error downloading https://landregistry.data.gov.uk/data/ppd/monthly/file-375-09.csv: Request failed with status code 406
Downloading https://landregistry.data.gov.uk/data/ppd/monthly/file-375-10.csv ...
  Error downloading https://landregistry.data.gov.uk/data/ppd/monthly/file-375-10.csv: Request failed with status code 406
Downloading https://landregistry.data.gov.uk/data/ppd/monthly/file-375-11.csv ...
  Error downloading https://landregistry.data.gov.uk/data/ppd/monthly/file-375-11.csv: Request failed with status code 406
Downloading https://landregistry.data.gov.uk/data/ppd/monthly/file-375-12.csv ...
  Error downloading https://landregistry.data.gov.uk/data/ppd/monthly/file-375-12.csv: Request failed with status code 406
Downloading https://landregistry.data.gov.uk/data/ppd/monthly/file-376-01.csv ...
  Error downloading https://landregistry.data.gov.uk/data/ppd/monthly/file-376-01.csv: Request failed with status code 406
Downloading https://landregistry.data.gov.uk/data/ppd/monthly/file-376-02.csv ...
  Error downloading https://landregistry.data.gov.uk/data/ppd/monthly/file-376-02.csv: Request failed with status code 406
Downloading https://landregistry.data.gov.uk/data/ppd/monthly/file-376-03.csv ...
  Error downloading https://landregistry.data.gov.uk/data/ppd/monthly/file-376-03.csv: Request failed with status code 406
Downloading https://landregistry.data.gov.uk/data/ppd/monthly/file-376-04.csv ...
  Error downloading https://landregistry.data.gov.uk/data/ppd/monthly/file-376-04.csv: Request failed with status code 406
Downloading https://landregistry.data.gov.uk/data/ppd/monthly/file-376-05.csv ...
  Error downloading https://landregistry.data.gov.uk/data/ppd/monthly/file-376-05.csv: Request failed with status code 406
Downloading https://landregistry.data.gov.uk/data/ppd/monthly/file-376-06.csv ...
  Error downloading https://landregistry.data.gov.uk/data/ppd/monthly/file-376-06.csv: Request failed with status code 406
Downloading https://landregistry.data.gov.uk/data/ppd/monthly/file-376-07.csv ...
  Error downloading https://landregistry.data.gov.uk/data/ppd/monthly/file-376-07.csv: Request failed with status code 406
Downloading https://landregistry.data.gov.uk/data/ppd/monthly/file-376-08.csv ...
  Error downloading https://landregistry.data.gov.uk/data/ppd/monthly/file-376-08.csv: Request failed with status code 406
Downloading https://landregistry.data.gov.uk/data/ppd/monthly/file-376-09.csv ...
  Error downloading https://landregistry.data.gov.uk/data/ppd/monthly/file-376-09.csv: Request failed with status code 406
Downloading https://landregistry.data.gov.uk/data/ppd/monthly/file-376-10.csv ...
  Error downloading https://landregistry.data.gov.uk/data/ppd/monthly/file-376-10.csv: Request failed with status code 406
Downloading https://landregistry.data.gov.uk/data/ppd/monthly/file-376-11.csv ...
  Error downloading https://landregistry.data.gov.uk/data/ppd/monthly/file-376-11.csv: Request failed with status code 406
Downloading https://landregistry.data.gov.uk/data/ppd/monthly/file-376-12.csv ...
  Error downloading https://landregistry.data.gov.uk/data/ppd/monthly/file-376-12.csv: Request failed with status code 406
Downloading https://landregistry.data.gov.uk/data/ppd/monthly/file-377-01.csv ...
  Error downloading https://landregistry.data.gov.uk/data/ppd/monthly/file-377-01.csv: Request failed with status code 406
Downloading https://landregistry.data.gov.uk/data/ppd/monthly/file-377-02.csv ...
  Error downloading https://landregistry.data.gov.uk/data/ppd/monthly/file-377-02.csv: Request failed with status code 406
Downloading https://landregistry.data.gov.uk/data/ppd/monthly/file-377-03.csv ...
  Error downloading https://landregistry.data.gov.uk/data/ppd/monthly/file-377-03.csv: Request failed with status code 406
Downloading https://landregistry.data.gov.uk/data/ppd/monthly/file-377-04.csv ...
  Error downloading https://landregistry.data.gov.uk/data/ppd/monthly/file-377-04.csv: Request failed with status code 406
Downloading https://landregistry.data.gov.uk/data/ppd/monthly/file-377-05.csv ...
  Error downloading https://landregistry.data.gov.uk/data/ppd/monthly/file-377-05.csv: Request failed with status code 406
Downloading https://landregistry.data.gov.uk/data/ppd/monthly/file-377-06.csv ...
  Error downloading https://landregistry.data.gov.uk/data/ppd/monthly/file-377-06.csv: Request failed with status code 406
Downloading https://landregistry.data.gov.uk/data/ppd/monthly/file-377-07.csv ...
  Error downloading https://landregistry.data.gov.uk/data/ppd/monthly/file-377-07.csv: Request failed with status code 406
Downloading https://landregistry.data.gov.uk/data/ppd/monthly/file-377-08.csv ...
  Error downloading https://landregistry.data.gov.uk/data/ppd/monthly/file-377-08.csv: Request failed with status code 406
Downloading https://landregistry.data.gov.uk/data/ppd/monthly/file-377-09.csv ...
  Error downloading https://landregistry.data.gov.uk/data/ppd/monthly/file-377-09.csv: Request failed with status code 406
Downloading https://landregistry.data.gov.uk/data/ppd/monthly/file-377-10.csv ...
  Error downloading https://landregistry.data.gov.uk/data/ppd/monthly/file-377-10.csv: Request failed with status code 406
Downloading https://landregistry.data.gov.uk/data/ppd/monthly/file-377-11.csv ...
  Error downloading https://landregistry.data.gov.uk/data/ppd/monthly/file-377-11.csv: Request failed with status code 406
Downloading https://landregistry.data.gov.uk/data/ppd/monthly/file-377-12.csv ...
  Error downloading https://landregistry.data.gov.uk/data/ppd/monthly/file-377-12.csv: Request failed with status code 406
Downloading https://landregistry.data.gov.uk/data/ppd/monthly/file-378-01.csv ...
  Error downloading https://landregistry.data.gov.uk/data/ppd/monthly/file-378-01.csv: Request failed with status code 406
Downloading https://landregistry.data.gov.uk/data/ppd/monthly/file-378-02.csv ...
  Error downloading https://landregistry.data.gov.uk/data/ppd/monthly/file-378-02.csv: Request failed with status code 406
Downloading https://landregistry.data.gov.uk/data/ppd/monthly/file-378-03.csv ...
  Error downloading https://landregistry.data.gov.uk/data/ppd/monthly/file-378-03.csv: Request failed with status code 406
Downloading https://landregistry.data.gov.uk/data/ppd/monthly/file-378-04.csv ...
  Error downloading https://landregistry.data.gov.uk/data/ppd/monthly/file-378-04.csv: Request failed with status code 406
Downloading https://landregistry.data.gov.uk/data/ppd/monthly/file-378-05.csv ...
  Error downloading https://landregistry.data.gov.uk/data/ppd/monthly/file-378-05.csv: Request failed with status code 406
Downloading https://landregistry.data.gov.uk/data/ppd/monthly/file-378-06.csv ...
  Error downloading https://landregistry.data.gov.uk/data/ppd/monthly/file-378-06.csv: Request failed with status code 406
Downloading https://landregistry.data.gov.uk/data/ppd/monthly/file-378-07.csv ...
  Error downloading https://landregistry.data.gov.uk/data/ppd/monthly/file-378-07.csv: Request failed with status code 406
Downloading https://landregistry.data.gov.uk/data/ppd/monthly/file-378-08.csv ...
  Error downloading https://landregistry.data.gov.uk/data/ppd/monthly/file-378-08.csv: Request failed with status code 406
Downloading https://landregistry.data.gov.uk/data/ppd/monthly/file-378-09.csv ...
  Error downloading https://landregistry.data.gov.uk/data/ppd/monthly/file-378-09.csv: Request failed with status code 406
Downloading https://landregistry.data.gov.uk/data/ppd/monthly/file-378-10.csv ...
  Error downloading https://landregistry.data.gov.uk/data/ppd/monthly/file-378-10.csv: Request failed with status code 406
Downloading https://landregistry.data.gov.uk/data/ppd/monthly/file-378-11.csv ...
  Error downloading https://landregistry.data.gov.uk/data/ppd/monthly/file-378-11.csv: Request failed with status code 406
Downloading https://landregistry.data.gov.uk/data/ppd/monthly/file-378-12.csv ...
  Error downloading https://landregistry.data.gov.uk/data/ppd/monthly/file-378-12.csv: Request failed with status code 406
Downloading https://landregistry.data.gov.uk/data/ppd/monthly/file-379-01.csv ...
  Error downloading https://landregistry.data.gov.uk/data/ppd/monthly/file-379-01.csv: Request failed with status code 406
Downloading https://landregistry.data.gov.uk/data/ppd/monthly/file-379-02.csv ...
  Error downloading https://landregistry.data.gov.uk/data/ppd/monthly/file-379-02.csv: Request failed with status code 406
Downloading https://landregistry.data.gov.uk/data/ppd/monthly/file-379-03.csv ...
  Error downloading https://landregistry.data.gov.uk/data/ppd/monthly/file-379-03.csv: Request failed with status code 406
Downloading https://landregistry.data.gov.uk/data/ppd/monthly/file-379-04.csv ...
  Error downloading https://landregistry.data.gov.uk/data/ppd/monthly/file-379-04.csv: Request failed with status code 406
Downloading https://landregistry.data.gov.uk/data/ppd/monthly/file-379-05.csv ...
  Error downloading https://landregistry.data.gov.uk/data/ppd/monthly/file-379-05.csv: Request failed with status code 406
Downloading https://landregistry.data.gov.uk/data/ppd/monthly/file-379-06.csv ...
  Error downloading https://landregistry.data.gov.uk/data/ppd/monthly/file-379-06.csv: Request failed with status code 406
Downloading https://landregistry.data.gov.uk/data/ppd/monthly/file-379-07.csv ...
  Error downloading https://landregistry.data.gov.uk/data/ppd/monthly/file-379-07.csv: Request failed with status code 406
Downloading https://landregistry.data.gov.uk/data/ppd/monthly/file-379-08.csv ...
  Error downloading https://landregistry.data.gov.uk/data/ppd/monthly/file-379-08.csv: Request failed with status code 406
Downloading https://landregistry.data.gov.uk/data/ppd/monthly/file-379-09.csv ...
  Error downloading https://landregistry.data.gov.uk/data/ppd/monthly/file-379-09.csv: Request failed with status code 406
Downloading https://landregistry.data.gov.uk/data/ppd/monthly/file-379-10.csv ...
  Error downloading https://landregistry.data.gov.uk/data/ppd/monthly/file-379-10.csv: Request failed with status code 406
Downloading https://landregistry.data.gov.uk/data/ppd/monthly/file-379-11.csv ...
  Error downloading https://landregistry.data.gov.uk/data/ppd/monthly/file-379-11.csv: Request failed with status code 406
Downloading https://landregistry.data.gov.uk/data/ppd/monthly/file-379-12.csv ...
  Error downloading https://landregistry.data.gov.uk/data/ppd/monthly/file-379-12.csv: Request failed with status code 406
Downloading https://landregistry.data.gov.uk/data/ppd/monthly/file-380-01.csv ...
  Error downloading https://landregistry.data.gov.uk/data/ppd/monthly/file-380-01.csv: Request failed with status code 406
Downloading https://landregistry.data.gov.uk/data/ppd/monthly/file-380-02.csv ...
  Error downloading https://landregistry.data.gov.uk/data/ppd/monthly/file-380-02.csv: Request failed with status code 406
Downloading https://landregistry.data.gov.uk/data/ppd/monthly/file-380-03.csv ...
  Error downloading https://landregistry.data.gov.uk/data/ppd/monthly/file-380-03.csv: Request failed with status code 406
Downloading https://landregistry.data.gov.uk/data/ppd/monthly/file-380-04.csv ...
  Error downloading https://landregistry.data.gov.uk/data/ppd/monthly/file-380-04.csv: Request failed with status code 406
Downloading https://landregistry.data.gov.uk/data/ppd/monthly/file-380-05.csv ...
  Error downloading https://landregistry.data.gov.uk/data/ppd/monthly/file-380-05.csv: Request failed with status code 406
Downloading https://landregistry.data.gov.uk/data/ppd/monthly/file-380-06.csv ...
  Error downloading https://landregistry.data.gov.uk/data/ppd/monthly/file-380-06.csv: Request failed with status code 406
Downloading https://landregistry.data.gov.uk/data/ppd/monthly/file-380-07.csv ...
  Error downloading https://landregistry.data.gov.uk/data/ppd/monthly/file-380-07.csv: Request failed with status code 406
Downloading https://landregistry.data.gov.uk/data/ppd/monthly/file-380-08.csv ...
  Error downloading https://landregistry.data.gov.uk/data/ppd/monthly/file-380-08.csv: Request failed with status code 406
Downloading https://landregistry.data.gov.uk/data/ppd/monthly/file-380-09.csv ...
  Error downloading https://landregistry.data.gov.uk/data/ppd/monthly/file-380-09.csv: Request failed with status code 406
Downloading https://landregistry.data.gov.uk/data/ppd/monthly/file-380-10.csv ...
  Error downloading https://landregistry.data.gov.uk/data/ppd/monthly/file-380-10.csv: Request failed with status code 406
Downloading https://landregistry.data.gov.uk/data/ppd/monthly/file-380-11.csv ...
  Error downloading https://landregistry.data.gov.uk/data/ppd/monthly/file-380-11.csv: Request failed with status code 406
Downloading https://landregistry.data.gov.uk/data/ppd/monthly/file-380-12.csv ...
  Error downloading https://landregistry.data.gov.uk/data/ppd/monthly/file-380-12.csv: Request failed with status code 406
Downloading https://landregistry.data.gov.uk/data/ppd/monthly/file-381-01.csv ...
  Error downloading https://landregistry.data.gov.uk/data/ppd/monthly/file-381-01.csv: Request failed with status code 406
Downloading https://landregistry.data.gov.uk/data/ppd/monthly/file-381-02.csv ...
  Error downloading https://landregistry.data.gov.uk/data/ppd/monthly/file-381-02.csv: Request failed with status code 406
Downloading https://landregistry.data.gov.uk/data/ppd/monthly/file-381-03.csv ...
  Error downloading https://landregistry.data.gov.uk/data/ppd/monthly/file-381-03.csv: Request failed with status code 406
Downloading https://landregistry.data.gov.uk/data/ppd/monthly/file-381-04.csv ...
  Error downloading https://landregistry.data.gov.uk/data/ppd/monthly/file-381-04.csv: Request failed with status code 406
Downloading https://landregistry.data.gov.uk/data/ppd/monthly/file-381-05.csv ...
  Error downloading https://landregistry.data.gov.uk/data/ppd/monthly/file-381-05.csv: Request failed with status code 406
Downloading https://landregistry.data.gov.uk/data/ppd/monthly/file-381-06.csv ...
  Error downloading https://landregistry.data.gov.uk/data/ppd/monthly/file-381-06.csv: Request failed with status code 406
Downloading https://landregistry.data.gov.uk/data/ppd/monthly/file-381-07.csv ...
  Error downloading https://landregistry.data.gov.uk/data/ppd/monthly/file-381-07.csv: Request failed with status code 406
Downloading https://landregistry.data.gov.uk/data/ppd/monthly/file-381-08.csv ...
  Error downloading https://landregistry.data.gov.uk/data/ppd/monthly/file-381-08.csv: Request failed with status code 406
Downloading https://landregistry.data.gov.uk/data/ppd/monthly/file-381-09.csv ...
  Error downloading https://landregistry.data.gov.uk/data/ppd/monthly/file-381-09.csv: Request failed with status code 406
Downloading https://landregistry.data.gov.uk/data/ppd/monthly/file-381-10.csv ...
  Error downloading https://landregistry.data.gov.uk/data/ppd/monthly/file-381-10.csv: Request failed with status code 406
Downloading https://landregistry.data.gov.uk/data/ppd/monthly/file-381-11.csv ...
  Error downloading https://landregistry.data.gov.uk/data/ppd/monthly/file-381-11.csv: Request failed with status code 406
Downloading https://landregistry.data.gov.uk/data/ppd/monthly/file-381-12.csv ...
  Error downloading https://landregistry.data.gov.uk/data/ppd/monthly/file-381-12.csv: Request failed with status code 406
Downloading https://landregistry.data.gov.uk/data/ppd/monthly/file-382-01.csv ...
  Error downloading https://landregistry.data.gov.uk/data/ppd/monthly/file-382-01.csv: Request failed with status code 406
Downloading https://landregistry.data.gov.uk/data/ppd/monthly/file-382-02.csv ...
  Error downloading https://landregistry.data.gov.uk/data/ppd/monthly/file-382-02.csv: Request failed with status code 406
Downloading https://landregistry.data.gov.uk/data/ppd/monthly/file-382-03.csv ...
  Error downloading https://landregistry.data.gov.uk/data/ppd/monthly/file-382-03.csv: Request failed with status code 406
Downloading https://landregistry.data.gov.uk/data/ppd/monthly/file-382-04.csv ...
  Error downloading https://landregistry.data.gov.uk/data/ppd/monthly/file-382-04.csv: Request failed with status code 406
Downloading https://landregistry.data.gov.uk/data/ppd/monthly/file-382-05.csv ...
  Error downloading https://landregistry.data.gov.uk/data/ppd/monthly/file-382-05.csv: Request failed with status code 406
Downloading https://landregistry.data.gov.uk/data/ppd/monthly/file-382-06.csv ...
  Error downloading https://landregistry.data.gov.uk/data/ppd/monthly/file-382-06.csv: Request failed with status code 406
Downloading https://landregistry.data.gov.uk/data/ppd/monthly/file-382-07.csv ...
  Error downloading https://landregistry.data.gov.uk/data/ppd/monthly/file-382-07.csv: Request failed with status code 406
Downloading https://landregistry.data.gov.uk/data/ppd/monthly/file-382-08.csv ...
  Error downloading https://landregistry.data.gov.uk/data/ppd/monthly/file-382-08.csv: Request failed with status code 406
Downloading https://landregistry.data.gov.uk/data/ppd/monthly/file-382-09.csv ...
  Error downloading https://landregistry.data.gov.uk/data/ppd/monthly/file-382-09.csv: Request failed with status code 406
Downloading https://landregistry.data.gov.uk/data/ppd/monthly/file-382-10.csv ...
  Error downloading https://landregistry.data.gov.uk/data/ppd/monthly/file-382-10.csv: Request failed with status code 406
Downloading https://landregistry.data.gov.uk/data/ppd/monthly/file-382-11.csv ...
  Error downloading https://landregistry.data.gov.uk/data/ppd/monthly/file-382-11.csv: Request failed with status code 406
Downloading https://landregistry.data.gov.uk/data/ppd/monthly/file-382-12.csv ...
  Error downloading https://landregistry.data.gov.uk/data/ppd/monthly/file-382-12.csv: Request failed with status code 406
Downloading https://landregistry.data.gov.uk/data/ppd/monthly/file-383-01.csv ...
  Error downloading https://landregistry.data.gov.uk/data/ppd/monthly/file-383-01.csv: Request failed with status code 406
Downloading https://landregistry.data.gov.uk/data/ppd/monthly/file-383-02.csv ...
  Error downloading https://landregistry.data.gov.uk/data/ppd/monthly/file-383-02.csv: Request failed with status code 406
Downloading https://landregistry.data.gov.uk/data/ppd/monthly/file-383-03.csv ...
  Error downloading https://landregistry.data.gov.uk/data/ppd/monthly/file-383-03.csv: Request failed with status code 406
Downloading https://landregistry.data.gov.uk/data/ppd/monthly/file-383-04.csv ...
  Error downloading https://landregistry.data.gov.uk/data/ppd/monthly/file-383-04.csv: Request failed with status code 406
Downloading https://landregistry.data.gov.uk/data/ppd/monthly/file-383-05.csv ...
  Error downloading https://landregistry.data.gov.uk/data/ppd/monthly/file-383-05.csv: Request failed with status code 406
Downloading https://landregistry.data.gov.uk/data/ppd/monthly/file-383-06.csv ...
  Error downloading https://landregistry.data.gov.uk/data/ppd/monthly/file-383-06.csv: Request failed with status code 406
Downloading https://landregistry.data.gov.uk/data/ppd/monthly/file-383-07.csv ...
  Error downloading https://landregistry.data.gov.uk/data/ppd/monthly/file-383-07.csv: Request failed with status code 406
Downloading https://landregistry.data.gov.uk/data/ppd/monthly/file-383-08.csv ...
  Error downloading https://landregistry.data.gov.uk/data/ppd/monthly/file-383-08.csv: Request failed with status code 406
Downloading https://landregistry.data.gov.uk/data/ppd/monthly/file-383-09.csv ...
  Error downloading https://landregistry.data.gov.uk/data/ppd/monthly/file-383-09.csv: Request failed with status code 406
Downloading https://landregistry.data.gov.uk/data/ppd/monthly/file-383-10.csv ...
  Error downloading https://landregistry.data.gov.uk/data/ppd/monthly/file-383-10.csv: Request failed with status code 406
Downloading https://landregistry.data.gov.uk/data/ppd/monthly/file-383-11.csv ...
  Error downloading https://landregistry.data.gov.uk/data/ppd/monthly/file-383-11.csv: Request failed with status code 406
Downloading https://landregistry.data.gov.uk/data/ppd/monthly/file-383-12.csv ...
  Error downloading https://landregistry.data.gov.uk/data/ppd/monthly/file-383-12.csv: Request failed with status code 406
Downloading https://landregistry.data.gov.uk/data/ppd/monthly/file-384-01.csv ...
  Error downloading https://landregistry.data.gov.uk/data/ppd/monthly/file-384-01.csv: Request failed with status code 406
Downloading https://landregistry.data.gov.uk/data/ppd/monthly/file-384-02.csv ...
  Error downloading https://landregistry.data.gov.uk/data/ppd/monthly/file-384-02.csv: Request failed with status code 406
Downloading https://landregistry.data.gov.uk/data/ppd/monthly/file-384-03.csv ...
  Error downloading https://landregistry.data.gov.uk/data/ppd/monthly/file-384-03.csv: Request failed with status code 406
Downloading https://landregistry.data.gov.uk/data/ppd/monthly/file-384-04.csv ...
  Error downloading https://landregistry.data.gov.uk/data/ppd/monthly/file-384-04.csv: Request failed with status code 406
Downloading https://landregistry.data.gov.uk/data/ppd/monthly/file-384-05.csv ...
  Error downloading https://landregistry.data.gov.uk/data/ppd/monthly/file-384-05.csv: Request failed with status code 406
Downloading https://landregistry.data.gov.uk/data/ppd/monthly/file-384-06.csv ...
  Error downloading https://landregistry.data.gov.uk/data/ppd/monthly/file-384-06.csv: Request failed with status code 406
Downloading https://landregistry.data.gov.uk/data/ppd/monthly/file-384-07.csv ...
  Error downloading https://landregistry.data.gov.uk/data/ppd/monthly/file-384-07.csv: Request failed with status code 406
Downloading https://landregistry.data.gov.uk/data/ppd/monthly/file-384-08.csv ...
  Error downloading https://landregistry.data.gov.uk/data/ppd/monthly/file-384-08.csv: Request failed with status code 406
Downloading https://landregistry.data.gov.uk/data/ppd/monthly/file-384-09.csv ...
  Error downloading https://landregistry.data.gov.uk/data/ppd/monthly/file-384-09.csv: Request failed with status code 406
Downloading https://landregistry.data.gov.uk/data/ppd/monthly/file-384-10.csv ...
  Error downloading https://landregistry.data.gov.uk/data/ppd/monthly/file-384-10.csv: Request failed with status code 406
Downloading https://landregistry.data.gov.uk/data/ppd/monthly/file-384-11.csv ...
  Error downloading https://landregistry.data.gov.uk/data/ppd/monthly/file-384-11.csv: Request failed with status code 406
Downloading https://landregistry.data.gov.uk/data/ppd/monthly/file-384-12.csv ...
  Error downloading https://landregistry.data.gov.uk/data/ppd/monthly/file-384-12.csv: Request failed with status code 406
Downloading https://landregistry.data.gov.uk/data/ppd/monthly/file-385-01.csv ...
  Error downloading https://landregistry.data.gov.uk/data/ppd/monthly/file-385-01.csv: Request failed with status code 406
Downloading https://landregistry.data.gov.uk/data/ppd/monthly/file-385-02.csv ...
  Error downloading https://landregistry.data.gov.uk/data/ppd/monthly/file-385-02.csv: Request failed with status code 406
Downloading https://landregistry.data.gov.uk/data/ppd/monthly/file-385-03.csv ...
  Error downloading https://landregistry.data.gov.uk/data/ppd/monthly/file-385-03.csv: Request failed with status code 406
Downloading https://landregistry.data.gov.uk/data/ppd/monthly/file-385-04.csv ...
  Error downloading https://landregistry.data.gov.uk/data/ppd/monthly/file-385-04.csv: Request failed with status code 406
Downloading https://landregistry.data.gov.uk/data/ppd/monthly/file-385-05.csv ...
  Error downloading https://landregistry.data.gov.uk/data/ppd/monthly/file-385-05.csv: Request failed with status code 406
Downloading https://landregistry.data.gov.uk/data/ppd/monthly/file-385-06.csv ...
  Error downloading https://landregistry.data.gov.uk/data/ppd/monthly/file-385-06.csv: Request failed with status code 406
Downloading https://landregistry.data.gov.uk/data/ppd/monthly/file-385-07.csv ...
  Error downloading https://landregistry.data.gov.uk/data/ppd/monthly/file-385-07.csv: Request failed with status code 406
Downloading https://landregistry.data.gov.uk/data/ppd/monthly/file-385-08.csv ...
  Error downloading https://landregistry.data.gov.uk/data/ppd/monthly/file-385-08.csv: Request failed with status code 406
Downloading https://landregistry.data.gov.uk/data/ppd/monthly/file-385-09.csv ...
  Error downloading https://landregistry.data.gov.uk/data/ppd/monthly/file-385-09.csv: Request failed with status code 406
Downloading https://landregistry.data.gov.uk/data/ppd/monthly/file-385-10.csv ...
  Error downloading https://landregistry.data.gov.uk/data/ppd/monthly/file-385-10.csv: Request failed with status code 406
Downloading https://landregistry.data.gov.uk/data/ppd/monthly/file-385-11.csv ...
  Error downloading https://landregistry.data.gov.uk/data/ppd/monthly/file-385-11.csv: Request failed with status code 406
Downloading https://landregistry.data.gov.uk/data/ppd/monthly/file-385-12.csv ...
  Error downloading https://landregistry.data.gov.uk/data/ppd/monthly/file-385-12.csv: Request failed with status code 406
Downloading https://landregistry.data.gov.uk/data/ppd/monthly/file-386-01.csv ...
  Error downloading https://landregistry.data.gov.uk/data/ppd/monthly/file-386-01.csv: Request failed with status code 406
Downloading https://landregistry.data.gov.uk/data/ppd/monthly/file-386-02.csv ...
  Error downloading https://landregistry.data.gov.uk/data/ppd/monthly/file-386-02.csv: Request failed with status code 406
Downloading https://landregistry.data.gov.uk/data/ppd/monthly/file-386-03.csv ...
  Error downloading https://landregistry.data.gov.uk/data/ppd/monthly/file-386-03.csv: Request failed with status code 406
Downloading https://landregistry.data.gov.uk/data/ppd/monthly/file-386-04.csv ...
  Error downloading https://landregistry.data.gov.uk/data/ppd/monthly/file-386-04.csv: Request failed with status code 406
Downloading https://landregistry.data.gov.uk/data/ppd/monthly/file-386-05.csv ...
  Error downloading https://landregistry.data.gov.uk/data/ppd/monthly/file-386-05.csv: Request failed with status code 406
Downloading https://landregistry.data.gov.uk/data/ppd/monthly/file-386-06.csv ...
  Error downloading https://landregistry.data.gov.uk/data/ppd/monthly/file-386-06.csv: Request failed with status code 406
Downloading https://landregistry.data.gov.uk/data/ppd/monthly/file-386-07.csv ...
  Error downloading https://landregistry.data.gov.uk/data/ppd/monthly/file-386-07.csv: Request failed with status code 406
Downloading https://landregistry.data.gov.uk/data/ppd/monthly/file-386-08.csv ...
  Error downloading https://landregistry.data.gov.uk/data/ppd/monthly/file-386-08.csv: Request failed with status code 406
Downloading https://landregistry.data.gov.uk/data/ppd/monthly/file-386-09.csv ...
  Error downloading https://landregistry.data.gov.uk/data/ppd/monthly/file-386-09.csv: Request failed with status code 406
Downloading https://landregistry.data.gov.uk/data/ppd/monthly/file-386-10.csv ...
  Error downloading https://landregistry.data.gov.uk/data/ppd/monthly/file-386-10.csv: Request failed with status code 406
Downloading https://landregistry.data.gov.uk/data/ppd/monthly/file-386-11.csv ...
  Error downloading https://landregistry.data.gov.uk/data/ppd/monthly/file-386-11.csv: Request failed with status code 406
Downloading https://landregistry.data.gov.uk/data/ppd/monthly/file-386-12.csv ...
  Error downloading https://landregistry.data.gov.uk/data/ppd/monthly/file-386-12.csv: Request failed with status code 406
Downloading https://landregistry.data.gov.uk/data/ppd/monthly/file-387-01.csv ...
  Error downloading https://landregistry.data.gov.uk/data/ppd/monthly/file-387-01.csv: Request failed with status code 406
Downloading https://landregistry.data.gov.uk/data/ppd/monthly/file-387-02.csv ...
  Error downloading https://landregistry.data.gov.uk/data/ppd/monthly/file-387-02.csv: Request failed with status code 406
Downloading https://landregistry.data.gov.uk/data/ppd/monthly/file-387-03.csv ...
  Error downloading https://landregistry.data.gov.uk/data/ppd/monthly/file-387-03.csv: Request failed with status code 406
Downloading https://landregistry.data.gov.uk/data/ppd/monthly/file-387-04.csv ...
  Error downloading https://landregistry.data.gov.uk/data/ppd/monthly/file-387-04.csv: Request failed with status code 406
Downloading https://landregistry.data.gov.uk/data/ppd/monthly/file-387-05.csv ...
  Error downloading https://landregistry.data.gov.uk/data/ppd/monthly/file-387-05.csv: Request failed with status code 406
Downloading https://landregistry.data.gov.uk/data/ppd/monthly/file-387-06.csv ...
  Error downloading https://landregistry.data.gov.uk/data/ppd/monthly/file-387-06.csv: Request failed with status code 406
Downloading https://landregistry.data.gov.uk/data/ppd/monthly/file-387-07.csv ...
  Error downloading https://landregistry.data.gov.uk/data/ppd/monthly/file-387-07.csv: Request failed with status code 406
Downloading https://landregistry.data.gov.uk/data/ppd/monthly/file-387-08.csv ...
  Error downloading https://landregistry.data.gov.uk/data/ppd/monthly/file-387-08.csv: Request failed with status code 406
Downloading https://landregistry.data.gov.uk/data/ppd/monthly/file-387-09.csv ...
  Error downloading https://landregistry.data.gov.uk/data/ppd/monthly/file-387-09.csv: Request failed with status code 406
Downloading https://landregistry.data.gov.uk/data/ppd/monthly/file-387-10.csv ...
  Error downloading https://landregistry.data.gov.uk/data/ppd/monthly/file-387-10.csv: Request failed with status code 406
Downloading https://landregistry.data.gov.uk/data/ppd/monthly/file-387-11.csv ...
  Error downloading https://landregistry.data.gov.uk/data/ppd/monthly/file-387-11.csv: Request failed with status code 406
Downloading https://landregistry.data.gov.uk/data/ppd/monthly/file-387-12.csv ...
  Error downloading https://landregistry.data.gov.uk/data/ppd/monthly/file-387-12.csv: Request failed with status code 406
Downloading https://landregistry.data.gov.uk/data/ppd/monthly/file-388-01.csv ...
  Error downloading https://landregistry.data.gov.uk/data/ppd/monthly/file-388-01.csv: Request failed with status code 406
Downloading https://landregistry.data.gov.uk/data/ppd/monthly/file-388-02.csv ...
  Error downloading https://landregistry.data.gov.uk/data/ppd/monthly/file-388-02.csv: Request failed with status code 406
Downloading https://landregistry.data.gov.uk/data/ppd/monthly/file-388-03.csv ...
  Error downloading https://landregistry.data.gov.uk/data/ppd/monthly/file-388-03.csv: Request failed with status code 406
Downloading https://landregistry.data.gov.uk/data/ppd/monthly/file-388-04.csv ...
  Error downloading https://landregistry.data.gov.uk/data/ppd/monthly/file-388-04.csv: Request failed with status code 406
Downloading https://landregistry.data.gov.uk/data/ppd/monthly/file-388-05.csv ...
  Error downloading https://landregistry.data.gov.uk/data/ppd/monthly/file-388-05.csv: Request failed with status code 406
Downloading https://landregistry.data.gov.uk/data/ppd/monthly/file-388-06.csv ...
  Error downloading https://landregistry.data.gov.uk/data/ppd/monthly/file-388-06.csv: Request failed with status code 406
Downloading https://landregistry.data.gov.uk/data/ppd/monthly/file-388-07.csv ...
  Error downloading https://landregistry.data.gov.uk/data/ppd/monthly/file-388-07.csv: Request failed with status code 406
Downloading https://landregistry.data.gov.uk/data/ppd/monthly/file-388-08.csv ...
  Error downloading https://landregistry.data.gov.uk/data/ppd/monthly/file-388-08.csv: Request failed with status code 406
Downloading https://landregistry.data.gov.uk/data/ppd/monthly/file-388-09.csv ...
  Error downloading https://landregistry.data.gov.uk/data/ppd/monthly/file-388-09.csv: Request failed with status code 406
Downloading https://landregistry.data.gov.uk/data/ppd/monthly/file-388-10.csv ...
  Error downloading https://landregistry.data.gov.uk/data/ppd/monthly/file-388-10.csv: Request failed with status code 406
Downloading https://landregistry.data.gov.uk/data/ppd/monthly/file-388-11.csv ...
  Error downloading https://landregistry.data.gov.uk/data/ppd/monthly/file-388-11.csv: Request failed with status code 406
Downloading https://landregistry.data.gov.uk/data/ppd/monthly/file-388-12.csv ...
  Error downloading https://landregistry.data.gov.uk/data/ppd/monthly/file-388-12.csv: Request failed with status code 406
Downloading https://landregistry.data.gov.uk/data/ppd/monthly/file-389-01.csv ...
  Error downloading https://landregistry.data.gov.uk/data/ppd/monthly/file-389-01.csv: Request failed with status code 406
Downloading https://landregistry.data.gov.uk/data/ppd/monthly/file-389-02.csv ...
  Error downloading https://landregistry.data.gov.uk/data/ppd/monthly/file-389-02.csv: Request failed with status code 406
Downloading https://landregistry.data.gov.uk/data/ppd/monthly/file-389-03.csv ...
  Error downloading https://landregistry.data.gov.uk/data/ppd/monthly/file-389-03.csv: Request failed with status code 406
Downloading https://landregistry.data.gov.uk/data/ppd/monthly/file-389-04.csv ...
  Error downloading https://landregistry.data.gov.uk/data/ppd/monthly/file-389-04.csv: Request failed with status code 406
Downloading https://landregistry.data.gov.uk/data/ppd/monthly/file-389-05.csv ...
  Error downloading https://landregistry.data.gov.uk/data/ppd/monthly/file-389-05.csv: Request failed with status code 406
Downloading https://landregistry.data.gov.uk/data/ppd/monthly/file-389-06.csv ...
  Error downloading https://landregistry.data.gov.uk/data/ppd/monthly/file-389-06.csv: Request failed with status code 406
Downloading https://landregistry.data.gov.uk/data/ppd/monthly/file-389-07.csv ...
  Error downloading https://landregistry.data.gov.uk/data/ppd/monthly/file-389-07.csv: Request failed with status code 406
Downloading https://landregistry.data.gov.uk/data/ppd/monthly/file-389-08.csv ...
  Error downloading https://landregistry.data.gov.uk/data/ppd/monthly/file-389-08.csv: Request failed with status code 406
Downloading https://landregistry.data.gov.uk/data/ppd/monthly/file-389-09.csv ...
  Error downloading https://landregistry.data.gov.uk/data/ppd/monthly/file-389-09.csv: Request failed with status code 406
Downloading https://landregistry.data.gov.uk/data/ppd/monthly/file-389-10.csv ...
  Error downloading https://landregistry.data.gov.uk/data/ppd/monthly/file-389-10.csv: Request failed with status code 406
Downloading https://landregistry.data.gov.uk/data/ppd/monthly/file-389-11.csv ...
  Error downloading https://landregistry.data.gov.uk/data/ppd/monthly/file-389-11.csv: Request failed with status code 406
Downloading https://landregistry.data.gov.uk/data/ppd/monthly/file-389-12.csv ...
  Error downloading https://landregistry.data.gov.uk/data/ppd/monthly/file-389-12.csv: Request failed with status code 406
Downloading https://landregistry.data.gov.uk/data/ppd/monthly/file-390-01.csv ...
  Error downloading https://landregistry.data.gov.uk/data/ppd/monthly/file-390-01.csv: Request failed with status code 406
Downloading https://landregistry.data.gov.uk/data/ppd/monthly/file-390-02.csv ...
  Error downloading https://landregistry.data.gov.uk/data/ppd/monthly/file-390-02.csv: Request failed with status code 406
Downloading https://landregistry.data.gov.uk/data/ppd/monthly/file-390-03.csv ...
  Error downloading https://landregistry.data.gov.uk/data/ppd/monthly/file-390-03.csv: Request failed with status code 406
Downloading https://landregistry.data.gov.uk/data/ppd/monthly/file-390-04.csv ...
  Error downloading https://landregistry.data.gov.uk/data/ppd/monthly/file-390-04.csv: Request failed with status code 406
Downloading https://landregistry.data.gov.uk/data/ppd/monthly/file-390-05.csv ...
  Error downloading https://landregistry.data.gov.uk/data/ppd/monthly/file-390-05.csv: Request failed with status code 406
Downloading https://landregistry.data.gov.uk/data/ppd/monthly/file-390-06.csv ...
  Error downloading https://landregistry.data.gov.uk/data/ppd/monthly/file-390-06.csv: Request failed with status code 406
Downloading https://landregistry.data.gov.uk/data/ppd/monthly/file-390-07.csv ...
  Error downloading https://landregistry.data.gov.uk/data/ppd/monthly/file-390-07.csv: Request failed with status code 406
Downloading https://landregistry.data.gov.uk/data/ppd/monthly/file-390-08.csv ...
  Error downloading https://landregistry.data.gov.uk/data/ppd/monthly/file-390-08.csv: Request failed with status code 406
Downloading https://landregistry.data.gov.uk/data/ppd/monthly/file-390-09.csv ...
  Error downloading https://landregistry.data.gov.uk/data/ppd/monthly/file-390-09.csv: Request failed with status code 406
Downloading https://landregistry.data.gov.uk/data/ppd/monthly/file-390-10.csv ...
  Error downloading https://landregistry.data.gov.uk/data/ppd/monthly/file-390-10.csv: Request failed with status code 406
Downloading https://landregistry.data.gov.uk/data/ppd/monthly/file-390-11.csv ...
  Error downloading https://landregistry.data.gov.uk/data/ppd/monthly/file-390-11.csv: Request failed with status code 406
Downloading https://landregistry.data.gov.uk/data/ppd/monthly/file-390-12.csv ...
  Error downloading https://landregistry.data.gov.uk/data/ppd/monthly/file-390-12.csv: Request failed with status code 406
Downloading https://landregistry.data.gov.uk/data/ppd/monthly/file-391-01.csv ...
  Error downloading https://landregistry.data.gov.uk/data/ppd/monthly/file-391-01.csv: Request failed with status code 406
Downloading https://landregistry.data.gov.uk/data/ppd/monthly/file-391-02.csv ...
  Error downloading https://landregistry.data.gov.uk/data/ppd/monthly/file-391-02.csv: Request failed with status code 406
Downloading https://landregistry.data.gov.uk/data/ppd/monthly/file-391-03.csv ...
  Error downloading https://landregistry.data.gov.uk/data/ppd/monthly/file-391-03.csv: Request failed with status code 406
Downloading https://landregistry.data.gov.uk/data/ppd/monthly/file-391-04.csv ...
  Error downloading https://landregistry.data.gov.uk/data/ppd/monthly/file-391-04.csv: Request failed with status code 406
Downloading https://landregistry.data.gov.uk/data/ppd/monthly/file-391-05.csv ...
  Error downloading https://landregistry.data.gov.uk/data/ppd/monthly/file-391-05.csv: Request failed with status code 406
Downloading https://landregistry.data.gov.uk/data/ppd/monthly/file-391-06.csv ...
  Error downloading https://landregistry.data.gov.uk/data/ppd/monthly/file-391-06.csv: Request failed with status code 406
Downloading https://landregistry.data.gov.uk/data/ppd/monthly/file-391-07.csv ...
  Error downloading https://landregistry.data.gov.uk/data/ppd/monthly/file-391-07.csv: Request failed with status code 406
Downloading https://landregistry.data.gov.uk/data/ppd/monthly/file-391-08.csv ...
  Error downloading https://landregistry.data.gov.uk/data/ppd/monthly/file-391-08.csv: Request failed with status code 406
Downloading https://landregistry.data.gov.uk/data/ppd/monthly/file-391-09.csv ...
  Error downloading https://landregistry.data.gov.uk/data/ppd/monthly/file-391-09.csv: Request failed with status code 406
Downloading https://landregistry.data.gov.uk/data/ppd/monthly/file-391-10.csv ...
  Error downloading https://landregistry.data.gov.uk/data/ppd/monthly/file-391-10.csv: Request failed with status code 406
Downloading https://landregistry.data.gov.uk/data/ppd/monthly/file-391-11.csv ...
  Error downloading https://landregistry.data.gov.uk/data/ppd/monthly/file-391-11.csv: Request failed with status code 406
Downloading https://landregistry.data.gov.uk/data/ppd/monthly/file-391-12.csv ...
  Error downloading https://landregistry.data.gov.uk/data/ppd/monthly/file-391-12.csv: Request failed with status code 406
Downloading https://landregistry.data.gov.uk/data/ppd/monthly/file-392-01.csv ...
  Error downloading https://landregistry.data.gov.uk/data/ppd/monthly/file-392-01.csv: Request failed with status code 406
Downloading https://landregistry.data.gov.uk/data/ppd/monthly/file-392-02.csv ...
  Error downloading https://landregistry.data.gov.uk/data/ppd/monthly/file-392-02.csv: Request failed with status code 406
Downloading https://landregistry.data.gov.uk/data/ppd/monthly/file-392-03.csv ...
  Error downloading https://landregistry.data.gov.uk/data/ppd/monthly/file-392-03.csv: Request failed with status code 406
Downloading https://landregistry.data.gov.uk/data/ppd/monthly/file-392-04.csv ...
  Error downloading https://landregistry.data.gov.uk/data/ppd/monthly/file-392-04.csv: Request failed with status code 406
Downloading https://landregistry.data.gov.uk/data/ppd/monthly/file-392-05.csv ...
  Error downloading https://landregistry.data.gov.uk/data/ppd/monthly/file-392-05.csv: Request failed with status code 406
Downloading https://landregistry.data.gov.uk/data/ppd/monthly/file-392-06.csv ...
  Error downloading https://landregistry.data.gov.uk/data/ppd/monthly/file-392-06.csv: Request failed with status code 406
Downloading https://landregistry.data.gov.uk/data/ppd/monthly/file-392-07.csv ...
  Error downloading https://landregistry.data.gov.uk/data/ppd/monthly/file-392-07.csv: Request failed with status code 406
Downloading https://landregistry.data.gov.uk/data/ppd/monthly/file-392-08.csv ...
  Error downloading https://landregistry.data.gov.uk/data/ppd/monthly/file-392-08.csv: Request failed with status code 406
Downloading https://landregistry.data.gov.uk/data/ppd/monthly/file-392-09.csv ...
  Error downloading https://landregistry.data.gov.uk/data/ppd/monthly/file-392-09.csv: Request failed with status code 406
Downloading https://landregistry.data.gov.uk/data/ppd/monthly/file-392-10.csv ...
  Error downloading https://landregistry.data.gov.uk/data/ppd/monthly/file-392-10.csv: Request failed with status code 406
Downloading https://landregistry.data.gov.uk/data/ppd/monthly/file-392-11.csv ...
  Error downloading https://landregistry.data.gov.uk/data/ppd/monthly/file-392-11.csv: Request failed with status code 406
Downloading https://landregistry.data.gov.uk/data/ppd/monthly/file-392-12.csv ...
  Error downloading https://landregistry.data.gov.uk/data/ppd/monthly/file-392-12.csv: Request failed with status code 406
Downloading https://landregistry.data.gov.uk/data/ppd/monthly/file-393-01.csv ...
  Error downloading https://landregistry.data.gov.uk/data/ppd/monthly/file-393-01.csv: Request failed with status code 406
Downloading https://landregistry.data.gov.uk/data/ppd/monthly/file-393-02.csv ...
  Error downloading https://landregistry.data.gov.uk/data/ppd/monthly/file-393-02.csv: Request failed with status code 406
Downloading https://landregistry.data.gov.uk/data/ppd/monthly/file-393-03.csv ...
  Error downloading https://landregistry.data.gov.uk/data/ppd/monthly/file-393-03.csv: Request failed with status code 406
Downloading https://landregistry.data.gov.uk/data/ppd/monthly/file-393-04.csv ...
  Error downloading https://landregistry.data.gov.uk/data/ppd/monthly/file-393-04.csv: Request failed with status code 406
Downloading https://landregistry.data.gov.uk/data/ppd/monthly/file-393-05.csv ...
  Error downloading https://landregistry.data.gov.uk/data/ppd/monthly/file-393-05.csv: Request failed with status code 406
Downloading https://landregistry.data.gov.uk/data/ppd/monthly/file-393-06.csv ...
  Error downloading https://landregistry.data.gov.uk/data/ppd/monthly/file-393-06.csv: Request failed with status code 406
Downloading https://landregistry.data.gov.uk/data/ppd/monthly/file-393-07.csv ...
  Error downloading https://landregistry.data.gov.uk/data/ppd/monthly/file-393-07.csv: Request failed with status code 406
Downloading https://landregistry.data.gov.uk/data/ppd/monthly/file-393-08.csv ...
  Error downloading https://landregistry.data.gov.uk/data/ppd/monthly/file-393-08.csv: Request failed with status code 406
Downloading https://landregistry.data.gov.uk/data/ppd/monthly/file-393-09.csv ...
  Error downloading https://landregistry.data.gov.uk/data/ppd/monthly/file-393-09.csv: Request failed with status code 406
Downloading https://landregistry.data.gov.uk/data/ppd/monthly/file-393-10.csv ...
  Error downloading https://landregistry.data.gov.uk/data/ppd/monthly/file-393-10.csv: Request failed with status code 406
Downloading https://landregistry.data.gov.uk/data/ppd/monthly/file-393-11.csv ...
  Error downloading https://landregistry.data.gov.uk/data/ppd/monthly/file-393-11.csv: Request failed with status code 406
Downloading https://landregistry.data.gov.uk/data/ppd/monthly/file-393-12.csv ...
  Error downloading https://landregistry.data.gov.uk/data/ppd/monthly/file-393-12.csv: Request failed with status code 406
Downloading https://landregistry.data.gov.uk/data/ppd/monthly/file-394-01.csv ...
  Error downloading https://landregistry.data.gov.uk/data/ppd/monthly/file-394-01.csv: Request failed with status code 406
Downloading https://landregistry.data.gov.uk/data/ppd/monthly/file-394-02.csv ...
  Error downloading https://landregistry.data.gov.uk/data/ppd/monthly/file-394-02.csv: Request failed with status code 406
Downloading https://landregistry.data.gov.uk/data/ppd/monthly/file-394-03.csv ...
  Error downloading https://landregistry.data.gov.uk/data/ppd/monthly/file-394-03.csv: Request failed with status code 406
Downloading https://landregistry.data.gov.uk/data/ppd/monthly/file-394-04.csv ...
  Error downloading https://landregistry.data.gov.uk/data/ppd/monthly/file-394-04.csv: Request failed with status code 406
Downloading https://landregistry.data.gov.uk/data/ppd/monthly/file-394-05.csv ...
  Error downloading https://landregistry.data.gov.uk/data/ppd/monthly/file-394-05.csv: Request failed with status code 406
Downloading https://landregistry.data.gov.uk/data/ppd/monthly/file-394-06.csv ...
  Error downloading https://landregistry.data.gov.uk/data/ppd/monthly/file-394-06.csv: Request failed with status code 406
Downloading https://landregistry.data.gov.uk/data/ppd/monthly/file-394-07.csv ...
  Error downloading https://landregistry.data.gov.uk/data/ppd/monthly/file-394-07.csv: Request failed with status code 406
Downloading https://landregistry.data.gov.uk/data/ppd/monthly/file-394-08.csv ...
  Error downloading https://landregistry.data.gov.uk/data/ppd/monthly/file-394-08.csv: Request failed with status code 406
Downloading https://landregistry.data.gov.uk/data/ppd/monthly/file-394-09.csv ...
  Error downloading https://landregistry.data.gov.uk/data/ppd/monthly/file-394-09.csv: Request failed with status code 406
Downloading https://landregistry.data.gov.uk/data/ppd/monthly/file-394-10.csv ...
  Error downloading https://landregistry.data.gov.uk/data/ppd/monthly/file-394-10.csv: Request failed with status code 406
Downloading https://landregistry.data.gov.uk/data/ppd/monthly/file-394-11.csv ...
  Error downloading https://landregistry.data.gov.uk/data/ppd/monthly/file-394-11.csv: Request failed with status code 406
Downloading https://landregistry.data.gov.uk/data/ppd/monthly/file-394-12.csv ...
  Error downloading https://landregistry.data.gov.uk/data/ppd/monthly/file-394-12.csv: Request failed with status code 406
Downloading https://landregistry.data.gov.uk/data/ppd/monthly/file-395-01.csv ...
  Error downloading https://landregistry.data.gov.uk/data/ppd/monthly/file-395-01.csv: Request failed with status code 406
Downloading https://landregistry.data.gov.uk/data/ppd/monthly/file-395-02.csv ...
  Error downloading https://landregistry.data.gov.uk/data/ppd/monthly/file-395-02.csv: Request failed with status code 406
Downloading https://landregistry.data.gov.uk/data/ppd/monthly/file-395-03.csv ...
  Error downloading https://landregistry.data.gov.uk/data/ppd/monthly/file-395-03.csv: Request failed with status code 406
Downloading https://landregistry.data.gov.uk/data/ppd/monthly/file-395-04.csv ...
  Error downloading https://landregistry.data.gov.uk/data/ppd/monthly/file-395-04.csv: Request failed with status code 406
Downloading https://landregistry.data.gov.uk/data/ppd/monthly/file-395-05.csv ...
  Error downloading https://landregistry.data.gov.uk/data/ppd/monthly/file-395-05.csv: Request failed with status code 406
Downloading https://landregistry.data.gov.uk/data/ppd/monthly/file-395-06.csv ...
  Error downloading https://landregistry.data.gov.uk/data/ppd/monthly/file-395-06.csv: Request failed with status code 406
Downloading https://landregistry.data.gov.uk/data/ppd/monthly/file-395-07.csv ...
  Error downloading https://landregistry.data.gov.uk/data/ppd/monthly/file-395-07.csv: Request failed with status code 406
Downloading https://landregistry.data.gov.uk/data/ppd/monthly/file-395-08.csv ...
  Error downloading https://landregistry.data.gov.uk/data/ppd/monthly/file-395-08.csv: Request failed with status code 406
Downloading https://landregistry.data.gov.uk/data/ppd/monthly/file-395-09.csv ...
  Error downloading https://landregistry.data.gov.uk/data/ppd/monthly/file-395-09.csv: Request failed with status code 406
Downloading https://landregistry.data.gov.uk/data/ppd/monthly/file-395-10.csv ...
  Error downloading https://landregistry.data.gov.uk/data/ppd/monthly/file-395-10.csv: Request failed with status code 406
Downloading https://landregistry.data.gov.uk/data/ppd/monthly/file-395-11.csv ...
  Error downloading https://landregistry.data.gov.uk/data/ppd/monthly/file-395-11.csv: Request failed with status code 406
Downloading https://landregistry.data.gov.uk/data/ppd/monthly/file-395-12.csv ...
  Error downloading https://landregistry.data.gov.uk/data/ppd/monthly/file-395-12.csv: Request failed with status code 406
Downloading https://landregistry.data.gov.uk/data/ppd/monthly/file-396-01.csv ...
  Error downloading https://landregistry.data.gov.uk/data/ppd/monthly/file-396-01.csv: Request failed with status code 406
Downloading https://landregistry.data.gov.uk/data/ppd/monthly/file-396-02.csv ...
  Error downloading https://landregistry.data.gov.uk/data/ppd/monthly/file-396-02.csv: Request failed with status code 406
Downloading https://landregistry.data.gov.uk/data/ppd/monthly/file-396-03.csv ...
  Error downloading https://landregistry.data.gov.uk/data/ppd/monthly/file-396-03.csv: Request failed with status code 406
Downloading https://landregistry.data.gov.uk/data/ppd/monthly/file-396-04.csv ...
  Error downloading https://landregistry.data.gov.uk/data/ppd/monthly/file-396-04.csv: Request failed with status code 406
Downloading https://landregistry.data.gov.uk/data/ppd/monthly/file-396-05.csv ...
  Error downloading https://landregistry.data.gov.uk/data/ppd/monthly/file-396-05.csv: Request failed with status code 406
Downloading https://landregistry.data.gov.uk/data/ppd/monthly/file-396-06.csv ...
  Error downloading https://landregistry.data.gov.uk/data/ppd/monthly/file-396-06.csv: Request failed with status code 406
Downloading https://landregistry.data.gov.uk/data/ppd/monthly/file-396-07.csv ...
  Error downloading https://landregistry.data.gov.uk/data/ppd/monthly/file-396-07.csv: Request failed with status code 406
Downloading https://landregistry.data.gov.uk/data/ppd/monthly/file-396-08.csv ...
  Error downloading https://landregistry.data.gov.uk/data/ppd/monthly/file-396-08.csv: Request failed with status code 406
Downloading https://landregistry.data.gov.uk/data/ppd/monthly/file-396-09.csv ...
  Error downloading https://landregistry.data.gov.uk/data/ppd/monthly/file-396-09.csv: Request failed with status code 406
Downloading https://landregistry.data.gov.uk/data/ppd/monthly/file-396-10.csv ...
  Error downloading https://landregistry.data.gov.uk/data/ppd/monthly/file-396-10.csv: Request failed with status code 406
Downloading https://landregistry.data.gov.uk/data/ppd/monthly/file-396-11.csv ...
  Error downloading https://landregistry.data.gov.uk/data/ppd/monthly/file-396-11.csv: Request failed with status code 406
Downloading https://landregistry.data.gov.uk/data/ppd/monthly/file-396-12.csv ...
  Error downloading https://landregistry.data.gov.uk/data/ppd/monthly/file-396-12.csv: Request failed with status code 406
Downloading https://landregistry.data.gov.uk/data/ppd/monthly/file-397-01.csv ...
  Error downloading https://landregistry.data.gov.uk/data/ppd/monthly/file-397-01.csv: Request failed with status code 406
Downloading https://landregistry.data.gov.uk/data/ppd/monthly/file-397-02.csv ...
  Error downloading https://landregistry.data.gov.uk/data/ppd/monthly/file-397-02.csv: Request failed with status code 406
Downloading https://landregistry.data.gov.uk/data/ppd/monthly/file-397-03.csv ...
  Error downloading https://landregistry.data.gov.uk/data/ppd/monthly/file-397-03.csv: Request failed with status code 406
Downloading https://landregistry.data.gov.uk/data/ppd/monthly/file-397-04.csv ...
  Error downloading https://landregistry.data.gov.uk/data/ppd/monthly/file-397-04.csv: Request failed with status code 406
Downloading https://landregistry.data.gov.uk/data/ppd/monthly/file-397-05.csv ...
  Error downloading https://landregistry.data.gov.uk/data/ppd/monthly/file-397-05.csv: Request failed with status code 406
Downloading https://landregistry.data.gov.uk/data/ppd/monthly/file-397-06.csv ...
  Error downloading https://landregistry.data.gov.uk/data/ppd/monthly/file-397-06.csv: Request failed with status code 406
Downloading https://landregistry.data.gov.uk/data/ppd/monthly/file-397-07.csv ...
  Error downloading https://landregistry.data.gov.uk/data/ppd/monthly/file-397-07.csv: Request failed with status code 406
Downloading https://landregistry.data.gov.uk/data/ppd/monthly/file-397-08.csv ...
  Error downloading https://landregistry.data.gov.uk/data/ppd/monthly/file-397-08.csv: Request failed with status code 406
Downloading https://landregistry.data.gov.uk/data/ppd/monthly/file-397-09.csv ...
  Error downloading https://landregistry.data.gov.uk/data/ppd/monthly/file-397-09.csv: Request failed with status code 406
Downloading https://landregistry.data.gov.uk/data/ppd/monthly/file-397-10.csv ...
  Error downloading https://landregistry.data.gov.uk/data/ppd/monthly/file-397-10.csv: Request failed with status code 406
Downloading https://landregistry.data.gov.uk/data/ppd/monthly/file-397-11.csv ...
  Error downloading https://landregistry.data.gov.uk/data/ppd/monthly/file-397-11.csv: Request failed with status code 406
Downloading https://landregistry.data.gov.uk/data/ppd/monthly/file-397-12.csv ...
  Error downloading https://landregistry.data.gov.uk/data/ppd/monthly/file-397-12.csv: Request failed with status code 406
Downloading https://landregistry.data.gov.uk/data/ppd/monthly/file-398-01.csv ...
  Error downloading https://landregistry.data.gov.uk/data/ppd/monthly/file-398-01.csv: Request failed with status code 406
Downloading https://landregistry.data.gov.uk/data/ppd/monthly/file-398-02.csv ...
  Error downloading https://landregistry.data.gov.uk/data/ppd/monthly/file-398-02.csv: Request failed with status code 406
Downloading https://landregistry.data.gov.uk/data/ppd/monthly/file-398-03.csv ...
  Error downloading https://landregistry.data.gov.uk/data/ppd/monthly/file-398-03.csv: Request failed with status code 406
Downloading https://landregistry.data.gov.uk/data/ppd/monthly/file-398-04.csv ...
  Error downloading https://landregistry.data.gov.uk/data/ppd/monthly/file-398-04.csv: Request failed with status code 406
Downloading https://landregistry.data.gov.uk/data/ppd/monthly/file-398-05.csv ...
  Error downloading https://landregistry.data.gov.uk/data/ppd/monthly/file-398-05.csv: Request failed with status code 406
Downloading https://landregistry.data.gov.uk/data/ppd/monthly/file-398-06.csv ...
  Error downloading https://landregistry.data.gov.uk/data/ppd/monthly/file-398-06.csv: Request failed with status code 406
Downloading https://landregistry.data.gov.uk/data/ppd/monthly/file-398-07.csv ...
  Error downloading https://landregistry.data.gov.uk/data/ppd/monthly/file-398-07.csv: Request failed with status code 406
Downloading https://landregistry.data.gov.uk/data/ppd/monthly/file-398-08.csv ...
  Error downloading https://landregistry.data.gov.uk/data/ppd/monthly/file-398-08.csv: Request failed with status code 406
Downloading https://landregistry.data.gov.uk/data/ppd/monthly/file-398-09.csv ...
  Error downloading https://landregistry.data.gov.uk/data/ppd/monthly/file-398-09.csv: Request failed with status code 406
Downloading https://landregistry.data.gov.uk/data/ppd/monthly/file-398-10.csv ...
  Error downloading https://landregistry.data.gov.uk/data/ppd/monthly/file-398-10.csv: Request failed with status code 406
Downloading https://landregistry.data.gov.uk/data/ppd/monthly/file-398-11.csv ...
  Error downloading https://landregistry.data.gov.uk/data/ppd/monthly/file-398-11.csv: Request failed with status code 406
Downloading https://landregistry.data.gov.uk/data/ppd/monthly/file-398-12.csv ...
  Error downloading https://landregistry.data.gov.uk/data/ppd/monthly/file-398-12.csv: Request failed with status code 406
Downloading https://landregistry.data.gov.uk/data/ppd/monthly/file-399-01.csv ...
  Error downloading https://landregistry.data.gov.uk/data/ppd/monthly/file-399-01.csv: Request failed with status code 406
Downloading https://landregistry.data.gov.uk/data/ppd/monthly/file-399-02.csv ...
  Error downloading https://landregistry.data.gov.uk/data/ppd/monthly/file-399-02.csv: Request failed with status code 406
Downloading https://landregistry.data.gov.uk/data/ppd/monthly/file-399-03.csv ...
  Error downloading https://landregistry.data.gov.uk/data/ppd/monthly/file-399-03.csv: Request failed with status code 406
Downloading https://landregistry.data.gov.uk/data/ppd/monthly/file-399-04.csv ...
  Error downloading https://landregistry.data.gov.uk/data/ppd/monthly/file-399-04.csv: Request failed with status code 406
Downloading https://landregistry.data.gov.uk/data/ppd/monthly/file-399-05.csv ...
  Error downloading https://landregistry.data.gov.uk/data/ppd/monthly/file-399-05.csv: Request failed with status code 406
Downloading https://landregistry.data.gov.uk/data/ppd/monthly/file-399-06.csv ...
  Error downloading https://landregistry.data.gov.uk/data/ppd/monthly/file-399-06.csv: Request failed with status code 406
Downloading https://landregistry.data.gov.uk/data/ppd/monthly/file-399-07.csv ...
  Error downloading https://landregistry.data.gov.uk/data/ppd/monthly/file-399-07.csv: Request failed with status code 406
Downloading https://landregistry.data.gov.uk/data/ppd/monthly/file-399-08.csv ...
  Error downloading https://landregistry.data.gov.uk/data/ppd/monthly/file-399-08.csv: Request failed with status code 406
Downloading https://landregistry.data.gov.uk/data/ppd/monthly/file-399-09.csv ...
  Error downloading https://landregistry.data.gov.uk/data/ppd/monthly/file-399-09.csv: Request failed with status code 406
Downloading https://landregistry.data.gov.uk/data/ppd/monthly/file-399-10.csv ...
  Error downloading https://landregistry.data.gov.uk/data/ppd/monthly/file-399-10.csv: Request failed with status code 406
Downloading https://landregistry.data.gov.uk/data/ppd/monthly/file-399-11.csv ...
  Error downloading https://landregistry.data.gov.uk/data/ppd/monthly/file-399-11.csv: Request failed with status code 406
Downloading https://landregistry.data.gov.uk/data/ppd/monthly/file-399-12.csv ...
  Error downloading https://landregistry.data.gov.uk/data/ppd/monthly/file-399-12.csv: Request failed with status code 406
Downloading https://landregistry.data.gov.uk/data/ppd/monthly/file-400-01.csv ...
  Error downloading https://landregistry.data.gov.uk/data/ppd/monthly/file-400-01.csv: Request failed with status code 406
Downloading https://landregistry.data.gov.uk/data/ppd/monthly/file-400-02.csv ...
  Error downloading https://landregistry.data.gov.uk/data/ppd/monthly/file-400-02.csv: Request failed with status code 406
Downloading https://landregistry.data.gov.uk/data/ppd/monthly/file-400-03.csv ...
  Error downloading https://landregistry.data.gov.uk/data/ppd/monthly/file-400-03.csv: Request failed with status code 406
Downloading https://landregistry.data.gov.uk/data/ppd/monthly/file-400-04.csv ...
  Error downloading https://landregistry.data.gov.uk/data/ppd/monthly/file-400-04.csv: Request failed with status code 406
Downloading https://landregistry.data.gov.uk/data/ppd/monthly/file-400-05.csv ...
  Error downloading https://landregistry.data.gov.uk/data/ppd/monthly/file-400-05.csv: Request failed with status code 406
Downloading https://landregistry.data.gov.uk/data/ppd/monthly/file-400-06.csv ...
  Error downloading https://landregistry.data.gov.uk/data/ppd/monthly/file-400-06.csv: Request failed with status code 406
Downloading https://landregistry.data.gov.uk/data/ppd/monthly/file-400-07.csv ...
  Error downloading https://landregistry.data.gov.uk/data/ppd/monthly/file-400-07.csv: Request failed with status code 406
Downloading https://landregistry.data.gov.uk/data/ppd/monthly/file-400-08.csv ...
  Error downloading https://landregistry.data.gov.uk/data/ppd/monthly/file-400-08.csv: Request failed with status code 406
Downloading https://landregistry.data.gov.uk/data/ppd/monthly/file-400-09.csv ...
  Error downloading https://landregistry.data.gov.uk/data/ppd/monthly/file-400-09.csv: Request failed with status code 406
Downloading https://landregistry.data.gov.uk/data/ppd/monthly/file-400-10.csv ...
  Error downloading https://landregistry.data.gov.uk/data/ppd/monthly/file-400-10.csv: Request failed with status code 406
Downloading https://landregistry.data.gov.uk/data/ppd/monthly/file-400-11.csv ...
  Error downloading https://landregistry.data.gov.uk/data/ppd/monthly/file-400-11.csv: Request failed with status code 406
Downloading https://landregistry.data.gov.uk/data/ppd/monthly/file-400-12.csv ...
  Error downloading https://landregistry.data.gov.uk/data/ppd/monthly/file-400-12.csv: Request failed with status code 406
Downloading https://landregistry.data.gov.uk/data/ppd/monthly/file-401-01.csv ...
  Error downloading https://landregistry.data.gov.uk/data/ppd/monthly/file-401-01.csv: Request failed with status code 406
Downloading https://landregistry.data.gov.uk/data/ppd/monthly/file-401-02.csv ...
  Error downloading https://landregistry.data.gov.uk/data/ppd/monthly/file-401-02.csv: Request failed with status code 406
Downloading https://landregistry.data.gov.uk/data/ppd/monthly/file-401-03.csv ...
  Error downloading https://landregistry.data.gov.uk/data/ppd/monthly/file-401-03.csv: Request failed with status code 406
Downloading https://landregistry.data.gov.uk/data/ppd/monthly/file-401-04.csv ...
  Error downloading https://landregistry.data.gov.uk/data/ppd/monthly/file-401-04.csv: Request failed with status code 406
Downloading https://landregistry.data.gov.uk/data/ppd/monthly/file-401-05.csv ...
  Error downloading https://landregistry.data.gov.uk/data/ppd/monthly/file-401-05.csv: Request failed with status code 406
Downloading https://landregistry.data.gov.uk/data/ppd/monthly/file-401-06.csv ...
  Error downloading https://landregistry.data.gov.uk/data/ppd/monthly/file-401-06.csv: Request failed with status code 406
Downloading https://landregistry.data.gov.uk/data/ppd/monthly/file-401-07.csv ...
  Error downloading https://landregistry.data.gov.uk/data/ppd/monthly/file-401-07.csv: Request failed with status code 406
Downloading https://landregistry.data.gov.uk/data/ppd/monthly/file-401-08.csv ...
  Error downloading https://landregistry.data.gov.uk/data/ppd/monthly/file-401-08.csv: Request failed with status code 406
Downloading https://landregistry.data.gov.uk/data/ppd/monthly/file-401-09.csv ...
  Error downloading https://landregistry.data.gov.uk/data/ppd/monthly/file-401-09.csv: Request failed with status code 406
Downloading https://landregistry.data.gov.uk/data/ppd/monthly/file-401-10.csv ...
  Error downloading https://landregistry.data.gov.uk/data/ppd/monthly/file-401-10.csv: Request failed with status code 406
Downloading https://landregistry.data.gov.uk/data/ppd/monthly/file-401-11.csv ...
  Error downloading https://landregistry.data.gov.uk/data/ppd/monthly/file-401-11.csv: Request failed with status code 406
Downloading https://landregistry.data.gov.uk/data/ppd/monthly/file-401-12.csv ...
  Error downloading https://landregistry.data.gov.uk/data/ppd/monthly/file-401-12.csv: Request failed with status code 406
Downloading https://landregistry.data.gov.uk/data/ppd/monthly/file-402-01.csv ...
  Error downloading https://landregistry.data.gov.uk/data/ppd/monthly/file-402-01.csv: Request failed with status code 406
Downloading https://landregistry.data.gov.uk/data/ppd/monthly/file-402-02.csv ...
  Error downloading https://landregistry.data.gov.uk/data/ppd/monthly/file-402-02.csv: Request failed with status code 406
Downloading https://landregistry.data.gov.uk/data/ppd/monthly/file-402-03.csv ...
  Error downloading https://landregistry.data.gov.uk/data/ppd/monthly/file-402-03.csv: Request failed with status code 406
Downloading https://landregistry.data.gov.uk/data/ppd/monthly/file-402-04.csv ...
  Error downloading https://landregistry.data.gov.uk/data/ppd/monthly/file-402-04.csv: Request failed with status code 406
Downloading https://landregistry.data.gov.uk/data/ppd/monthly/file-402-05.csv ...
  Error downloading https://landregistry.data.gov.uk/data/ppd/monthly/file-402-05.csv: Request failed with status code 406
Downloading https://landregistry.data.gov.uk/data/ppd/monthly/file-402-06.csv ...
  Error downloading https://landregistry.data.gov.uk/data/ppd/monthly/file-402-06.csv: Request failed with status code 406
Downloading https://landregistry.data.gov.uk/data/ppd/monthly/file-402-07.csv ...
  Error downloading https://landregistry.data.gov.uk/data/ppd/monthly/file-402-07.csv: Request failed with status code 406
Downloading https://landregistry.data.gov.uk/data/ppd/monthly/file-402-08.csv ...
  Error downloading https://landregistry.data.gov.uk/data/ppd/monthly/file-402-08.csv: Request failed with status code 406
Downloading https://landregistry.data.gov.uk/data/ppd/monthly/file-402-09.csv ...
  Error downloading https://landregistry.data.gov.uk/data/ppd/monthly/file-402-09.csv: Request failed with status code 406
Downloading https://landregistry.data.gov.uk/data/ppd/monthly/file-402-10.csv ...
  Error downloading https://landregistry.data.gov.uk/data/ppd/monthly/file-402-10.csv: Request failed with status code 406
Downloading https://landregistry.data.gov.uk/data/ppd/monthly/file-402-11.csv ...
  Error downloading https://landregistry.data.gov.uk/data/ppd/monthly/file-402-11.csv: Request failed with status code 406
Downloading https://landregistry.data.gov.uk/data/ppd/monthly/file-402-12.csv ...
  Error downloading https://landregistry.data.gov.uk/data/ppd/monthly/file-402-12.csv: Request failed with status code 406
Downloading https://landregistry.data.gov.uk/data/ppd/monthly/file-403-01.csv ...
  Error downloading https://landregistry.data.gov.uk/data/ppd/monthly/file-403-01.csv: Request failed with status code 406
Downloading https://landregistry.data.gov.uk/data/ppd/monthly/file-403-02.csv ...
  Error downloading https://landregistry.data.gov.uk/data/ppd/monthly/file-403-02.csv: Request failed with status code 406
