2025-07-16T11:55:36.410Z: Starting ultra-optimized EPC data cleaning...
2025-07-16T11:55:36.432Z: Input file: data/epc-certificates.csv
2025-07-16T11:55:36.432Z: Output file: data/epc-certificates-clean.csv
2025-07-16T11:55:36.432Z: Chunk size: 50000 rows
2025-07-16T11:55:37.011Z: Processing chunk 0 with 50000 rows...
2025-07-16T11:55:37.246Z: Chunk 0 complete: 45173 valid, 0 invalid, 38938 unique
2025-07-16T11:55:37.264Z: Progress: 50,001 rows processed (59810 rows/sec)
2025-07-16T11:55:37.790Z: Processing chunk 1 with 50000 rows...
2025-07-16T11:55:38.005Z: Chunk 1 complete: 48692 valid, 0 invalid, 45715 unique
2025-07-16T11:55:38.006Z: Progress: 100,001 rows processed (62657 rows/sec)
2025-07-16T11:55:38.578Z: Processing chunk 2 with 50000 rows...
2025-07-16T11:55:38.801Z: Chunk 2 complete: 48238 valid, 0 invalid, 46720 unique
2025-07-16T11:55:38.801Z: Progress: 150,001 rows processed (62736 rows/sec)
2025-07-16T11:55:39.307Z: Processing chunk 3 with 50000 rows...
2025-07-16T11:55:39.510Z: Chunk 3 complete: 48110 valid, 0 invalid, 46442 unique
2025-07-16T11:55:39.510Z: Progress: 200,001 rows processed (64516 rows/sec)
2025-07-16T11:55:39.970Z: Processing chunk 4 with 50000 rows...
2025-07-16T11:55:40.180Z: Chunk 4 complete: 48292 valid, 0 invalid, 46707 unique
2025-07-16T11:55:40.180Z: Progress: 250,001 rows processed (66313 rows/sec)
2025-07-16T11:55:40.661Z: Processing chunk 5 with 50000 rows...
2025-07-16T11:55:40.859Z: Chunk 5 complete: 49212 valid, 0 invalid, 47101 unique
2025-07-16T11:55:40.859Z: Progress: 300,001 rows processed (67431 rows/sec)
2025-07-16T11:55:41.358Z: Processing chunk 6 with 50000 rows...
2025-07-16T11:55:41.552Z: Chunk 6 complete: 48736 valid, 0 invalid, 47448 unique
2025-07-16T11:55:41.552Z: Progress: 350,001 rows processed (68067 rows/sec)
2025-07-16T11:55:42.087Z: Processing chunk 7 with 50000 rows...
2025-07-16T11:55:42.299Z: Chunk 7 complete: 46814 valid, 0 invalid, 44115 unique
2025-07-16T11:55:42.300Z: Progress: 400,001 rows processed (67912 rows/sec)
2025-07-16T11:55:42.770Z: Processing chunk 8 with 50000 rows...
2025-07-16T11:55:42.972Z: Chunk 8 complete: 48560 valid, 0 invalid, 44745 unique
2025-07-16T11:55:42.972Z: Progress: 450,001 rows processed (68577 rows/sec)
2025-07-16T11:55:43.435Z: Processing chunk 9 with 50000 rows...
2025-07-16T11:55:43.622Z: Chunk 9 complete: 46899 valid, 0 invalid, 44169 unique
2025-07-16T11:55:43.622Z: Progress: 500,001 rows processed (69329 rows/sec)
2025-07-16T11:55:44.119Z: Processing chunk 10 with 50000 rows...
2025-07-16T11:55:44.302Z: Chunk 10 complete: 46332 valid, 0 invalid, 37945 unique
2025-07-16T11:55:44.303Z: Progress: 550,001 rows processed (69682 rows/sec)
2025-07-16T11:55:44.759Z: Processing chunk 11 with 50000 rows...
2025-07-16T11:55:44.949Z: Chunk 11 complete: 46445 valid, 0 invalid, 43642 unique
2025-07-16T11:55:44.949Z: Progress: 600,001 rows processed (70266 rows/sec)
2025-07-16T11:55:45.411Z: Processing chunk 12 with 50000 rows...
2025-07-16T11:55:45.603Z: Chunk 12 complete: 46683 valid, 0 invalid, 43771 unique
2025-07-16T11:55:45.603Z: Progress: 650,001 rows processed (70706 rows/sec)
2025-07-16T11:55:46.079Z: Processing chunk 13 with 50000 rows...
2025-07-16T11:55:46.268Z: Chunk 13 complete: 49003 valid, 0 invalid, 45630 unique
2025-07-16T11:55:46.268Z: Progress: 700,001 rows processed (71008 rows/sec)
2025-07-16T11:55:46.745Z: Processing chunk 14 with 50000 rows...
2025-07-16T11:55:46.927Z: Chunk 14 complete: 43441 valid, 0 invalid, 35822 unique
2025-07-16T11:55:46.927Z: Progress: 750,001 rows processed (71313 rows/sec)
2025-07-16T11:55:47.451Z: Processing chunk 15 with 50000 rows...
2025-07-16T11:55:47.646Z: Chunk 15 complete: 45372 valid, 0 invalid, 40244 unique
2025-07-16T11:55:47.646Z: Progress: 800,001 rows processed (71200 rows/sec)
2025-07-16T11:55:48.114Z: Processing chunk 16 with 50000 rows...
2025-07-16T11:55:48.299Z: Chunk 16 complete: 45920 valid, 0 invalid, 40199 unique
2025-07-16T11:55:48.299Z: Progress: 850,001 rows processed (71495 rows/sec)
2025-07-16T11:55:48.787Z: Processing chunk 17 with 50000 rows...
2025-07-16T11:55:48.983Z: Chunk 17 complete: 46777 valid, 0 invalid, 44033 unique
2025-07-16T11:55:48.983Z: Progress: 900,001 rows processed (71582 rows/sec)
2025-07-16T11:55:49.457Z: Processing chunk 18 with 50000 rows...
2025-07-16T11:55:49.686Z: Chunk 18 complete: 46367 valid, 0 invalid, 43235 unique
2025-07-16T11:55:49.686Z: Progress: 950,001 rows processed (71558 rows/sec)
2025-07-16T11:55:50.147Z: Processing chunk 19 with 50000 rows...
2025-07-16T11:55:50.336Z: Chunk 19 complete: 48598 valid, 0 invalid, 46629 unique
2025-07-16T11:55:50.336Z: Progress: 1,000,001 rows processed (71808 rows/sec)
2025-07-16T11:55:50.810Z: Processing chunk 20 with 50000 rows...
2025-07-16T11:55:51.004Z: Chunk 20 complete: 46046 valid, 0 invalid, 39322 unique
2025-07-16T11:55:51.004Z: Progress: 1,050,001 rows processed (71947 rows/sec)
2025-07-16T11:55:51.527Z: Processing chunk 21 with 50000 rows...
2025-07-16T11:55:51.733Z: Chunk 21 complete: 45883 valid, 0 invalid, 38188 unique
2025-07-16T11:55:51.734Z: Progress: 1,100,001 rows processed (71783 rows/sec)
2025-07-16T11:55:52.186Z: Processing chunk 22 with 50000 rows...
2025-07-16T11:55:52.380Z: Chunk 22 complete: 46336 valid, 0 invalid, 43410 unique
2025-07-16T11:55:52.380Z: Progress: 1,150,001 rows processed (72010 rows/sec)
2025-07-16T11:55:52.840Z: Processing chunk 23 with 50000 rows...
2025-07-16T11:55:53.035Z: Chunk 23 complete: 46247 valid, 0 invalid, 43257 unique
2025-07-16T11:55:53.035Z: Progress: 1,200,001 rows processed (72181 rows/sec)
2025-07-16T11:55:53.530Z: Processing chunk 24 with 50000 rows...
2025-07-16T11:55:53.714Z: Chunk 24 complete: 48521 valid, 0 invalid, 46588 unique
2025-07-16T11:55:53.714Z: Progress: 1,250,001 rows processed (72238 rows/sec)
2025-07-16T11:55:54.178Z: Processing chunk 25 with 50000 rows...
2025-07-16T11:55:54.368Z: Chunk 25 complete: 46608 valid, 0 invalid, 41566 unique
2025-07-16T11:55:54.368Z: Progress: 1,300,001 rows processed (72391 rows/sec)
2025-07-16T11:55:54.850Z: Processing chunk 26 with 50000 rows...
2025-07-16T11:55:55.038Z: Chunk 26 complete: 46157 valid, 0 invalid, 42876 unique
2025-07-16T11:55:55.038Z: Progress: 1,350,001 rows processed (72472 rows/sec)
2025-07-16T11:55:55.494Z: Processing chunk 27 with 50000 rows...
2025-07-16T11:55:55.684Z: Chunk 27 complete: 47205 valid, 0 invalid, 43546 unique
2025-07-16T11:55:55.684Z: Progress: 1,400,001 rows processed (72637 rows/sec)
2025-07-16T11:55:56.180Z: Processing chunk 28 with 50000 rows...
2025-07-16T11:55:56.388Z: Chunk 28 complete: 47239 valid, 0 invalid, 40234 unique
2025-07-16T11:55:56.388Z: Progress: 1,450,001 rows processed (72580 rows/sec)
2025-07-16T11:55:56.879Z: Processing chunk 29 with 50000 rows...
2025-07-16T11:55:57.069Z: Chunk 29 complete: 45711 valid, 0 invalid, 40311 unique
2025-07-16T11:55:57.070Z: Progress: 1,500,001 rows processed (72604 rows/sec)
2025-07-16T11:55:57.555Z: Processing chunk 30 with 50000 rows...
2025-07-16T11:55:57.748Z: Chunk 30 complete: 46996 valid, 0 invalid, 44549 unique
2025-07-16T11:55:57.749Z: Progress: 1,550,001 rows processed (72637 rows/sec)
2025-07-16T11:55:58.253Z: Processing chunk 31 with 50000 rows...
2025-07-16T11:55:58.443Z: Chunk 31 complete: 46944 valid, 0 invalid, 44446 unique
2025-07-16T11:55:58.443Z: Progress: 1,600,001 rows processed (72618 rows/sec)
2025-07-16T11:55:58.917Z: Processing chunk 32 with 50000 rows...
2025-07-16T11:55:59.106Z: Chunk 32 complete: 48567 valid, 1 invalid, 45079 unique
2025-07-16T11:55:59.106Z: Progress: 1,650,001 rows processed (72700 rows/sec)
2025-07-16T11:55:59.586Z: Processing chunk 33 with 50000 rows...
2025-07-16T11:55:59.814Z: Chunk 33 complete: 45783 valid, 0 invalid, 42296 unique
2025-07-16T11:55:59.814Z: Progress: 1,700,001 rows processed (72637 rows/sec)
2025-07-16T11:56:00.297Z: Processing chunk 34 with 50000 rows...
2025-07-16T11:56:00.487Z: Chunk 34 complete: 47297 valid, 0 invalid, 43999 unique
2025-07-16T11:56:00.487Z: Progress: 1,750,001 rows processed (72684 rows/sec)
2025-07-16T11:56:00.977Z: Processing chunk 35 with 50000 rows...
2025-07-16T11:56:01.168Z: Chunk 35 complete: 47218 valid, 0 invalid, 43028 unique
2025-07-16T11:56:01.168Z: Progress: 1,800,001 rows processed (72704 rows/sec)
2025-07-16T11:56:01.697Z: Processing chunk 36 with 50000 rows...
2025-07-16T11:56:01.886Z: Chunk 36 complete: 47224 valid, 0 invalid, 40998 unique
2025-07-16T11:56:01.886Z: Progress: 1,850,001 rows processed (72617 rows/sec)
2025-07-16T11:56:02.364Z: Processing chunk 37 with 50000 rows...
2025-07-16T11:56:02.560Z: Chunk 37 complete: 48512 valid, 0 invalid, 46793 unique
2025-07-16T11:56:02.561Z: Progress: 1,900,001 rows processed (72655 rows/sec)
2025-07-16T11:56:03.040Z: Processing chunk 38 with 50000 rows...
2025-07-16T11:56:03.237Z: Chunk 38 complete: 48618 valid, 0 invalid, 47384 unique
2025-07-16T11:56:03.238Z: Progress: 1,950,001 rows processed (72685 rows/sec)
2025-07-16T11:56:03.717Z: Processing chunk 39 with 50000 rows...
2025-07-16T11:56:03.911Z: Chunk 39 complete: 48629 valid, 0 invalid, 47402 unique
2025-07-16T11:56:03.911Z: Progress: 2,000,001 rows processed (72725 rows/sec)
2025-07-16T11:56:04.373Z: Processing chunk 40 with 50000 rows...
2025-07-16T11:56:04.566Z: Chunk 40 complete: 48493 valid, 0 invalid, 47276 unique
2025-07-16T11:56:04.567Z: Progress: 2,050,001 rows processed (72806 rows/sec)
2025-07-16T11:56:05.072Z: Processing chunk 41 with 50000 rows...
2025-07-16T11:56:05.270Z: Chunk 41 complete: 48549 valid, 0 invalid, 47361 unique
2025-07-16T11:56:05.270Z: Progress: 2,100,001 rows processed (72765 rows/sec)
2025-07-16T11:56:05.739Z: Processing chunk 42 with 50000 rows...
2025-07-16T11:56:05.935Z: Chunk 42 complete: 48610 valid, 0 invalid, 47356 unique
2025-07-16T11:56:05.936Z: Progress: 2,150,001 rows processed (72817 rows/sec)
2025-07-16T11:56:06.419Z: Processing chunk 43 with 50000 rows...
2025-07-16T11:56:06.619Z: Chunk 43 complete: 48979 valid, 0 invalid, 47344 unique
2025-07-16T11:56:06.619Z: Progress: 2,200,001 rows processed (72826 rows/sec)
2025-07-16T11:56:07.093Z: Processing chunk 44 with 50000 rows...
2025-07-16T11:56:07.282Z: Chunk 44 complete: 48291 valid, 0 invalid, 47074 unique
2025-07-16T11:56:07.282Z: Progress: 2,250,001 rows processed (72882 rows/sec)
2025-07-16T11:56:07.740Z: Processing chunk 45 with 50000 rows...
2025-07-16T11:56:07.928Z: Chunk 45 complete: 47080 valid, 0 invalid, 44557 unique
2025-07-16T11:56:07.928Z: Progress: 2,300,001 rows processed (72974 rows/sec)
2025-07-16T11:56:08.408Z: Processing chunk 46 with 50000 rows...
2025-07-16T11:56:08.593Z: Chunk 46 complete: 47378 valid, 0 invalid, 43276 unique
2025-07-16T11:56:08.594Z: Progress: 2,350,001 rows processed (73018 rows/sec)
2025-07-16T11:56:09.052Z: Processing chunk 47 with 50000 rows...
2025-07-16T11:56:09.243Z: Chunk 47 complete: 47914 valid, 0 invalid, 43242 unique
2025-07-16T11:56:09.243Z: Progress: 2,400,001 rows processed (73097 rows/sec)
2025-07-16T11:56:09.707Z: Processing chunk 48 with 50000 rows...
2025-07-16T11:56:09.893Z: Chunk 48 complete: 47206 valid, 0 invalid, 40736 unique
2025-07-16T11:56:09.893Z: Progress: 2,450,001 rows processed (73171 rows/sec)
2025-07-16T11:56:10.349Z: Processing chunk 49 with 50000 rows...
2025-07-16T11:56:10.536Z: Chunk 49 complete: 42085 valid, 0 invalid, 36076 unique
2025-07-16T11:56:10.536Z: Progress: 2,500,001 rows processed (73258 rows/sec)
2025-07-16T11:56:11.017Z: Processing chunk 50 with 50000 rows...
2025-07-16T11:56:11.202Z: Chunk 50 complete: 45348 valid, 0 invalid, 41341 unique
2025-07-16T11:56:11.203Z: Progress: 2,550,001 rows processed (73291 rows/sec)
2025-07-16T11:56:11.655Z: Processing chunk 51 with 50000 rows...
2025-07-16T11:56:11.846Z: Chunk 51 complete: 45620 valid, 0 invalid, 42088 unique
2025-07-16T11:56:11.846Z: Progress: 2,600,001 rows processed (73372 rows/sec)
2025-07-16T11:56:12.318Z: Processing chunk 52 with 50000 rows...
2025-07-16T11:56:12.521Z: Chunk 52 complete: 47451 valid, 0 invalid, 44377 unique
2025-07-16T11:56:12.521Z: Progress: 2,650,001 rows processed (73385 rows/sec)
2025-07-16T11:56:12.992Z: Processing chunk 53 with 50000 rows...
2025-07-16T11:56:13.178Z: Chunk 53 complete: 48226 valid, 0 invalid, 42947 unique
2025-07-16T11:56:13.178Z: Progress: 2,700,001 rows processed (73433 rows/sec)
2025-07-16T11:56:13.682Z: Processing chunk 54 with 50000 rows...
2025-07-16T11:56:13.872Z: Chunk 54 complete: 47098 valid, 0 invalid, 40671 unique
2025-07-16T11:56:13.872Z: Progress: 2,750,001 rows processed (73408 rows/sec)
2025-07-16T11:56:14.347Z: Processing chunk 55 with 50000 rows...
2025-07-16T11:56:14.544Z: Chunk 55 complete: 46179 valid, 0 invalid, 39905 unique
2025-07-16T11:56:14.544Z: Progress: 2,800,001 rows processed (73425 rows/sec)
2025-07-16T11:56:14.993Z: Processing chunk 56 with 50000 rows...
2025-07-16T11:56:15.179Z: Chunk 56 complete: 46892 valid, 0 invalid, 41423 unique
2025-07-16T11:56:15.179Z: Progress: 2,850,001 rows processed (73512 rows/sec)
2025-07-16T11:56:15.635Z: Processing chunk 57 with 50000 rows...
2025-07-16T11:56:15.829Z: Chunk 57 complete: 46021 valid, 0 invalid, 39567 unique
2025-07-16T11:56:15.829Z: Progress: 2,900,001 rows processed (73569 rows/sec)
2025-07-16T11:56:16.305Z: Processing chunk 58 with 50000 rows...
2025-07-16T11:56:16.485Z: Chunk 58 complete: 43640 valid, 0 invalid, 39165 unique
2025-07-16T11:56:16.486Z: Progress: 2,950,001 rows processed (73610 rows/sec)
2025-07-16T11:56:16.932Z: Processing chunk 59 with 50000 rows...
2025-07-16T11:56:17.117Z: Chunk 59 complete: 45368 valid, 0 invalid, 41490 unique
2025-07-16T11:56:17.117Z: Progress: 3,000,001 rows processed (73697 rows/sec)
2025-07-16T11:56:17.594Z: Processing chunk 60 with 50000 rows...
2025-07-16T11:56:17.786Z: Chunk 60 complete: 47020 valid, 0 invalid, 43158 unique
2025-07-16T11:56:17.786Z: Progress: 3,050,001 rows processed (73714 rows/sec)
2025-07-16T11:56:18.241Z: Processing chunk 61 with 50000 rows...
2025-07-16T11:56:18.435Z: Chunk 61 complete: 46900 valid, 0 invalid, 43402 unique
2025-07-16T11:56:18.435Z: Progress: 3,100,001 rows processed (73766 rows/sec)
2025-07-16T11:56:18.905Z: Processing chunk 62 with 50000 rows...
2025-07-16T11:56:19.098Z: Chunk 62 complete: 47916 valid, 0 invalid, 42964 unique
2025-07-16T11:56:19.098Z: Progress: 3,150,001 rows processed (73791 rows/sec)
2025-07-16T11:56:19.578Z: Processing chunk 63 with 50000 rows...
2025-07-16T11:56:19.771Z: Chunk 63 complete: 45541 valid, 0 invalid, 41867 unique
2025-07-16T11:56:19.772Z: Progress: 3,200,001 rows processed (73797 rows/sec)
2025-07-16T11:56:20.246Z: Processing chunk 64 with 50000 rows...
2025-07-16T11:56:20.432Z: Chunk 64 complete: 47672 valid, 0 invalid, 44763 unique
2025-07-16T11:56:20.432Z: Progress: 3,250,001 rows processed (73827 rows/sec)
2025-07-16T11:56:20.884Z: Processing chunk 65 with 50000 rows...
2025-07-16T11:56:21.076Z: Chunk 65 complete: 46749 valid, 0 invalid, 42772 unique
2025-07-16T11:56:21.077Z: Progress: 3,300,001 rows processed (73880 rows/sec)
2025-07-16T11:56:21.553Z: Processing chunk 66 with 50000 rows...
2025-07-16T11:56:21.742Z: Chunk 66 complete: 44696 valid, 0 invalid, 39984 unique
2025-07-16T11:56:21.742Z: Progress: 3,350,001 rows processed (73899 rows/sec)
2025-07-16T11:56:22.203Z: Processing chunk 67 with 50000 rows...
2025-07-16T11:56:22.415Z: Chunk 67 complete: 45340 valid, 0 invalid, 38668 unique
2025-07-16T11:56:22.415Z: Progress: 3,400,001 rows processed (73905 rows/sec)
2025-07-16T11:56:22.876Z: Processing chunk 68 with 50000 rows...
2025-07-16T11:56:23.065Z: Chunk 68 complete: 47661 valid, 0 invalid, 45533 unique
2025-07-16T11:56:23.065Z: Progress: 3,450,001 rows processed (73947 rows/sec)
2025-07-16T11:56:23.524Z: Processing chunk 69 with 50000 rows...
2025-07-16T11:56:23.723Z: Chunk 69 complete: 46686 valid, 0 invalid, 43774 unique
2025-07-16T11:56:23.724Z: Progress: 3,500,001 rows processed (73974 rows/sec)
2025-07-16T11:56:24.188Z: Processing chunk 70 with 50000 rows...
2025-07-16T11:56:24.386Z: Chunk 70 complete: 46629 valid, 0 invalid, 43735 unique
2025-07-16T11:56:24.386Z: Progress: 3,550,001 rows processed (73995 rows/sec)
2025-07-16T11:56:24.835Z: Processing chunk 71 with 50000 rows...
2025-07-16T11:56:25.025Z: Chunk 71 complete: 48479 valid, 0 invalid, 44200 unique
2025-07-16T11:56:25.026Z: Progress: 3,600,001 rows processed (74050 rows/sec)
2025-07-16T11:56:25.493Z: Processing chunk 72 with 50000 rows...
2025-07-16T11:56:25.690Z: Chunk 72 complete: 46264 valid, 0 invalid, 43631 unique
2025-07-16T11:56:25.691Z: Progress: 3,650,001 rows processed (74065 rows/sec)
2025-07-16T11:56:26.194Z: Processing chunk 73 with 50000 rows...
2025-07-16T11:56:26.384Z: Chunk 73 complete: 47589 valid, 0 invalid, 42547 unique
2025-07-16T11:56:26.384Z: Progress: 3,700,001 rows processed (74039 rows/sec)
2025-07-16T11:56:26.850Z: Processing chunk 74 with 50000 rows...
2025-07-16T11:56:27.042Z: Chunk 74 complete: 45698 valid, 0 invalid, 42202 unique
2025-07-16T11:56:27.042Z: Progress: 3,750,001 rows processed (74064 rows/sec)
2025-07-16T11:56:27.532Z: Processing chunk 75 with 50000 rows...
2025-07-16T11:56:27.729Z: Chunk 75 complete: 46292 valid, 0 invalid, 42290 unique
2025-07-16T11:56:27.729Z: Progress: 3,800,001 rows processed (74047 rows/sec)
2025-07-16T11:56:28.205Z: Processing chunk 76 with 50000 rows...
2025-07-16T11:56:28.390Z: Chunk 76 complete: 45126 valid, 0 invalid, 41003 unique
2025-07-16T11:56:28.390Z: Progress: 3,850,001 rows processed (74067 rows/sec)
2025-07-16T11:56:28.844Z: Processing chunk 77 with 50000 rows...
2025-07-16T11:56:29.028Z: Chunk 77 complete: 45663 valid, 0 invalid, 37714 unique
2025-07-16T11:56:29.028Z: Progress: 3,900,001 rows processed (74119 rows/sec)
2025-07-16T11:56:29.509Z: Processing chunk 78 with 50000 rows...
2025-07-16T11:56:29.691Z: Chunk 78 complete: 45593 valid, 0 invalid, 38289 unique
2025-07-16T11:56:29.691Z: Progress: 3,950,001 rows processed (74135 rows/sec)
2025-07-16T11:56:30.162Z: Processing chunk 79 with 50000 rows...
2025-07-16T11:56:30.389Z: Chunk 79 complete: 44905 valid, 0 invalid, 40806 unique
2025-07-16T11:56:30.390Z: Progress: 4,000,001 rows processed (74102 rows/sec)
2025-07-16T11:56:30.896Z: Processing chunk 80 with 50000 rows...
2025-07-16T11:56:31.088Z: Chunk 80 complete: 46969 valid, 0 invalid, 44076 unique
2025-07-16T11:56:31.088Z: Progress: 4,050,001 rows processed (74070 rows/sec)
2025-07-16T11:56:31.569Z: Processing chunk 81 with 50000 rows...
2025-07-16T11:56:31.760Z: Chunk 81 complete: 48365 valid, 0 invalid, 43748 unique
2025-07-16T11:56:31.760Z: Progress: 4,100,001 rows processed (74074 rows/sec)
2025-07-16T11:56:32.280Z: Processing chunk 82 with 50000 rows...
2025-07-16T11:56:32.470Z: Chunk 82 complete: 45782 valid, 0 invalid, 40921 unique
2025-07-16T11:56:32.471Z: Progress: 4,150,001 rows processed (74027 rows/sec)
2025-07-16T11:56:32.940Z: Processing chunk 83 with 50000 rows...
2025-07-16T11:56:33.133Z: Chunk 83 complete: 47232 valid, 0 invalid, 44827 unique
2025-07-16T11:56:33.133Z: Progress: 4,200,001 rows processed (74044 rows/sec)
2025-07-16T11:56:33.618Z: Processing chunk 84 with 50000 rows...
2025-07-16T11:56:33.806Z: Chunk 84 complete: 47280 valid, 0 invalid, 40343 unique
2025-07-16T11:56:33.806Z: Progress: 4,250,001 rows processed (74047 rows/sec)
2025-07-16T11:56:34.289Z: Processing chunk 85 with 50000 rows...
2025-07-16T11:56:34.476Z: Chunk 85 complete: 44551 valid, 0 invalid, 40310 unique
2025-07-16T11:56:34.476Z: Progress: 4,300,001 rows processed (74054 rows/sec)
2025-07-16T11:56:34.948Z: Processing chunk 86 with 50000 rows...
2025-07-16T11:56:35.152Z: Chunk 86 complete: 46946 valid, 0 invalid, 43453 unique
2025-07-16T11:56:35.152Z: Progress: 4,350,001 rows processed (74053 rows/sec)
2025-07-16T11:56:35.611Z: Processing chunk 87 with 50000 rows...
2025-07-16T11:56:35.803Z: Chunk 87 complete: 47537 valid, 0 invalid, 43868 unique
2025-07-16T11:56:35.803Z: Progress: 4,400,001 rows processed (74083 rows/sec)
2025-07-16T11:56:36.277Z: Processing chunk 88 with 50000 rows...
2025-07-16T11:56:36.468Z: Chunk 88 complete: 48281 valid, 0 invalid, 43567 unique
2025-07-16T11:56:36.468Z: Progress: 4,450,001 rows processed (74095 rows/sec)
2025-07-16T11:56:36.936Z: Processing chunk 89 with 50000 rows...
2025-07-16T11:56:37.132Z: Chunk 89 complete: 46841 valid, 0 invalid, 44283 unique
2025-07-16T11:56:37.133Z: Progress: 4,500,001 rows processed (74107 rows/sec)
2025-07-16T11:56:37.585Z: Processing chunk 90 with 50000 rows...
2025-07-16T11:56:37.783Z: Chunk 90 complete: 47041 valid, 0 invalid, 44333 unique
2025-07-16T11:56:37.783Z: Progress: 4,550,001 rows processed (74137 rows/sec)
2025-07-16T11:56:38.255Z: Processing chunk 91 with 50000 rows...
2025-07-16T11:56:38.450Z: Chunk 91 complete: 47216 valid, 0 invalid, 44856 unique
2025-07-16T11:56:38.450Z: Progress: 4,600,001 rows processed (74146 rows/sec)
2025-07-16T11:56:38.932Z: Processing chunk 92 with 50000 rows...
2025-07-16T11:56:39.135Z: Chunk 92 complete: 47231 valid, 0 invalid, 42917 unique
2025-07-16T11:56:39.135Z: Progress: 4,650,001 rows processed (74133 rows/sec)
2025-07-16T11:56:39.641Z: Processing chunk 93 with 50000 rows...
2025-07-16T11:56:39.829Z: Chunk 93 complete: 47847 valid, 0 invalid, 42509 unique
2025-07-16T11:56:39.829Z: Progress: 4,700,001 rows processed (74110 rows/sec)
2025-07-16T11:56:40.312Z: Processing chunk 94 with 50000 rows...
2025-07-16T11:56:40.501Z: Chunk 94 complete: 46044 valid, 0 invalid, 38838 unique
2025-07-16T11:56:40.501Z: Progress: 4,750,001 rows processed (74113 rows/sec)
2025-07-16T11:56:41.002Z: Processing chunk 95 with 50000 rows...
2025-07-16T11:56:41.202Z: Chunk 95 complete: 47373 valid, 0 invalid, 45239 unique
2025-07-16T11:56:41.202Z: Progress: 4,800,001 rows processed (74083 rows/sec)
2025-07-16T11:56:41.661Z: Processing chunk 96 with 50000 rows...
2025-07-16T11:56:41.862Z: Chunk 96 complete: 47335 valid, 0 invalid, 45212 unique
2025-07-16T11:56:41.862Z: Progress: 4,850,001 rows processed (74100 rows/sec)
2025-07-16T11:56:42.344Z: Processing chunk 97 with 50000 rows...
2025-07-16T11:56:42.537Z: Chunk 97 complete: 48601 valid, 0 invalid, 45132 unique
2025-07-16T11:56:42.538Z: Progress: 4,900,001 rows processed (74099 rows/sec)
2025-07-16T11:56:42.985Z: Processing chunk 98 with 50000 rows...
2025-07-16T11:56:43.209Z: Chunk 98 complete: 47880 valid, 0 invalid, 45953 unique
2025-07-16T11:56:43.209Z: Progress: 4,950,001 rows processed (74103 rows/sec)
2025-07-16T11:56:43.679Z: Processing chunk 99 with 50000 rows...
2025-07-16T11:56:43.876Z: Chunk 99 complete: 45097 valid, 0 invalid, 41222 unique
2025-07-16T11:56:43.876Z: Progress: 5,000,001 rows processed (74111 rows/sec)
2025-07-16T11:56:44.351Z: Processing chunk 100 with 50000 rows...
2025-07-16T11:56:44.556Z: Chunk 100 complete: 47288 valid, 0 invalid, 44112 unique
2025-07-16T11:56:44.556Z: Progress: 5,050,001 rows processed (74106 rows/sec)
2025-07-16T11:56:45.083Z: Processing chunk 101 with 50000 rows...
2025-07-16T11:56:45.271Z: Chunk 101 complete: 45559 valid, 0 invalid, 41179 unique
2025-07-16T11:56:45.271Z: Progress: 5,100,001 rows processed (74062 rows/sec)
2025-07-16T11:56:45.772Z: Processing chunk 102 with 50000 rows...
2025-07-16T11:56:45.964Z: Chunk 102 complete: 45494 valid, 0 invalid, 41808 unique
2025-07-16T11:56:45.964Z: Progress: 5,150,001 rows processed (74043 rows/sec)
2025-07-16T11:56:46.462Z: Processing chunk 103 with 50000 rows...
2025-07-16T11:56:46.703Z: Chunk 103 complete: 47776 valid, 0 invalid, 43556 unique
2025-07-16T11:56:46.703Z: Progress: 5,200,001 rows processed (73976 rows/sec)
2025-07-16T11:56:47.270Z: Processing chunk 104 with 50000 rows...
2025-07-16T11:56:47.478Z: Chunk 104 complete: 46791 valid, 0 invalid, 39828 unique
2025-07-16T11:56:47.479Z: Progress: 5,250,001 rows processed (73872 rows/sec)
2025-07-16T11:56:47.962Z: Processing chunk 105 with 50000 rows...
2025-07-16T11:56:48.161Z: Chunk 105 complete: 47796 valid, 0 invalid, 45882 unique
2025-07-16T11:56:48.161Z: Progress: 5,300,001 rows processed (73867 rows/sec)
2025-07-16T11:56:48.699Z: Processing chunk 106 with 50000 rows...
2025-07-16T11:56:48.897Z: Chunk 106 complete: 47786 valid, 0 invalid, 45877 unique
2025-07-16T11:56:48.897Z: Progress: 5,350,001 rows processed (73806 rows/sec)
2025-07-16T11:56:49.375Z: Processing chunk 107 with 50000 rows...
2025-07-16T11:56:49.571Z: Chunk 107 complete: 48951 valid, 0 invalid, 45895 unique
2025-07-16T11:56:49.571Z: Progress: 5,400,001 rows processed (73810 rows/sec)
2025-07-16T11:56:50.043Z: Processing chunk 108 with 50000 rows...
2025-07-16T11:56:50.230Z: Chunk 108 complete: 46212 valid, 0 invalid, 42769 unique
2025-07-16T11:56:50.230Z: Progress: 5,450,001 rows processed (73828 rows/sec)
2025-07-16T11:56:50.688Z: Processing chunk 109 with 50000 rows...
2025-07-16T11:56:50.884Z: Chunk 109 complete: 48016 valid, 0 invalid, 45801 unique
2025-07-16T11:56:50.884Z: Progress: 5,500,001 rows processed (73851 rows/sec)
2025-07-16T11:56:51.370Z: Processing chunk 110 with 50000 rows...
2025-07-16T11:56:51.568Z: Chunk 110 complete: 47352 valid, 0 invalid, 44992 unique
2025-07-16T11:56:51.568Z: Progress: 5,550,001 rows processed (73844 rows/sec)
2025-07-16T11:56:52.023Z: Processing chunk 111 with 50000 rows...
2025-07-16T11:56:52.231Z: Chunk 111 complete: 47251 valid, 0 invalid, 44916 unique
2025-07-16T11:56:52.232Z: Progress: 5,600,001 rows processed (73857 rows/sec)
2025-07-16T11:56:52.701Z: Processing chunk 112 with 50000 rows...
2025-07-16T11:56:52.886Z: Chunk 112 complete: 48233 valid, 0 invalid, 46535 unique
2025-07-16T11:56:52.886Z: Progress: 5,650,001 rows processed (73879 rows/sec)
2025-07-16T11:56:53.340Z: Processing chunk 113 with 50000 rows...
2025-07-16T11:56:53.543Z: Chunk 113 complete: 47594 valid, 0 invalid, 45740 unique
2025-07-16T11:56:53.543Z: Progress: 5,700,001 rows processed (73898 rows/sec)
2025-07-16T11:56:54.017Z: Processing chunk 114 with 50000 rows...
2025-07-16T11:56:54.218Z: Chunk 114 complete: 47440 valid, 0 invalid, 45222 unique
2025-07-16T11:56:54.218Z: Progress: 5,750,001 rows processed (73900 rows/sec)
2025-07-16T11:56:54.691Z: Processing chunk 115 with 50000 rows...
2025-07-16T11:56:54.903Z: Chunk 115 complete: 47448 valid, 0 invalid, 45173 unique
2025-07-16T11:56:54.903Z: Progress: 5,800,001 rows processed (73892 rows/sec)
2025-07-16T11:56:55.359Z: Processing chunk 116 with 50000 rows...
2025-07-16T11:56:55.549Z: Chunk 116 complete: 49134 valid, 0 invalid, 47933 unique
2025-07-16T11:56:55.549Z: Progress: 5,850,001 rows processed (73921 rows/sec)
2025-07-16T11:56:56.014Z: Processing chunk 117 with 50000 rows...
2025-07-16T11:56:56.206Z: Chunk 117 complete: 44982 valid, 0 invalid, 40778 unique
2025-07-16T11:56:56.207Z: Progress: 5,900,001 rows processed (73938 rows/sec)
2025-07-16T11:56:56.695Z: Processing chunk 118 with 50000 rows...
2025-07-16T11:56:56.880Z: Chunk 118 complete: 45255 valid, 0 invalid, 40946 unique
2025-07-16T11:56:56.880Z: Progress: 5,950,001 rows processed (73941 rows/sec)
2025-07-16T11:56:57.331Z: Processing chunk 119 with 50000 rows...
2025-07-16T11:56:57.561Z: Chunk 119 complete: 46746 valid, 0 invalid, 42431 unique
2025-07-16T11:56:57.561Z: Progress: 6,000,001 rows processed (73936 rows/sec)
2025-07-16T11:56:58.043Z: Processing chunk 120 with 50000 rows...
2025-07-16T11:56:58.232Z: Chunk 120 complete: 48536 valid, 0 invalid, 45384 unique
2025-07-16T11:56:58.232Z: Progress: 6,050,001 rows processed (73941 rows/sec)
2025-07-16T11:56:58.708Z: Processing chunk 121 with 50000 rows...
2025-07-16T11:56:58.905Z: Chunk 121 complete: 46885 valid, 0 invalid, 44241 unique
2025-07-16T11:56:58.905Z: Progress: 6,100,001 rows processed (73944 rows/sec)
2025-07-16T11:56:59.388Z: Processing chunk 122 with 50000 rows...
2025-07-16T11:56:59.599Z: Chunk 122 complete: 48623 valid, 0 invalid, 44589 unique
2025-07-16T11:56:59.600Z: Progress: 6,150,001 rows processed (73927 rows/sec)
2025-07-16T11:57:00.101Z: Processing chunk 123 with 50000 rows...
2025-07-16T11:57:00.298Z: Chunk 123 complete: 45088 valid, 0 invalid, 41375 unique
2025-07-16T11:57:00.298Z: Progress: 6,200,001 rows processed (73908 rows/sec)
2025-07-16T11:57:00.789Z: Processing chunk 124 with 50000 rows...
2025-07-16T11:57:00.984Z: Chunk 124 complete: 45706 valid, 0 invalid, 38790 unique
2025-07-16T11:57:00.984Z: Progress: 6,250,001 rows processed (73900 rows/sec)
2025-07-16T11:57:01.470Z: Processing chunk 125 with 50000 rows...
2025-07-16T11:57:01.659Z: Chunk 125 complete: 43689 valid, 0 invalid, 38560 unique
2025-07-16T11:57:01.659Z: Progress: 6,300,001 rows processed (73901 rows/sec)
2025-07-16T11:57:02.148Z: Processing chunk 126 with 50000 rows...
2025-07-16T11:57:02.400Z: Chunk 126 complete: 47733 valid, 0 invalid, 45635 unique
2025-07-16T11:57:02.400Z: Progress: 6,350,001 rows processed (73846 rows/sec)
2025-07-16T11:57:02.890Z: Processing chunk 127 with 50000 rows...
2025-07-16T11:57:03.089Z: Chunk 127 complete: 47327 valid, 0 invalid, 42703 unique
2025-07-16T11:57:03.089Z: Progress: 6,400,001 rows processed (73836 rows/sec)
2025-07-16T11:57:03.555Z: Processing chunk 128 with 50000 rows...
2025-07-16T11:57:03.743Z: Chunk 128 complete: 45412 valid, 0 invalid, 41297 unique
2025-07-16T11:57:03.743Z: Progress: 6,450,001 rows processed (73855 rows/sec)
2025-07-16T11:57:04.241Z: Processing chunk 129 with 50000 rows...
2025-07-16T11:57:04.472Z: Chunk 129 complete: 46788 valid, 0 invalid, 41702 unique
2025-07-16T11:57:04.472Z: Progress: 6,500,001 rows processed (73812 rows/sec)
2025-07-16T11:57:04.921Z: Processing chunk 130 with 50000 rows...
2025-07-16T11:57:05.116Z: Chunk 130 complete: 47217 valid, 0 invalid, 41977 unique
2025-07-16T11:57:05.116Z: Progress: 6,550,001 rows processed (73839 rows/sec)
2025-07-16T11:57:05.596Z: Processing chunk 131 with 50000 rows...
2025-07-16T11:57:05.798Z: Chunk 131 complete: 46540 valid, 0 invalid, 43649 unique
2025-07-16T11:57:05.798Z: Progress: 6,600,001 rows processed (73835 rows/sec)
2025-07-16T11:57:06.316Z: Processing chunk 132 with 50000 rows...
2025-07-16T11:57:06.512Z: Chunk 132 complete: 47156 valid, 0 invalid, 41218 unique
2025-07-16T11:57:06.512Z: Progress: 6,650,001 rows processed (73805 rows/sec)
2025-07-16T11:57:06.983Z: Processing chunk 133 with 50000 rows...
2025-07-16T11:57:07.181Z: Chunk 133 complete: 45034 valid, 0 invalid, 41212 unique
2025-07-16T11:57:07.181Z: Progress: 6,700,001 rows processed (73812 rows/sec)
2025-07-16T11:57:07.667Z: Processing chunk 134 with 50000 rows...
2025-07-16T11:57:07.859Z: Chunk 134 complete: 48692 valid, 0 invalid, 44455 unique
2025-07-16T11:57:07.859Z: Progress: 6,750,001 rows processed (73812 rows/sec)
2025-07-16T11:57:08.324Z: Processing chunk 135 with 50000 rows...
2025-07-16T11:57:08.522Z: Chunk 135 complete: 45748 valid, 0 invalid, 42209 unique
2025-07-16T11:57:08.522Z: Progress: 6,800,001 rows processed (73823 rows/sec)
2025-07-16T11:57:08.998Z: Processing chunk 136 with 50000 rows...
2025-07-16T11:57:09.189Z: Chunk 136 complete: 48728 valid, 0 invalid, 44046 unique
2025-07-16T11:57:09.189Z: Progress: 6,850,001 rows processed (73831 rows/sec)
2025-07-16T11:57:09.650Z: Processing chunk 137 with 50000 rows...
2025-07-16T11:57:09.840Z: Chunk 137 complete: 47364 valid, 0 invalid, 42575 unique
2025-07-16T11:57:09.840Z: Progress: 6,900,001 rows processed (73852 rows/sec)
2025-07-16T11:57:10.325Z: Processing chunk 138 with 50000 rows...
2025-07-16T11:57:10.521Z: Chunk 138 complete: 45289 valid, 0 invalid, 41601 unique
2025-07-16T11:57:10.521Z: Progress: 6,950,001 rows processed (73849 rows/sec)
2025-07-16T11:57:11.025Z: Processing chunk 139 with 50000 rows...
2025-07-16T11:57:11.214Z: Chunk 139 complete: 47445 valid, 0 invalid, 44576 unique
2025-07-16T11:57:11.214Z: Progress: 7,000,001 rows processed (73837 rows/sec)
2025-07-16T11:57:11.701Z: Processing chunk 140 with 50000 rows...
2025-07-16T11:57:11.890Z: Chunk 140 complete: 46985 valid, 0 invalid, 42448 unique
2025-07-16T11:57:11.891Z: Progress: 7,050,001 rows processed (73837 rows/sec)
2025-07-16T11:57:12.383Z: Processing chunk 141 with 50000 rows...
2025-07-16T11:57:12.587Z: Chunk 141 complete: 46871 valid, 0 invalid, 44068 unique
2025-07-16T11:57:12.587Z: Progress: 7,100,001 rows processed (73822 rows/sec)
2025-07-16T11:57:13.078Z: Processing chunk 142 with 50000 rows...
2025-07-16T11:57:13.281Z: Chunk 142 complete: 47638 valid, 0 invalid, 42177 unique
2025-07-16T11:57:13.281Z: Progress: 7,150,001 rows processed (73810 rows/sec)
2025-07-16T11:57:13.757Z: Processing chunk 143 with 50000 rows...
2025-07-16T11:57:13.957Z: Chunk 143 complete: 47755 valid, 0 invalid, 45919 unique
2025-07-16T11:57:13.957Z: Progress: 7,200,001 rows processed (73811 rows/sec)
2025-07-16T11:57:14.466Z: Processing chunk 144 with 50000 rows...
2025-07-16T11:57:14.681Z: Chunk 144 complete: 47238 valid, 0 invalid, 45087 unique
2025-07-16T11:57:14.681Z: Progress: 7,250,001 rows processed (73776 rows/sec)
2025-07-16T11:57:15.189Z: Processing chunk 145 with 50000 rows...
2025-07-16T11:57:15.387Z: Chunk 145 complete: 48373 valid, 0 invalid, 44839 unique
2025-07-16T11:57:15.387Z: Progress: 7,300,001 rows processed (73755 rows/sec)
2025-07-16T11:57:15.852Z: Processing chunk 146 with 50000 rows...
2025-07-16T11:57:16.040Z: Chunk 146 complete: 48117 valid, 0 invalid, 46511 unique
2025-07-16T11:57:16.040Z: Progress: 7,350,001 rows processed (73773 rows/sec)
2025-07-16T11:57:16.513Z: Processing chunk 147 with 50000 rows...
2025-07-16T11:57:16.705Z: Chunk 147 complete: 47474 valid, 0 invalid, 42513 unique
2025-07-16T11:57:16.705Z: Progress: 7,400,001 rows processed (73782 rows/sec)
2025-07-16T11:57:17.178Z: Processing chunk 148 with 50000 rows...
2025-07-16T11:57:17.375Z: Chunk 148 complete: 45595 valid, 0 invalid, 40312 unique
2025-07-16T11:57:17.375Z: Progress: 7,450,001 rows processed (73788 rows/sec)
2025-07-16T11:57:17.836Z: Processing chunk 149 with 50000 rows...
2025-07-16T11:57:18.025Z: Chunk 149 complete: 46157 valid, 0 invalid, 41479 unique
2025-07-16T11:57:18.025Z: Progress: 7,500,001 rows processed (73808 rows/sec)
2025-07-16T11:57:18.529Z: Processing chunk 150 with 50000 rows...
2025-07-16T11:57:18.729Z: Chunk 150 complete: 44941 valid, 0 invalid, 39182 unique
2025-07-16T11:57:18.729Z: Progress: 7,550,001 rows processed (73789 rows/sec)
2025-07-16T11:57:19.233Z: Processing chunk 151 with 50000 rows...
2025-07-16T11:57:19.433Z: Chunk 151 complete: 44699 valid, 0 invalid, 40287 unique
2025-07-16T11:57:19.434Z: Progress: 7,600,001 rows processed (73769 rows/sec)
2025-07-16T11:57:19.910Z: Processing chunk 152 with 50000 rows...
2025-07-16T11:57:20.103Z: Chunk 152 complete: 46729 valid, 0 invalid, 43648 unique
2025-07-16T11:57:20.104Z: Progress: 7,650,001 rows processed (73775 rows/sec)
2025-07-16T11:57:20.591Z: Processing chunk 153 with 50000 rows...
2025-07-16T11:57:20.776Z: Chunk 153 complete: 45827 valid, 0 invalid, 38604 unique
2025-07-16T11:57:20.776Z: Progress: 7,700,001 rows processed (73779 rows/sec)
2025-07-16T11:57:21.228Z: Processing chunk 154 with 50000 rows...
2025-07-16T11:57:21.437Z: Chunk 154 complete: 46521 valid, 0 invalid, 43637 unique
2025-07-16T11:57:21.437Z: Progress: 7,750,001 rows processed (73791 rows/sec)
2025-07-16T11:57:21.910Z: Processing chunk 155 with 50000 rows...
2025-07-16T11:57:22.102Z: Chunk 155 complete: 46653 valid, 0 invalid, 43317 unique
2025-07-16T11:57:22.102Z: Progress: 7,800,001 rows processed (73799 rows/sec)
2025-07-16T11:57:22.560Z: Processing chunk 156 with 50000 rows...
2025-07-16T11:57:22.743Z: Chunk 156 complete: 47316 valid, 0 invalid, 42657 unique
2025-07-16T11:57:22.744Z: Progress: 7,850,001 rows processed (73824 rows/sec)
2025-07-16T11:57:23.237Z: Processing chunk 157 with 50000 rows...
2025-07-16T11:57:23.436Z: Chunk 157 complete: 45236 valid, 0 invalid, 37078 unique
2025-07-16T11:57:23.436Z: Progress: 7,900,001 rows processed (73814 rows/sec)
2025-07-16T11:57:23.904Z: Processing chunk 158 with 50000 rows...
2025-07-16T11:57:24.090Z: Chunk 158 complete: 44077 valid, 0 invalid, 36786 unique
2025-07-16T11:57:24.090Z: Progress: 7,950,001 rows processed (73830 rows/sec)
2025-07-16T11:57:24.589Z: Processing chunk 159 with 50000 rows...
2025-07-16T11:57:24.788Z: Chunk 159 complete: 45225 valid, 0 invalid, 40714 unique
2025-07-16T11:57:24.788Z: Progress: 8,000,001 rows processed (73816 rows/sec)
2025-07-16T11:57:25.319Z: Processing chunk 160 with 50000 rows...
2025-07-16T11:57:25.504Z: Chunk 160 complete: 46555 valid, 0 invalid, 41209 unique
2025-07-16T11:57:25.504Z: Progress: 8,050,001 rows processed (73790 rows/sec)
2025-07-16T11:57:25.984Z: Processing chunk 161 with 50000 rows...
2025-07-16T11:57:26.178Z: Chunk 161 complete: 46483 valid, 0 invalid, 43463 unique
2025-07-16T11:57:26.178Z: Progress: 8,100,001 rows processed (73792 rows/sec)
2025-07-16T11:57:26.680Z: Processing chunk 162 with 50000 rows...
2025-07-16T11:57:26.869Z: Chunk 162 complete: 47300 valid, 0 invalid, 42296 unique
2025-07-16T11:57:26.870Z: Progress: 8,150,001 rows processed (73782 rows/sec)
2025-07-16T11:57:27.336Z: Processing chunk 163 with 50000 rows...
2025-07-16T11:57:27.526Z: Chunk 163 complete: 46153 valid, 0 invalid, 42832 unique
2025-07-16T11:57:27.526Z: Progress: 8,200,001 rows processed (73797 rows/sec)
2025-07-16T11:57:28.030Z: Processing chunk 164 with 50000 rows...
2025-07-16T11:57:28.214Z: Chunk 164 complete: 46195 valid, 0 invalid, 40472 unique
2025-07-16T11:57:28.214Z: Progress: 8,250,001 rows processed (73790 rows/sec)
2025-07-16T11:57:28.684Z: Processing chunk 165 with 50000 rows...
2025-07-16T11:57:28.906Z: Chunk 165 complete: 45304 valid, 0 invalid, 38059 unique
2025-07-16T11:57:28.906Z: Progress: 8,300,001 rows processed (73780 rows/sec)
2025-07-16T11:57:29.404Z: Processing chunk 166 with 50000 rows...
2025-07-16T11:57:29.608Z: Chunk 166 complete: 46595 valid, 0 invalid, 43712 unique
2025-07-16T11:57:29.608Z: Progress: 8,350,001 rows processed (73765 rows/sec)
2025-07-16T11:57:30.106Z: Processing chunk 167 with 50000 rows...
2025-07-16T11:57:30.297Z: Chunk 167 complete: 48055 valid, 0 invalid, 46295 unique
2025-07-16T11:57:30.298Z: Progress: 8,400,001 rows processed (73757 rows/sec)
2025-07-16T11:57:30.734Z: Processing chunk 168 with 50000 rows...
2025-07-16T11:57:30.932Z: Chunk 168 complete: 46516 valid, 0 invalid, 43595 unique
2025-07-16T11:57:30.932Z: Progress: 8,450,001 rows processed (73785 rows/sec)
2025-07-16T11:57:31.410Z: Processing chunk 169 with 50000 rows...
2025-07-16T11:57:31.611Z: Chunk 169 complete: 48929 valid, 0 invalid, 44353 unique
2025-07-16T11:57:31.612Z: Progress: 8,500,001 rows processed (73783 rows/sec)
2025-07-16T11:57:32.060Z: Processing chunk 170 with 50000 rows...
2025-07-16T11:57:32.246Z: Chunk 170 complete: 46369 valid, 0 invalid, 38931 unique
2025-07-16T11:57:32.246Z: Progress: 8,550,001 rows processed (73811 rows/sec)
2025-07-16T11:57:32.702Z: Processing chunk 171 with 50000 rows...
2025-07-16T11:57:32.900Z: Chunk 171 complete: 44738 valid, 0 invalid, 40431 unique
2025-07-16T11:57:32.900Z: Progress: 8,600,001 rows processed (73826 rows/sec)
2025-07-16T11:57:33.387Z: Processing chunk 172 with 50000 rows...
2025-07-16T11:57:33.574Z: Chunk 172 complete: 48598 valid, 0 invalid, 46526 unique
2025-07-16T11:57:33.574Z: Progress: 8,650,001 rows processed (73828 rows/sec)
2025-07-16T11:57:34.024Z: Processing chunk 173 with 50000 rows...
2025-07-16T11:57:34.221Z: Chunk 173 complete: 47012 valid, 0 invalid, 44518 unique
2025-07-16T11:57:34.222Z: Progress: 8,700,001 rows processed (73846 rows/sec)
2025-07-16T11:57:34.692Z: Processing chunk 174 with 50000 rows...
2025-07-16T11:57:34.886Z: Chunk 174 complete: 48143 valid, 0 invalid, 44266 unique
2025-07-16T11:57:34.886Z: Progress: 8,750,001 rows processed (73855 rows/sec)
2025-07-16T11:57:35.348Z: Processing chunk 175 with 50000 rows...
2025-07-16T11:57:35.534Z: Chunk 175 complete: 46595 valid, 0 invalid, 43728 unique
2025-07-16T11:57:35.535Z: Progress: 8,800,001 rows processed (73872 rows/sec)
2025-07-16T11:57:36.031Z: Processing chunk 176 with 50000 rows...
2025-07-16T11:57:36.215Z: Chunk 176 complete: 49124 valid, 0 invalid, 47507 unique
2025-07-16T11:57:36.215Z: Progress: 8,850,001 rows processed (73870 rows/sec)
2025-07-16T11:57:36.675Z: Processing chunk 177 with 50000 rows...
2025-07-16T11:57:36.900Z: Chunk 177 complete: 48970 valid, 0 invalid, 47767 unique
2025-07-16T11:57:36.900Z: Progress: 8,900,001 rows processed (73865 rows/sec)
2025-07-16T11:57:37.373Z: Processing chunk 178 with 50000 rows...
2025-07-16T11:57:37.564Z: Chunk 178 complete: 44353 valid, 0 invalid, 40234 unique
2025-07-16T11:57:37.565Z: Progress: 8,950,001 rows processed (73872 rows/sec)
2025-07-16T11:57:38.044Z: Processing chunk 179 with 50000 rows...
2025-07-16T11:57:38.233Z: Chunk 179 complete: 47951 valid, 0 invalid, 43191 unique
2025-07-16T11:57:38.233Z: Progress: 9,000,001 rows processed (73878 rows/sec)
2025-07-16T11:57:38.717Z: Processing chunk 180 with 50000 rows...
2025-07-16T11:57:38.898Z: Chunk 180 complete: 45710 valid, 0 invalid, 39636 unique
2025-07-16T11:57:38.898Z: Progress: 9,050,001 rows processed (73885 rows/sec)
2025-07-16T11:57:39.381Z: Processing chunk 181 with 50000 rows...
2025-07-16T11:57:39.580Z: Chunk 181 complete: 48741 valid, 0 invalid, 46676 unique
2025-07-16T11:57:39.580Z: Progress: 9,100,001 rows processed (73882 rows/sec)
2025-07-16T11:57:40.058Z: Processing chunk 182 with 50000 rows...
2025-07-16T11:57:40.260Z: Chunk 182 complete: 47986 valid, 0 invalid, 46294 unique
2025-07-16T11:57:40.261Z: Progress: 9,150,001 rows processed (73879 rows/sec)
2025-07-16T11:57:40.742Z: Processing chunk 183 with 50000 rows...
2025-07-16T11:57:40.986Z: Chunk 183 complete: 48237 valid, 0 invalid, 46678 unique
2025-07-16T11:57:40.986Z: Progress: 9,200,001 rows processed (73851 rows/sec)
2025-07-16T11:57:41.458Z: Processing chunk 184 with 50000 rows...
2025-07-16T11:57:41.655Z: Chunk 184 complete: 48562 valid, 0 invalid, 46541 unique
2025-07-16T11:57:41.656Z: Progress: 9,250,001 rows processed (73855 rows/sec)
2025-07-16T11:57:42.134Z: Processing chunk 185 with 50000 rows...
2025-07-16T11:57:42.327Z: Chunk 185 complete: 49210 valid, 0 invalid, 47989 unique
2025-07-16T11:57:42.327Z: Progress: 9,300,001 rows processed (73858 rows/sec)
2025-07-16T11:57:42.828Z: Processing chunk 186 with 50000 rows...
2025-07-16T11:57:43.056Z: Chunk 186 complete: 46256 valid, 0 invalid, 38380 unique
2025-07-16T11:57:43.056Z: Progress: 9,350,001 rows processed (73828 rows/sec)
2025-07-16T11:57:43.535Z: Processing chunk 187 with 50000 rows...
2025-07-16T11:57:43.734Z: Chunk 187 complete: 47437 valid, 0 invalid, 45254 unique
2025-07-16T11:57:43.734Z: Progress: 9,400,001 rows processed (73827 rows/sec)
2025-07-16T11:57:44.225Z: Processing chunk 188 with 50000 rows...
2025-07-16T11:57:44.423Z: Chunk 188 complete: 47656 valid, 0 invalid, 44957 unique
2025-07-16T11:57:44.423Z: Progress: 9,450,001 rows processed (73821 rows/sec)
2025-07-16T11:57:44.967Z: Processing chunk 189 with 50000 rows...
2025-07-16T11:57:45.156Z: Chunk 189 complete: 48001 valid, 0 invalid, 43739 unique
2025-07-16T11:57:45.156Z: Progress: 9,500,001 rows processed (73789 rows/sec)
2025-07-16T11:57:45.651Z: Processing chunk 190 with 50000 rows...
2025-07-16T11:57:45.860Z: Chunk 190 complete: 45741 valid, 0 invalid, 41956 unique
2025-07-16T11:57:45.860Z: Progress: 9,550,001 rows processed (73774 rows/sec)
2025-07-16T11:57:46.337Z: Processing chunk 191 with 50000 rows...
2025-07-16T11:57:46.528Z: Chunk 191 complete: 48742 valid, 0 invalid, 45132 unique
2025-07-16T11:57:46.528Z: Progress: 9,600,001 rows processed (73779 rows/sec)
2025-07-16T11:57:47.021Z: Processing chunk 192 with 50000 rows...
2025-07-16T11:57:47.209Z: Chunk 192 complete: 46712 valid, 0 invalid, 43851 unique
2025-07-16T11:57:47.209Z: Progress: 9,650,001 rows processed (73777 rows/sec)
2025-07-16T11:57:47.700Z: Processing chunk 193 with 50000 rows...
2025-07-16T11:57:47.896Z: Chunk 193 complete: 47367 valid, 0 invalid, 43602 unique
2025-07-16T11:57:47.896Z: Progress: 9,700,001 rows processed (73772 rows/sec)
2025-07-16T11:57:48.375Z: Processing chunk 194 with 50000 rows...
2025-07-16T11:57:48.560Z: Chunk 194 complete: 47919 valid, 0 invalid, 44951 unique
2025-07-16T11:57:48.561Z: Progress: 9,750,001 rows processed (73779 rows/sec)
2025-07-16T11:57:49.046Z: Processing chunk 195 with 50000 rows...
2025-07-16T11:57:49.233Z: Chunk 195 complete: 48076 valid, 0 invalid, 42442 unique
2025-07-16T11:57:49.233Z: Progress: 9,800,001 rows processed (73782 rows/sec)
2025-07-16T11:57:49.676Z: Processing chunk 196 with 50000 rows...
2025-07-16T11:57:49.876Z: Chunk 196 complete: 46499 valid, 0 invalid, 43590 unique
2025-07-16T11:57:49.876Z: Progress: 9,850,001 rows processed (73802 rows/sec)
2025-07-16T11:57:50.331Z: Processing chunk 197 with 50000 rows...
2025-07-16T11:57:50.531Z: Chunk 197 complete: 46615 valid, 1 invalid, 43627 unique
2025-07-16T11:57:50.531Z: Progress: 9,900,001 rows processed (73814 rows/sec)
2025-07-16T11:57:51.024Z: Processing chunk 198 with 50000 rows...
2025-07-16T11:57:51.213Z: Chunk 198 complete: 49107 valid, 0 invalid, 45722 unique
2025-07-16T11:57:51.213Z: Progress: 9,950,001 rows processed (73811 rows/sec)
2025-07-16T11:57:51.697Z: Processing chunk 199 with 50000 rows...
2025-07-16T11:57:51.883Z: Chunk 199 complete: 45608 valid, 0 invalid, 38844 unique
2025-07-16T11:57:51.884Z: Progress: 10,000,001 rows processed (73815 rows/sec)
2025-07-16T11:57:52.343Z: Processing chunk 200 with 50000 rows...
2025-07-16T11:57:52.535Z: Chunk 200 complete: 45509 valid, 0 invalid, 39834 unique
2025-07-16T11:57:52.535Z: Progress: 10,050,001 rows processed (73829 rows/sec)
2025-07-16T11:57:53.014Z: Processing chunk 201 with 50000 rows...
2025-07-16T11:57:53.202Z: Chunk 201 complete: 45086 valid, 0 invalid, 39564 unique
2025-07-16T11:57:53.202Z: Progress: 10,100,001 rows processed (73835 rows/sec)
2025-07-16T11:57:53.657Z: Processing chunk 202 with 50000 rows...
2025-07-16T11:57:53.845Z: Chunk 202 complete: 46288 valid, 0 invalid, 39759 unique
2025-07-16T11:57:53.846Z: Progress: 10,150,001 rows processed (73853 rows/sec)
2025-07-16T11:57:54.347Z: Processing chunk 203 with 50000 rows...
2025-07-16T11:57:54.525Z: Chunk 203 complete: 46680 valid, 0 invalid, 40458 unique
2025-07-16T11:57:54.525Z: Progress: 10,200,001 rows processed (73852 rows/sec)
2025-07-16T11:57:54.971Z: Processing chunk 204 with 50000 rows...
2025-07-16T11:57:55.162Z: Chunk 204 complete: 48751 valid, 0 invalid, 47394 unique
2025-07-16T11:57:55.162Z: Progress: 10,250,001 rows processed (73873 rows/sec)
2025-07-16T11:57:55.612Z: Processing chunk 205 with 50000 rows...
2025-07-16T11:57:55.811Z: Chunk 205 complete: 46839 valid, 0 invalid, 44159 unique
2025-07-16T11:57:55.812Z: Progress: 10,300,001 rows processed (73887 rows/sec)
2025-07-16T11:57:56.272Z: Processing chunk 206 with 50000 rows...
2025-07-16T11:57:56.464Z: Chunk 206 complete: 47166 valid, 0 invalid, 44254 unique
2025-07-16T11:57:56.464Z: Progress: 10,350,001 rows processed (73900 rows/sec)
2025-07-16T11:57:56.913Z: Processing chunk 207 with 50000 rows...
2025-07-16T11:57:57.101Z: Chunk 207 complete: 48473 valid, 0 invalid, 46796 unique
2025-07-16T11:57:57.101Z: Progress: 10,400,001 rows processed (73921 rows/sec)
2025-07-16T11:57:57.592Z: Processing chunk 208 with 50000 rows...
2025-07-16T11:57:57.778Z: Chunk 208 complete: 47157 valid, 0 invalid, 40379 unique
2025-07-16T11:57:57.778Z: Progress: 10,450,001 rows processed (73921 rows/sec)
2025-07-16T11:57:58.225Z: Processing chunk 209 with 50000 rows...
2025-07-16T11:57:58.428Z: Chunk 209 complete: 46774 valid, 0 invalid, 44028 unique
2025-07-16T11:57:58.428Z: Progress: 10,500,001 rows processed (73934 rows/sec)
2025-07-16T11:57:58.899Z: Processing chunk 210 with 50000 rows...
2025-07-16T11:57:59.097Z: Chunk 210 complete: 46801 valid, 1 invalid, 43767 unique
2025-07-16T11:57:59.097Z: Progress: 10,550,001 rows processed (73938 rows/sec)
2025-07-16T11:57:59.601Z: Processing chunk 211 with 50000 rows...
2025-07-16T11:57:59.797Z: Chunk 211 complete: 49158 valid, 0 invalid, 46025 unique
2025-07-16T11:57:59.797Z: Progress: 10,600,001 rows processed (73926 rows/sec)
2025-07-16T11:58:00.284Z: Processing chunk 212 with 50000 rows...
2025-07-16T11:58:00.474Z: Chunk 212 complete: 47080 valid, 0 invalid, 40345 unique
2025-07-16T11:58:00.474Z: Progress: 10,650,001 rows processed (73925 rows/sec)
2025-07-16T11:58:00.995Z: Processing chunk 213 with 50000 rows...
2025-07-16T11:58:01.198Z: Chunk 213 complete: 47386 valid, 0 invalid, 45094 unique
2025-07-16T11:58:01.198Z: Progress: 10,700,001 rows processed (73901 rows/sec)
2025-07-16T11:58:01.683Z: Processing chunk 214 with 50000 rows...
2025-07-16T11:58:01.885Z: Chunk 214 complete: 47357 valid, 0 invalid, 45037 unique
2025-07-16T11:58:01.885Z: Progress: 10,750,001 rows processed (73896 rows/sec)
2025-07-16T11:58:02.447Z: Processing chunk 215 with 50000 rows...
2025-07-16T11:58:02.640Z: Chunk 215 complete: 49189 valid, 0 invalid, 45941 unique
2025-07-16T11:58:02.641Z: Progress: 10,800,001 rows processed (73856 rows/sec)
2025-07-16T11:58:03.132Z: Processing chunk 216 with 50000 rows...
2025-07-16T11:58:03.322Z: Chunk 216 complete: 46106 valid, 0 invalid, 39713 unique
2025-07-16T11:58:03.322Z: Progress: 10,850,001 rows processed (73854 rows/sec)
2025-07-16T11:58:03.821Z: Processing chunk 217 with 50000 rows...
2025-07-16T11:58:04.012Z: Chunk 217 complete: 44967 valid, 0 invalid, 39387 unique
2025-07-16T11:58:04.012Z: Progress: 10,900,001 rows processed (73847 rows/sec)
2025-07-16T11:58:04.516Z: Processing chunk 218 with 50000 rows...
2025-07-16T11:58:04.710Z: Chunk 218 complete: 48317 valid, 0 invalid, 46679 unique
2025-07-16T11:58:04.710Z: Progress: 10,950,001 rows processed (73837 rows/sec)
2025-07-16T11:58:05.199Z: Processing chunk 219 with 50000 rows...
2025-07-16T11:58:05.399Z: Chunk 219 complete: 47327 valid, 0 invalid, 45084 unique
2025-07-16T11:58:05.399Z: Progress: 11,000,001 rows processed (73831 rows/sec)
2025-07-16T11:58:05.901Z: Processing chunk 220 with 50000 rows...
2025-07-16T11:58:06.105Z: Chunk 220 complete: 48518 valid, 0 invalid, 45330 unique
2025-07-16T11:58:06.105Z: Progress: 11,050,001 rows processed (73817 rows/sec)
2025-07-16T11:58:06.596Z: Processing chunk 221 with 50000 rows...
2025-07-16T11:58:06.785Z: Chunk 221 complete: 48980 valid, 0 invalid, 47970 unique
2025-07-16T11:58:06.785Z: Progress: 11,100,001 rows processed (73815 rows/sec)
2025-07-16T11:58:07.285Z: Processing chunk 222 with 50000 rows...
2025-07-16T11:58:07.486Z: Chunk 222 complete: 47592 valid, 0 invalid, 45577 unique
2025-07-16T11:58:07.486Z: Progress: 11,150,001 rows processed (73804 rows/sec)
2025-07-16T11:58:07.963Z: Processing chunk 223 with 50000 rows...
2025-07-16T11:58:08.158Z: Chunk 223 complete: 47508 valid, 0 invalid, 45465 unique
2025-07-16T11:58:08.158Z: Progress: 11,200,001 rows processed (73807 rows/sec)
2025-07-16T11:58:08.613Z: Processing chunk 224 with 50000 rows...
2025-07-16T11:58:08.797Z: Chunk 224 complete: 49196 valid, 0 invalid, 47006 unique
2025-07-16T11:58:08.797Z: Progress: 11,250,001 rows processed (73825 rows/sec)
2025-07-16T11:58:09.257Z: Processing chunk 225 with 50000 rows...
2025-07-16T11:58:09.451Z: Chunk 225 complete: 46339 valid, 0 invalid, 43028 unique
2025-07-16T11:58:09.452Z: Progress: 11,300,001 rows processed (73836 rows/sec)
2025-07-16T11:58:09.927Z: Processing chunk 226 with 50000 rows...
2025-07-16T11:58:10.114Z: Chunk 226 complete: 48428 valid, 0 invalid, 42979 unique
2025-07-16T11:58:10.114Z: Progress: 11,350,001 rows processed (73843 rows/sec)
2025-07-16T11:58:10.578Z: Processing chunk 227 with 50000 rows...
2025-07-16T11:58:10.822Z: Chunk 227 complete: 45373 valid, 0 invalid, 41290 unique
2025-07-16T11:58:10.822Z: Progress: 11,400,001 rows processed (73828 rows/sec)
2025-07-16T11:58:11.305Z: Processing chunk 228 with 50000 rows...
2025-07-16T11:58:11.502Z: Chunk 228 complete: 46551 valid, 0 invalid, 42321 unique
2025-07-16T11:58:11.502Z: Progress: 11,450,001 rows processed (73827 rows/sec)
2025-07-16T11:58:11.984Z: Processing chunk 229 with 50000 rows...
2025-07-16T11:58:12.175Z: Chunk 229 complete: 46701 valid, 0 invalid, 41939 unique
2025-07-16T11:58:12.175Z: Progress: 11,500,001 rows processed (73829 rows/sec)
2025-07-16T11:58:12.656Z: Processing chunk 230 with 50000 rows...
2025-07-16T11:58:12.850Z: Chunk 230 complete: 48037 valid, 0 invalid, 43581 unique
2025-07-16T11:58:12.851Z: Progress: 11,550,001 rows processed (73830 rows/sec)
2025-07-16T11:58:13.308Z: Processing chunk 231 with 50000 rows...
2025-07-16T11:58:13.554Z: Chunk 231 complete: 46819 valid, 0 invalid, 39178 unique
2025-07-16T11:58:13.554Z: Progress: 11,600,001 rows processed (73818 rows/sec)
2025-07-16T11:58:14.050Z: Processing chunk 232 with 50000 rows...
2025-07-16T11:58:14.285Z: Chunk 232 complete: 48150 valid, 0 invalid, 46653 unique
2025-07-16T11:58:14.285Z: Progress: 11,650,001 rows processed (73793 rows/sec)
2025-07-16T11:58:14.847Z: Processing chunk 233 with 50000 rows...
2025-07-16T11:58:15.072Z: Chunk 233 complete: 48091 valid, 0 invalid, 46476 unique
2025-07-16T11:58:15.072Z: Progress: 11,700,001 rows processed (73742 rows/sec)
2025-07-16T11:58:15.598Z: Processing chunk 234 with 50000 rows...
2025-07-16T11:58:15.802Z: Chunk 234 complete: 48022 valid, 0 invalid, 46451 unique
2025-07-16T11:58:15.803Z: Progress: 11,750,001 rows processed (73717 rows/sec)
2025-07-16T11:58:16.297Z: Processing chunk 235 with 50000 rows...
2025-07-16T11:58:16.498Z: Chunk 235 complete: 47996 valid, 0 invalid, 46333 unique
2025-07-16T11:58:16.498Z: Progress: 11,800,001 rows processed (73709 rows/sec)
2025-07-16T11:58:16.959Z: Processing chunk 236 with 50000 rows...
2025-07-16T11:58:17.156Z: Chunk 236 complete: 48544 valid, 0 invalid, 46654 unique
2025-07-16T11:58:17.156Z: Progress: 11,850,001 rows processed (73719 rows/sec)
2025-07-16T11:58:17.615Z: Processing chunk 237 with 50000 rows...
2025-07-16T11:58:17.804Z: Chunk 237 complete: 48755 valid, 0 invalid, 47605 unique
2025-07-16T11:58:17.804Z: Progress: 11,900,001 rows processed (73733 rows/sec)
2025-07-16T11:58:18.278Z: Processing chunk 238 with 50000 rows...
2025-07-16T11:58:18.507Z: Chunk 238 complete: 47027 valid, 0 invalid, 44399 unique
2025-07-16T11:58:18.508Z: Progress: 11,950,001 rows processed (73721 rows/sec)
2025-07-16T11:58:18.990Z: Processing chunk 239 with 50000 rows...
2025-07-16T11:58:19.188Z: Chunk 239 complete: 47983 valid, 0 invalid, 45706 unique
2025-07-16T11:58:19.188Z: Progress: 12,000,001 rows processed (73720 rows/sec)
2025-07-16T11:58:19.733Z: Processing chunk 240 with 50000 rows...
2025-07-16T11:58:19.941Z: Chunk 240 complete: 46824 valid, 0 invalid, 43986 unique
2025-07-16T11:58:19.941Z: Progress: 12,050,001 rows processed (73686 rows/sec)
2025-07-16T11:58:20.471Z: Processing chunk 241 with 50000 rows...
2025-07-16T11:58:20.712Z: Chunk 241 complete: 47379 valid, 0 invalid, 43749 unique
2025-07-16T11:58:20.712Z: Progress: 12,100,001 rows processed (73645 rows/sec)
2025-07-16T11:58:21.184Z: Processing chunk 242 with 50000 rows...
2025-07-16T11:58:21.380Z: Chunk 242 complete: 48657 valid, 0 invalid, 47264 unique
2025-07-16T11:58:21.380Z: Progress: 12,150,001 rows processed (73650 rows/sec)
2025-07-16T11:58:21.886Z: Processing chunk 243 with 50000 rows...
2025-07-16T11:58:22.077Z: Chunk 243 complete: 45591 valid, 0 invalid, 40891 unique
2025-07-16T11:58:22.077Z: Progress: 12,200,001 rows processed (73642 rows/sec)
2025-07-16T11:58:22.623Z: Processing chunk 244 with 50000 rows...
2025-07-16T11:58:22.822Z: Chunk 244 complete: 49316 valid, 0 invalid, 48295 unique
2025-07-16T11:58:22.822Z: Progress: 12,250,001 rows processed (73612 rows/sec)
2025-07-16T11:58:23.305Z: Processing chunk 245 with 50000 rows...
2025-07-16T11:58:23.503Z: Chunk 245 complete: 46206 valid, 0 invalid, 43157 unique
2025-07-16T11:58:23.503Z: Progress: 12,300,001 rows processed (73612 rows/sec)
2025-07-16T11:58:24.005Z: Processing chunk 246 with 50000 rows...
2025-07-16T11:58:24.202Z: Chunk 246 complete: 47014 valid, 0 invalid, 42771 unique
2025-07-16T11:58:24.202Z: Progress: 12,350,001 rows processed (73603 rows/sec)
2025-07-16T11:58:24.681Z: Processing chunk 247 with 50000 rows...
2025-07-16T11:58:24.868Z: Chunk 247 complete: 46775 valid, 0 invalid, 44133 unique
2025-07-16T11:58:24.868Z: Progress: 12,400,001 rows processed (73609 rows/sec)
2025-07-16T11:58:25.344Z: Processing chunk 248 with 50000 rows...
2025-07-16T11:58:25.538Z: Chunk 248 complete: 48288 valid, 0 invalid, 45443 unique
2025-07-16T11:58:25.538Z: Progress: 12,450,001 rows processed (73613 rows/sec)
2025-07-16T11:58:26.007Z: Processing chunk 249 with 50000 rows...
2025-07-16T11:58:26.212Z: Chunk 249 complete: 46974 valid, 0 invalid, 44307 unique
2025-07-16T11:58:26.212Z: Progress: 12,500,001 rows processed (73615 rows/sec)
2025-07-16T11:58:26.688Z: Processing chunk 250 with 50000 rows...
2025-07-16T11:58:26.896Z: Chunk 250 complete: 48373 valid, 0 invalid, 44045 unique
2025-07-16T11:58:26.896Z: Progress: 12,550,001 rows processed (73613 rows/sec)
2025-07-16T11:58:27.389Z: Processing chunk 251 with 50000 rows...
2025-07-16T11:58:27.572Z: Chunk 251 complete: 45940 valid, 0 invalid, 39414 unique
2025-07-16T11:58:27.572Z: Progress: 12,600,001 rows processed (73614 rows/sec)
2025-07-16T11:58:28.046Z: Processing chunk 252 with 50000 rows...
2025-07-16T11:58:28.240Z: Chunk 252 complete: 44668 valid, 0 invalid, 40652 unique
2025-07-16T11:58:28.240Z: Progress: 12,650,001 rows processed (73619 rows/sec)
2025-07-16T11:58:28.747Z: Processing chunk 253 with 50000 rows...
2025-07-16T11:58:28.943Z: Chunk 253 complete: 48310 valid, 0 invalid, 46495 unique
2025-07-16T11:58:28.944Z: Progress: 12,700,001 rows processed (73609 rows/sec)
2025-07-16T11:58:29.471Z: Processing chunk 254 with 50000 rows...
2025-07-16T11:58:29.690Z: Chunk 254 complete: 47302 valid, 0 invalid, 44899 unique
2025-07-16T11:58:29.690Z: Progress: 12,750,001 rows processed (73580 rows/sec)
2025-07-16T11:58:30.172Z: Processing chunk 255 with 50000 rows...
2025-07-16T11:58:30.373Z: Chunk 255 complete: 47669 valid, 1 invalid, 44630 unique
2025-07-16T11:58:30.373Z: Progress: 12,800,001 rows processed (73579 rows/sec)
2025-07-16T11:58:30.850Z: Processing chunk 256 with 50000 rows...
2025-07-16T11:58:31.043Z: Chunk 256 complete: 48409 valid, 0 invalid, 46909 unique
2025-07-16T11:58:31.044Z: Progress: 12,850,001 rows processed (73582 rows/sec)
2025-07-16T11:58:31.597Z: Processing chunk 257 with 50000 rows...
2025-07-16T11:58:31.789Z: Chunk 257 complete: 46842 valid, 0 invalid, 39682 unique
2025-07-16T11:58:31.789Z: Progress: 12,900,001 rows processed (73555 rows/sec)
2025-07-16T11:58:32.324Z: Processing chunk 258 with 50000 rows...
2025-07-16T11:58:32.515Z: Chunk 258 complete: 46269 valid, 0 invalid, 39315 unique
2025-07-16T11:58:32.515Z: Progress: 12,950,001 rows processed (73536 rows/sec)
2025-07-16T11:58:33.030Z: Processing chunk 259 with 50000 rows...
2025-07-16T11:58:33.235Z: Chunk 259 complete: 46256 valid, 0 invalid, 43179 unique
2025-07-16T11:58:33.235Z: Progress: 13,000,001 rows processed (73519 rows/sec)
2025-07-16T11:58:33.785Z: Processing chunk 260 with 50000 rows...
2025-07-16T11:58:33.978Z: Chunk 260 complete: 48497 valid, 0 invalid, 43863 unique
2025-07-16T11:58:33.978Z: Progress: 13,050,001 rows processed (73493 rows/sec)
2025-07-16T11:58:34.526Z: Processing chunk 261 with 50000 rows...
2025-07-16T11:58:34.717Z: Chunk 261 complete: 45485 valid, 0 invalid, 41971 unique
2025-07-16T11:58:34.717Z: Progress: 13,100,001 rows processed (73469 rows/sec)
2025-07-16T11:58:35.221Z: Processing chunk 262 with 50000 rows...
2025-07-16T11:58:35.443Z: Chunk 262 complete: 47939 valid, 0 invalid, 42013 unique
2025-07-16T11:58:35.443Z: Progress: 13,150,001 rows processed (73450 rows/sec)
2025-07-16T11:58:35.940Z: Processing chunk 263 with 50000 rows...
2025-07-16T11:58:36.123Z: Chunk 263 complete: 45620 valid, 5 invalid, 36933 unique
2025-07-16T11:58:36.123Z: Progress: 13,200,001 rows processed (73450 rows/sec)
2025-07-16T11:58:36.636Z: Processing chunk 264 with 50000 rows...
2025-07-16T11:58:36.832Z: Chunk 264 complete: 45240 valid, 0 invalid, 41384 unique
2025-07-16T11:58:36.833Z: Progress: 13,250,001 rows processed (73439 rows/sec)
2025-07-16T11:58:37.478Z: Processing chunk 265 with 50000 rows...
2025-07-16T11:58:37.667Z: Chunk 265 complete: 45184 valid, 0 invalid, 41166 unique
2025-07-16T11:58:37.667Z: Progress: 13,300,001 rows processed (73376 rows/sec)
2025-07-16T11:58:38.267Z: Processing chunk 266 with 50000 rows...
2025-07-16T11:58:38.456Z: Chunk 266 complete: 46868 valid, 0 invalid, 42421 unique
2025-07-16T11:58:38.456Z: Progress: 13,350,001 rows processed (73333 rows/sec)
2025-07-16T11:58:39.017Z: Processing chunk 267 with 50000 rows...
2025-07-16T11:58:39.207Z: Chunk 267 complete: 47531 valid, 0 invalid, 43459 unique
2025-07-16T11:58:39.207Z: Progress: 13,400,001 rows processed (73305 rows/sec)
2025-07-16T11:58:39.747Z: Processing chunk 268 with 50000 rows...
2025-07-16T11:58:39.961Z: Chunk 268 complete: 47742 valid, 0 invalid, 45768 unique
2025-07-16T11:58:39.961Z: Progress: 13,450,001 rows processed (73277 rows/sec)
2025-07-16T11:58:40.480Z: Processing chunk 269 with 50000 rows...
2025-07-16T11:58:40.692Z: Chunk 269 complete: 47665 valid, 0 invalid, 45624 unique
2025-07-16T11:58:40.692Z: Progress: 13,500,001 rows processed (73257 rows/sec)
2025-07-16T11:58:41.216Z: Processing chunk 270 with 50000 rows...
2025-07-16T11:58:41.425Z: Chunk 270 complete: 47758 valid, 0 invalid, 45764 unique
2025-07-16T11:58:41.425Z: Progress: 13,550,001 rows processed (73237 rows/sec)
2025-07-16T11:58:41.965Z: Processing chunk 271 with 50000 rows...
2025-07-16T11:58:42.158Z: Chunk 271 complete: 49206 valid, 0 invalid, 47968 unique
2025-07-16T11:58:42.158Z: Progress: 13,600,001 rows processed (73217 rows/sec)
2025-07-16T11:58:42.661Z: Processing chunk 272 with 50000 rows...
2025-07-16T11:58:42.849Z: Chunk 272 complete: 46052 valid, 0 invalid, 37961 unique
2025-07-16T11:58:42.849Z: Progress: 13,650,001 rows processed (73214 rows/sec)
2025-07-16T11:58:43.353Z: Processing chunk 273 with 50000 rows...
2025-07-16T11:58:43.541Z: Chunk 273 complete: 42434 valid, 0 invalid, 36723 unique
2025-07-16T11:58:43.541Z: Progress: 13,700,001 rows processed (73211 rows/sec)
2025-07-16T11:58:44.066Z: Processing chunk 274 with 50000 rows...
2025-07-16T11:58:44.250Z: Chunk 274 complete: 46381 valid, 0 invalid, 41550 unique
2025-07-16T11:58:44.250Z: Progress: 13,750,001 rows processed (73201 rows/sec)
2025-07-16T11:58:44.771Z: Processing chunk 275 with 50000 rows...
2025-07-16T11:58:44.994Z: Chunk 275 complete: 45452 valid, 0 invalid, 41782 unique
2025-07-16T11:58:44.994Z: Progress: 13,800,001 rows processed (73177 rows/sec)
2025-07-16T11:58:45.528Z: Processing chunk 276 with 50000 rows...
2025-07-16T11:58:45.713Z: Chunk 276 complete: 47467 valid, 0 invalid, 42845 unique
2025-07-16T11:58:45.713Z: Progress: 13,850,001 rows processed (73163 rows/sec)
2025-07-16T11:58:46.267Z: Processing chunk 277 with 50000 rows...
2025-07-16T11:58:46.462Z: Chunk 277 complete: 45860 valid, 0 invalid, 42370 unique
2025-07-16T11:58:46.462Z: Progress: 13,900,001 rows processed (73138 rows/sec)
2025-07-16T11:58:47.022Z: Processing chunk 278 with 50000 rows...
2025-07-16T11:58:47.231Z: Chunk 278 complete: 48642 valid, 0 invalid, 43816 unique
2025-07-16T11:58:47.231Z: Progress: 13,950,001 rows processed (73105 rows/sec)
2025-07-16T11:58:47.719Z: Processing chunk 279 with 50000 rows...
2025-07-16T11:58:47.915Z: Chunk 279 complete: 44906 valid, 0 invalid, 37479 unique
2025-07-16T11:58:47.916Z: Progress: 14,000,001 rows processed (73105 rows/sec)
2025-07-16T11:58:48.440Z: Processing chunk 280 with 50000 rows...
2025-07-16T11:58:48.636Z: Chunk 280 complete: 47476 valid, 0 invalid, 45332 unique
2025-07-16T11:58:48.636Z: Progress: 14,050,001 rows processed (73091 rows/sec)
2025-07-16T11:58:49.189Z: Processing chunk 281 with 50000 rows...
2025-07-16T11:58:49.383Z: Chunk 281 complete: 47119 valid, 0 invalid, 44521 unique
2025-07-16T11:58:49.383Z: Progress: 14,100,001 rows processed (73067 rows/sec)
2025-07-16T11:58:49.871Z: Processing chunk 282 with 50000 rows...
2025-07-16T11:58:50.059Z: Chunk 282 complete: 48375 valid, 0 invalid, 46558 unique
2025-07-16T11:58:50.059Z: Progress: 14,150,001 rows processed (73070 rows/sec)
2025-07-16T11:58:50.576Z: Processing chunk 283 with 50000 rows...
2025-07-16T11:58:50.760Z: Chunk 283 complete: 46656 valid, 0 invalid, 38974 unique
2025-07-16T11:58:50.761Z: Progress: 14,200,001 rows processed (73064 rows/sec)
2025-07-16T11:58:51.263Z: Processing chunk 284 with 50000 rows...
2025-07-16T11:58:51.455Z: Chunk 284 complete: 47251 valid, 0 invalid, 43362 unique
2025-07-16T11:58:51.455Z: Progress: 14,250,001 rows processed (73060 rows/sec)
2025-07-16T11:58:51.930Z: Processing chunk 285 with 50000 rows...
2025-07-16T11:58:52.124Z: Chunk 285 complete: 48063 valid, 0 invalid, 42780 unique
2025-07-16T11:58:52.124Z: Progress: 14,300,001 rows processed (73066 rows/sec)
2025-07-16T11:58:52.615Z: Processing chunk 286 with 50000 rows...
2025-07-16T11:58:52.806Z: Chunk 286 complete: 44451 valid, 0 invalid, 40131 unique
2025-07-16T11:58:52.806Z: Progress: 14,350,001 rows processed (73067 rows/sec)
2025-07-16T11:58:53.339Z: Processing chunk 287 with 50000 rows...
2025-07-16T11:58:53.531Z: Chunk 287 complete: 47266 valid, 0 invalid, 43648 unique
2025-07-16T11:58:53.531Z: Progress: 14,400,001 rows processed (73052 rows/sec)
2025-07-16T11:58:54.050Z: Processing chunk 288 with 50000 rows...
2025-07-16T11:58:54.237Z: Chunk 288 complete: 45812 valid, 0 invalid, 39556 unique
2025-07-16T11:58:54.237Z: Progress: 14,450,001 rows processed (73044 rows/sec)
2025-07-16T11:58:54.765Z: Processing chunk 289 with 50000 rows...
2025-07-16T11:58:54.950Z: Chunk 289 complete: 44795 valid, 0 invalid, 35107 unique
2025-07-16T11:58:54.950Z: Progress: 14,500,001 rows processed (73033 rows/sec)
2025-07-16T11:58:55.477Z: Processing chunk 290 with 50000 rows...
2025-07-16T11:58:55.667Z: Chunk 290 complete: 44552 valid, 0 invalid, 37346 unique
2025-07-16T11:58:55.667Z: Progress: 14,550,001 rows processed (73021 rows/sec)
2025-07-16T11:58:56.198Z: Processing chunk 291 with 50000 rows...
2025-07-16T11:58:56.378Z: Chunk 291 complete: 46982 valid, 0 invalid, 41484 unique
2025-07-16T11:58:56.378Z: Progress: 14,600,001 rows processed (73012 rows/sec)
2025-07-16T11:58:56.854Z: Processing chunk 292 with 50000 rows...
2025-07-16T11:58:57.053Z: Chunk 292 complete: 46233 valid, 0 invalid, 43191 unique
2025-07-16T11:58:57.053Z: Progress: 14,650,001 rows processed (73015 rows/sec)
2025-07-16T11:58:57.533Z: Processing chunk 293 with 50000 rows...
2025-07-16T11:58:57.723Z: Chunk 293 complete: 47123 valid, 0 invalid, 42039 unique
2025-07-16T11:58:57.723Z: Progress: 14,700,001 rows processed (73021 rows/sec)
2025-07-16T11:58:58.192Z: Processing chunk 294 with 50000 rows...
2025-07-16T11:58:58.386Z: Chunk 294 complete: 46879 valid, 0 invalid, 44164 unique
2025-07-16T11:58:58.386Z: Progress: 14,750,001 rows processed (73028 rows/sec)
2025-07-16T11:58:58.862Z: Processing chunk 295 with 50000 rows...
2025-07-16T11:58:59.050Z: Chunk 295 complete: 47330 valid, 0 invalid, 40853 unique
2025-07-16T11:58:59.050Z: Progress: 14,800,001 rows processed (73036 rows/sec)
2025-07-16T11:58:59.561Z: Processing chunk 296 with 50000 rows...
2025-07-16T11:58:59.765Z: Chunk 296 complete: 47049 valid, 0 invalid, 44612 unique
2025-07-16T11:58:59.765Z: Progress: 14,850,001 rows processed (73025 rows/sec)
2025-07-16T11:59:00.293Z: Processing chunk 297 with 50000 rows...
2025-07-16T11:59:00.495Z: Chunk 297 complete: 46324 valid, 0 invalid, 43376 unique
2025-07-16T11:59:00.496Z: Progress: 14,900,001 rows processed (73008 rows/sec)
2025-07-16T11:59:01.018Z: Processing chunk 298 with 50000 rows...
2025-07-16T11:59:01.213Z: Chunk 298 complete: 48693 valid, 0 invalid, 45520 unique
2025-07-16T11:59:01.213Z: Progress: 14,950,001 rows processed (72997 rows/sec)
2025-07-16T11:59:01.711Z: Processing chunk 299 with 50000 rows...
2025-07-16T11:59:01.929Z: Chunk 299 complete: 46290 valid, 0 invalid, 38374 unique
2025-07-16T11:59:01.929Z: Progress: 15,000,001 rows processed (72986 rows/sec)
2025-07-16T11:59:02.462Z: Processing chunk 300 with 50000 rows...
2025-07-16T11:59:02.647Z: Chunk 300 complete: 45127 valid, 0 invalid, 38255 unique
2025-07-16T11:59:02.647Z: Progress: 15,050,001 rows processed (72974 rows/sec)
2025-07-16T11:59:03.170Z: Processing chunk 301 with 50000 rows...
2025-07-16T11:59:03.375Z: Chunk 301 complete: 46533 valid, 0 invalid, 43491 unique
2025-07-16T11:59:03.375Z: Progress: 15,100,001 rows processed (72959 rows/sec)
2025-07-16T11:59:03.909Z: Processing chunk 302 with 50000 rows...
2025-07-16T11:59:04.126Z: Chunk 302 complete: 46610 valid, 0 invalid, 43752 unique
2025-07-16T11:59:04.126Z: Progress: 15,150,001 rows processed (72936 rows/sec)
2025-07-16T11:59:04.624Z: Processing chunk 303 with 50000 rows...
2025-07-16T11:59:04.813Z: Chunk 303 complete: 49210 valid, 0 invalid, 46008 unique
2025-07-16T11:59:04.813Z: Progress: 15,200,001 rows processed (72936 rows/sec)
2025-07-16T11:59:05.363Z: Processing chunk 304 with 50000 rows...
2025-07-16T11:59:05.562Z: Chunk 304 complete: 45403 valid, 0 invalid, 41386 unique
2025-07-16T11:59:05.562Z: Progress: 15,250,001 rows processed (72913 rows/sec)
2025-07-16T11:59:06.083Z: Processing chunk 305 with 50000 rows...
2025-07-16T11:59:06.272Z: Chunk 305 complete: 48486 valid, 0 invalid, 44559 unique
2025-07-16T11:59:06.272Z: Progress: 15,300,001 rows processed (72905 rows/sec)
2025-07-16T11:59:06.806Z: Processing chunk 306 with 50000 rows...
2025-07-16T11:59:06.998Z: Chunk 306 complete: 44633 valid, 0 invalid, 40617 unique
2025-07-16T11:59:06.998Z: Progress: 15,350,001 rows processed (72891 rows/sec)
2025-07-16T11:59:07.529Z: Processing chunk 307 with 50000 rows...
2025-07-16T11:59:07.712Z: Chunk 307 complete: 49250 valid, 0 invalid, 47386 unique
2025-07-16T11:59:07.712Z: Progress: 15,400,001 rows processed (72881 rows/sec)
2025-07-16T11:59:08.245Z: Processing chunk 308 with 50000 rows...
2025-07-16T11:59:08.427Z: Chunk 308 complete: 46643 valid, 0 invalid, 43200 unique
2025-07-16T11:59:08.427Z: Progress: 15,450,001 rows processed (72872 rows/sec)
2025-07-16T11:59:08.947Z: Processing chunk 309 with 50000 rows...
2025-07-16T11:59:09.137Z: Chunk 309 complete: 45164 valid, 0 invalid, 40188 unique
2025-07-16T11:59:09.138Z: Progress: 15,500,001 rows processed (72863 rows/sec)
2025-07-16T11:59:09.678Z: Processing chunk 310 with 50000 rows...
2025-07-16T11:59:09.867Z: Chunk 310 complete: 47066 valid, 0 invalid, 44577 unique
2025-07-16T11:59:09.868Z: Progress: 15,550,001 rows processed (72848 rows/sec)
2025-07-16T11:59:10.389Z: Processing chunk 311 with 50000 rows...
2025-07-16T11:59:10.578Z: Chunk 311 complete: 48156 valid, 0 invalid, 42881 unique
2025-07-16T11:59:10.578Z: Progress: 15,600,001 rows processed (72840 rows/sec)
2025-07-16T11:59:11.110Z: Processing chunk 312 with 50000 rows...
2025-07-16T11:59:11.293Z: Chunk 312 complete: 46907 valid, 0 invalid, 39042 unique
2025-07-16T11:59:11.293Z: Progress: 15,650,001 rows processed (72830 rows/sec)
2025-07-16T11:59:11.786Z: Processing chunk 313 with 50000 rows...
2025-07-16T11:59:11.979Z: Chunk 313 complete: 45669 valid, 0 invalid, 41743 unique
2025-07-16T11:59:11.979Z: Progress: 15,700,001 rows processed (72831 rows/sec)
2025-07-16T11:59:12.510Z: Processing chunk 314 with 50000 rows...
2025-07-16T11:59:12.705Z: Chunk 314 complete: 49141 valid, 0 invalid, 46761 unique
2025-07-16T11:59:12.705Z: Progress: 15,750,001 rows processed (72817 rows/sec)
2025-07-16T11:59:13.220Z: Processing chunk 315 with 50000 rows...
2025-07-16T11:59:13.414Z: Chunk 315 complete: 46936 valid, 0 invalid, 44572 unique
2025-07-16T11:59:13.414Z: Progress: 15,800,001 rows processed (72810 rows/sec)
2025-07-16T11:59:13.944Z: Processing chunk 316 with 50000 rows...
2025-07-16T11:59:14.168Z: Chunk 316 complete: 46873 valid, 0 invalid, 44259 unique
2025-07-16T11:59:14.169Z: Progress: 15,850,001 rows processed (72787 rows/sec)
2025-07-16T11:59:14.661Z: Processing chunk 317 with 50000 rows...
2025-07-16T11:59:14.852Z: Chunk 317 complete: 48877 valid, 0 invalid, 47469 unique
2025-07-16T11:59:14.852Z: Progress: 15,900,001 rows processed (72788 rows/sec)
2025-07-16T11:59:15.394Z: Processing chunk 318 with 50000 rows...
2025-07-16T11:59:15.589Z: Chunk 318 complete: 46191 valid, 0 invalid, 42986 unique
2025-07-16T11:59:15.589Z: Progress: 15,950,001 rows processed (72772 rows/sec)
2025-07-16T11:59:16.217Z: Processing chunk 319 with 50000 rows...
2025-07-16T11:59:16.410Z: Chunk 319 complete: 46635 valid, 0 invalid, 42965 unique
2025-07-16T11:59:16.411Z: Progress: 16,000,001 rows processed (72727 rows/sec)
2025-07-16T11:59:16.937Z: Processing chunk 320 with 50000 rows...
2025-07-16T11:59:17.127Z: Chunk 320 complete: 48165 valid, 0 invalid, 46599 unique
2025-07-16T11:59:17.127Z: Progress: 16,050,001 rows processed (72718 rows/sec)
2025-07-16T11:59:17.711Z: Processing chunk 321 with 50000 rows...
2025-07-16T11:59:17.905Z: Chunk 321 complete: 46481 valid, 0 invalid, 41709 unique
2025-07-16T11:59:17.905Z: Progress: 16,100,001 rows processed (72688 rows/sec)
2025-07-16T11:59:18.440Z: Processing chunk 322 with 50000 rows...
2025-07-16T11:59:18.627Z: Chunk 322 complete: 46131 valid, 0 invalid, 42776 unique
2025-07-16T11:59:18.627Z: Progress: 16,150,001 rows processed (72677 rows/sec)
2025-07-16T11:59:19.153Z: Processing chunk 323 with 50000 rows...
2025-07-16T11:59:19.337Z: Chunk 323 complete: 46455 valid, 0 invalid, 40816 unique
2025-07-16T11:59:19.337Z: Progress: 16,200,001 rows processed (72670 rows/sec)
2025-07-16T11:59:19.851Z: Processing chunk 324 with 50000 rows...
2025-07-16T11:59:20.045Z: Chunk 324 complete: 45948 valid, 0 invalid, 42443 unique
2025-07-16T11:59:20.045Z: Progress: 16,250,001 rows processed (72663 rows/sec)
2025-07-16T11:59:20.565Z: Processing chunk 325 with 50000 rows...
2025-07-16T11:59:20.757Z: Chunk 325 complete: 47282 valid, 0 invalid, 43650 unique
2025-07-16T11:59:20.757Z: Progress: 16,300,001 rows processed (72655 rows/sec)
2025-07-16T11:59:21.290Z: Processing chunk 326 with 50000 rows...
2025-07-16T11:59:21.481Z: Chunk 326 complete: 47321 valid, 0 invalid, 43130 unique
2025-07-16T11:59:21.481Z: Progress: 16,350,001 rows processed (72644 rows/sec)
2025-07-16T11:59:21.969Z: Processing chunk 327 with 50000 rows...
2025-07-16T11:59:22.159Z: Chunk 327 complete: 44881 valid, 0 invalid, 40895 unique
2025-07-16T11:59:22.159Z: Progress: 16,400,001 rows processed (72647 rows/sec)
2025-07-16T11:59:22.798Z: Processing chunk 328 with 50000 rows...
2025-07-16T11:59:22.986Z: Chunk 328 complete: 47596 valid, 0 invalid, 43822 unique
2025-07-16T11:59:22.986Z: Progress: 16,450,001 rows processed (72603 rows/sec)
2025-07-16T11:59:23.540Z: Processing chunk 329 with 50000 rows...
2025-07-16T11:59:23.726Z: Chunk 329 complete: 45024 valid, 0 invalid, 40302 unique
2025-07-16T11:59:23.726Z: Progress: 16,500,001 rows processed (72586 rows/sec)
2025-07-16T11:59:24.242Z: Processing chunk 330 with 50000 rows...
2025-07-16T11:59:24.436Z: Chunk 330 complete: 45249 valid, 0 invalid, 40456 unique
2025-07-16T11:59:24.436Z: Progress: 16,550,001 rows processed (72579 rows/sec)
2025-07-16T11:59:24.943Z: Processing chunk 331 with 50000 rows...
2025-07-16T11:59:25.149Z: Chunk 331 complete: 46432 valid, 0 invalid, 41584 unique
2025-07-16T11:59:25.149Z: Progress: 16,600,001 rows processed (72572 rows/sec)
2025-07-16T11:59:25.636Z: Processing chunk 332 with 50000 rows...
2025-07-16T11:59:25.830Z: Chunk 332 complete: 47499 valid, 0 invalid, 45340 unique
2025-07-16T11:59:25.830Z: Progress: 16,650,001 rows processed (72574 rows/sec)
2025-07-16T11:59:26.314Z: Processing chunk 333 with 50000 rows...
2025-07-16T11:59:26.511Z: Chunk 333 complete: 46746 valid, 0 invalid, 44105 unique
2025-07-16T11:59:26.511Z: Progress: 16,700,001 rows processed (72577 rows/sec)
2025-07-16T11:59:27.042Z: Processing chunk 334 with 50000 rows...
2025-07-16T11:59:27.239Z: Chunk 334 complete: 48553 valid, 0 invalid, 46283 unique
2025-07-16T11:59:27.239Z: Progress: 16,750,001 rows processed (72565 rows/sec)
2025-07-16T11:59:27.784Z: Processing chunk 335 with 50000 rows...
2025-07-16T11:59:27.975Z: Chunk 335 complete: 48057 valid, 0 invalid, 43572 unique
2025-07-16T11:59:27.975Z: Progress: 16,800,001 rows processed (72550 rows/sec)
2025-07-16T11:59:28.474Z: Processing chunk 336 with 50000 rows...
2025-07-16T11:59:28.665Z: Chunk 336 complete: 46299 valid, 0 invalid, 43127 unique
2025-07-16T11:59:28.665Z: Progress: 16,850,001 rows processed (72550 rows/sec)
2025-07-16T11:59:29.142Z: Processing chunk 337 with 50000 rows...
2025-07-16T11:59:29.337Z: Chunk 337 complete: 46811 valid, 0 invalid, 43938 unique
2025-07-16T11:59:29.337Z: Progress: 16,900,001 rows processed (72555 rows/sec)
2025-07-16T11:59:29.864Z: Processing chunk 338 with 50000 rows...
2025-07-16T11:59:30.050Z: Chunk 338 complete: 47121 valid, 0 invalid, 39903 unique
2025-07-16T11:59:30.051Z: Progress: 16,950,001 rows processed (72547 rows/sec)
2025-07-16T11:59:30.546Z: Processing chunk 339 with 50000 rows...
2025-07-16T11:59:30.731Z: Chunk 339 complete: 46331 valid, 0 invalid, 40075 unique
2025-07-16T11:59:30.731Z: Progress: 17,000,001 rows processed (72550 rows/sec)
2025-07-16T11:59:31.236Z: Processing chunk 340 with 50000 rows...
2025-07-16T11:59:31.441Z: Chunk 340 complete: 46509 valid, 0 invalid, 39214 unique
2025-07-16T11:59:31.442Z: Progress: 17,050,001 rows processed (72543 rows/sec)
2025-07-16T11:59:31.989Z: Processing chunk 341 with 50000 rows...
2025-07-16T11:59:32.176Z: Chunk 341 complete: 45661 valid, 0 invalid, 38378 unique
2025-07-16T11:59:32.176Z: Progress: 17,100,001 rows processed (72530 rows/sec)
2025-07-16T11:59:32.695Z: Processing chunk 342 with 50000 rows...
2025-07-16T11:59:32.895Z: Chunk 342 complete: 45108 valid, 0 invalid, 41110 unique
2025-07-16T11:59:32.895Z: Progress: 17,150,001 rows processed (72520 rows/sec)
2025-07-16T11:59:33.407Z: Processing chunk 343 with 50000 rows...
2025-07-16T11:59:33.590Z: Chunk 343 complete: 47799 valid, 0 invalid, 41129 unique
2025-07-16T11:59:33.590Z: Progress: 17,200,001 rows processed (72519 rows/sec)
2025-07-16T11:59:34.111Z: Processing chunk 344 with 50000 rows...
2025-07-16T11:59:34.308Z: Chunk 344 complete: 44964 valid, 0 invalid, 40612 unique
2025-07-16T11:59:34.308Z: Progress: 17,250,001 rows processed (72510 rows/sec)
2025-07-16T11:59:34.818Z: Processing chunk 345 with 50000 rows...
2025-07-16T11:59:34.998Z: Chunk 345 complete: 44466 valid, 0 invalid, 37099 unique
2025-07-16T11:59:34.998Z: Progress: 17,300,001 rows processed (72510 rows/sec)
2025-07-16T11:59:35.515Z: Processing chunk 346 with 50000 rows...
2025-07-16T11:59:35.706Z: Chunk 346 complete: 49134 valid, 0 invalid, 48287 unique
2025-07-16T11:59:35.706Z: Progress: 17,350,001 rows processed (72504 rows/sec)
2025-07-16T11:59:36.228Z: Processing chunk 347 with 50000 rows...
2025-07-16T11:59:36.421Z: Chunk 347 complete: 46259 valid, 0 invalid, 43110 unique
2025-07-16T11:59:36.422Z: Progress: 17,400,001 rows processed (72496 rows/sec)
2025-07-16T11:59:36.956Z: Processing chunk 348 with 50000 rows...
2025-07-16T11:59:37.145Z: Chunk 348 complete: 48806 valid, 0 invalid, 44248 unique
2025-07-16T11:59:37.145Z: Progress: 17,450,001 rows processed (72486 rows/sec)
2025-07-16T11:59:37.655Z: Processing chunk 349 with 50000 rows...
2025-07-16T11:59:37.834Z: Chunk 349 complete: 42008 valid, 0 invalid, 33459 unique
2025-07-16T11:59:37.834Z: Progress: 17,500,001 rows processed (72487 rows/sec)
2025-07-16T11:59:38.350Z: Processing chunk 350 with 50000 rows...
2025-07-16T11:59:38.548Z: Chunk 350 complete: 44613 valid, 0 invalid, 40519 unique
2025-07-16T11:59:38.548Z: Progress: 17,550,001 rows processed (72479 rows/sec)
2025-07-16T11:59:39.088Z: Processing chunk 351 with 50000 rows...
2025-07-16T11:59:39.280Z: Chunk 351 complete: 46178 valid, 0 invalid, 42480 unique
2025-07-16T11:59:39.280Z: Progress: 17,600,001 rows processed (72467 rows/sec)
2025-07-16T11:59:39.779Z: Processing chunk 352 with 50000 rows...
2025-07-16T11:59:39.974Z: Chunk 352 complete: 48448 valid, 0 invalid, 46135 unique
2025-07-16T11:59:39.974Z: Progress: 17,650,001 rows processed (72466 rows/sec)
2025-07-16T11:59:40.481Z: Processing chunk 353 with 50000 rows...
2025-07-16T11:59:40.675Z: Chunk 353 complete: 47458 valid, 0 invalid, 45269 unique
2025-07-16T11:59:40.675Z: Progress: 17,700,001 rows processed (72462 rows/sec)
2025-07-16T11:59:41.239Z: Processing chunk 354 with 50000 rows...
2025-07-16T11:59:41.436Z: Chunk 354 complete: 47483 valid, 0 invalid, 45350 unique
2025-07-16T11:59:41.437Z: Progress: 17,750,001 rows processed (72441 rows/sec)
2025-07-16T11:59:41.947Z: Processing chunk 355 with 50000 rows...
2025-07-16T11:59:42.142Z: Chunk 355 complete: 49371 valid, 0 invalid, 46851 unique
2025-07-16T11:59:42.142Z: Progress: 17,800,001 rows processed (72437 rows/sec)
2025-07-16T11:59:42.691Z: Processing chunk 356 with 50000 rows...
2025-07-16T11:59:42.891Z: Chunk 356 complete: 46880 valid, 0 invalid, 44287 unique
2025-07-16T11:59:42.891Z: Progress: 17,850,001 rows processed (72419 rows/sec)
2025-07-16T11:59:43.439Z: Processing chunk 357 with 50000 rows...
2025-07-16T11:59:43.637Z: Chunk 357 complete: 46791 valid, 0 invalid, 44148 unique
2025-07-16T11:59:43.638Z: Progress: 17,900,001 rows processed (72403 rows/sec)
2025-07-16T11:59:44.146Z: Processing chunk 358 with 50000 rows...
2025-07-16T11:59:44.340Z: Chunk 358 complete: 48491 valid, 0 invalid, 46872 unique
2025-07-16T11:59:44.340Z: Progress: 17,950,001 rows processed (72399 rows/sec)
2025-07-16T11:59:44.903Z: Processing chunk 359 with 50000 rows...
2025-07-16T11:59:45.094Z: Chunk 359 complete: 47363 valid, 0 invalid, 38756 unique
2025-07-16T11:59:45.094Z: Progress: 18,000,001 rows processed (72381 rows/sec)
2025-07-16T11:59:45.621Z: Processing chunk 360 with 50000 rows...
2025-07-16T11:59:45.814Z: Chunk 360 complete: 43804 valid, 0 invalid, 39426 unique
2025-07-16T11:59:45.814Z: Progress: 18,050,001 rows processed (72373 rows/sec)
2025-07-16T11:59:46.334Z: Processing chunk 361 with 50000 rows...
2025-07-16T11:59:46.525Z: Chunk 361 complete: 48384 valid, 0 invalid, 43772 unique
2025-07-16T11:59:46.525Z: Progress: 18,100,001 rows processed (72367 rows/sec)
2025-07-16T11:59:47.034Z: Processing chunk 362 with 50000 rows...
2025-07-16T11:59:47.228Z: Chunk 362 complete: 45766 valid, 0 invalid, 42107 unique
2025-07-16T11:59:47.228Z: Progress: 18,150,001 rows processed (72363 rows/sec)
2025-07-16T11:59:47.757Z: Processing chunk 363 with 50000 rows...
2025-07-16T11:59:47.953Z: Chunk 363 complete: 48636 valid, 0 invalid, 44731 unique
2025-07-16T11:59:47.953Z: Progress: 18,200,001 rows processed (72353 rows/sec)
2025-07-16T11:59:48.472Z: Processing chunk 364 with 50000 rows...
2025-07-16T11:59:48.659Z: Chunk 364 complete: 47502 valid, 0 invalid, 41083 unique
2025-07-16T11:59:48.659Z: Progress: 18,250,001 rows processed (72349 rows/sec)
2025-07-16T11:59:49.178Z: Processing chunk 365 with 50000 rows...
2025-07-16T11:59:49.365Z: Chunk 365 complete: 46250 valid, 0 invalid, 38406 unique
2025-07-16T11:59:49.365Z: Progress: 18,300,001 rows processed (72345 rows/sec)
2025-07-16T11:59:49.866Z: Processing chunk 366 with 50000 rows...
2025-07-16T11:59:50.098Z: Chunk 366 complete: 45797 valid, 0 invalid, 36107 unique
2025-07-16T11:59:50.099Z: Progress: 18,350,001 rows processed (72333 rows/sec)
2025-07-16T11:59:50.629Z: Processing chunk 367 with 50000 rows...
2025-07-16T11:59:50.859Z: Chunk 367 complete: 45526 valid, 0 invalid, 41924 unique
2025-07-16T11:59:50.859Z: Progress: 18,400,001 rows processed (72313 rows/sec)
2025-07-16T11:59:51.375Z: Processing chunk 368 with 50000 rows...
2025-07-16T11:59:51.567Z: Chunk 368 complete: 48439 valid, 0 invalid, 46429 unique
2025-07-16T11:59:51.567Z: Progress: 18,450,001 rows processed (72308 rows/sec)
2025-07-16T11:59:52.089Z: Processing chunk 369 with 50000 rows...
2025-07-16T11:59:52.292Z: Chunk 369 complete: 47050 valid, 0 invalid, 44611 unique
2025-07-16T11:59:52.292Z: Progress: 18,500,001 rows processed (72299 rows/sec)
2025-07-16T11:59:52.839Z: Processing chunk 370 with 50000 rows...
2025-07-16T11:59:53.035Z: Chunk 370 complete: 47069 valid, 0 invalid, 44575 unique
2025-07-16T11:59:53.035Z: Progress: 18,550,001 rows processed (72284 rows/sec)
2025-07-16T11:59:53.532Z: Processing chunk 371 with 50000 rows...
2025-07-16T11:59:53.722Z: Chunk 371 complete: 49144 valid, 0 invalid, 46192 unique
2025-07-16T11:59:53.722Z: Progress: 18,600,001 rows processed (72286 rows/sec)
2025-07-16T11:59:54.242Z: Processing chunk 372 with 50000 rows...
2025-07-16T11:59:54.440Z: Chunk 372 complete: 45355 valid, 0 invalid, 41515 unique
2025-07-16T11:59:54.440Z: Progress: 18,650,001 rows processed (72278 rows/sec)
2025-07-16T11:59:54.971Z: Processing chunk 373 with 50000 rows...
2025-07-16T11:59:55.164Z: Chunk 373 complete: 48327 valid, 0 invalid, 44711 unique
2025-07-16T11:59:55.164Z: Progress: 18,700,001 rows processed (72269 rows/sec)
2025-07-16T11:59:55.638Z: Processing chunk 374 with 50000 rows...
2025-07-16T11:59:55.831Z: Chunk 374 complete: 46057 valid, 0 invalid, 42601 unique
2025-07-16T11:59:55.831Z: Progress: 18,750,001 rows processed (72276 rows/sec)
2025-07-16T11:59:56.318Z: Processing chunk 375 with 50000 rows...
2025-07-16T11:59:56.504Z: Chunk 375 complete: 48126 valid, 0 invalid, 42720 unique
2025-07-16T11:59:56.505Z: Progress: 18,800,001 rows processed (72281 rows/sec)
2025-07-16T11:59:56.987Z: Processing chunk 376 with 50000 rows...
2025-07-16T11:59:57.181Z: Chunk 376 complete: 46394 valid, 0 invalid, 43394 unique
2025-07-16T11:59:57.182Z: Progress: 18,850,001 rows processed (72285 rows/sec)
2025-07-16T11:59:57.692Z: Processing chunk 377 with 50000 rows...
2025-07-16T11:59:57.883Z: Chunk 377 complete: 47754 valid, 0 invalid, 41087 unique
2025-07-16T11:59:57.883Z: Progress: 18,900,001 rows processed (72283 rows/sec)
2025-07-16T11:59:58.346Z: Processing chunk 378 with 50000 rows...
2025-07-16T11:59:58.536Z: Chunk 378 complete: 44906 valid, 0 invalid, 40706 unique
2025-07-16T11:59:58.536Z: Progress: 18,950,001 rows processed (72293 rows/sec)
2025-07-16T11:59:59.059Z: Processing chunk 379 with 50000 rows...
2025-07-16T11:59:59.249Z: Chunk 379 complete: 47128 valid, 0 invalid, 43492 unique
2025-07-16T11:59:59.249Z: Progress: 19,000,001 rows processed (72288 rows/sec)
2025-07-16T11:59:59.756Z: Processing chunk 380 with 50000 rows...
2025-07-16T11:59:59.944Z: Chunk 380 complete: 46323 valid, 0 invalid, 41114 unique
2025-07-16T11:59:59.944Z: Progress: 19,050,001 rows processed (72287 rows/sec)
2025-07-16T12:00:00.431Z: Processing chunk 381 with 50000 rows...
2025-07-16T12:00:00.623Z: Chunk 381 complete: 44602 valid, 0 invalid, 40560 unique
2025-07-16T12:00:00.623Z: Progress: 19,100,001 rows processed (72290 rows/sec)
2025-07-16T12:00:01.104Z: Processing chunk 382 with 50000 rows...
2025-07-16T12:00:01.291Z: Chunk 382 complete: 46904 valid, 0 invalid, 41304 unique
2025-07-16T12:00:01.291Z: Progress: 19,150,001 rows processed (72297 rows/sec)
2025-07-16T12:00:01.783Z: Processing chunk 383 with 50000 rows...
2025-07-16T12:00:01.970Z: Chunk 383 complete: 45392 valid, 0 invalid, 40547 unique
2025-07-16T12:00:01.970Z: Progress: 19,200,001 rows processed (72300 rows/sec)
2025-07-16T12:00:02.486Z: Processing chunk 384 with 50000 rows...
2025-07-16T12:00:02.680Z: Chunk 384 complete: 48201 valid, 0 invalid, 46361 unique
2025-07-16T12:00:02.680Z: Progress: 19,250,001 rows processed (72295 rows/sec)
2025-07-16T12:00:03.166Z: Processing chunk 385 with 50000 rows...
2025-07-16T12:00:03.360Z: Chunk 385 complete: 47833 valid, 0 invalid, 46033 unique
2025-07-16T12:00:03.361Z: Progress: 19,300,001 rows processed (72298 rows/sec)
2025-07-16T12:00:03.858Z: Processing chunk 386 with 50000 rows...
2025-07-16T12:00:04.057Z: Chunk 386 complete: 47780 valid, 0 invalid, 45915 unique
2025-07-16T12:00:04.058Z: Progress: 19,350,001 rows processed (72296 rows/sec)
2025-07-16T12:00:04.548Z: Processing chunk 387 with 50000 rows...
2025-07-16T12:00:04.786Z: Chunk 387 complete: 47823 valid, 0 invalid, 45933 unique
2025-07-16T12:00:04.786Z: Progress: 19,400,001 rows processed (72287 rows/sec)
2025-07-16T12:00:05.272Z: Processing chunk 388 with 50000 rows...
2025-07-16T12:00:05.474Z: Chunk 388 complete: 48372 valid, 0 invalid, 46241 unique
2025-07-16T12:00:05.474Z: Progress: 19,450,001 rows processed (72288 rows/sec)
2025-07-16T12:00:06.000Z: Processing chunk 389 with 50000 rows...
2025-07-16T12:00:06.192Z: Chunk 389 complete: 48801 valid, 0 invalid, 47443 unique
2025-07-16T12:00:06.192Z: Progress: 19,500,001 rows processed (72281 rows/sec)
2025-07-16T12:00:06.773Z: Processing chunk 390 with 50000 rows...
2025-07-16T12:00:06.963Z: Chunk 390 complete: 46211 valid, 0 invalid, 43232 unique
2025-07-16T12:00:06.963Z: Progress: 19,550,001 rows processed (72259 rows/sec)
2025-07-16T12:00:07.479Z: Processing chunk 391 with 50000 rows...
2025-07-16T12:00:07.668Z: Chunk 391 complete: 46334 valid, 1 invalid, 41642 unique
2025-07-16T12:00:07.668Z: Progress: 19,600,001 rows processed (72256 rows/sec)
2025-07-16T12:00:08.171Z: Processing chunk 392 with 50000 rows...
2025-07-16T12:00:08.360Z: Chunk 392 complete: 47775 valid, 0 invalid, 45893 unique
2025-07-16T12:00:08.360Z: Progress: 19,650,001 rows processed (72256 rows/sec)
2025-07-16T12:00:08.874Z: Processing chunk 393 with 50000 rows...
2025-07-16T12:00:09.065Z: Chunk 393 complete: 44988 valid, 0 invalid, 40801 unique
2025-07-16T12:00:09.065Z: Progress: 19,700,001 rows processed (72252 rows/sec)
2025-07-16T12:00:09.563Z: Processing chunk 394 with 50000 rows...
2025-07-16T12:00:09.779Z: Chunk 394 complete: 48170 valid, 0 invalid, 43867 unique
2025-07-16T12:00:09.779Z: Progress: 19,750,001 rows processed (72247 rows/sec)
2025-07-16T12:00:10.281Z: Processing chunk 395 with 50000 rows...
2025-07-16T12:00:10.479Z: Chunk 395 complete: 46271 valid, 0 invalid, 40719 unique
2025-07-16T12:00:10.480Z: Progress: 19,800,001 rows processed (72244 rows/sec)
2025-07-16T12:00:10.997Z: Processing chunk 396 with 50000 rows...
2025-07-16T12:00:11.192Z: Chunk 396 complete: 45302 valid, 0 invalid, 41296 unique
2025-07-16T12:00:11.192Z: Progress: 19,850,001 rows processed (72239 rows/sec)
2025-07-16T12:00:11.714Z: Processing chunk 397 with 50000 rows...
2025-07-16T12:00:11.906Z: Chunk 397 complete: 46856 valid, 0 invalid, 43617 unique
2025-07-16T12:00:11.906Z: Progress: 19,900,001 rows processed (72233 rows/sec)
2025-07-16T12:00:12.377Z: Processing chunk 398 with 50000 rows...
2025-07-16T12:00:12.570Z: Chunk 398 complete: 46810 valid, 0 invalid, 43358 unique
2025-07-16T12:00:12.570Z: Progress: 19,950,001 rows processed (72241 rows/sec)
2025-07-16T12:00:13.098Z: Processing chunk 399 with 50000 rows...
2025-07-16T12:00:13.288Z: Chunk 399 complete: 48198 valid, 0 invalid, 44781 unique
2025-07-16T12:00:13.288Z: Progress: 20,000,001 rows processed (72234 rows/sec)
2025-07-16T12:00:13.768Z: Processing chunk 400 with 50000 rows...
2025-07-16T12:00:14.000Z: Chunk 400 complete: 46292 valid, 0 invalid, 41026 unique
2025-07-16T12:00:14.001Z: Progress: 20,050,001 rows processed (72229 rows/sec)
2025-07-16T12:00:14.477Z: Processing chunk 401 with 50000 rows...
2025-07-16T12:00:14.717Z: Chunk 401 complete: 49259 valid, 0 invalid, 48535 unique
2025-07-16T12:00:14.718Z: Progress: 20,100,001 rows processed (72222 rows/sec)
2025-07-16T12:00:15.371Z: Processing chunk 402 with 50000 rows...
2025-07-16T12:00:15.575Z: Chunk 402 complete: 48874 valid, 0 invalid, 47893 unique
2025-07-16T12:00:15.575Z: Progress: 20,150,001 rows processed (72180 rows/sec)
2025-07-16T12:00:16.121Z: Processing chunk 403 with 50000 rows...
2025-07-16T12:00:16.324Z: Chunk 403 complete: 48864 valid, 0 invalid, 47868 unique
2025-07-16T12:00:16.324Z: Progress: 20,200,001 rows processed (72165 rows/sec)
2025-07-16T12:00:16.787Z: Processing chunk 404 with 50000 rows...
2025-07-16T12:00:16.989Z: Chunk 404 complete: 48849 valid, 0 invalid, 47915 unique
2025-07-16T12:00:16.989Z: Progress: 20,250,001 rows processed (72172 rows/sec)
2025-07-16T12:00:17.483Z: Processing chunk 405 with 50000 rows...
2025-07-16T12:00:17.690Z: Chunk 405 complete: 48850 valid, 0 invalid, 47896 unique
2025-07-16T12:00:17.690Z: Progress: 20,300,001 rows processed (72170 rows/sec)
2025-07-16T12:00:18.183Z: Processing chunk 406 with 50000 rows...
2025-07-16T12:00:18.386Z: Chunk 406 complete: 48840 valid, 0 invalid, 47843 unique
2025-07-16T12:00:18.386Z: Progress: 20,350,001 rows processed (72169 rows/sec)
2025-07-16T12:00:18.864Z: Processing chunk 407 with 50000 rows...
2025-07-16T12:00:19.066Z: Chunk 407 complete: 48881 valid, 0 invalid, 47878 unique
2025-07-16T12:00:19.066Z: Progress: 20,400,001 rows processed (72173 rows/sec)
2025-07-16T12:00:19.572Z: Processing chunk 408 with 50000 rows...
2025-07-16T12:00:19.796Z: Chunk 408 complete: 48877 valid, 0 invalid, 47893 unique
2025-07-16T12:00:19.796Z: Progress: 20,450,001 rows processed (72163 rows/sec)
2025-07-16T12:00:20.394Z: Processing chunk 409 with 50000 rows...
2025-07-16T12:00:20.622Z: Chunk 409 complete: 49538 valid, 0 invalid, 48273 unique
2025-07-16T12:00:20.622Z: Progress: 20,500,001 rows processed (72129 rows/sec)
2025-07-16T12:00:21.192Z: Processing chunk 410 with 50000 rows...
2025-07-16T12:00:21.388Z: Chunk 410 complete: 49062 valid, 0 invalid, 48448 unique
2025-07-16T12:00:21.388Z: Progress: 20,550,001 rows processed (72111 rows/sec)
2025-07-16T12:00:21.877Z: Processing chunk 411 with 50000 rows...
2025-07-16T12:00:22.071Z: Chunk 411 complete: 49180 valid, 0 invalid, 48578 unique
2025-07-16T12:00:22.071Z: Progress: 20,600,001 rows processed (72113 rows/sec)
2025-07-16T12:00:22.580Z: Processing chunk 412 with 50000 rows...
2025-07-16T12:00:22.772Z: Chunk 412 complete: 45150 valid, 0 invalid, 41206 unique
2025-07-16T12:00:22.772Z: Progress: 20,650,001 rows processed (72112 rows/sec)
2025-07-16T12:00:23.250Z: Processing chunk 413 with 50000 rows...
2025-07-16T12:00:23.442Z: Chunk 413 complete: 48345 valid, 0 invalid, 46290 unique
2025-07-16T12:00:23.442Z: Progress: 20,700,001 rows processed (72117 rows/sec)
2025-07-16T12:00:23.959Z: Processing chunk 414 with 50000 rows...
2025-07-16T12:00:24.158Z: Chunk 414 complete: 46357 valid, 0 invalid, 43274 unique
2025-07-16T12:00:24.158Z: Progress: 20,750,001 rows processed (72112 rows/sec)
2025-07-16T12:00:24.653Z: Processing chunk 415 with 50000 rows...
2025-07-16T12:00:24.873Z: Chunk 415 complete: 48719 valid, 0 invalid, 46374 unique
2025-07-16T12:00:24.874Z: Progress: 20,800,001 rows processed (72106 rows/sec)
2025-07-16T12:00:25.340Z: Processing chunk 416 with 50000 rows...
2025-07-16T12:00:25.529Z: Chunk 416 complete: 45514 valid, 0 invalid, 39548 unique
2025-07-16T12:00:25.529Z: Progress: 20,850,001 rows processed (72116 rows/sec)
2025-07-16T12:00:25.999Z: Processing chunk 417 with 50000 rows...
2025-07-16T12:00:26.195Z: Chunk 417 complete: 47578 valid, 0 invalid, 45370 unique
2025-07-16T12:00:26.195Z: Progress: 20,900,001 rows processed (72122 rows/sec)
2025-07-16T12:00:26.730Z: Processing chunk 418 with 50000 rows...
2025-07-16T12:00:26.928Z: Chunk 418 complete: 46292 valid, 0 invalid, 43242 unique
2025-07-16T12:00:26.928Z: Progress: 20,950,001 rows processed (72113 rows/sec)
2025-07-16T12:00:27.406Z: Processing chunk 419 with 50000 rows...
2025-07-16T12:00:27.600Z: Chunk 419 complete: 48777 valid, 0 invalid, 44691 unique
2025-07-16T12:00:27.600Z: Progress: 21,000,001 rows processed (72118 rows/sec)
2025-07-16T12:00:28.092Z: Processing chunk 420 with 50000 rows...
2025-07-16T12:00:28.300Z: Chunk 420 complete: 46920 valid, 0 invalid, 44164 unique
2025-07-16T12:00:28.300Z: Progress: 21,050,001 rows processed (72116 rows/sec)
2025-07-16T12:00:28.806Z: Processing chunk 421 with 50000 rows...
2025-07-16T12:00:29.001Z: Chunk 421 complete: 46960 valid, 0 invalid, 44319 unique
2025-07-16T12:00:29.001Z: Progress: 21,100,001 rows processed (72114 rows/sec)
2025-07-16T12:00:29.487Z: Processing chunk 422 with 50000 rows...
2025-07-16T12:00:29.715Z: Chunk 422 complete: 48921 valid, 0 invalid, 46044 unique
2025-07-16T12:00:29.715Z: Progress: 21,150,001 rows processed (72109 rows/sec)
2025-07-16T12:00:30.240Z: Processing chunk 423 with 50000 rows...
2025-07-16T12:00:30.433Z: Chunk 423 complete: 47281 valid, 0 invalid, 42944 unique
2025-07-16T12:00:30.433Z: Progress: 21,200,001 rows processed (72103 rows/sec)
2025-07-16T12:00:30.910Z: Processing chunk 424 with 50000 rows...
2025-07-16T12:00:31.104Z: Chunk 424 complete: 45650 valid, 0 invalid, 42045 unique
2025-07-16T12:00:31.104Z: Progress: 21,250,001 rows processed (72109 rows/sec)
2025-07-16T12:00:31.682Z: Processing chunk 425 with 50000 rows...
2025-07-16T12:00:31.888Z: Chunk 425 complete: 48653 valid, 0 invalid, 44673 unique
2025-07-16T12:00:31.888Z: Progress: 21,300,001 rows processed (72087 rows/sec)
2025-07-16T12:00:32.377Z: Processing chunk 426 with 50000 rows...
2025-07-16T12:00:32.578Z: Chunk 426 complete: 45671 valid, 0 invalid, 41575 unique
2025-07-16T12:00:32.578Z: Progress: 21,350,001 rows processed (72087 rows/sec)
2025-07-16T12:00:33.109Z: Processing chunk 427 with 50000 rows...
2025-07-16T12:00:33.306Z: Chunk 427 complete: 48230 valid, 0 invalid, 46295 unique
2025-07-16T12:00:33.306Z: Progress: 21,400,001 rows processed (72079 rows/sec)
2025-07-16T12:00:33.815Z: Processing chunk 428 with 50000 rows...
2025-07-16T12:00:34.013Z: Chunk 428 complete: 46286 valid, 0 invalid, 43150 unique
2025-07-16T12:00:34.013Z: Progress: 21,450,001 rows processed (72076 rows/sec)
2025-07-16T12:00:34.517Z: Processing chunk 429 with 50000 rows...
2025-07-16T12:00:34.708Z: Chunk 429 complete: 48843 valid, 0 invalid, 45514 unique
2025-07-16T12:00:34.709Z: Progress: 21,500,001 rows processed (72075 rows/sec)
2025-07-16T12:00:35.186Z: Processing chunk 430 with 50000 rows...
2025-07-16T12:00:35.376Z: Chunk 430 complete: 46215 valid, 0 invalid, 41581 unique
2025-07-16T12:00:35.377Z: Progress: 21,550,001 rows processed (72082 rows/sec)
2025-07-16T12:00:35.882Z: Processing chunk 431 with 50000 rows...
2025-07-16T12:00:36.079Z: Chunk 431 complete: 46300 valid, 0 invalid, 39264 unique
2025-07-16T12:00:36.079Z: Progress: 21,600,001 rows processed (72080 rows/sec)
2025-07-16T12:00:36.541Z: Processing chunk 432 with 50000 rows...
2025-07-16T12:00:36.735Z: Chunk 432 complete: 45366 valid, 0 invalid, 40864 unique
2025-07-16T12:00:36.735Z: Progress: 21,650,001 rows processed (72089 rows/sec)
2025-07-16T12:00:37.240Z: Processing chunk 433 with 50000 rows...
2025-07-16T12:00:37.430Z: Chunk 433 complete: 47416 valid, 0 invalid, 43898 unique
2025-07-16T12:00:37.430Z: Progress: 21,700,001 rows processed (72088 rows/sec)
2025-07-16T12:00:37.955Z: Processing chunk 434 with 50000 rows...
2025-07-16T12:00:38.143Z: Chunk 434 complete: 48450 valid, 0 invalid, 44515 unique
2025-07-16T12:00:38.144Z: Progress: 21,750,001 rows processed (72083 rows/sec)
2025-07-16T12:00:38.628Z: Processing chunk 435 with 50000 rows...
2025-07-16T12:00:38.824Z: Chunk 435 complete: 46328 valid, 0 invalid, 43332 unique
2025-07-16T12:00:38.824Z: Progress: 21,800,001 rows processed (72087 rows/sec)
2025-07-16T12:00:39.362Z: Processing chunk 436 with 50000 rows...
2025-07-16T12:00:39.557Z: Chunk 436 complete: 48338 valid, 0 invalid, 43186 unique
2025-07-16T12:00:39.557Z: Progress: 21,850,001 rows processed (72077 rows/sec)
2025-07-16T12:00:40.070Z: Processing chunk 437 with 50000 rows...
2025-07-16T12:00:40.262Z: Chunk 437 complete: 44230 valid, 0 invalid, 38911 unique
2025-07-16T12:00:40.262Z: Progress: 21,900,001 rows processed (72075 rows/sec)
2025-07-16T12:00:40.765Z: Processing chunk 438 with 50000 rows...
2025-07-16T12:00:40.959Z: Chunk 438 complete: 45977 valid, 0 invalid, 42734 unique
2025-07-16T12:00:40.959Z: Progress: 21,950,001 rows processed (72074 rows/sec)
2025-07-16T12:00:41.426Z: Processing chunk 439 with 50000 rows...
2025-07-16T12:00:41.617Z: Chunk 439 complete: 47949 valid, 0 invalid, 42628 unique
2025-07-16T12:00:41.617Z: Progress: 22,000,001 rows processed (72082 rows/sec)
2025-07-16T12:00:42.106Z: Processing chunk 440 with 50000 rows...
2025-07-16T12:00:42.306Z: Chunk 440 complete: 45631 valid, 0 invalid, 41971 unique
2025-07-16T12:00:42.306Z: Progress: 22,050,001 rows processed (72083 rows/sec)
2025-07-16T12:00:42.844Z: Processing chunk 441 with 50000 rows...
2025-07-16T12:00:43.037Z: Chunk 441 complete: 47853 valid, 0 invalid, 44531 unique
2025-07-16T12:00:43.037Z: Progress: 22,100,001 rows processed (72075 rows/sec)
2025-07-16T12:00:43.577Z: Processing chunk 442 with 50000 rows...
2025-07-16T12:00:43.775Z: Chunk 442 complete: 48001 valid, 0 invalid, 44206 unique
2025-07-16T12:00:43.775Z: Progress: 22,150,001 rows processed (72064 rows/sec)
2025-07-16T12:00:44.290Z: Processing chunk 443 with 50000 rows...
2025-07-16T12:00:44.490Z: Chunk 443 complete: 46138 valid, 0 invalid, 42840 unique
2025-07-16T12:00:44.490Z: Progress: 22,200,001 rows processed (72059 rows/sec)
2025-07-16T12:00:44.999Z: Processing chunk 444 with 50000 rows...
2025-07-16T12:00:45.192Z: Chunk 444 complete: 48825 valid, 0 invalid, 45507 unique
2025-07-16T12:00:45.193Z: Progress: 22,250,001 rows processed (72057 rows/sec)
2025-07-16T12:00:45.681Z: Processing chunk 445 with 50000 rows...
2025-07-16T12:00:45.871Z: Chunk 445 complete: 45471 valid, 0 invalid, 39639 unique
2025-07-16T12:00:45.871Z: Progress: 22,300,001 rows processed (72061 rows/sec)
2025-07-16T12:00:46.384Z: Processing chunk 446 with 50000 rows...
2025-07-16T12:00:46.571Z: Chunk 446 complete: 45586 valid, 0 invalid, 40978 unique
2025-07-16T12:00:46.571Z: Progress: 22,350,001 rows processed (72059 rows/sec)
2025-07-16T12:00:47.051Z: Processing chunk 447 with 50000 rows...
2025-07-16T12:00:47.243Z: Chunk 447 complete: 46083 valid, 0 invalid, 42438 unique
2025-07-16T12:00:47.243Z: Progress: 22,400,001 rows processed (72064 rows/sec)
2025-07-16T12:00:47.749Z: Processing chunk 448 with 50000 rows...
2025-07-16T12:00:47.940Z: Chunk 448 complete: 47249 valid, 0 invalid, 43197 unique
2025-07-16T12:00:47.940Z: Progress: 22,450,001 rows processed (72064 rows/sec)
2025-07-16T12:00:48.473Z: Processing chunk 449 with 50000 rows...
2025-07-16T12:00:48.658Z: Chunk 449 complete: 47014 valid, 0 invalid, 39665 unique
2025-07-16T12:00:48.658Z: Progress: 22,500,001 rows processed (72058 rows/sec)
2025-07-16T12:00:49.173Z: Processing chunk 450 with 50000 rows...
2025-07-16T12:00:49.366Z: Chunk 450 complete: 45159 valid, 0 invalid, 41164 unique
2025-07-16T12:00:49.366Z: Progress: 22,550,001 rows processed (72055 rows/sec)
2025-07-16T12:00:49.869Z: Processing chunk 451 with 50000 rows...
2025-07-16T12:00:50.060Z: Chunk 451 complete: 48400 valid, 0 invalid, 44025 unique
2025-07-16T12:00:50.060Z: Progress: 22,600,001 rows processed (72055 rows/sec)
2025-07-16T12:00:50.627Z: Processing chunk 452 with 50000 rows...
2025-07-16T12:00:50.818Z: Chunk 452 complete: 47274 valid, 0 invalid, 39980 unique
2025-07-16T12:00:50.818Z: Progress: 22,650,001 rows processed (72040 rows/sec)
2025-07-16T12:00:51.326Z: Processing chunk 453 with 50000 rows...
2025-07-16T12:00:51.512Z: Chunk 453 complete: 46685 valid, 0 invalid, 39402 unique
2025-07-16T12:00:51.512Z: Progress: 22,700,001 rows processed (72040 rows/sec)
2025-07-16T12:00:52.052Z: Processing chunk 454 with 50000 rows...
2025-07-16T12:00:52.258Z: Chunk 454 complete: 45600 valid, 0 invalid, 41403 unique
2025-07-16T12:00:52.258Z: Progress: 22,750,001 rows processed (72028 rows/sec)
2025-07-16T12:00:52.763Z: Processing chunk 455 with 50000 rows...
2025-07-16T12:00:52.952Z: Chunk 455 complete: 47770 valid, 0 invalid, 42147 unique
2025-07-16T12:00:52.953Z: Progress: 22,800,001 rows processed (72028 rows/sec)
2025-07-16T12:00:53.467Z: Processing chunk 456 with 50000 rows...
2025-07-16T12:00:53.660Z: Chunk 456 complete: 46973 valid, 0 invalid, 41240 unique
2025-07-16T12:00:53.660Z: Progress: 22,850,001 rows processed (72025 rows/sec)
2025-07-16T12:00:54.167Z: Processing chunk 457 with 50000 rows...
2025-07-16T12:00:54.359Z: Chunk 457 complete: 46120 valid, 0 invalid, 42968 unique
2025-07-16T12:00:54.359Z: Progress: 22,900,001 rows processed (72024 rows/sec)
2025-07-16T12:00:54.842Z: Processing chunk 458 with 50000 rows...
2025-07-16T12:00:55.034Z: Chunk 458 complete: 47059 valid, 0 invalid, 42894 unique
2025-07-16T12:00:55.034Z: Progress: 22,950,001 rows processed (72028 rows/sec)
2025-07-16T12:00:55.525Z: Processing chunk 459 with 50000 rows...
2025-07-16T12:00:55.711Z: Chunk 459 complete: 46735 valid, 0 invalid, 42605 unique
2025-07-16T12:00:55.711Z: Progress: 23,000,001 rows processed (72032 rows/sec)
2025-07-16T12:00:56.213Z: Processing chunk 460 with 50000 rows...
2025-07-16T12:00:56.394Z: Chunk 460 complete: 45382 valid, 0 invalid, 37696 unique
2025-07-16T12:00:56.394Z: Progress: 23,050,001 rows processed (72035 rows/sec)
2025-07-16T12:00:56.864Z: Processing chunk 461 with 50000 rows...
2025-07-16T12:00:57.048Z: Chunk 461 complete: 45077 valid, 0 invalid, 35552 unique
2025-07-16T12:00:57.048Z: Progress: 23,100,001 rows processed (72044 rows/sec)
2025-07-16T12:00:57.576Z: Processing chunk 462 with 50000 rows...
2025-07-16T12:00:57.768Z: Chunk 462 complete: 45311 valid, 0 invalid, 38792 unique
2025-07-16T12:00:57.768Z: Progress: 23,150,001 rows processed (72038 rows/sec)
2025-07-16T12:00:58.238Z: Processing chunk 463 with 50000 rows...
2025-07-16T12:00:58.427Z: Chunk 463 complete: 46981 valid, 0 invalid, 41264 unique
2025-07-16T12:00:58.427Z: Progress: 23,200,001 rows processed (72046 rows/sec)
2025-07-16T12:00:58.899Z: Processing chunk 464 with 50000 rows...
2025-07-16T12:00:59.088Z: Chunk 464 complete: 46025 valid, 0 invalid, 39287 unique
2025-07-16T12:00:59.088Z: Progress: 23,250,001 rows processed (72053 rows/sec)
2025-07-16T12:00:59.580Z: Processing chunk 465 with 50000 rows...
2025-07-16T12:00:59.793Z: Chunk 465 complete: 43805 valid, 0 invalid, 39618 unique
2025-07-16T12:00:59.793Z: Progress: 23,300,001 rows processed (72051 rows/sec)
2025-07-16T12:01:00.289Z: Processing chunk 466 with 50000 rows...
2025-07-16T12:01:00.481Z: Chunk 466 complete: 47910 valid, 0 invalid, 44163 unique
2025-07-16T12:01:00.481Z: Progress: 23,350,001 rows processed (72052 rows/sec)
2025-07-16T12:01:00.979Z: Processing chunk 467 with 50000 rows...
2025-07-16T12:01:01.182Z: Chunk 467 complete: 47235 valid, 0 invalid, 44928 unique
2025-07-16T12:01:01.183Z: Progress: 23,400,001 rows processed (72050 rows/sec)
2025-07-16T12:01:01.706Z: Processing chunk 468 with 50000 rows...
2025-07-16T12:01:01.905Z: Chunk 468 complete: 47423 valid, 0 invalid, 44954 unique
2025-07-16T12:01:01.905Z: Progress: 23,450,001 rows processed (72044 rows/sec)
2025-07-16T12:01:02.390Z: Processing chunk 469 with 50000 rows...
2025-07-16T12:01:02.585Z: Chunk 469 complete: 48852 valid, 0 invalid, 47523 unique
2025-07-16T12:01:02.585Z: Progress: 23,500,001 rows processed (72047 rows/sec)
2025-07-16T12:01:03.077Z: Processing chunk 470 with 50000 rows...
2025-07-16T12:01:03.276Z: Chunk 470 complete: 46361 valid, 0 invalid, 43218 unique
2025-07-16T12:01:03.276Z: Progress: 23,550,001 rows processed (72048 rows/sec)
2025-07-16T12:01:03.747Z: Processing chunk 471 with 50000 rows...
2025-07-16T12:01:03.970Z: Chunk 471 complete: 48069 valid, 0 invalid, 44511 unique
2025-07-16T12:01:03.970Z: Progress: 23,600,001 rows processed (72048 rows/sec)
2025-07-16T12:01:04.464Z: Processing chunk 472 with 50000 rows...
2025-07-16T12:01:04.646Z: Chunk 472 complete: 43808 valid, 0 invalid, 37907 unique
2025-07-16T12:01:04.647Z: Progress: 23,650,001 rows processed (72052 rows/sec)
2025-07-16T12:01:05.133Z: Processing chunk 473 with 50000 rows...
2025-07-16T12:01:05.321Z: Chunk 473 complete: 46385 valid, 0 invalid, 42624 unique
2025-07-16T12:01:05.321Z: Progress: 23,700,001 rows processed (72056 rows/sec)
2025-07-16T12:01:05.866Z: Processing chunk 474 with 50000 rows...
2025-07-16T12:01:06.090Z: Chunk 474 complete: 47668 valid, 0 invalid, 40943 unique
2025-07-16T12:01:06.090Z: Progress: 23,750,001 rows processed (72040 rows/sec)
2025-07-16T12:01:06.580Z: Processing chunk 475 with 50000 rows...
2025-07-16T12:01:06.778Z: Chunk 475 complete: 46367 valid, 0 invalid, 43489 unique
2025-07-16T12:01:06.778Z: Progress: 23,800,001 rows processed (72041 rows/sec)
2025-07-16T12:01:07.273Z: Processing chunk 476 with 50000 rows...
2025-07-16T12:01:07.477Z: Chunk 476 complete: 46450 valid, 0 invalid, 43504 unique
2025-07-16T12:01:07.477Z: Progress: 23,850,001 rows processed (72040 rows/sec)
2025-07-16T12:01:08.014Z: Processing chunk 477 with 50000 rows...
2025-07-16T12:01:08.203Z: Chunk 477 complete: 48552 valid, 0 invalid, 44152 unique
2025-07-16T12:01:08.203Z: Progress: 23,900,001 rows processed (72033 rows/sec)
2025-07-16T12:01:08.704Z: Processing chunk 478 with 50000 rows...
2025-07-16T12:01:08.891Z: Chunk 478 complete: 46027 valid, 0 invalid, 39120 unique
2025-07-16T12:01:08.891Z: Progress: 23,950,001 rows processed (72034 rows/sec)
2025-07-16T12:01:09.394Z: Processing chunk 479 with 50000 rows...
2025-07-16T12:01:09.583Z: Chunk 479 complete: 43663 valid, 0 invalid, 37813 unique
2025-07-16T12:01:09.584Z: Progress: 24,000,001 rows processed (72034 rows/sec)
2025-07-16T12:01:10.073Z: Processing chunk 480 with 50000 rows...
2025-07-16T12:01:10.262Z: Chunk 480 complete: 46214 valid, 0 invalid, 42864 unique
2025-07-16T12:01:10.262Z: Progress: 24,050,001 rows processed (72038 rows/sec)
2025-07-16T12:01:10.738Z: Processing chunk 481 with 50000 rows...
2025-07-16T12:01:10.923Z: Chunk 481 complete: 47412 valid, 0 invalid, 43067 unique
2025-07-16T12:01:10.923Z: Progress: 24,100,001 rows processed (72045 rows/sec)
2025-07-16T12:01:11.429Z: Processing chunk 482 with 50000 rows...
2025-07-16T12:01:11.612Z: Chunk 482 complete: 46864 valid, 0 invalid, 40839 unique
2025-07-16T12:01:11.612Z: Progress: 24,150,001 rows processed (72046 rows/sec)
2025-07-16T12:01:12.136Z: Processing chunk 483 with 50000 rows...
2025-07-16T12:01:12.323Z: Chunk 483 complete: 45857 valid, 0 invalid, 40638 unique
2025-07-16T12:01:12.323Z: Progress: 24,200,001 rows processed (72042 rows/sec)
2025-07-16T12:01:12.796Z: Processing chunk 484 with 41910 rows...
2025-07-16T12:01:12.957Z: Chunk 484 complete: 38832 valid, 0 invalid, 36037 unique
2025-07-16T12:01:12.957Z: Starting ultra-optimized streaming merge...
2025-07-16T12:01:12.957Z: Merging chunk file 1/485: chunk_0.csv
2025-07-16T12:01:12.990Z: Merging chunk file 2/485: chunk_1.csv
2025-07-16T12:01:13.031Z: Merging chunk file 3/485: chunk_2.csv
2025-07-16T12:01:13.042Z: Written 100,000 unique records...
2025-07-16T12:01:13.064Z: Merging chunk file 4/485: chunk_3.csv
2025-07-16T12:01:13.096Z: Merging chunk file 5/485: chunk_4.csv
2025-07-16T12:01:13.108Z: Written 200,000 unique records...
2025-07-16T12:01:13.134Z: Merging chunk file 6/485: chunk_5.csv
2025-07-16T12:01:13.186Z: Merging chunk file 7/485: chunk_6.csv
2025-07-16T12:01:13.208Z: Written 300,000 unique records...
2025-07-16T12:01:13.219Z: Merging chunk file 8/485: chunk_7.csv
2025-07-16T12:01:13.258Z: Merging chunk file 9/485: chunk_8.csv
2025-07-16T12:01:13.280Z: Written 400,000 unique records...
2025-07-16T12:01:13.285Z: Merging chunk file 10/485: chunk_9.csv
2025-07-16T12:01:13.327Z: Merging chunk file 11/485: chunk_10.csv
2025-07-16T12:01:13.351Z: Merging chunk file 12/485: chunk_11.csv
2025-07-16T12:01:13.356Z: Written 500,000 unique records...
2025-07-16T12:01:13.391Z: Merging chunk file 13/485: chunk_12.csv
2025-07-16T12:01:13.422Z: Merging chunk file 14/485: chunk_13.csv
2025-07-16T12:01:13.437Z: Written 600,000 unique records...
2025-07-16T12:01:13.452Z: Merging chunk file 15/485: chunk_14.csv
2025-07-16T12:01:13.513Z: Merging chunk file 16/485: chunk_15.csv
2025-07-16T12:01:13.542Z: Merging chunk file 17/485: chunk_16.csv
2025-07-16T12:01:13.543Z: Written 700,000 unique records...
2025-07-16T12:01:13.567Z: Merging chunk file 18/485: chunk_17.csv
2025-07-16T12:01:13.593Z: Merging chunk file 19/485: chunk_18.csv
2025-07-16T12:01:13.603Z: Written 800,000 unique records...
2025-07-16T12:01:13.620Z: Merging chunk file 20/485: chunk_19.csv
2025-07-16T12:01:13.647Z: Merging chunk file 21/485: chunk_20.csv
2025-07-16T12:01:13.662Z: Written 900,000 unique records...
2025-07-16T12:01:13.671Z: Merging chunk file 22/485: chunk_21.csv
2025-07-16T12:01:13.694Z: Merging chunk file 23/485: chunk_22.csv
2025-07-16T12:01:13.725Z: Merging chunk file 24/485: chunk_23.csv
2025-07-16T12:01:13.735Z: Written 1,000,000 unique records...
2025-07-16T12:01:13.779Z: Merging chunk file 25/485: chunk_24.csv
2025-07-16T12:01:13.810Z: Merging chunk file 26/485: chunk_25.csv
2025-07-16T12:01:13.821Z: Written 1,100,000 unique records...
2025-07-16T12:01:13.837Z: Merging chunk file 27/485: chunk_26.csv
2025-07-16T12:01:13.864Z: Merging chunk file 28/485: chunk_27.csv
2025-07-16T12:01:13.885Z: Written 1,200,000 unique records...
2025-07-16T12:01:13.892Z: Merging chunk file 29/485: chunk_28.csv
2025-07-16T12:01:13.918Z: Merging chunk file 30/485: chunk_29.csv
2025-07-16T12:01:13.946Z: Merging chunk file 31/485: chunk_30.csv
2025-07-16T12:01:13.951Z: Written 1,300,000 unique records...
2025-07-16T12:01:13.972Z: Merging chunk file 32/485: chunk_31.csv
2025-07-16T12:01:14.017Z: Merging chunk file 33/485: chunk_32.csv
2025-07-16T12:01:14.032Z: Written 1,400,000 unique records...
2025-07-16T12:01:14.050Z: Merging chunk file 34/485: chunk_33.csv
2025-07-16T12:01:14.076Z: Merging chunk file 35/485: chunk_34.csv
2025-07-16T12:01:14.097Z: Written 1,500,000 unique records...
2025-07-16T12:01:14.107Z: Merging chunk file 36/485: chunk_35.csv
2025-07-16T12:01:14.136Z: Merging chunk file 37/485: chunk_36.csv
2025-07-16T12:01:14.162Z: Merging chunk file 38/485: chunk_37.csv
2025-07-16T12:01:14.165Z: Written 1,600,000 unique records...
2025-07-16T12:01:14.193Z: Merging chunk file 39/485: chunk_38.csv
2025-07-16T12:01:14.225Z: Merging chunk file 40/485: chunk_39.csv
2025-07-16T12:01:14.231Z: Written 1,700,000 unique records...
2025-07-16T12:01:14.278Z: Merging chunk file 41/485: chunk_40.csv
2025-07-16T12:01:14.328Z: Merging chunk file 42/485: chunk_41.csv
2025-07-16T12:01:14.336Z: Written 1,800,000 unique records...
2025-07-16T12:01:14.355Z: Merging chunk file 43/485: chunk_42.csv
2025-07-16T12:01:14.383Z: Merging chunk file 44/485: chunk_43.csv
2025-07-16T12:01:14.396Z: Written 1,900,000 unique records...
2025-07-16T12:01:14.419Z: Merging chunk file 45/485: chunk_44.csv
2025-07-16T12:01:14.451Z: Merging chunk file 46/485: chunk_45.csv
2025-07-16T12:01:14.466Z: Written 2,000,000 unique records...
2025-07-16T12:01:14.479Z: Merging chunk file 47/485: chunk_46.csv
2025-07-16T12:01:14.505Z: Merging chunk file 48/485: chunk_47.csv
2025-07-16T12:01:14.533Z: Written 2,100,000 unique records...
2025-07-16T12:01:14.549Z: Merging chunk file 49/485: chunk_48.csv
2025-07-16T12:01:14.595Z: Merging chunk file 50/485: chunk_49.csv
2025-07-16T12:01:14.618Z: Merging chunk file 51/485: chunk_50.csv
2025-07-16T12:01:14.629Z: Written 2,200,000 unique records...
2025-07-16T12:01:14.647Z: Merging chunk file 52/485: chunk_51.csv
2025-07-16T12:01:14.675Z: Merging chunk file 53/485: chunk_52.csv
2025-07-16T12:01:14.698Z: Written 2,300,000 unique records...
2025-07-16T12:01:14.707Z: Merging chunk file 54/485: chunk_53.csv
2025-07-16T12:01:14.744Z: Merging chunk file 55/485: chunk_54.csv
2025-07-16T12:01:14.778Z: Merging chunk file 56/485: chunk_55.csv
2025-07-16T12:01:14.784Z: Written 2,400,000 unique records...
2025-07-16T12:01:14.817Z: Merging chunk file 57/485: chunk_56.csv
2025-07-16T12:01:14.881Z: Merging chunk file 58/485: chunk_57.csv
2025-07-16T12:01:14.902Z: Written 2,500,000 unique records...
2025-07-16T12:01:14.910Z: Merging chunk file 59/485: chunk_58.csv
2025-07-16T12:01:14.936Z: Merging chunk file 60/485: chunk_59.csv
2025-07-16T12:01:14.963Z: Merging chunk file 61/485: chunk_60.csv
2025-07-16T12:01:14.967Z: Written 2,600,000 unique records...
2025-07-16T12:01:14.990Z: Merging chunk file 62/485: chunk_61.csv
2025-07-16T12:01:15.016Z: Merging chunk file 63/485: chunk_62.csv
2025-07-16T12:01:15.028Z: Written 2,700,000 unique records...
2025-07-16T12:01:15.045Z: Merging chunk file 64/485: chunk_63.csv
2025-07-16T12:01:15.079Z: Merging chunk file 65/485: chunk_64.csv
2025-07-16T12:01:15.103Z: Written 2,800,000 unique records...
2025-07-16T12:01:15.110Z: Merging chunk file 66/485: chunk_65.csv
2025-07-16T12:01:15.168Z: Merging chunk file 67/485: chunk_66.csv
2025-07-16T12:01:15.195Z: Merging chunk file 68/485: chunk_67.csv
2025-07-16T12:01:15.198Z: Written 2,900,000 unique records...
2025-07-16T12:01:15.219Z: Merging chunk file 69/485: chunk_68.csv
2025-07-16T12:01:15.246Z: Merging chunk file 70/485: chunk_69.csv
2025-07-16T12:01:15.261Z: Written 3,000,000 unique records...
2025-07-16T12:01:15.273Z: Merging chunk file 71/485: chunk_70.csv
2025-07-16T12:01:15.299Z: Merging chunk file 72/485: chunk_71.csv
2025-07-16T12:01:15.317Z: Written 3,100,000 unique records...
2025-07-16T12:01:15.324Z: Merging chunk file 73/485: chunk_72.csv
2025-07-16T12:01:15.349Z: Merging chunk file 74/485: chunk_73.csv
2025-07-16T12:01:15.372Z: Merging chunk file 75/485: chunk_74.csv
2025-07-16T12:01:15.378Z: Written 3,200,000 unique records...
2025-07-16T12:01:15.434Z: Merging chunk file 76/485: chunk_75.csv
2025-07-16T12:01:15.457Z: Merging chunk file 77/485: chunk_76.csv
2025-07-16T12:01:15.467Z: Written 3,300,000 unique records...
2025-07-16T12:01:15.480Z: Merging chunk file 78/485: chunk_77.csv
2025-07-16T12:01:15.501Z: Merging chunk file 79/485: chunk_78.csv
2025-07-16T12:01:15.523Z: Merging chunk file 80/485: chunk_79.csv
2025-07-16T12:01:15.524Z: Written 3,400,000 unique records...
2025-07-16T12:01:15.545Z: Merging chunk file 81/485: chunk_80.csv
2025-07-16T12:01:15.570Z: Merging chunk file 82/485: chunk_81.csv
2025-07-16T12:01:15.587Z: Written 3,500,000 unique records...
2025-07-16T12:01:15.602Z: Merging chunk file 83/485: chunk_82.csv
2025-07-16T12:01:15.625Z: Merging chunk file 84/485: chunk_83.csv
2025-07-16T12:01:15.677Z: Written 3,600,000 unique records...
2025-07-16T12:01:15.684Z: Merging chunk file 85/485: chunk_84.csv
2025-07-16T12:01:15.706Z: Merging chunk file 86/485: chunk_85.csv
2025-07-16T12:01:15.728Z: Merging chunk file 87/485: chunk_86.csv
2025-07-16T12:01:15.733Z: Written 3,700,000 unique records...
2025-07-16T12:01:15.753Z: Merging chunk file 88/485: chunk_87.csv
2025-07-16T12:01:15.777Z: Merging chunk file 89/485: chunk_88.csv
2025-07-16T12:01:15.788Z: Written 3,800,000 unique records...
2025-07-16T12:01:15.802Z: Merging chunk file 90/485: chunk_89.csv
2025-07-16T12:01:15.826Z: Merging chunk file 91/485: chunk_90.csv
2025-07-16T12:01:15.844Z: Written 3,900,000 unique records...
2025-07-16T12:01:15.851Z: Merging chunk file 92/485: chunk_91.csv
2025-07-16T12:01:15.911Z: Merging chunk file 93/485: chunk_92.csv
2025-07-16T12:01:15.935Z: Written 4,000,000 unique records...
2025-07-16T12:01:15.935Z: Merging chunk file 94/485: chunk_93.csv
2025-07-16T12:01:15.959Z: Merging chunk file 95/485: chunk_94.csv
2025-07-16T12:01:15.980Z: Merging chunk file 96/485: chunk_95.csv
2025-07-16T12:01:15.991Z: Written 4,100,000 unique records...
2025-07-16T12:01:16.008Z: Merging chunk file 97/485: chunk_96.csv
2025-07-16T12:01:16.033Z: Merging chunk file 98/485: chunk_97.csv
2025-07-16T12:01:16.049Z: Written 4,200,000 unique records...
2025-07-16T12:01:16.058Z: Merging chunk file 99/485: chunk_98.csv
2025-07-16T12:01:16.084Z: Merging chunk file 100/485: chunk_99.csv
2025-07-16T12:01:16.107Z: Written 4,300,000 unique records...
2025-07-16T12:01:16.114Z: Merging chunk file 101/485: chunk_100.csv
2025-07-16T12:01:16.169Z: Merging chunk file 102/485: chunk_101.csv
2025-07-16T12:01:16.192Z: Merging chunk file 103/485: chunk_102.csv
2025-07-16T12:01:16.198Z: Written 4,400,000 unique records...
2025-07-16T12:01:16.216Z: Merging chunk file 104/485: chunk_103.csv
2025-07-16T12:01:16.240Z: Merging chunk file 105/485: chunk_104.csv
2025-07-16T12:01:16.254Z: Written 4,500,000 unique records...
2025-07-16T12:01:16.263Z: Merging chunk file 106/485: chunk_105.csv
2025-07-16T12:01:16.289Z: Merging chunk file 107/485: chunk_106.csv
2025-07-16T12:01:16.311Z: Written 4,600,000 unique records...
2025-07-16T12:01:16.315Z: Merging chunk file 108/485: chunk_107.csv
2025-07-16T12:01:16.343Z: Merging chunk file 109/485: chunk_108.csv
2025-07-16T12:01:16.401Z: Merging chunk file 110/485: chunk_109.csv
2025-07-16T12:01:16.405Z: Written 4,700,000 unique records...
2025-07-16T12:01:16.428Z: Merging chunk file 111/485: chunk_110.csv
2025-07-16T12:01:16.454Z: Merging chunk file 112/485: chunk_111.csv
2025-07-16T12:01:16.464Z: Written 4,800,000 unique records...
2025-07-16T12:01:16.482Z: Merging chunk file 113/485: chunk_112.csv
2025-07-16T12:01:16.511Z: Merging chunk file 114/485: chunk_113.csv
2025-07-16T12:01:16.524Z: Written 4,900,000 unique records...
2025-07-16T12:01:16.537Z: Merging chunk file 115/485: chunk_114.csv
2025-07-16T12:01:16.566Z: Merging chunk file 116/485: chunk_115.csv
2025-07-16T12:01:16.586Z: Written 5,000,000 unique records...
2025-07-16T12:01:16.595Z: Merging chunk file 117/485: chunk_116.csv
2025-07-16T12:01:16.661Z: Merging chunk file 118/485: chunk_117.csv
2025-07-16T12:01:16.683Z: Written 5,100,000 unique records...
2025-07-16T12:01:16.685Z: Merging chunk file 119/485: chunk_118.csv
2025-07-16T12:01:16.709Z: Merging chunk file 120/485: chunk_119.csv
2025-07-16T12:01:16.733Z: Merging chunk file 121/485: chunk_120.csv
2025-07-16T12:01:16.742Z: Written 5,200,000 unique records...
2025-07-16T12:01:16.763Z: Merging chunk file 122/485: chunk_121.csv
2025-07-16T12:01:16.793Z: Merging chunk file 123/485: chunk_122.csv
2025-07-16T12:01:16.808Z: Written 5,300,000 unique records...
2025-07-16T12:01:16.820Z: Merging chunk file 124/485: chunk_123.csv
2025-07-16T12:01:16.845Z: Merging chunk file 125/485: chunk_124.csv
2025-07-16T12:01:16.879Z: Written 5,400,000 unique records...
2025-07-16T12:01:16.882Z: Merging chunk file 126/485: chunk_125.csv
2025-07-16T12:01:16.925Z: Merging chunk file 127/485: chunk_126.csv
2025-07-16T12:01:16.953Z: Merging chunk file 128/485: chunk_127.csv
2025-07-16T12:01:16.963Z: Written 5,500,000 unique records...
2025-07-16T12:01:16.980Z: Merging chunk file 129/485: chunk_128.csv
2025-07-16T12:01:17.008Z: Merging chunk file 130/485: chunk_129.csv
2025-07-16T12:01:17.030Z: Written 5,600,000 unique records...
2025-07-16T12:01:17.037Z: Merging chunk file 131/485: chunk_130.csv
2025-07-16T12:01:17.064Z: Merging chunk file 132/485: chunk_131.csv
2025-07-16T12:01:17.090Z: Merging chunk file 133/485: chunk_132.csv
2025-07-16T12:01:17.094Z: Written 5,700,000 unique records...
2025-07-16T12:01:17.116Z: Merging chunk file 134/485: chunk_133.csv
2025-07-16T12:01:17.177Z: Merging chunk file 135/485: chunk_134.csv
2025-07-16T12:01:17.191Z: Written 5,800,000 unique records...
2025-07-16T12:01:17.204Z: Merging chunk file 136/485: chunk_135.csv
2025-07-16T12:01:17.228Z: Merging chunk file 137/485: chunk_136.csv
2025-07-16T12:01:17.247Z: Written 5,900,000 unique records...
2025-07-16T12:01:17.252Z: Merging chunk file 138/485: chunk_137.csv
2025-07-16T12:01:17.275Z: Merging chunk file 139/485: chunk_138.csv
2025-07-16T12:01:17.298Z: Merging chunk file 140/485: chunk_139.csv
2025-07-16T12:01:17.303Z: Written 6,000,000 unique records...
2025-07-16T12:01:17.324Z: Merging chunk file 141/485: chunk_140.csv
2025-07-16T12:01:17.348Z: Merging chunk file 142/485: chunk_141.csv
2025-07-16T12:01:17.358Z: Written 6,100,000 unique records...
2025-07-16T12:01:17.374Z: Merging chunk file 143/485: chunk_142.csv
2025-07-16T12:01:17.437Z: Merging chunk file 144/485: chunk_143.csv
2025-07-16T12:01:17.456Z: Written 6,200,000 unique records...
2025-07-16T12:01:17.465Z: Merging chunk file 145/485: chunk_144.csv
2025-07-16T12:01:17.490Z: Merging chunk file 146/485: chunk_145.csv
2025-07-16T12:01:17.515Z: Written 6,300,000 unique records...
2025-07-16T12:01:17.517Z: Merging chunk file 147/485: chunk_146.csv
2025-07-16T12:01:17.545Z: Merging chunk file 148/485: chunk_147.csv
2025-07-16T12:01:17.569Z: Merging chunk file 149/485: chunk_148.csv
2025-07-16T12:01:17.574Z: Written 6,400,000 unique records...
2025-07-16T12:01:17.592Z: Merging chunk file 150/485: chunk_149.csv
2025-07-16T12:01:17.616Z: Merging chunk file 151/485: chunk_150.csv
2025-07-16T12:01:17.644Z: Written 6,500,000 unique records...
2025-07-16T12:01:17.673Z: Merging chunk file 152/485: chunk_151.csv
2025-07-16T12:01:17.698Z: Merging chunk file 153/485: chunk_152.csv
2025-07-16T12:01:17.723Z: Merging chunk file 154/485: chunk_153.csv
2025-07-16T12:01:17.738Z: Written 6,600,000 unique records...
2025-07-16T12:01:17.767Z: Merging chunk file 155/485: chunk_154.csv
2025-07-16T12:01:17.792Z: Merging chunk file 156/485: chunk_155.csv
2025-07-16T12:01:17.804Z: Written 6,700,000 unique records...
2025-07-16T12:01:17.817Z: Merging chunk file 157/485: chunk_156.csv
2025-07-16T12:01:17.841Z: Merging chunk file 158/485: chunk_157.csv
2025-07-16T12:01:17.862Z: Written 6,800,000 unique records...
2025-07-16T12:01:17.864Z: Merging chunk file 159/485: chunk_158.csv
2025-07-16T12:01:17.885Z: Merging chunk file 160/485: chunk_159.csv
2025-07-16T12:01:17.940Z: Merging chunk file 161/485: chunk_160.csv
2025-07-16T12:01:17.955Z: Written 6,900,000 unique records...
2025-07-16T12:01:17.967Z: Merging chunk file 162/485: chunk_161.csv
2025-07-16T12:01:17.994Z: Merging chunk file 163/485: chunk_162.csv
2025-07-16T12:01:18.015Z: Written 7,000,000 unique records...
2025-07-16T12:01:18.019Z: Merging chunk file 164/485: chunk_163.csv
2025-07-16T12:01:18.042Z: Merging chunk file 165/485: chunk_164.csv
2025-07-16T12:01:18.067Z: Merging chunk file 166/485: chunk_165.csv
2025-07-16T12:01:18.074Z: Written 7,100,000 unique records...
2025-07-16T12:01:18.089Z: Merging chunk file 167/485: chunk_166.csv
2025-07-16T12:01:18.114Z: Merging chunk file 168/485: chunk_167.csv
2025-07-16T12:01:18.130Z: Written 7,200,000 unique records...
2025-07-16T12:01:18.139Z: Merging chunk file 169/485: chunk_168.csv
2025-07-16T12:01:18.198Z: Merging chunk file 170/485: chunk_169.csv
2025-07-16T12:01:18.220Z: Written 7,300,000 unique records...
2025-07-16T12:01:18.223Z: Merging chunk file 171/485: chunk_170.csv
2025-07-16T12:01:18.246Z: Merging chunk file 172/485: chunk_171.csv
2025-07-16T12:01:18.269Z: Merging chunk file 173/485: chunk_172.csv
2025-07-16T12:01:18.279Z: Written 7,400,000 unique records...
2025-07-16T12:01:18.300Z: Merging chunk file 174/485: chunk_173.csv
2025-07-16T12:01:18.326Z: Merging chunk file 175/485: chunk_174.csv
2025-07-16T12:01:18.343Z: Written 7,500,000 unique records...
2025-07-16T12:01:18.355Z: Merging chunk file 176/485: chunk_175.csv
2025-07-16T12:01:18.382Z: Merging chunk file 177/485: chunk_176.csv
2025-07-16T12:01:18.403Z: Written 7,600,000 unique records...
2025-07-16T12:01:18.420Z: Merging chunk file 178/485: chunk_177.csv
2025-07-16T12:01:18.472Z: Merging chunk file 179/485: chunk_178.csv
2025-07-16T12:01:18.494Z: Merging chunk file 180/485: chunk_179.csv
2025-07-16T12:01:18.495Z: Written 7,700,000 unique records...
2025-07-16T12:01:18.518Z: Merging chunk file 181/485: chunk_180.csv
2025-07-16T12:01:18.540Z: Merging chunk file 182/485: chunk_181.csv
2025-07-16T12:01:18.551Z: Written 7,800,000 unique records...
2025-07-16T12:01:18.566Z: Merging chunk file 183/485: chunk_182.csv
2025-07-16T12:01:18.592Z: Merging chunk file 184/485: chunk_183.csv
2025-07-16T12:01:18.606Z: Written 7,900,000 unique records...
2025-07-16T12:01:18.619Z: Merging chunk file 185/485: chunk_184.csv
2025-07-16T12:01:18.647Z: Merging chunk file 186/485: chunk_185.csv
2025-07-16T12:01:18.697Z: Written 8,000,000 unique records...
2025-07-16T12:01:18.708Z: Merging chunk file 187/485: chunk_186.csv
2025-07-16T12:01:18.731Z: Merging chunk file 188/485: chunk_187.csv
2025-07-16T12:01:18.756Z: Merging chunk file 189/485: chunk_188.csv
2025-07-16T12:01:18.756Z: Written 8,100,000 unique records...
2025-07-16T12:01:18.781Z: Merging chunk file 190/485: chunk_189.csv
2025-07-16T12:01:18.807Z: Merging chunk file 191/485: chunk_190.csv
2025-07-16T12:01:18.814Z: Written 8,200,000 unique records...
2025-07-16T12:01:18.831Z: Merging chunk file 192/485: chunk_191.csv
2025-07-16T12:01:18.856Z: Merging chunk file 193/485: chunk_192.csv
2025-07-16T12:01:18.871Z: Written 8,300,000 unique records...
2025-07-16T12:01:18.882Z: Merging chunk file 194/485: chunk_193.csv
2025-07-16T12:01:18.939Z: Merging chunk file 195/485: chunk_194.csv
2025-07-16T12:01:18.961Z: Written 8,400,000 unique records...
2025-07-16T12:01:18.966Z: Merging chunk file 196/485: chunk_195.csv
2025-07-16T12:01:18.990Z: Merging chunk file 197/485: chunk_196.csv
2025-07-16T12:01:19.015Z: Merging chunk file 198/485: chunk_197.csv
2025-07-16T12:01:19.020Z: Written 8,500,000 unique records...
2025-07-16T12:01:19.043Z: Merging chunk file 199/485: chunk_198.csv
2025-07-16T12:01:19.071Z: Merging chunk file 200/485: chunk_199.csv
2025-07-16T12:01:19.083Z: Written 8,600,000 unique records...
2025-07-16T12:01:19.095Z: Merging chunk file 201/485: chunk_200.csv
2025-07-16T12:01:19.119Z: Merging chunk file 202/485: chunk_201.csv
2025-07-16T12:01:19.142Z: Written 8,700,000 unique records...
2025-07-16T12:01:19.144Z: Merging chunk file 203/485: chunk_202.csv
2025-07-16T12:01:19.205Z: Merging chunk file 204/485: chunk_203.csv
2025-07-16T12:01:19.231Z: Merging chunk file 205/485: chunk_204.csv
2025-07-16T12:01:19.243Z: Written 8,800,000 unique records...
2025-07-16T12:01:19.259Z: Merging chunk file 206/485: chunk_205.csv
2025-07-16T12:01:19.284Z: Merging chunk file 207/485: chunk_206.csv
2025-07-16T12:01:19.301Z: Written 8,900,000 unique records...
2025-07-16T12:01:19.313Z: Merging chunk file 208/485: chunk_207.csv
2025-07-16T12:01:19.340Z: Merging chunk file 209/485: chunk_208.csv
2025-07-16T12:01:19.359Z: Written 9,000,000 unique records...
2025-07-16T12:01:19.363Z: Merging chunk file 210/485: chunk_209.csv
2025-07-16T12:01:19.389Z: Merging chunk file 211/485: chunk_210.csv
2025-07-16T12:01:19.432Z: Merging chunk file 212/485: chunk_211.csv
2025-07-16T12:01:19.452Z: Written 9,100,000 unique records...
2025-07-16T12:01:19.479Z: Merging chunk file 213/485: chunk_212.csv
2025-07-16T12:01:19.502Z: Merging chunk file 214/485: chunk_213.csv
2025-07-16T12:01:19.515Z: Written 9,200,000 unique records...
2025-07-16T12:01:19.529Z: Merging chunk file 215/485: chunk_214.csv
2025-07-16T12:01:19.557Z: Merging chunk file 216/485: chunk_215.csv
2025-07-16T12:01:19.574Z: Written 9,300,000 unique records...
2025-07-16T12:01:19.585Z: Merging chunk file 217/485: chunk_216.csv
2025-07-16T12:01:19.608Z: Merging chunk file 218/485: chunk_217.csv
2025-07-16T12:01:19.632Z: Merging chunk file 219/485: chunk_218.csv
2025-07-16T12:01:19.635Z: Written 9,400,000 unique records...
2025-07-16T12:01:19.658Z: Merging chunk file 220/485: chunk_219.csv
2025-07-16T12:01:19.718Z: Merging chunk file 221/485: chunk_220.csv
2025-07-16T12:01:19.725Z: Written 9,500,000 unique records...
2025-07-16T12:01:19.743Z: Merging chunk file 222/485: chunk_221.csv
2025-07-16T12:01:19.771Z: Merging chunk file 223/485: chunk_222.csv
2025-07-16T12:01:19.782Z: Written 9,600,000 unique records...
2025-07-16T12:01:19.797Z: Merging chunk file 224/485: chunk_223.csv
2025-07-16T12:01:19.825Z: Merging chunk file 225/485: chunk_224.csv
2025-07-16T12:01:19.842Z: Written 9,700,000 unique records...
2025-07-16T12:01:19.853Z: Merging chunk file 226/485: chunk_225.csv
2025-07-16T12:01:19.877Z: Merging chunk file 227/485: chunk_226.csv
2025-07-16T12:01:19.912Z: Written 9,800,000 unique records...
2025-07-16T12:01:19.928Z: Merging chunk file 228/485: chunk_227.csv
2025-07-16T12:01:20.006Z: Merging chunk file 229/485: chunk_228.csv
2025-07-16T12:01:20.029Z: Merging chunk file 230/485: chunk_229.csv
2025-07-16T12:01:20.037Z: Written 9,900,000 unique records...
2025-07-16T12:01:20.053Z: Merging chunk file 231/485: chunk_230.csv
2025-07-16T12:01:20.078Z: Merging chunk file 232/485: chunk_231.csv
2025-07-16T12:01:20.101Z: Written 10,000,000 unique records...
2025-07-16T12:01:20.113Z: Merging chunk file 233/485: chunk_232.csv
2025-07-16T12:01:20.142Z: Merging chunk file 234/485: chunk_233.csv
2025-07-16T12:01:20.165Z: Written 10,100,000 unique records...
2025-07-16T12:01:20.168Z: Merging chunk file 235/485: chunk_234.csv
2025-07-16T12:01:20.195Z: Merging chunk file 236/485: chunk_235.csv
2025-07-16T12:01:20.234Z: Merging chunk file 237/485: chunk_236.csv
2025-07-16T12:01:20.242Z: Written 10,200,000 unique records...
2025-07-16T12:01:20.281Z: Merging chunk file 238/485: chunk_237.csv
2025-07-16T12:01:20.310Z: Merging chunk file 239/485: chunk_238.csv
2025-07-16T12:01:20.315Z: Written 10,300,000 unique records...
2025-07-16T12:01:20.334Z: Merging chunk file 240/485: chunk_239.csv
2025-07-16T12:01:20.360Z: Merging chunk file 241/485: chunk_240.csv
2025-07-16T12:01:20.370Z: Written 10,400,000 unique records...
2025-07-16T12:01:20.385Z: Merging chunk file 242/485: chunk_241.csv
2025-07-16T12:01:20.410Z: Merging chunk file 243/485: chunk_242.csv
2025-07-16T12:01:20.426Z: Written 10,500,000 unique records...
2025-07-16T12:01:20.436Z: Merging chunk file 244/485: chunk_243.csv
2025-07-16T12:01:20.467Z: Merging chunk file 245/485: chunk_244.csv
2025-07-16T12:01:20.518Z: Written 10,600,000 unique records...
2025-07-16T12:01:20.525Z: Merging chunk file 246/485: chunk_245.csv
2025-07-16T12:01:20.549Z: Merging chunk file 247/485: chunk_246.csv
2025-07-16T12:01:20.575Z: Merging chunk file 248/485: chunk_247.csv
2025-07-16T12:01:20.579Z: Written 10,700,000 unique records...
2025-07-16T12:01:20.600Z: Merging chunk file 249/485: chunk_248.csv
2025-07-16T12:01:20.628Z: Merging chunk file 250/485: chunk_249.csv
2025-07-16T12:01:20.639Z: Written 10,800,000 unique records...
2025-07-16T12:01:20.655Z: Merging chunk file 251/485: chunk_250.csv
2025-07-16T12:01:20.685Z: Merging chunk file 252/485: chunk_251.csv
2025-07-16T12:01:20.704Z: Written 10,900,000 unique records...
2025-07-16T12:01:20.710Z: Merging chunk file 253/485: chunk_252.csv
2025-07-16T12:01:20.770Z: Merging chunk file 254/485: chunk_253.csv
2025-07-16T12:01:20.800Z: Merging chunk file 255/485: chunk_254.csv
2025-07-16T12:01:20.803Z: Written 11,000,000 unique records...
2025-07-16T12:01:20.827Z: Merging chunk file 256/485: chunk_255.csv
2025-07-16T12:01:20.857Z: Merging chunk file 257/485: chunk_256.csv
2025-07-16T12:01:20.865Z: Written 11,100,000 unique records...
2025-07-16T12:01:20.885Z: Merging chunk file 258/485: chunk_257.csv
2025-07-16T12:01:20.911Z: Merging chunk file 259/485: chunk_258.csv
2025-07-16T12:01:20.935Z: Written 11,200,000 unique records...
2025-07-16T12:01:20.943Z: Merging chunk file 260/485: chunk_259.csv
2025-07-16T12:01:20.970Z: Merging chunk file 261/485: chunk_260.csv
2025-07-16T12:01:21.021Z: Merging chunk file 262/485: chunk_261.csv
2025-07-16T12:01:21.024Z: Written 11,300,000 unique records...
2025-07-16T12:01:21.053Z: Merging chunk file 263/485: chunk_262.csv
2025-07-16T12:01:21.080Z: Merging chunk file 264/485: chunk_263.csv
2025-07-16T12:01:21.090Z: Written 11,400,000 unique records...
2025-07-16T12:01:21.102Z: Merging chunk file 265/485: chunk_264.csv
2025-07-16T12:01:21.129Z: Merging chunk file 266/485: chunk_265.csv
2025-07-16T12:01:21.155Z: Written 11,500,000 unique records...
2025-07-16T12:01:21.157Z: Merging chunk file 267/485: chunk_266.csv
2025-07-16T12:01:21.184Z: Merging chunk file 268/485: chunk_267.csv
2025-07-16T12:01:21.211Z: Merging chunk file 269/485: chunk_268.csv
2025-07-16T12:01:21.219Z: Written 11,600,000 unique records...
2025-07-16T12:01:21.241Z: Merging chunk file 270/485: chunk_269.csv
2025-07-16T12:01:21.290Z: Merging chunk file 271/485: chunk_270.csv
2025-07-16T12:01:21.315Z: Written 11,700,000 unique records...
2025-07-16T12:01:21.330Z: Merging chunk file 272/485: chunk_271.csv
2025-07-16T12:01:21.359Z: Merging chunk file 273/485: chunk_272.csv
2025-07-16T12:01:21.374Z: Written 11,800,000 unique records...
2025-07-16T12:01:21.382Z: Merging chunk file 274/485: chunk_273.csv
2025-07-16T12:01:21.402Z: Merging chunk file 275/485: chunk_274.csv
2025-07-16T12:01:21.425Z: Merging chunk file 276/485: chunk_275.csv
2025-07-16T12:01:21.431Z: Written 11,900,000 unique records...
2025-07-16T12:01:21.449Z: Merging chunk file 277/485: chunk_276.csv
2025-07-16T12:01:21.473Z: Merging chunk file 278/485: chunk_277.csv
2025-07-16T12:01:21.488Z: Written 12,000,000 unique records...
2025-07-16T12:01:21.498Z: Merging chunk file 279/485: chunk_278.csv
2025-07-16T12:01:21.558Z: Merging chunk file 280/485: chunk_279.csv
2025-07-16T12:01:21.579Z: Merging chunk file 281/485: chunk_280.csv
2025-07-16T12:01:21.581Z: Written 12,100,000 unique records...
2025-07-16T12:01:21.604Z: Merging chunk file 282/485: chunk_281.csv
2025-07-16T12:01:21.628Z: Merging chunk file 283/485: chunk_282.csv
2025-07-16T12:01:21.635Z: Written 12,200,000 unique records...
2025-07-16T12:01:21.654Z: Merging chunk file 284/485: chunk_283.csv
2025-07-16T12:01:21.675Z: Merging chunk file 285/485: chunk_284.csv
2025-07-16T12:01:21.690Z: Written 12,300,000 unique records...
2025-07-16T12:01:21.699Z: Merging chunk file 286/485: chunk_285.csv
2025-07-16T12:01:21.724Z: Merging chunk file 287/485: chunk_286.csv
2025-07-16T12:01:21.747Z: Merging chunk file 288/485: chunk_287.csv
2025-07-16T12:01:21.747Z: Written 12,400,000 unique records...
2025-07-16T12:01:21.806Z: Merging chunk file 289/485: chunk_288.csv
2025-07-16T12:01:21.830Z: Merging chunk file 290/485: chunk_289.csv
2025-07-16T12:01:21.840Z: Written 12,500,000 unique records...
2025-07-16T12:01:21.851Z: Merging chunk file 291/485: chunk_290.csv
2025-07-16T12:01:21.879Z: Merging chunk file 292/485: chunk_291.csv
2025-07-16T12:01:21.903Z: Merging chunk file 293/485: chunk_292.csv
2025-07-16T12:01:21.905Z: Written 12,600,000 unique records...
2025-07-16T12:01:21.927Z: Merging chunk file 294/485: chunk_293.csv
2025-07-16T12:01:21.952Z: Merging chunk file 295/485: chunk_294.csv
2025-07-16T12:01:21.962Z: Written 12,700,000 unique records...
2025-07-16T12:01:21.977Z: Merging chunk file 296/485: chunk_295.csv
2025-07-16T12:01:22.001Z: Merging chunk file 297/485: chunk_296.csv
2025-07-16T12:01:22.052Z: Written 12,800,000 unique records...
2025-07-16T12:01:22.067Z: Merging chunk file 298/485: chunk_297.csv
2025-07-16T12:01:22.092Z: Merging chunk file 299/485: chunk_298.csv
2025-07-16T12:01:22.118Z: Written 12,900,000 unique records...
2025-07-16T12:01:22.119Z: Merging chunk file 300/485: chunk_299.csv
2025-07-16T12:01:22.142Z: Merging chunk file 301/485: chunk_300.csv
2025-07-16T12:01:22.165Z: Merging chunk file 302/485: chunk_301.csv
2025-07-16T12:01:22.179Z: Written 13,000,000 unique records...
2025-07-16T12:01:22.192Z: Merging chunk file 303/485: chunk_302.csv
2025-07-16T12:01:22.219Z: Merging chunk file 304/485: chunk_303.csv
2025-07-16T12:01:22.240Z: Written 13,100,000 unique records...
2025-07-16T12:01:22.248Z: Merging chunk file 305/485: chunk_304.csv
2025-07-16T12:01:22.281Z: Merging chunk file 306/485: chunk_305.csv
2025-07-16T12:01:22.341Z: Merging chunk file 307/485: chunk_306.csv
2025-07-16T12:01:22.345Z: Written 13,200,000 unique records...
2025-07-16T12:01:22.367Z: Merging chunk file 308/485: chunk_307.csv
2025-07-16T12:01:22.402Z: Merging chunk file 309/485: chunk_308.csv
2025-07-16T12:01:22.412Z: Written 13,300,000 unique records...
2025-07-16T12:01:22.429Z: Merging chunk file 310/485: chunk_309.csv
2025-07-16T12:01:22.454Z: Merging chunk file 311/485: chunk_310.csv
2025-07-16T12:01:22.474Z: Written 13,400,000 unique records...
2025-07-16T12:01:22.482Z: Merging chunk file 312/485: chunk_311.csv
2025-07-16T12:01:22.511Z: Merging chunk file 313/485: chunk_312.csv
2025-07-16T12:01:22.536Z: Merging chunk file 314/485: chunk_313.csv
2025-07-16T12:01:22.541Z: Written 13,500,000 unique records...
2025-07-16T12:01:22.590Z: Merging chunk file 315/485: chunk_314.csv
2025-07-16T12:01:22.621Z: Merging chunk file 316/485: chunk_315.csv
2025-07-16T12:01:22.635Z: Written 13,600,000 unique records...
2025-07-16T12:01:22.653Z: Merging chunk file 317/485: chunk_316.csv
2025-07-16T12:01:22.679Z: Merging chunk file 318/485: chunk_317.csv
2025-07-16T12:01:22.696Z: Written 13,700,000 unique records...
2025-07-16T12:01:22.709Z: Merging chunk file 319/485: chunk_318.csv
2025-07-16T12:01:22.734Z: Merging chunk file 320/485: chunk_319.csv
2025-07-16T12:01:22.756Z: Written 13,800,000 unique records...
2025-07-16T12:01:22.759Z: Merging chunk file 321/485: chunk_320.csv
2025-07-16T12:01:22.786Z: Merging chunk file 322/485: chunk_321.csv
2025-07-16T12:01:22.827Z: Merging chunk file 323/485: chunk_322.csv
2025-07-16T12:01:22.848Z: Written 13,900,000 unique records...
2025-07-16T12:01:22.870Z: Merging chunk file 324/485: chunk_323.csv
2025-07-16T12:01:22.899Z: Merging chunk file 325/485: chunk_324.csv
2025-07-16T12:01:22.915Z: Written 14,000,000 unique records...
2025-07-16T12:01:22.927Z: Merging chunk file 326/485: chunk_325.csv
2025-07-16T12:01:22.952Z: Merging chunk file 327/485: chunk_326.csv
2025-07-16T12:01:22.979Z: Written 14,100,000 unique records...
2025-07-16T12:01:22.983Z: Merging chunk file 328/485: chunk_327.csv
2025-07-16T12:01:23.016Z: Merging chunk file 329/485: chunk_328.csv
2025-07-16T12:01:23.040Z: Merging chunk file 330/485: chunk_329.csv
2025-07-16T12:01:23.046Z: Written 14,200,000 unique records...
2025-07-16T12:01:23.064Z: Merging chunk file 331/485: chunk_330.csv
2025-07-16T12:01:23.118Z: Merging chunk file 332/485: chunk_331.csv
2025-07-16T12:01:23.136Z: Written 14,300,000 unique records...
2025-07-16T12:01:23.144Z: Merging chunk file 333/485: chunk_332.csv
2025-07-16T12:01:23.173Z: Merging chunk file 334/485: chunk_333.csv
2025-07-16T12:01:23.197Z: Written 14,400,000 unique records...
2025-07-16T12:01:23.200Z: Merging chunk file 335/485: chunk_334.csv
2025-07-16T12:01:23.243Z: Merging chunk file 336/485: chunk_335.csv
2025-07-16T12:01:23.268Z: Merging chunk file 337/485: chunk_336.csv
2025-07-16T12:01:23.273Z: Written 14,500,000 unique records...
2025-07-16T12:01:23.293Z: Merging chunk file 338/485: chunk_337.csv
2025-07-16T12:01:23.318Z: Merging chunk file 339/485: chunk_338.csv
2025-07-16T12:01:23.330Z: Written 14,600,000 unique records...
2025-07-16T12:01:23.342Z: Merging chunk file 340/485: chunk_339.csv
2025-07-16T12:01:23.398Z: Merging chunk file 341/485: chunk_340.csv
2025-07-16T12:01:23.431Z: Merging chunk file 342/485: chunk_341.csv
2025-07-16T12:01:23.434Z: Written 14,700,000 unique records...
2025-07-16T12:01:23.462Z: Merging chunk file 343/485: chunk_342.csv
2025-07-16T12:01:23.496Z: Merging chunk file 344/485: chunk_343.csv
2025-07-16T12:01:23.508Z: Written 14,800,000 unique records...
2025-07-16T12:01:23.522Z: Merging chunk file 345/485: chunk_344.csv
2025-07-16T12:01:23.549Z: Merging chunk file 346/485: chunk_345.csv
2025-07-16T12:01:23.571Z: Merging chunk file 347/485: chunk_346.csv
2025-07-16T12:01:23.575Z: Written 14,900,000 unique records...
2025-07-16T12:01:23.603Z: Merging chunk file 348/485: chunk_347.csv
2025-07-16T12:01:23.634Z: Merging chunk file 349/485: chunk_348.csv
2025-07-16T12:01:23.659Z: Written 15,000,000 unique records...
2025-07-16T12:01:23.701Z: Merging chunk file 350/485: chunk_349.csv
2025-07-16T12:01:23.724Z: Merging chunk file 351/485: chunk_350.csv
2025-07-16T12:01:23.755Z: Written 15,100,000 unique records...
2025-07-16T12:01:23.763Z: Merging chunk file 352/485: chunk_351.csv
2025-07-16T12:01:23.791Z: Merging chunk file 353/485: chunk_352.csv
2025-07-16T12:01:23.821Z: Merging chunk file 354/485: chunk_353.csv
2025-07-16T12:01:23.824Z: Written 15,200,000 unique records...
2025-07-16T12:01:23.847Z: Merging chunk file 355/485: chunk_354.csv
2025-07-16T12:01:23.875Z: Merging chunk file 356/485: chunk_355.csv
2025-07-16T12:01:23.884Z: Written 15,300,000 unique records...
2025-07-16T12:01:23.904Z: Merging chunk file 357/485: chunk_356.csv
2025-07-16T12:01:23.954Z: Merging chunk file 358/485: chunk_357.csv
2025-07-16T12:01:23.974Z: Written 15,400,000 unique records...
2025-07-16T12:01:23.989Z: Merging chunk file 359/485: chunk_358.csv
2025-07-16T12:01:24.020Z: Merging chunk file 360/485: chunk_359.csv
2025-07-16T12:01:24.039Z: Written 15,500,000 unique records...
2025-07-16T12:01:24.044Z: Merging chunk file 361/485: chunk_360.csv
2025-07-16T12:01:24.070Z: Merging chunk file 362/485: chunk_361.csv
2025-07-16T12:01:24.097Z: Merging chunk file 363/485: chunk_362.csv
2025-07-16T12:01:24.105Z: Written 15,600,000 unique records...
2025-07-16T12:01:24.126Z: Merging chunk file 364/485: chunk_363.csv
2025-07-16T12:01:24.157Z: Merging chunk file 365/485: chunk_364.csv
2025-07-16T12:01:24.172Z: Written 15,700,000 unique records...
2025-07-16T12:01:24.184Z: Merging chunk file 366/485: chunk_365.csv
2025-07-16T12:01:24.243Z: Merging chunk file 367/485: chunk_366.csv
2025-07-16T12:01:24.268Z: Merging chunk file 368/485: chunk_367.csv
2025-07-16T12:01:24.275Z: Written 15,800,000 unique records...
2025-07-16T12:01:24.295Z: Merging chunk file 369/485: chunk_368.csv
2025-07-16T12:01:24.357Z: Merging chunk file 370/485: chunk_369.csv
2025-07-16T12:01:24.369Z: Written 15,900,000 unique records...
2025-07-16T12:01:24.384Z: Merging chunk file 371/485: chunk_370.csv
2025-07-16T12:01:24.412Z: Merging chunk file 372/485: chunk_371.csv
2025-07-16T12:01:24.431Z: Written 16,000,000 unique records...
2025-07-16T12:01:24.443Z: Merging chunk file 373/485: chunk_372.csv
2025-07-16T12:01:24.470Z: Merging chunk file 374/485: chunk_373.csv
2025-07-16T12:01:24.510Z: Written 16,100,000 unique records...
2025-07-16T12:01:24.520Z: Merging chunk file 375/485: chunk_374.csv
2025-07-16T12:01:24.552Z: Merging chunk file 376/485: chunk_375.csv
2025-07-16T12:01:24.585Z: Merging chunk file 377/485: chunk_376.csv
2025-07-16T12:01:24.597Z: Written 16,200,000 unique records...
2025-07-16T12:01:24.620Z: Merging chunk file 378/485: chunk_377.csv
2025-07-16T12:01:24.655Z: Merging chunk file 379/485: chunk_378.csv
2025-07-16T12:01:24.676Z: Written 16,300,000 unique records...
2025-07-16T12:01:24.685Z: Merging chunk file 380/485: chunk_379.csv
2025-07-16T12:01:24.721Z: Merging chunk file 381/485: chunk_380.csv
2025-07-16T12:01:24.754Z: Merging chunk file 382/485: chunk_381.csv
2025-07-16T12:01:24.760Z: Written 16,400,000 unique records...
2025-07-16T12:01:24.785Z: Merging chunk file 383/485: chunk_382.csv
2025-07-16T12:01:24.851Z: Merging chunk file 384/485: chunk_383.csv
2025-07-16T12:01:24.871Z: Written 16,500,000 unique records...
2025-07-16T12:01:24.883Z: Merging chunk file 385/485: chunk_384.csv
2025-07-16T12:01:24.922Z: Merging chunk file 386/485: chunk_385.csv
2025-07-16T12:01:24.947Z: Written 16,600,000 unique records...
2025-07-16T12:01:24.958Z: Merging chunk file 387/485: chunk_386.csv
2025-07-16T12:01:24.986Z: Merging chunk file 388/485: chunk_387.csv
2025-07-16T12:01:25.011Z: Written 16,700,000 unique records...
2025-07-16T12:01:26.043Z: Merging chunk file 389/485: chunk_388.csv
2025-07-16T12:01:26.089Z: Merging chunk file 390/485: chunk_389.csv
2025-07-16T12:01:26.132Z: Merging chunk file 391/485: chunk_390.csv
2025-07-16T12:01:26.136Z: Written 16,800,000 unique records...
2025-07-16T12:01:26.192Z: Merging chunk file 392/485: chunk_391.csv
2025-07-16T12:01:26.231Z: Merging chunk file 393/485: chunk_392.csv
2025-07-16T12:01:26.248Z: Written 16,900,000 unique records...
2025-07-16T12:01:26.274Z: Merging chunk file 394/485: chunk_393.csv
2025-07-16T12:01:26.306Z: Merging chunk file 395/485: chunk_394.csv
2025-07-16T12:01:26.332Z: Written 17,000,000 unique records...
2025-07-16T12:01:26.350Z: Merging chunk file 396/485: chunk_395.csv
2025-07-16T12:01:26.390Z: Merging chunk file 397/485: chunk_396.csv
2025-07-16T12:01:26.424Z: Merging chunk file 398/485: chunk_397.csv
2025-07-16T12:01:26.432Z: Written 17,100,000 unique records...
2025-07-16T12:01:26.464Z: Merging chunk file 399/485: chunk_398.csv
2025-07-16T12:01:26.497Z: Merging chunk file 400/485: chunk_399.csv
2025-07-16T12:01:26.536Z: Written 17,200,000 unique records...
2025-07-16T12:01:26.575Z: Merging chunk file 401/485: chunk_400.csv
2025-07-16T12:01:26.614Z: Merging chunk file 402/485: chunk_401.csv
2025-07-16T12:01:26.635Z: Written 17,300,000 unique records...
2025-07-16T12:01:26.650Z: Merging chunk file 403/485: chunk_402.csv
2025-07-16T12:01:26.696Z: Merging chunk file 404/485: chunk_403.csv
2025-07-16T12:01:26.739Z: Written 17,400,000 unique records...
2025-07-16T12:01:26.763Z: Merging chunk file 405/485: chunk_404.csv
2025-07-16T12:01:26.820Z: Merging chunk file 406/485: chunk_405.csv
2025-07-16T12:01:26.851Z: Written 17,500,000 unique records...
2025-07-16T12:01:26.868Z: Merging chunk file 407/485: chunk_406.csv
2025-07-16T12:01:26.910Z: Merging chunk file 408/485: chunk_407.csv
2025-07-16T12:01:26.971Z: Written 17,600,000 unique records...
2025-07-16T12:01:27.183Z: Merging chunk file 409/485: chunk_408.csv
2025-07-16T12:01:27.261Z: Merging chunk file 410/485: chunk_409.csv
2025-07-16T12:01:27.302Z: Written 17,700,000 unique records...
2025-07-16T12:01:27.310Z: Merging chunk file 411/485: chunk_410.csv
2025-07-16T12:01:27.361Z: Merging chunk file 412/485: chunk_411.csv
2025-07-16T12:01:27.526Z: Merging chunk file 413/485: chunk_412.csv
2025-07-16T12:01:27.533Z: Written 17,800,000 unique records...
2025-07-16T12:01:27.567Z: Merging chunk file 414/485: chunk_413.csv
2025-07-16T12:01:27.679Z: Merging chunk file 415/485: chunk_414.csv
2025-07-16T12:01:27.694Z: Written 17,900,000 unique records...
2025-07-16T12:01:27.719Z: Merging chunk file 416/485: chunk_415.csv
2025-07-16T12:01:27.783Z: Merging chunk file 417/485: chunk_416.csv
2025-07-16T12:01:27.804Z: Written 18,000,000 unique records...
2025-07-16T12:01:27.816Z: Merging chunk file 418/485: chunk_417.csv
2025-07-16T12:01:27.851Z: Merging chunk file 419/485: chunk_418.csv
2025-07-16T12:01:27.878Z: Written 18,100,000 unique records...
2025-07-16T12:01:28.289Z: Merging chunk file 420/485: chunk_419.csv
2025-07-16T12:01:28.329Z: Merging chunk file 421/485: chunk_420.csv
2025-07-16T12:01:28.366Z: Merging chunk file 422/485: chunk_421.csv
2025-07-16T12:01:28.377Z: Written 18,200,000 unique records...
2025-07-16T12:01:28.463Z: Merging chunk file 423/485: chunk_422.csv
2025-07-16T12:01:28.514Z: Merging chunk file 424/485: chunk_423.csv
2025-07-16T12:01:28.547Z: Written 18,300,000 unique records...
2025-07-16T12:01:28.667Z: Merging chunk file 425/485: chunk_424.csv
2025-07-16T12:01:28.720Z: Merging chunk file 426/485: chunk_425.csv
2025-07-16T12:01:28.750Z: Written 18,400,000 unique records...
2025-07-16T12:01:28.763Z: Merging chunk file 427/485: chunk_426.csv
2025-07-16T12:01:28.803Z: Merging chunk file 428/485: chunk_427.csv
2025-07-16T12:01:28.839Z: Merging chunk file 429/485: chunk_428.csv
2025-07-16T12:01:28.842Z: Written 18,500,000 unique records...
2025-07-16T12:01:28.872Z: Merging chunk file 430/485: chunk_429.csv
2025-07-16T12:01:28.924Z: Merging chunk file 431/485: chunk_430.csv
2025-07-16T12:01:29.243Z: Written 18,600,000 unique records...
2025-07-16T12:01:29.269Z: Merging chunk file 432/485: chunk_431.csv
2025-07-16T12:01:29.317Z: Merging chunk file 433/485: chunk_432.csv
2025-07-16T12:01:29.349Z: Written 18,700,000 unique records...
2025-07-16T12:01:29.363Z: Merging chunk file 434/485: chunk_433.csv
2025-07-16T12:01:29.652Z: Merging chunk file 435/485: chunk_434.csv
2025-07-16T12:01:29.696Z: Merging chunk file 436/485: chunk_435.csv
2025-07-16T12:01:29.700Z: Written 18,800,000 unique records...
2025-07-16T12:01:29.804Z: Merging chunk file 437/485: chunk_436.csv
2025-07-16T12:01:29.845Z: Merging chunk file 438/485: chunk_437.csv
2025-07-16T12:01:29.861Z: Written 18,900,000 unique records...
2025-07-16T12:01:29.878Z: Merging chunk file 439/485: chunk_438.csv
2025-07-16T12:01:29.920Z: Merging chunk file 440/485: chunk_439.csv
2025-07-16T12:01:29.950Z: Written 19,000,000 unique records...
2025-07-16T12:01:29.962Z: Merging chunk file 441/485: chunk_440.csv
2025-07-16T12:01:30.025Z: Merging chunk file 442/485: chunk_441.csv
2025-07-16T12:01:30.070Z: Merging chunk file 443/485: chunk_442.csv
2025-07-16T12:01:30.075Z: Written 19,100,000 unique records...
2025-07-16T12:01:30.105Z: Merging chunk file 444/485: chunk_443.csv
2025-07-16T12:01:30.130Z: Merging chunk file 445/485: chunk_444.csv
2025-07-16T12:01:30.140Z: Written 19,200,000 unique records...
2025-07-16T12:01:30.156Z: Merging chunk file 446/485: chunk_445.csv
2025-07-16T12:01:30.178Z: Merging chunk file 447/485: chunk_446.csv
2025-07-16T12:01:30.197Z: Written 19,300,000 unique records...
2025-07-16T12:01:30.202Z: Merging chunk file 448/485: chunk_447.csv
2025-07-16T12:01:30.228Z: Merging chunk file 449/485: chunk_448.csv
2025-07-16T12:01:30.258Z: Merging chunk file 450/485: chunk_449.csv
2025-07-16T12:01:30.272Z: Written 19,400,000 unique records...
2025-07-16T12:01:30.315Z: Merging chunk file 451/485: chunk_450.csv
2025-07-16T12:01:30.339Z: Merging chunk file 452/485: chunk_451.csv
2025-07-16T12:01:30.355Z: Written 19,500,000 unique records...
2025-07-16T12:01:30.366Z: Merging chunk file 453/485: chunk_452.csv
2025-07-16T12:01:30.389Z: Merging chunk file 454/485: chunk_453.csv
2025-07-16T12:01:30.412Z: Merging chunk file 455/485: chunk_454.csv
2025-07-16T12:01:30.421Z: Written 19,600,000 unique records...
2025-07-16T12:01:30.446Z: Merging chunk file 456/485: chunk_455.csv
2025-07-16T12:01:30.472Z: Merging chunk file 457/485: chunk_456.csv
2025-07-16T12:01:30.494Z: Written 19,700,000 unique records...
2025-07-16T12:01:30.512Z: Merging chunk file 458/485: chunk_457.csv
2025-07-16T12:01:30.563Z: Merging chunk file 459/485: chunk_458.csv
2025-07-16T12:01:30.602Z: Written 19,800,000 unique records...
2025-07-16T12:01:30.608Z: Merging chunk file 460/485: chunk_459.csv
2025-07-16T12:01:30.637Z: Merging chunk file 461/485: chunk_460.csv
2025-07-16T12:01:30.662Z: Merging chunk file 462/485: chunk_461.csv
2025-07-16T12:01:30.669Z: Written 19,900,000 unique records...
2025-07-16T12:01:30.684Z: Merging chunk file 463/485: chunk_462.csv
2025-07-16T12:01:30.706Z: Merging chunk file 464/485: chunk_463.csv
2025-07-16T12:01:30.726Z: Written 20,000,000 unique records...
2025-07-16T12:01:30.729Z: Merging chunk file 465/485: chunk_464.csv
2025-07-16T12:01:30.758Z: Merging chunk file 466/485: chunk_465.csv
2025-07-16T12:01:30.789Z: Merging chunk file 467/485: chunk_466.csv
2025-07-16T12:01:30.799Z: Written 20,100,000 unique records...
2025-07-16T12:01:30.818Z: Merging chunk file 468/485: chunk_467.csv
2025-07-16T12:01:30.876Z: Merging chunk file 469/485: chunk_468.csv
2025-07-16T12:01:30.892Z: Written 20,200,000 unique records...
2025-07-16T12:01:30.902Z: Merging chunk file 470/485: chunk_469.csv
2025-07-16T12:01:30.931Z: Merging chunk file 471/485: chunk_470.csv
2025-07-16T12:01:30.961Z: Written 20,300,000 unique records...
2025-07-16T12:01:30.966Z: Merging chunk file 472/485: chunk_471.csv
2025-07-16T12:01:30.994Z: Merging chunk file 473/485: chunk_472.csv
2025-07-16T12:01:31.022Z: Merging chunk file 474/485: chunk_473.csv
2025-07-16T12:01:31.028Z: Written 20,400,000 unique records...
2025-07-16T12:01:31.047Z: Merging chunk file 475/485: chunk_474.csv
2025-07-16T12:01:31.073Z: Merging chunk file 476/485: chunk_475.csv
2025-07-16T12:01:31.101Z: Written 20,500,000 unique records...
2025-07-16T12:01:31.135Z: Merging chunk file 477/485: chunk_476.csv
2025-07-16T12:01:31.160Z: Merging chunk file 478/485: chunk_477.csv
2025-07-16T12:01:31.182Z: Written 20,600,000 unique records...
2025-07-16T12:01:31.186Z: Merging chunk file 479/485: chunk_478.csv
2025-07-16T12:01:31.212Z: Merging chunk file 480/485: chunk_479.csv
2025-07-16T12:01:31.233Z: Merging chunk file 481/485: chunk_480.csv
2025-07-16T12:01:31.243Z: Written 20,700,000 unique records...
2025-07-16T12:01:31.257Z: Merging chunk file 482/485: chunk_481.csv
2025-07-16T12:01:31.283Z: Merging chunk file 483/485: chunk_482.csv
2025-07-16T12:01:31.310Z: Written 20,800,000 unique records...
2025-07-16T12:01:31.316Z: Merging chunk file 484/485: chunk_483.csv
2025-07-16T12:01:31.339Z: Merging chunk file 485/485: chunk_484.csv
2025-07-16T12:01:31.387Z: Ultra-optimized merge complete. Final unique records: 20,886,182
2025-07-16T12:01:31.390Z: ============================================================
2025-07-16T12:01:31.392Z: 🎉 EPC Data Cleaning Complete!
2025-07-16T12:01:31.393Z: 📊 Total rows processed: 24,241,911
2025-07-16T12:01:31.393Z: ✅ Valid rows: 22,770,363
2025-07-16T12:01:31.393Z: ❌ Invalid rows: 10
2025-07-16T12:01:31.393Z: 🔄 Duplicates removed: 3,355,718
2025-07-16T12:01:31.393Z: 🏠 Final unique properties: 20,886,182
2025-07-16T12:01:31.393Z: 📦 Chunks processed: 485
2025-07-16T12:01:31.393Z: ⏱️  Processing time: 355.0 seconds
2025-07-16T12:01:31.393Z: 🚀 Average rate: 68291 rows/second
2025-07-16T12:01:31.393Z: 📁 Output file: data/epc-certificates-clean.csv
2025-07-16T12:01:31.394Z: 💾 File size: 3435.8 MB
2025-07-16T12:01:31.394Z: ============================================================
